#                  Coord.                Numerical               Analytical                    Error
   4.8828125000000000e-04   2.7608145778965740e-02   2.7608145778965740e-02   0.0000000000000000e+00
   1.4648437500000000e-03   8.2740264549375692e-02   8.2740264549375692e-02   0.0000000000000000e+00
   2.4414062500000000e-03   1.3762012158648604e-01   1.3762012158648604e-01   0.0000000000000000e+00
   3.4179687500000000e-03   1.9208039704989244e-01   1.9208039704989244e-01   0.0000000000000000e+00
   4.3945312500000000e-03   2.4595505033579459e-01   2.4595505033579459e-01   0.0000000000000000e+00
   5.3710937500000000e-03   2.9907982630804048e-01   2.9907982630804048e-01   0.0000000000000000e+00
   6.3476562500000000e-03   3.5129275608556709e-01   3.5129275608556709e-01   0.0000000000000000e+00
   7.3242187500000000e-03   4.0243465085941843e-01   4.0243465085941843e-01   0.0000000000000000e+00
   8.3007812500000000e-03   4.5234958723377089e-01   4.5234958723377089e-01   0.0000000000000000e+00
   9.2773437500000000e-03   5.0088538261124071e-01   5.0088538261124071e-01   0.0000000000000000e+00
   1.0253906250000000e-02   5.4789405917310019e-01   5.4789405917310019e-01   0.0000000000000000e+00
   1.1230468750000000e-02   5.9323229503979980e-01   5.9323229503979980e-01   0.0000000000000000e+00
   1.2207031250000000e-02   6.3676186123628420e-01   6.3676186123628420e-01   0.0000000000000000e+00
   1.3183593750000000e-02   6.7835004312986147e-01   6.7835004312986147e-01   0.0000000000000000e+00
   1.4160156250000000e-02   7.1787004505573171e-01   7.1787004505573171e-01   0.0000000000000000e+00
   1.5136718750000000e-02   7.5520137689653655e-01   7.5520137689653655e-01   0.0000000000000000e+00
   1.6113281250000000e-02   7.9023022143731003e-01   7.9023022143731003e-01   0.0000000000000000e+00
   1.7089843750000000e-02   8.2284978137582632e-01   8.2284978137582632e-01   0.0000000000000000e+00
   1.8066406250000000e-02   8.5296060493036363e-01   8.5296060493036363e-01   0.0000000000000000e+00
   1.9042968750000000e-02   8.8047088905216075e-01   8.8047088905216075e-01   0.0000000000000000e+00
   2.0019531250000000e-02   9.0529675931811882e-01   9.0529675931811882e-01   0.0000000000000000e+00
   2.0996093750000000e-02   9.2736252565040111e-01   9.2736252565040111e-01   0.0000000000000000e+00
   2.1972656250000000e-02   9.4660091308328353e-01   9.4660091308328353e-01   0.0000000000000000e+00
   2.2949218750000000e-02   9.6295326687368388e-01   9.6295326687368388e-01   0.0000000000000000e+00
   2.3925781250000000e-02   9.7636973133002114e-01   9.7636973133002114e-01   0.0000000000000000e+00
   2.4902343750000000e-02   9.8680940181418542e-01   9.8680940181418542e-01   0.0000000000000000e+00
   2.5878906250000000e-02   9.9424044945318790e-01   9.9424044945318790e-01   0.0000000000000000e+00
   2.6855468750000000e-02   9.9864021818026527e-01   9.9864021818026527e-01   0.0000000000000000e+00
   2.7832031250000000e-02   9.9999529380957619e-01   9.9999529380957619e-01   0.0000000000000000e+00
   2.8808593750000000e-02   9.9830154493389289e-01   9.9830154493389289e-01   0.0000000000000000e+00
   2.9785156250000000e-02   9.9356413552059530e-01   9.9356413552059530e-01   0.0000000000000000e+00
   3.0761718750000000e-02   9.8579750916756748e-01   9.8579750916756748e-01   0.0000000000000000e+00
   3.1738281250000000e-02   9.7502534506699412e-01   9.7502534506699412e-01   0.0000000000000000e+00
   3.2714843750000000e-02   9.6128048581132064e-01   9.6128048581132064e-01   0.0000000000000000e+00
   3.3691406250000000e-02   9.4460483726148026e-01   9.4460483726148026e-01   0.0000000000000000e+00
   3.4667968750000000e-02   9.2504924078267770e-01   9.2504924078267770e-01   0.0000000000000000e+00
   3.5644531250000000e-02   9.0267331823725883e-01   9.0267331823725883e-01   0.0000000000000000e+00
   3.6621093750000000e-02   8.7754529020726124e-01   8.7754529020726124e-01   0.0000000000000000e+00
   3.7597656250000000e-02   8.4974176800085266e-01   8.4974176800085266e-01   0.0000000000000000e+00
   3.8574218750000000e-02   8.1934752007679712e-01   8.1934752007679712e-01   0.0000000000000000e+00
   3.9550781250000000e-02   7.8645521359908588e-01   7.8645521359908588e-01   0.0000000000000000e+00
   4.0527343750000000e-02   7.5116513190968659e-01   7.5116513190968659e-01   0.0000000000000000e+00
   4.1503906250000000e-02   7.1358486878079375e-01   7.1358486878079375e-01   0.0000000000000000e+00
   4.2480468750000000e-02   6.7382900037875615e-01   6.7382900037875615e-01   0.0000000000000000e+00
   4.3457031250000000e-02   6.3201873593980906e-01   6.3201873593980906e-01   0.0000000000000000e+00
   4.4433593750000000e-02   5.8828154822264533e-01   5.8828154822264533e-01   0.0000000000000000e+00
   4.5410156250000000e-02   5.4275078486451589e-01   5.4275078486451589e-01   0.0000000000000000e+00
   4.6386718750000000e-02   4.9556526182577254e-01   4.9556526182577254e-01   0.0000000000000000e+00
   4.7363281250000000e-02   4.4686884016237416e-01   4.4686884016237416e-01   0.0000000000000000e+00
   4.8339843750000000e-02   3.9680998741671025e-01   3.9680998741671025e-01   0.0000000000000000e+00
   4.9316406250000000e-02   3.4554132496398898e-01   3.4554132496398898e-01   0.0000000000000000e+00
   5.0292968750000000e-02   2.9321916269425896e-01   2.9321916269425896e-01   0.0000000000000000e+00
   5.1269531250000000e-02   2.4000302244874178e-01   2.4000302244874178e-01   0.0000000000000000e+00
   5.2246093750000000e-02   1.8605515166344691e-01   1.8605515166344691e-01   0.0000000000000000e+00
   5.3222656250000000e-02   1.3154002870288334e-01   1.3154002870288334e-01   0.0000000000000000e+00
   5.4199218750000000e-02   7.6623861392031686e-02   7.6623861392031686e-02   0.0000000000000000e+00
   5.5175781250000000e-02   2.1474080275469667e-02   2.1474080275469667e-02   0.0000000000000000e+00
   5.6152343750000000e-02  -3.3741171851377455e-02  -3.3741171851377455e-02   0.0000000000000000e+00
   5.7128906250000000e-02  -8.8853552582524503e-02  -8.8853552582524503e-02   0.0000000000000000e+00
   5.8105468750000000e-02  -1.4369503315029439e-01  -1.4369503315029439e-01   0.0000000000000000e+00
   5.9082031250000000e-02  -1.9809841071795356e-01  -1.9809841071795356e-01   0.0000000000000000e+00
   6.0058593750000000e-02  -2.5189781815421697e-01  -2.5189781815421697e-01   0.0000000000000000e+00
   6.1035156250000000e-02  -3.0492922973540243e-01  -3.0492922973540243e-01   0.0000000000000000e+00
   6.2011718750000000e-02  -3.5703096123343009e-01  -3.5703096123343009e-01   0.0000000000000000e+00
   6.2988281250000000e-02  -4.0804416286497835e-01  -4.0804416286497835e-01   0.0000000000000000e+00
   6.3964843750000000e-02  -4.5781330359887695e-01  -4.5781330359887695e-01   0.0000000000000000e+00
   6.4941406250000000e-02  -5.0618664534515501e-01  -5.0618664534515501e-01   0.0000000000000000e+00
   6.5917968750000000e-02  -5.5301670558002736e-01  -5.5301670558002736e-01   0.0000000000000000e+00
   6.6894531250000000e-02  -5.9816070699634216e-01  -5.9816070699634216e-01   0.0000000000000000e+00
   6.7871093750000000e-02  -6.4148101280858305e-01  -6.4148101280858305e-01   0.0000000000000000e+00
   6.8847656250000000e-02  -6.8284554638524797e-01  -6.8284554638524797e-01   0.0000000000000000e+00
   6.9824218750000000e-02  -7.2212819392921523e-01  -7.2212819392921523e-01   0.0000000000000000e+00
   7.0800781250000000e-02  -7.5920918897838796e-01  -7.5920918897838796e-01   0.0000000000000000e+00
   7.1777343750000000e-02  -7.9397547755433684e-01  -7.9397547755433684e-01   0.0000000000000000e+00
   7.2753906250000000e-02  -8.2632106284566342e-01  -8.2632106284566342e-01   0.0000000000000000e+00
   7.3730468750000000e-02  -8.5614732837519425e-01  -8.5614732837519425e-01   0.0000000000000000e+00
   7.4707031250000000e-02  -8.8336333866573158e-01  -8.8336333866573158e-01   0.0000000000000000e+00
   7.5683593750000000e-02  -9.0788611648766604e-01  -9.0788611648766604e-01   0.0000000000000000e+00
   7.6660156250000000e-02  -9.2964089584318133e-01  -9.2964089584318133e-01   0.0000000000000000e+00
   7.7636718750000000e-02  -9.4856134991573016e-01  -9.4856134991573016e-01   0.0000000000000000e+00
   7.8613281250000000e-02  -9.6458979328981276e-01  -9.6458979328981276e-01   0.0000000000000000e+00
   7.9589843750000000e-02  -9.7767735782450993e-01  -9.7767735782450993e-01   0.0000000000000000e+00
   8.0566406250000000e-02  -9.8778414164457218e-01  -9.8778414164457218e-01   0.0000000000000000e+00
   8.1542968750000000e-02  -9.9487933079480562e-01  -9.9487933079480562e-01   0.0000000000000000e+00
   8.2519531250000000e-02  -9.9894129318685687e-01  -9.9894129318685687e-01   0.0000000000000000e+00
   8.3496093750000000e-02  -9.9995764455196390e-01  -9.9995764455196390e-01   0.0000000000000000e+00
   8.4472656250000000e-02  -9.9792528619859600e-01  -9.9792528619859600e-01   0.0000000000000000e+00
   8.5449218750000000e-02  -9.9285041445986510e-01  -9.9285041445986510e-01   0.0000000000000000e+00
   8.6425781250000000e-02  -9.8474850180190432e-01  -9.8474850180190432e-01   0.0000000000000000e+00
   8.7402343750000000e-02  -9.7364424965081187e-01  -9.7364424965081187e-01   0.0000000000000000e+00
   8.8378906250000000e-02  -9.5957151308198463e-01  -9.5957151308198463e-01   0.0000000000000000e+00
   8.9355468750000000e-02  -9.4257319760144687e-01  -9.4257319760144687e-01   0.0000000000000000e+00
   9.0332031250000000e-02  -9.2270112833387874e-01  -9.2270112833387874e-01   0.0000000000000000e+00
   9.1308593750000000e-02  -9.0001589201616017e-01  -9.0001589201616017e-01   0.0000000000000000e+00
   9.2285156250000000e-02  -8.7458665227817622e-01  -8.7458665227817622e-01   0.0000000000000000e+00
   9.3261718750000000e-02  -8.4649093877405202e-01  -8.4649093877405202e-01   0.0000000000000000e+00
   1.0986328125000000e-01  -7.0504573389614425e-02  -7.0504573389614425e-02   0.0000000000000000e+00
   1.1083984375000000e-01  -1.5339206284988182e-02  -1.5339206284988182e-02   0.0000000000000000e+00
   1.1181640625000000e-01   3.9872927587739318e-02   3.9872927587739318e-02   0.0000000000000000e+00
   1.1279296875000000e-01   9.4963495329638978e-02   9.4963495329638978e-02   0.0000000000000000e+00
   1.1376953125000000e-01   1.4976453467732109e-01   1.4976453467732109e-01   0.0000000000000000e+00
   1.1474609375000000e-01   2.0410896609281692e-01   2.0410896609281692e-01   0.0000000000000000e+00
   1.1572265625000000e-01   2.5783110216215865e-01   2.5783110216215865e-01   0.0000000000000000e+00
   1.1669921875000000e-01   3.1076715274961159e-01   3.1076715274961159e-01   0.0000000000000000e+00
   1.1767578125000000e-01   3.6275572436739695e-01   3.6275572436739695e-01   0.0000000000000000e+00
   1.1865234375000000e-01   4.1363831223843472e-01   4.1363831223843472e-01   0.0000000000000000e+00
   1.1962890625000000e-01   4.6325978355185998e-01   4.6325978355185998e-01   0.0000000000000000e+00
   1.2060546875000000e-01   5.1146885043796986e-01   5.1146885043796986e-01   0.0000000000000000e+00
   1.2158203125000000e-01   5.5811853122055599e-01   5.5811853122055599e-01   0.0000000000000000e+00
   1.2255859375000000e-01   6.0306659854034772e-01   6.0306659854034772e-01   0.0000000000000000e+00
   1.2353515625000000e-01   6.4617601298331628e-01   6.4617601298331628e-01   0.0000000000000000e+00
   1.2451171875000000e-01   6.8731534089175872e-01   6.8731534089175872e-01   0.0000000000000000e+00
   9.4238281250000000e-02  -8.1581441080673389e-01  -8.1581441080673389e-01   0.0000000000000000e+00
   9.5214843750000000e-02  -7.8265059616657606e-01  -7.8265059616657606e-01   0.0000000000000000e+00
   9.6191406250000000e-02  -7.4710060598018024e-01  -7.4710060598018024e-01   0.0000000000000000e+00
   9.7167968750000000e-02  -7.0927282643886602e-01  -7.0927282643886602e-01   0.0000000000000000e+00
   9.8144531250000000e-02  -6.6928258834663612e-01  -6.6928258834663612e-01   0.0000000000000000e+00
   9.9121093750000000e-02  -6.2725181549514453e-01  -6.2725181549514453e-01   0.0000000000000000e+00
   1.0009765625000000e-01  -5.8330865293769829e-01  -5.8330865293769829e-01   0.0000000000000000e+00
   1.0107421875000000e-01  -5.3758707629564584e-01  -5.3758707629564584e-01   0.0000000000000000e+00
   1.0205078125000000e-01  -4.9022648328829110e-01  -4.9022648328829110e-01   0.0000000000000000e+00
   1.0302734375000000e-01  -4.4137126873171700e-01  -4.4137126873171700e-01   0.0000000000000000e+00
   1.0400390625000000e-01  -3.9117038430225376e-01  -3.9117038430225376e-01   0.0000000000000000e+00
   1.0498046875000000e-01  -3.3977688440682713e-01  -3.3977688440682713e-01   0.0000000000000000e+00
   1.0595703125000000e-01  -2.8734745954472934e-01  -2.8734745954472934e-01   0.0000000000000000e+00
   1.0693359375000000e-01  -2.3404195858354362e-01  -2.3404195858354362e-01   0.0000000000000000e+00
   1.0791015625000000e-01  -1.8002290140570013e-01  -1.8002290140570013e-01   0.0000000000000000e+00
   1.0888671875000000e-01  -1.2545498341154637e-01  -1.2545498341154637e-01   0.0000000000000000e+00
   2.3486328125000000e-01   6.5549285299961546e-01   6.5549285299961546e-01   0.0000000000000000e+00
   2.3583984375000000e-01   6.9617713149146210e-01   6.9617713149146210e-01   0.0000000000000000e+00
   2.3681640625000000e-01   7.3473887809596294e-01   7.3473887809596294e-01   0.0000000000000000e+00
   2.3779296875000000e-01   7.7106052426181360e-01   7.7106052426181360e-01   0.0000000000000000e+00
   2.3876953125000000e-01   8.0503133114296366e-01   8.0503133114296366e-01   0.0000000000000000e+00
   2.3974609375000000e-01   8.3654772722351134e-01   8.3654772722351134e-01   0.0000000000000000e+00
   2.4072265625000000e-01   8.6551362409056876e-01   8.6551362409056876e-01   0.0000000000000000e+00
   2.4169921875000000e-01   8.9184070939234261e-01   8.9184070939234261e-01   0.0000000000000000e+00
   2.4267578125000000e-01   9.1544871608826794e-01   9.1544871608826794e-01   0.0000000000000000e+00
   2.4365234375000000e-01   9.3626566717027793e-01   9.3626566717027793e-01   0.0000000000000000e+00
   2.4462890625000000e-01   9.5422809510910545e-01   9.5422809510910545e-01   0.0000000000000000e+00
   2.4560546875000000e-01   9.6928123535654853e-01   9.6928123535654853e-01   0.0000000000000000e+00
   2.4658203125000000e-01   9.8137919331375434e-01   9.8137919331375434e-01   0.0000000000000000e+00
   2.4755859375000000e-01   9.9048508425645687e-01   9.9048508425645687e-01   0.0000000000000000e+00
   2.4853515625000000e-01   9.9657114579055484e-01   9.9657114579055484e-01   0.0000000000000000e+00
   2.4951171875000000e-01   9.9961882249517864e-01   9.9961882249517864e-01   0.0000000000000000e+00
   2.1923828125000000e-01  -1.6793829497473164e-01  -1.6793829497473164e-01   0.0000000000000000e+00
   2.2021484375000000e-01  -1.1327095217756433e-01  -1.1327095217756433e-01   0.0000000000000000e+00
   2.2119140625000000e-01  -5.8258264500437043e-02  -5.8258264500437043e-02   0.0000000000000000e+00
   2.2216796875000000e-01  -3.0679567629667889e-03  -3.0679567629667889e-03   0.0000000000000000e+00
   2.2314453125000000e-01   5.2131704680282984e-02   5.2131704680282984e-02   0.0000000000000000e+00
   2.2412109375000000e-01   1.0717242495680900e-01   1.0717242495680900e-01   0.0000000000000000e+00
   2.2509765625000000e-01   1.6188639378011069e-01   1.6188639378011069e-01   0.0000000000000000e+00
   2.2607421875000000e-01   2.1610679707621885e-01   2.1610679707621885e-01   0.0000000000000000e+00
   2.2705078125000000e-01   2.6966832557291492e-01   2.6966832557291492e-01   0.0000000000000000e+00
   2.2802734375000000e-01   3.2240767880107013e-01   3.2240767880107013e-01   0.0000000000000000e+00
   2.2900390625000000e-01   3.7416406297145705e-01   3.7416406297145705e-01   0.0000000000000000e+00
   2.2998046875000000e-01   4.2477968120910831e-01   4.2477968120910831e-01   0.0000000000000000e+00
   2.3095703125000000e-01   4.7410021465054997e-01   4.7410021465054997e-01   0.0000000000000000e+00
   2.3193359375000000e-01   5.2197529293715317e-01   5.2197529293715317e-01   0.0000000000000000e+00
   2.3291015625000000e-01   5.6825895267013082e-01   5.6825895267013082e-01   0.0000000000000000e+00
   2.3388671875000000e-01   6.1281008242940938e-01   6.1281008242940938e-01   0.0000000000000000e+00
   2.0361328125000000e-01  -8.6857070597134134e-01  -8.6857070597134134e-01   0.0000000000000000e+00
   2.0458984375000000e-01  -8.3989379419599974e-01  -8.3989379419599974e-01   0.0000000000000000e+00
   2.0556640625000000e-01  -8.0865618158817498e-01  -8.0865618158817498e-01   0.0000000000000000e+00
   2.0654296875000000e-01  -7.7495310659487471e-01  -7.7495310659487471e-01   0.0000000000000000e+00
   2.0751953125000000e-01  -7.3888732446061578e-01  -7.3888732446061578e-01   0.0000000000000000e+00
   2.0849609375000000e-01  -7.0056879394324867e-01  -7.0056879394324867e-01   0.0000000000000000e+00
   2.0947265625000000e-01  -6.6011434206742037e-01  -6.6011434206742037e-01   0.0000000000000000e+00
   2.1044921875000000e-01  -6.1764730793780487e-01  -6.1764730793780487e-01   0.0000000000000000e+00
   2.1142578125000000e-01  -5.7329716669804276e-01  -5.7329716669804276e-01   0.0000000000000000e+00
   2.1240234375000000e-01  -5.2719913478190161e-01  -5.2719913478190161e-01   0.0000000000000000e+00
   2.1337890625000000e-01  -4.7949375766015284e-01  -4.7949375766015284e-01   0.0000000000000000e+00
   2.1435546875000000e-01  -4.3032648134008361e-01  -4.3032648134008361e-01   0.0000000000000000e+00
   2.1533203125000000e-01  -3.7984720892405172e-01  -3.7984720892405172e-01   0.0000000000000000e+00
   2.1630859375000000e-01  -3.2820984357909266e-01  -3.2820984357909266e-01   0.0000000000000000e+00
   2.1728515625000000e-01  -2.7557181931095781e-01  -2.7557181931095781e-01   0.0000000000000000e+00
   2.1826171875000000e-01  -2.2209362097320445e-01  -2.2209362097320445e-01   0.0000000000000000e+00
   1.8798828125000000e-01  -9.3409255040425898e-01  -9.3409255040425898e-01   0.0000000000000000e+00
   1.8896484375000000e-01  -9.5237501271976555e-01  -9.5237501271976555e-01   0.0000000000000000e+00
   1.8994140625000000e-01  -9.6775383709347529e-01  -9.6775383709347529e-01   0.0000000000000000e+00
   1.9091796875000000e-01  -9.8018213596811743e-01  -9.8018213596811743e-01   0.0000000000000000e+00
   1.9189453125000000e-01  -9.8962201746320089e-01  -9.8962201746320089e-01   0.0000000000000000e+00
   1.9287109375000000e-01  -9.9604470090125186e-01  -9.9604470090125186e-01   0.0000000000000000e+00
   1.9384765625000000e-01  -9.9943060455546173e-01  -9.9943060455546173e-01   0.0000000000000000e+00
   1.9482421875000000e-01  -9.9976940535121528e-01  -9.9976940535121528e-01   0.0000000000000000e+00
   1.9580078125000000e-01  -9.9706007033948307e-01  -9.9706007033948307e-01   0.0000000000000000e+00
   1.9677734375000000e-01  -9.9131085984611556e-01  -9.9131085984611556e-01   0.0000000000000000e+00
   1.9775390625000000e-01  -9.8253930228744135e-01  -9.8253930228744135e-01   0.0000000000000000e+00
   1.9873046875000000e-01  -9.7077214072895024e-01  -9.7077214072895024e-01   0.0000000000000000e+00
   1.9970703125000000e-01  -9.5604525134999674e-01  -9.5604525134999674e-01   0.0000000000000000e+00
   2.0068359375000000e-01  -9.3840353406310828e-01  -9.3840353406310828e-01   0.0000000000000000e+00
   2.0166015625000000e-01  -9.1790077562139050e-01  -9.1790077562139050e-01   0.0000000000000000e+00
   2.0263671875000000e-01  -8.9459948563138258e-01  -8.9459948563138258e-01   0.0000000000000000e+00
   1.7236328125000000e-01  -3.1659337555616562e-01  -3.1659337555616562e-01   0.0000000000000000e+00
   1.7333984375000000e-01  -3.6846682995337254e-01  -3.6846682995337254e-01   0.0000000000000000e+00
   1.7431640625000000e-01  -4.1921688836322296e-01  -4.1921688836322296e-01   0.0000000000000000e+00
   1.7529296875000000e-01  -4.6868882203582740e-01  -4.6868882203582740e-01   0.0000000000000000e+00
   1.7626953125000000e-01  -5.1673179901764976e-01  -5.1673179901764976e-01   0.0000000000000000e+00
   1.7724609375000000e-01  -5.6319934401383442e-01  -5.6319934401383442e-01   0.0000000000000000e+00
   1.7822265625000000e-01  -6.0794978496777297e-01  -6.0794978496777297e-01   0.0000000000000000e+00
   1.7919921875000000e-01  -6.5084668499638054e-01  -6.5084668499638054e-01   0.0000000000000000e+00
   1.8017578125000000e-01  -6.9175925836415775e-01  -6.9175925836415775e-01   0.0000000000000000e+00
   1.8115234375000000e-01  -7.3056276922782792e-01  -7.3056276922782792e-01   0.0000000000000000e+00
   1.8212890625000000e-01  -7.6713891193581984e-01  -7.6713891193581984e-01   0.0000000000000000e+00
   1.8310546875000000e-01  -8.0137617172314002e-01  -8.0137617172314002e-01   0.0000000000000000e+00
   1.8408203125000000e-01  -8.3317016470191330e-01  -8.3317016470191330e-01   0.0000000000000000e+00
   1.8505859375000000e-01  -8.6242395611103995e-01  -8.6242395611103995e-01   0.0000000000000000e+00
   1.8603515625000000e-01  -8.8904835585466424e-01  -8.8904835585466424e-01   0.0000000000000000e+00
   1.8701171875000000e-01  -9.1296219042839810e-01  -9.1296219042839810e-01   0.0000000000000000e+00
   1.5673828125000000e-01   5.3240312787719868e-01   5.3240312787719868e-01   0.0000000000000000e+00
   1.5771484375000000e-01   4.8486924800079134e-01   4.8486924800079134e-01   0.0000000000000000e+00
   1.5869140625000000e-01   4.3585707992225531e-01   4.3585707992225531e-01   0.0000000000000000e+00
   1.5966796875000000e-01   3.8551605384391990e-01   3.8551605384391990e-01   0.0000000000000000e+00
   1.6064453125000000e-01   3.3399965144200999e-01   3.3399965144200999e-01   0.0000000000000000e+00
   1.6162109375000000e-01   2.8146493792575816e-01   2.8146493792575816e-01   0.0000000000000000e+00
   1.6259765625000000e-01   2.2807208317088543e-01   2.2807208317088543e-01   0.0000000000000000e+00
   1.6357421875000000e-01   1.7398387338746479e-01   1.7398387338746479e-01   0.0000000000000000e+00
   1.6455078125000000e-01   1.1936521481099187e-01   1.1936521481099187e-01   0.0000000000000000e+00
   1.6552734375000000e-01   6.4382630929857493e-02   6.4382630929857493e-02   0.0000000000000000e+00
   1.6650390625000000e-01   9.2037547820593788e-03   9.2037547820593788e-03   0.0000000000000000e+00
   1.6748046875000000e-01  -4.6003182130913770e-02  -4.6003182130913770e-02   0.0000000000000000e+00
   1.6845703125000000e-01  -1.0106986275482745e-01  -1.0106986275482745e-01   0.0000000000000000e+00
   1.6943359375000000e-01  -1.5582839765426532e-01  -1.5582839765426532e-01   0.0000000000000000e+00
   1.7041015625000000e-01  -2.1011183688046844e-01  -2.1011183688046844e-01   0.0000000000000000e+00
   1.7138671875000000e-01  -2.6375467897483068e-01  -2.6375467897483068e-01   0.0000000000000000e+00
   1.4111328125000000e-01   9.9209931314219180e-01   9.9209931314219180e-01   0.0000000000000000e+00
   1.4208984375000000e-01   9.8366241921173048e-01   9.8366241921173048e-01   0.0000000000000000e+00
   1.4306640625000000e-01   9.7222649707893638e-01   9.7222649707893638e-01   0.0000000000000000e+00
   1.4404296875000000e-01   9.5782641302753280e-01   9.5782641302753280e-01   0.0000000000000000e+00
   1.4501953125000000e-01   9.4050607059326874e-01   9.4050607059326874e-01   0.0000000000000000e+00
   1.4599609375000000e-01   9.2031827670911082e-01   9.2031827670911082e-01   0.0000000000000000e+00
   1.4697265625000000e-01   8.9732458070541843e-01   8.9732458070541843e-01   0.0000000000000000e+00
   1.4794921875000000e-01   8.7159508665595087e-01   8.7159508665595087e-01   0.0000000000000000e+00
   1.4892578125000000e-01   8.4320823964184599e-01   8.4320823964184599e-01   0.0000000000000000e+00
   1.4990234375000000e-01   8.1225058658520422e-01   8.1225058658520422e-01   0.0000000000000000e+00
   1.5087890625000000e-01   7.7881651238147598e-01   7.7881651238147598e-01   0.0000000000000000e+00
   1.5185546875000000e-01   7.4300795213512139e-01   7.4300795213512139e-01   0.0000000000000000e+00
   1.5283203125000000e-01   7.0493408037590555e-01   7.0493408037590555e-01   0.0000000000000000e+00
   1.5380859375000000e-01   6.6471097820334524e-01   6.6471097820334524e-01   0.0000000000000000e+00
   1.5478515625000000e-01   6.2246127937414997e-01   6.2246127937414997e-01   0.0000000000000000e+00
   1.5576171875000000e-01   5.7831379641165515e-01   5.7831379641165515e-01   0.0000000000000000e+00
   1.2548828125000000e-01   7.2635915508434590e-01   7.2635915508434590e-01   0.0000000000000000e+00
   1.2646484375000000e-01   7.6318841726338094e-01   7.6318841726338094e-01   0.0000000000000000e+00
   1.2744140625000000e-01   7.9769084094339116e-01   7.9769084094339116e-01   0.0000000000000000e+00
   1.2841796875000000e-01   8.2976123379452282e-01   8.2976123379452282e-01   0.0000000000000000e+00
   1.2939453125000000e-01   8.5930181835700847e-01   8.5930181835700847e-01   0.0000000000000000e+00
   1.3037109375000000e-01   8.8622253014888053e-01   8.8622253014888053e-01   0.0000000000000000e+00
   1.3134765625000000e-01   9.1044129225806691e-01   9.1044129225806691e-01   0.0000000000000000e+00
   1.3232421875000000e-01   9.3188426558166804e-01   9.3188426558166804e-01   0.0000000000000000e+00
   1.3330078125000000e-01   9.5048607394948148e-01   9.5048607394948148e-01   0.0000000000000000e+00
   1.3427734375000000e-01   9.6619000344541250e-01   9.6619000344541250e-01   0.0000000000000000e+00
   1.3525390625000000e-01   9.7894817531906209e-01   9.7894817531906209e-01   0.0000000000000000e+00
   1.3623046875000000e-01   9.8872169196032378e-01   9.8872169196032378e-01   0.0000000000000000e+00
   1.3720703125000000e-01   9.9548075549192694e-01   9.9548075549192694e-01   0.0000000000000000e+00
   1.3818359375000000e-01   9.9920475861836389e-01   9.9920475861836389e-01   0.0000000000000000e+00
   1.3916015625000000e-01   9.9988234745421256e-01   9.9988234745421256e-01   0.0000000000000000e+00
   1.4013671875000000e-01   9.9751145614030345e-01   9.9751145614030345e-01   0.0000000000000000e+00
   3.5986328125000000e-01   9.9751145614030334e-01   9.9751145614030334e-01   0.0000000000000000e+00
   3.6083984375000000e-01   9.9988234745421245e-01   9.9988234745421245e-01   0.0000000000000000e+00
   3.6181640625000000e-01   9.9920475861836389e-01   9.9920475861836389e-01   0.0000000000000000e+00
   3.6279296875000000e-01   9.9548075549192705e-01   9.9548075549192705e-01   0.0000000000000000e+00
   3.6376953125000000e-01   9.8872169196032367e-01   9.8872169196032367e-01   0.0000000000000000e+00
   3.6474609375000000e-01   9.7894817531906231e-01   9.7894817531906231e-01   0.0000000000000000e+00
   3.6572265625000000e-01   9.6619000344541306e-01   9.6619000344541306e-01   0.0000000000000000e+00
   3.6669921875000000e-01   9.5048607394948159e-01   9.5048607394948159e-01   0.0000000000000000e+00
   3.6767578125000000e-01   9.3188426558166837e-01   9.3188426558166837e-01   0.0000000000000000e+00
   3.6865234375000000e-01   9.1044129225806814e-01   9.1044129225806814e-01   0.0000000000000000e+00
   3.6962890625000000e-01   8.8622253014888064e-01   8.8622253014888064e-01   0.0000000000000000e+00
   3.7060546875000000e-01   8.5930181835700903e-01   8.5930181835700903e-01   0.0000000000000000e+00
   3.7158203125000000e-01   8.2976123379452449e-01   8.2976123379452449e-01   0.0000000000000000e+00
   3.7255859375000000e-01   7.9769084094339127e-01   7.9769084094339127e-01   0.0000000000000000e+00
   3.7353515625000000e-01   7.6318841726338227e-01   7.6318841726338227e-01   0.0000000000000000e+00
   3.7451171875000000e-01   7.2635915508434545e-01   7.2635915508434545e-01   0.0000000000000000e+00
   3.4423828125000000e-01   5.7831379641165426e-01   5.7831379641165426e-01   0.0000000000000000e+00
   3.4521484375000000e-01   6.2246127937415041e-01   6.2246127937415041e-01   0.0000000000000000e+00
   3.4619140625000000e-01   6.6471097820334435e-01   6.6471097820334435e-01   0.0000000000000000e+00
   3.4716796875000000e-01   7.0493408037590355e-01   7.0493408037590355e-01   0.0000000000000000e+00
   3.4814453125000000e-01   7.4300795213512183e-01   7.4300795213512183e-01   0.0000000000000000e+00
   3.4912109375000000e-01   7.7881651238147531e-01   7.7881651238147531e-01   0.0000000000000000e+00
   3.5009765625000000e-01   8.1225058658520255e-01   8.1225058658520255e-01   0.0000000000000000e+00
   3.5107421875000000e-01   8.4320823964184544e-01   8.4320823964184544e-01   0.0000000000000000e+00
   3.5205078125000000e-01   8.7159508665595031e-01   8.7159508665595031e-01   0.0000000000000000e+00
   3.5302734375000000e-01   8.9732458070541865e-01   8.9732458070541865e-01   0.0000000000000000e+00
   3.5400390625000000e-01   9.2031827670911037e-01   9.2031827670911037e-01   0.0000000000000000e+00
   3.5498046875000000e-01   9.4050607059326774e-01   9.4050607059326774e-01   0.0000000000000000e+00
   3.5595703125000000e-01   9.5782641302753302e-01   9.5782641302753302e-01   0.0000000000000000e+00
   3.5693359375000000e-01   9.7222649707893616e-01   9.7222649707893616e-01   0.0000000000000000e+00
   3.5791015625000000e-01   9.8366241921172992e-01   9.8366241921172992e-01   0.0000000000000000e+00
   3.5888671875000000e-01   9.9209931314219180e-01   9.9209931314219180e-01   0.0000000000000000e+00
   3.2861328125000000e-01  -2.6375467897483346e-01  -2.6375467897483346e-01   0.0000000000000000e+00
   3.2958984375000000e-01  -2.1011183688046953e-01  -2.1011183688046953e-01   0.0000000000000000e+00
   3.3056640625000000e-01  -1.5582839765426643e-01  -1.5582839765426643e-01   0.0000000000000000e+00
   3.3154296875000000e-01  -1.0106986275483031e-01  -1.0106986275483031e-01   0.0000000000000000e+00
   3.3251953125000000e-01  -4.6003182130914873e-02  -4.6003182130914873e-02   0.0000000000000000e+00
   3.3349609375000000e-01   9.2037547820582755e-03   9.2037547820582755e-03   0.0000000000000000e+00
   3.3447265625000000e-01   6.4382630929858173e-02   6.4382630929858173e-02   0.0000000000000000e+00
   3.3544921875000000e-01   1.1936521481099077e-01   1.1936521481099077e-01   0.0000000000000000e+00
   3.3642578125000000e-01   1.7398387338746196e-01   1.7398387338746196e-01   0.0000000000000000e+00
   3.3740234375000000e-01   2.2807208317088609e-01   2.2807208317088609e-01   0.0000000000000000e+00
   3.3837890625000000e-01   2.8146493792575711e-01   2.8146493792575711e-01   0.0000000000000000e+00
   3.3935546875000000e-01   3.3399965144200727e-01   3.3399965144200727e-01   0.0000000000000000e+00
   3.4033203125000000e-01   3.8551605384391890e-01   3.8551605384391890e-01   0.0000000000000000e+00
   3.4130859375000000e-01   4.3585707992225431e-01   4.3585707992225431e-01   0.0000000000000000e+00
   3.4228515625000000e-01   4.8486924800079195e-01   4.8486924800079195e-01   0.0000000000000000e+00
   3.4326171875000000e-01   5.3240312787719768e-01   5.3240312787719768e-01   0.0000000000000000e+00
   3.1298828125000000e-01  -9.1296219042839777e-01  -9.1296219042839777e-01   0.0000000000000000e+00
   3.1396484375000000e-01  -8.8904835585466480e-01  -8.8904835585466480e-01   0.0000000000000000e+00
   3.1494140625000000e-01  -8.6242395611104139e-01  -8.6242395611104139e-01   0.0000000000000000e+00
   3.1591796875000000e-01  -8.3317016470191285e-01  -8.3317016470191285e-01   0.0000000000000000e+00
   3.1689453125000000e-01  -8.0137617172314068e-01  -8.0137617172314068e-01   0.0000000000000000e+00
   3.1787109375000000e-01  -7.6713891193582173e-01  -7.6713891193582173e-01   0.0000000000000000e+00
   3.1884765625000000e-01  -7.3056276922782748e-01  -7.3056276922782748e-01   0.0000000000000000e+00
   3.1982421875000000e-01  -6.9175925836415852e-01  -6.9175925836415852e-01   0.0000000000000000e+00
   3.2080078125000000e-01  -6.5084668499638276e-01  -6.5084668499638276e-01   0.0000000000000000e+00
   3.2177734375000000e-01  -6.0794978496777374e-01  -6.0794978496777374e-01   0.0000000000000000e+00
   3.2275390625000000e-01  -5.6319934401383531e-01  -5.6319934401383531e-01   0.0000000000000000e+00
   3.2373046875000000e-01  -5.1673179901764921e-01  -5.1673179901764921e-01   0.0000000000000000e+00
   3.2470703125000000e-01  -4.6868882203582840e-01  -4.6868882203582840e-01   0.0000000000000000e+00
   3.2568359375000000e-01  -4.1921688836322557e-01  -4.1921688836322557e-01   0.0000000000000000e+00
   3.2666015625000000e-01  -3.6846682995337193e-01  -3.6846682995337193e-01   0.0000000000000000e+00
   3.2763671875000000e-01  -3.1659337555616668e-01  -3.1659337555616668e-01   0.0000000000000000e+00
   2.9736328125000000e-01  -8.9459948563138281e-01  -8.9459948563138281e-01   0.0000000000000000e+00
   2.9833984375000000e-01  -9.1790077562139005e-01  -9.1790077562139005e-01   0.0000000000000000e+00
   2.9931640625000000e-01  -9.3840353406310739e-01  -9.3840353406310739e-01   0.0000000000000000e+00
   3.0029296875000000e-01  -9.5604525134999641e-01  -9.5604525134999641e-01   0.0000000000000000e+00
   3.0126953125000000e-01  -9.7077214072895002e-01  -9.7077214072895002e-01   0.0000000000000000e+00
   3.0224609375000000e-01  -9.8253930228744146e-01  -9.8253930228744146e-01   0.0000000000000000e+00
   3.0322265625000000e-01  -9.9131085984611533e-01  -9.9131085984611533e-01   0.0000000000000000e+00
   3.0419921875000000e-01  -9.9706007033948285e-01  -9.9706007033948285e-01   0.0000000000000000e+00
   3.0517578125000000e-01  -9.9976940535121539e-01  -9.9976940535121539e-01   0.0000000000000000e+00
   3.0615234375000000e-01  -9.9943060455546184e-01  -9.9943060455546184e-01   0.0000000000000000e+00
   3.0712890625000000e-01  -9.9604470090125219e-01  -9.9604470090125219e-01   0.0000000000000000e+00
   3.0810546875000000e-01  -9.8962201746320078e-01  -9.8962201746320078e-01   0.0000000000000000e+00
   3.0908203125000000e-01  -9.8018213596811754e-01  -9.8018213596811754e-01   0.0000000000000000e+00
   3.1005859375000000e-01  -9.6775383709347607e-01  -9.6775383709347607e-01   0.0000000000000000e+00
   3.1103515625000000e-01  -9.5237501271976588e-01  -9.5237501271976588e-01   0.0000000000000000e+00
   3.1201171875000000e-01  -9.3409255040425943e-01  -9.3409255040425943e-01   0.0000000000000000e+00
   2.8173828125000000e-01  -2.2209362097320337e-01  -2.2209362097320337e-01   0.0000000000000000e+00
   2.8271484375000000e-01  -2.7557181931095676e-01  -2.7557181931095676e-01   0.0000000000000000e+00
   2.8369140625000000e-01  -3.2820984357909327e-01  -3.2820984357909327e-01   0.0000000000000000e+00
   2.8466796875000000e-01  -3.7984720892405072e-01  -3.7984720892405072e-01   0.0000000000000000e+00
   2.8564453125000000e-01  -4.3032648134008100e-01  -4.3032648134008100e-01   0.0000000000000000e+00
   2.8662109375000000e-01  -4.7949375766015340e-01  -4.7949375766015340e-01   0.0000000000000000e+00
   2.8759765625000000e-01  -5.2719913478190061e-01  -5.2719913478190061e-01   0.0000000000000000e+00
   2.8857421875000000e-01  -5.7329716669804043e-01  -5.7329716669804043e-01   0.0000000000000000e+00
   2.8955078125000000e-01  -6.1764730793780398e-01  -6.1764730793780398e-01   0.0000000000000000e+00
   2.9052734375000000e-01  -6.6011434206741959e-01  -6.6011434206741959e-01   0.0000000000000000e+00
   2.9150390625000000e-01  -7.0056879394324911e-01  -7.0056879394324911e-01   0.0000000000000000e+00
   2.9248046875000000e-01  -7.3888732446061500e-01  -7.3888732446061500e-01   0.0000000000000000e+00
   2.9345703125000000e-01  -7.7495310659487293e-01  -7.7495310659487293e-01   0.0000000000000000e+00
   2.9443359375000000e-01  -8.0865618158817543e-01  -8.0865618158817543e-01   0.0000000000000000e+00
   2.9541015625000000e-01  -8.3989379419599919e-01  -8.3989379419599919e-01   0.0000000000000000e+00
   2.9638671875000000e-01  -8.6857070597134001e-01  -8.6857070597134001e-01   0.0000000000000000e+00
   2.6611328125000000e-01   6.1281008242941026e-01   6.1281008242941026e-01   0.0000000000000000e+00
   2.6708984375000000e-01   5.6825895267013171e-01   5.6825895267013171e-01   0.0000000000000000e+00
   2.6806640625000000e-01   5.2197529293715406e-01   5.2197529293715406e-01   0.0000000000000000e+00
   2.6904296875000000e-01   4.7410021465055091e-01   4.7410021465055091e-01   0.0000000000000000e+00
   2.7001953125000000e-01   4.2477968120910931e-01   4.2477968120910931e-01   0.0000000000000000e+00
   2.7099609375000000e-01   3.7416406297145804e-01   3.7416406297145804e-01   0.0000000000000000e+00
   2.7197265625000000e-01   3.2240767880107113e-01   3.2240767880107113e-01   0.0000000000000000e+00
   2.7294921875000000e-01   2.6966832557291598e-01   2.6966832557291598e-01   0.0000000000000000e+00
   2.7392578125000000e-01   2.1610679707621991e-01   2.1610679707621991e-01   0.0000000000000000e+00
   2.7490234375000000e-01   1.6188639378011177e-01   1.6188639378011177e-01   0.0000000000000000e+00
   2.7587890625000000e-01   1.0717242495681009e-01   1.0717242495681009e-01   0.0000000000000000e+00
   2.7685546875000000e-01   5.2131704680284087e-02   5.2131704680284087e-02   0.0000000000000000e+00
   2.7783203125000000e-01  -3.0679567629656864e-03  -3.0679567629656864e-03   0.0000000000000000e+00
   2.7880859375000000e-01  -5.8258264500435947e-02  -5.8258264500435947e-02   0.0000000000000000e+00
   2.7978515625000000e-01  -1.1327095217756325e-01  -1.1327095217756325e-01   0.0000000000000000e+00
   2.8076171875000000e-01  -1.6793829497473056e-01  -1.6793829497473056e-01   0.0000000000000000e+00
   2.5048828125000000e-01   9.9961882249517864e-01   9.9961882249517864e-01   0.0000000000000000e+00
   2.5146484375000000e-01   9.9657114579055495e-01   9.9657114579055495e-01   0.0000000000000000e+00
   2.5244140625000000e-01   9.9048508425645709e-01   9.9048508425645709e-01   0.0000000000000000e+00
   2.5341796875000000e-01   9.8137919331375456e-01   9.8137919331375456e-01   0.0000000000000000e+00
   2.5439453125000000e-01   9.6928123535654875e-01   9.6928123535654875e-01   0.0000000000000000e+00
   2.5537109375000000e-01   9.5422809510910578e-01   9.5422809510910578e-01   0.0000000000000000e+00
   2.5634765625000000e-01   9.3626566717027826e-01   9.3626566717027826e-01   0.0000000000000000e+00
   2.5732421875000000e-01   9.1544871608826839e-01   9.1544871608826839e-01   0.0000000000000000e+00
   2.5830078125000000e-01   8.9184070939234317e-01   8.9184070939234317e-01   0.0000000000000000e+00
   2.5927734375000000e-01   8.6551362409056931e-01   8.6551362409056931e-01   0.0000000000000000e+00
   2.6025390625000000e-01   8.3654772722351201e-01   8.3654772722351201e-01   0.0000000000000000e+00
   2.6123046875000000e-01   8.0503133114296432e-01   8.0503133114296432e-01   0.0000000000000000e+00
   2.6220703125000000e-01   7.7106052426181426e-01   7.7106052426181426e-01   0.0000000000000000e+00
   2.6318359375000000e-01   7.3473887809596372e-01   7.3473887809596372e-01   0.0000000000000000e+00
   2.6416015625000000e-01   6.9617713149146287e-01   6.9617713149146287e-01   0.0000000000000000e+00
   2.6513671875000000e-01   6.5549285299961624e-01   6.5549285299961624e-01   0.0000000000000000e+00
   3.9111328125000000e-01  -1.2545498341154618e-01  -1.2545498341154618e-01   0.0000000000000000e+00
   3.9208984375000000e-01  -1.8002290140569818e-01  -1.8002290140569818e-01   0.0000000000000000e+00
   3.9306640625000000e-01  -2.3404195858354429e-01  -2.3404195858354429e-01   0.0000000000000000e+00
   3.9404296875000000e-01  -2.8734745954472912e-01  -2.8734745954472912e-01   0.0000000000000000e+00
   3.9501953125000000e-01  -3.3977688440682524e-01  -3.3977688440682524e-01   0.0000000000000000e+00
   3.9599609375000000e-01  -3.9117038430225437e-01  -3.9117038430225437e-01   0.0000000000000000e+00
   3.9697265625000000e-01  -4.4137126873171600e-01  -4.4137126873171600e-01   0.0000000000000000e+00
   3.9794921875000000e-01  -4.9022648328828938e-01  -4.9022648328828938e-01   0.0000000000000000e+00
   3.9892578125000000e-01  -5.3758707629564562e-01  -5.3758707629564562e-01   0.0000000000000000e+00
   3.9990234375000000e-01  -5.8330865293769740e-01  -5.8330865293769740e-01   0.0000000000000000e+00
   4.0087890625000000e-01  -6.2725181549514220e-01  -6.2725181549514220e-01   0.0000000000000000e+00
   4.0185546875000000e-01  -6.6928258834663590e-01  -6.6928258834663590e-01   0.0000000000000000e+00
   4.0283203125000000e-01  -7.0927282643886458e-01  -7.0927282643886458e-01   0.0000000000000000e+00
   4.0380859375000000e-01  -7.4710060598018069e-01  -7.4710060598018069e-01   0.0000000000000000e+00
   4.0478515625000000e-01  -7.8265059616657540e-01  -7.8265059616657540e-01   0.0000000000000000e+00
   4.0576171875000000e-01  -8.1581441080673278e-01  -8.1581441080673278e-01   0.0000000000000000e+00
   3.7548828125000000e-01   6.8731534089175950e-01   6.8731534089175950e-01   0.0000000000000000e+00
   3.7646484375000000e-01   6.4617601298331784e-01   6.4617601298331784e-01   0.0000000000000000e+00
   3.7744140625000000e-01   6.0306659854034794e-01   6.0306659854034794e-01   0.0000000000000000e+00
   3.7841796875000000e-01   5.5811853122055688e-01   5.5811853122055688e-01   0.0000000000000000e+00
   3.7939453125000000e-01   5.1146885043797230e-01   5.1146885043797230e-01   0.0000000000000000e+00
   3.8037109375000000e-01   4.6325978355186020e-01   4.6325978355186020e-01   0.0000000000000000e+00
   3.8134765625000000e-01   4.1363831223843572e-01   4.1363831223843572e-01   0.0000000000000000e+00
   3.8232421875000000e-01   3.6275572436739961e-01   3.6275572436739961e-01   0.0000000000000000e+00
   3.8330078125000000e-01   3.1076715274961181e-01   3.1076715274961181e-01   0.0000000000000000e+00
   3.8427734375000000e-01   2.5783110216216060e-01   2.5783110216216060e-01   0.0000000000000000e+00
   3.8525390625000000e-01   2.0410896609281626e-01   2.0410896609281626e-01   0.0000000000000000e+00
   3.8623046875000000e-01   1.4976453467732218e-01   1.4976453467732218e-01   0.0000000000000000e+00
   3.8720703125000000e-01   9.4963495329640962e-02   9.4963495329640962e-02   0.0000000000000000e+00
   3.8818359375000000e-01   3.9872927587739533e-02   3.9872927587739533e-02   0.0000000000000000e+00
   3.8916015625000000e-01  -1.5339206284987080e-02  -1.5339206284987080e-02   0.0000000000000000e+00
   3.9013671875000000e-01  -7.0504573389611552e-02  -7.0504573389611552e-02   0.0000000000000000e+00
   4.0673828125000000e-01  -8.4649093877405235e-01  -8.4649093877405235e-01   0.0000000000000000e+00
   4.0771484375000000e-01  -8.7458665227817567e-01  -8.7458665227817567e-01   0.0000000000000000e+00
   4.0869140625000000e-01  -9.0001589201615928e-01  -9.0001589201615928e-01   0.0000000000000000e+00
   4.0966796875000000e-01  -9.2270112833387863e-01  -9.2270112833387863e-01   0.0000000000000000e+00
   4.1064453125000000e-01  -9.4257319760144653e-01  -9.4257319760144653e-01   0.0000000000000000e+00
   4.1162109375000000e-01  -9.5957151308198385e-01  -9.5957151308198385e-01   0.0000000000000000e+00
   4.1259765625000000e-01  -9.7364424965081187e-01  -9.7364424965081187e-01   0.0000000000000000e+00
   4.1357421875000000e-01  -9.8474850180190399e-01  -9.8474850180190399e-01   0.0000000000000000e+00
   4.1455078125000000e-01  -9.9285041445986522e-01  -9.9285041445986522e-01   0.0000000000000000e+00
   4.1552734375000000e-01  -9.9792528619859600e-01  -9.9792528619859600e-01   0.0000000000000000e+00
   4.1650390625000000e-01  -9.9995764455196390e-01  -9.9995764455196390e-01   0.0000000000000000e+00
   4.1748046875000000e-01  -9.9894129318685687e-01  -9.9894129318685687e-01   0.0000000000000000e+00
   4.1845703125000000e-01  -9.9487933079480573e-01  -9.9487933079480573e-01   0.0000000000000000e+00
   4.1943359375000000e-01  -9.8778414164457251e-01  -9.8778414164457251e-01   0.0000000000000000e+00
   4.2041015625000000e-01  -9.7767735782450993e-01  -9.7767735782450993e-01   0.0000000000000000e+00
   4.2138671875000000e-01  -9.6458979328981309e-01  -9.6458979328981309e-01   0.0000000000000000e+00
   4.2236328125000000e-01  -9.4856134991573116e-01  -9.4856134991573116e-01   0.0000000000000000e+00
   4.2333984375000000e-01  -9.2964089584318144e-01  -9.2964089584318144e-01   0.0000000000000000e+00
   4.2431640625000000e-01  -9.0788611648766693e-01  -9.0788611648766693e-01   0.0000000000000000e+00
   4.2529296875000000e-01  -8.8336333866573125e-01  -8.8336333866573125e-01   0.0000000000000000e+00
   4.2626953125000000e-01  -8.5614732837519480e-01  -8.5614732837519480e-01   0.0000000000000000e+00
   4.2724609375000000e-01  -8.2632106284566464e-01  -8.2632106284566464e-01   0.0000000000000000e+00
   4.2822265625000000e-01  -7.9397547755433695e-01  -7.9397547755433695e-01   0.0000000000000000e+00
   4.2919921875000000e-01  -7.5920918897838874e-01  -7.5920918897838874e-01   0.0000000000000000e+00
   4.3017578125000000e-01  -7.2212819392921690e-01  -7.2212819392921690e-01   0.0000000000000000e+00
   4.3115234375000000e-01  -6.8284554638524808e-01  -6.8284554638524808e-01   0.0000000000000000e+00
   4.3212890625000000e-01  -6.4148101280858416e-01  -6.4148101280858416e-01   0.0000000000000000e+00
   4.3310546875000000e-01  -5.9816070699634449e-01  -5.9816070699634449e-01   0.0000000000000000e+00
   4.3408203125000000e-01  -5.5301670558002791e-01  -5.5301670558002791e-01   0.0000000000000000e+00
   4.3505859375000000e-01  -5.0618664534515678e-01  -5.0618664534515678e-01   0.0000000000000000e+00
   4.3603515625000000e-01  -4.5781330359887673e-01  -4.5781330359887673e-01   0.0000000000000000e+00
   4.3701171875000000e-01  -4.0804416286497935e-01  -4.0804416286497935e-01   0.0000000000000000e+00
   4.3798828125000000e-01  -3.5703096123343198e-01  -3.5703096123343198e-01   0.0000000000000000e+00
   4.3896484375000000e-01  -3.0492922973540221e-01  -3.0492922973540221e-01   0.0000000000000000e+00
   4.3994140625000000e-01  -2.5189781815421802e-01  -2.5189781815421802e-01   0.0000000000000000e+00
   4.4091796875000000e-01  -1.9809841071795595e-01  -1.9809841071795595e-01   0.0000000000000000e+00
   4.4189453125000000e-01  -1.4369503315029461e-01  -1.4369503315029461e-01   0.0000000000000000e+00
   4.4287109375000000e-01  -8.8853552582526044e-02  -8.8853552582526044e-02   0.0000000000000000e+00
   4.4384765625000000e-01  -3.3741171851380335e-02  -3.3741171851380335e-02   0.0000000000000000e+00
   4.4482421875000000e-01   2.1474080275469008e-02   2.1474080275469008e-02   0.0000000000000000e+00
   4.4580078125000000e-01   7.6623861392029702e-02   7.6623861392029702e-02   0.0000000000000000e+00
   4.4677734375000000e-01   1.3154002870288356e-01   1.3154002870288356e-01   0.0000000000000000e+00
   4.4775390625000000e-01   1.8605515166344583e-01   1.8605515166344583e-01   0.0000000000000000e+00
   4.4873046875000000e-01   2.4000302244873942e-01   2.4000302244873942e-01   0.0000000000000000e+00
   4.4970703125000000e-01   2.9321916269425874e-01   2.9321916269425874e-01   0.0000000000000000e+00
   4.5068359375000000e-01   3.4554132496398793e-01   3.4554132496398793e-01   0.0000000000000000e+00
   4.5166015625000000e-01   3.9680998741670803e-01   3.9680998741670803e-01   0.0000000000000000e+00
   4.5263671875000000e-01   4.4686884016237399e-01   4.4686884016237399e-01   0.0000000000000000e+00
   4.5361328125000000e-01   4.9556526182577121e-01   4.9556526182577121e-01   0.0000000000000000e+00
   4.5458984375000000e-01   5.4275078486451656e-01   5.4275078486451656e-01   0.0000000000000000e+00
   4.5556640625000000e-01   5.8828154822264478e-01   5.8828154822264478e-01   0.0000000000000000e+00
   4.5654296875000000e-01   6.3201873593980751e-01   6.3201873593980751e-01   0.0000000000000000e+00
   4.5751953125000000e-01   6.7382900037875637e-01   6.7382900037875637e-01   0.0000000000000000e+00
   4.5849609375000000e-01   7.1358486878079297e-01   7.1358486878079297e-01   0.0000000000000000e+00
   4.5947265625000000e-01   7.5116513190968492e-01   7.5116513190968492e-01   0.0000000000000000e+00
   4.6044921875000000e-01   7.8645521359908577e-01   7.8645521359908577e-01   0.0000000000000000e+00
   4.6142578125000000e-01   8.1934752007679623e-01   8.1934752007679623e-01   0.0000000000000000e+00
   4.6240234375000000e-01   8.4974176800085111e-01   8.4974176800085111e-01   0.0000000000000000e+00
   4.6337890625000000e-01   8.7754529020726113e-01   8.7754529020726113e-01   0.0000000000000000e+00
   4.6435546875000000e-01   9.0267331823725816e-01   9.0267331823725816e-01   0.0000000000000000e+00
   4.6533203125000000e-01   9.2504924078267781e-01   9.2504924078267781e-01   0.0000000000000000e+00
   4.6630859375000000e-01   9.4460483726148003e-01   9.4460483726148003e-01   0.0000000000000000e+00
   4.6728515625000000e-01   9.6128048581132008e-01   9.6128048581132008e-01   0.0000000000000000e+00
   4.6826171875000000e-01   9.7502534506699423e-01   9.7502534506699423e-01   0.0000000000000000e+00
   4.6923828125000000e-01   9.8579750916756725e-01   9.8579750916756725e-01   0.0000000000000000e+00
   4.7021484375000000e-01   9.9356413552059508e-01   9.9356413552059508e-01   0.0000000000000000e+00
   4.7119140625000000e-01   9.9830154493389278e-01   9.9830154493389278e-01   0.0000000000000000e+00
   4.7216796875000000e-01   9.9999529380957619e-01   9.9999529380957619e-01   0.0000000000000000e+00
   4.7314453125000000e-01   9.9864021818026538e-01   9.9864021818026538e-01   0.0000000000000000e+00
   4.7412109375000000e-01   9.9424044945318801e-01   9.9424044945318801e-01   0.0000000000000000e+00
   4.7509765625000000e-01   9.8680940181418575e-01   9.8680940181418575e-01   0.0000000000000000e+00
   4.7607421875000000e-01   9.7636973133002103e-01   9.7636973133002103e-01   0.0000000000000000e+00
   4.7705078125000000e-01   9.6295326687368410e-01   9.6295326687368410e-01   0.0000000000000000e+00
   4.7802734375000000e-01   9.4660091308328420e-01   9.4660091308328420e-01   0.0000000000000000e+00
   4.7900390625000000e-01   9.2736252565040100e-01   9.2736252565040100e-01   0.0000000000000000e+00
   4.7998046875000000e-01   9.0529675931811926e-01   9.0529675931811926e-01   0.0000000000000000e+00
   4.8095703125000000e-01   8.8047088905216186e-01   8.8047088905216186e-01   0.0000000000000000e+00
   4.8193359375000000e-01   8.5296060493036374e-01   8.5296060493036374e-01   0.0000000000000000e+00
   4.8291015625000000e-01   8.2284978137582721e-01   8.2284978137582721e-01   0.0000000000000000e+00
   4.8388671875000000e-01   7.9023022143731170e-01   7.9023022143731170e-01   0.0000000000000000e+00
   4.8486328125000000e-01   7.5520137689653688e-01   7.5520137689653688e-01   0.0000000000000000e+00
   4.8583984375000000e-01   7.1787004505573304e-01   7.1787004505573304e-01   0.0000000000000000e+00
   4.8681640625000000e-01   6.7835004312986114e-01   6.7835004312986114e-01   0.0000000000000000e+00
   4.8779296875000000e-01   6.3676186123628487e-01   6.3676186123628487e-01   0.0000000000000000e+00
   4.8876953125000000e-01   5.9323229503980157e-01   5.9323229503980157e-01   0.0000000000000000e+00
   4.8974609375000000e-01   5.4789405917310008e-01   5.4789405917310008e-01   0.0000000000000000e+00
   4.9072265625000000e-01   5.0088538261124183e-01   5.0088538261124183e-01   0.0000000000000000e+00
   4.9169921875000000e-01   4.5234958723377311e-01   4.5234958723377311e-01   0.0000000000000000e+00
   4.9267578125000000e-01   4.0243465085941865e-01   4.0243465085941865e-01   0.0000000000000000e+00
   4.9365234375000000e-01   3.5129275608556854e-01   3.5129275608556854e-01   0.0000000000000000e+00
   4.9462890625000000e-01   2.9907982630804320e-01   2.9907982630804320e-01   0.0000000000000000e+00
   4.9560546875000000e-01   2.4595505033579518e-01   2.4595505033579518e-01   0.0000000000000000e+00
   4.9658203125000000e-01   1.9208039704989430e-01   1.9208039704989430e-01   0.0000000000000000e+00
   4.9755859375000000e-01   1.3762012158648568e-01   1.3762012158648568e-01   0.0000000000000000e+00
   4.9853515625000000e-01   8.2740264549376621e-02   8.2740264549376621e-02   0.0000000000000000e+00
   4.9951171875000000e-01   2.7608145778967971e-02   2.7608145778967971e-02   0.0000000000000000e+00
   5.0048828125000000e-01  -2.7608145778965767e-02  -2.7608145778965767e-02   0.0000000000000000e+00
   5.0146484375000000e-01  -8.2740264549374429e-02  -8.2740264549374429e-02   0.0000000000000000e+00
   5.0244140625000000e-01  -1.3762012158648348e-01  -1.3762012158648348e-01   0.0000000000000000e+00
   5.0341796875000000e-01  -1.9208039704989213e-01  -1.9208039704989213e-01   0.0000000000000000e+00
   5.0439453125000000e-01  -2.4595505033579304e-01  -2.4595505033579304e-01   0.0000000000000000e+00
   5.0537109375000000e-01  -2.9907982630804109e-01  -2.9907982630804109e-01   0.0000000000000000e+00
   5.0634765625000000e-01  -3.5129275608556648e-01  -3.5129275608556648e-01   0.0000000000000000e+00
   5.0732421875000000e-01  -4.0243465085941665e-01  -4.0243465085941665e-01   0.0000000000000000e+00
   5.0830078125000000e-01  -4.5234958723377111e-01  -4.5234958723377111e-01   0.0000000000000000e+00
   5.0927734375000000e-01  -5.0088538261123994e-01  -5.0088538261123994e-01   0.0000000000000000e+00
   5.1025390625000000e-01  -5.4789405917309819e-01  -5.4789405917309819e-01   0.0000000000000000e+00
   5.1123046875000000e-01  -5.9323229503979980e-01  -5.9323229503979980e-01   0.0000000000000000e+00
   5.1220703125000000e-01  -6.3676186123628320e-01  -6.3676186123628320e-01   0.0000000000000000e+00
   5.1318359375000000e-01  -6.7835004312985958e-01  -6.7835004312985958e-01   0.0000000000000000e+00
   5.1416015625000000e-01  -7.1787004505573149e-01  -7.1787004505573149e-01   0.0000000000000000e+00
   5.1513671875000000e-01  -7.5520137689653544e-01  -7.5520137689653544e-01   0.0000000000000000e+00
   5.1611328125000000e-01  -7.9023022143731037e-01  -7.9023022143731037e-01   0.0000000000000000e+00
   5.1708984375000000e-01  -8.2284978137582587e-01  -8.2284978137582587e-01   0.0000000000000000e+00
   5.1806640625000000e-01  -8.5296060493036263e-01  -8.5296060493036263e-01   0.0000000000000000e+00
   5.1904296875000000e-01  -8.8047088905216087e-01  -8.8047088905216087e-01   0.0000000000000000e+00
   5.2001953125000000e-01  -9.0529675931811826e-01  -9.0529675931811826e-01   0.0000000000000000e+00
   5.2099609375000000e-01  -9.2736252565040023e-01  -9.2736252565040023e-01   0.0000000000000000e+00
   5.2197265625000000e-01  -9.4660091308328353e-01  -9.4660091308328353e-01   0.0000000000000000e+00
   5.2294921875000000e-01  -9.6295326687368354e-01  -9.6295326687368354e-01   0.0000000000000000e+00
   5.2392578125000000e-01  -9.7636973133002058e-01  -9.7636973133002058e-01   0.0000000000000000e+00
   5.2490234375000000e-01  -9.8680940181418542e-01  -9.8680940181418542e-01   0.0000000000000000e+00
   5.2587890625000000e-01  -9.9424044945318779e-01  -9.9424044945318779e-01   0.0000000000000000e+00
   5.2685546875000000e-01  -9.9864021818026527e-01  -9.9864021818026527e-01   0.0000000000000000e+00
   5.2783203125000000e-01  -9.9999529380957619e-01  -9.9999529380957619e-01   0.0000000000000000e+00
   5.2880859375000000e-01  -9.9830154493389300e-01  -9.9830154493389300e-01   0.0000000000000000e+00
   5.2978515625000000e-01  -9.9356413552059530e-01  -9.9356413552059530e-01   0.0000000000000000e+00
   5.3076171875000000e-01  -9.8579750916756759e-01  -9.8579750916756759e-01   0.0000000000000000e+00
   5.4736328125000000e-01  -4.4686884016237594e-01  -4.4686884016237594e-01   0.0000000000000000e+00
   5.4833984375000000e-01  -3.9680998741671009e-01  -3.9680998741671009e-01   0.0000000000000000e+00
   5.4931640625000000e-01  -3.4554132496399004e-01  -3.4554132496399004e-01   0.0000000000000000e+00
   5.5029296875000000e-01  -2.9321916269426085e-01  -2.9321916269426085e-01   0.0000000000000000e+00
   5.5126953125000000e-01  -2.4000302244874155e-01  -2.4000302244874155e-01   0.0000000000000000e+00
   5.5224609375000000e-01  -1.8605515166344799e-01  -1.8605515166344799e-01   0.0000000000000000e+00
   5.5322265625000000e-01  -1.3154002870288575e-01  -1.3154002870288575e-01   0.0000000000000000e+00
   5.5419921875000000e-01  -7.6623861392031895e-02  -7.6623861392031895e-02   0.0000000000000000e+00
   5.5517578125000000e-01  -2.1474080275471211e-02  -2.1474080275471211e-02   0.0000000000000000e+00
   5.5615234375000000e-01   3.3741171851378128e-02   3.3741171851378128e-02   0.0000000000000000e+00
   5.5712890625000000e-01   8.8853552582523851e-02   8.8853552582523851e-02   0.0000000000000000e+00
   5.5810546875000000e-01   1.4369503315029242e-01   1.4369503315029242e-01   0.0000000000000000e+00
   5.5908203125000000e-01   1.9809841071795378e-01   1.9809841071795378e-01   0.0000000000000000e+00
   5.6005859375000000e-01   2.5189781815421591e-01   2.5189781815421591e-01   0.0000000000000000e+00
   5.6103515625000000e-01   3.0492922973540010e-01   3.0492922973540010e-01   0.0000000000000000e+00
   5.6201171875000000e-01   3.5703096123342992e-01   3.5703096123342992e-01   0.0000000000000000e+00
   5.3173828125000000e-01  -9.7502534506699468e-01  -9.7502534506699468e-01   0.0000000000000000e+00
   5.3271484375000000e-01  -9.6128048581132075e-01  -9.6128048581132075e-01   0.0000000000000000e+00
   5.3369140625000000e-01  -9.4460483726148081e-01  -9.4460483726148081e-01   0.0000000000000000e+00
   5.3466796875000000e-01  -9.2504924078267869e-01  -9.2504924078267869e-01   0.0000000000000000e+00
   5.3564453125000000e-01  -9.0267331823725905e-01  -9.0267331823725905e-01   0.0000000000000000e+00
   5.3662109375000000e-01  -8.7754529020726224e-01  -8.7754529020726224e-01   0.0000000000000000e+00
   5.3759765625000000e-01  -8.4974176800085233e-01  -8.4974176800085233e-01   0.0000000000000000e+00
   5.3857421875000000e-01  -8.1934752007679745e-01  -8.1934752007679745e-01   0.0000000000000000e+00
   5.3955078125000000e-01  -7.8645521359908710e-01  -7.8645521359908710e-01   0.0000000000000000e+00
   5.4052734375000000e-01  -7.5116513190968637e-01  -7.5116513190968637e-01   0.0000000000000000e+00
   5.4150390625000000e-01  -7.1358486878079452e-01  -7.1358486878079452e-01   0.0000000000000000e+00
   5.4248046875000000e-01  -6.7382900037875793e-01  -6.7382900037875793e-01   0.0000000000000000e+00
   5.4345703125000000e-01  -6.3201873593980928e-01  -6.3201873593980928e-01   0.0000000000000000e+00
   5.4443359375000000e-01  -5.8828154822264667e-01  -5.8828154822264667e-01   0.0000000000000000e+00
   5.4541015625000000e-01  -5.4275078486451833e-01  -5.4275078486451833e-01   0.0000000000000000e+00
   5.4638671875000000e-01  -4.9556526182577310e-01  -4.9556526182577310e-01   0.0000000000000000e+00
   5.7861328125000000e-01   9.6458979328981154e-01   9.6458979328981154e-01   0.0000000000000000e+00
   5.7958984375000000e-01   9.7767735782450949e-01   9.7767735782450949e-01   0.0000000000000000e+00
   5.8056640625000000e-01   9.8778414164457218e-01   9.8778414164457218e-01   0.0000000000000000e+00
   5.8154296875000000e-01   9.9487933079480517e-01   9.9487933079480517e-01   0.0000000000000000e+00
   5.8251953125000000e-01   9.9894129318685676e-01   9.9894129318685676e-01   0.0000000000000000e+00
   5.8349609375000000e-01   9.9995764455196390e-01   9.9995764455196390e-01   0.0000000000000000e+00
   5.8447265625000000e-01   9.9792528619859588e-01   9.9792528619859588e-01   0.0000000000000000e+00
   5.8544921875000000e-01   9.9285041445986544e-01   9.9285041445986544e-01   0.0000000000000000e+00
   5.8642578125000000e-01   9.8474850180190432e-01   9.8474850180190432e-01   0.0000000000000000e+00
   5.8740234375000000e-01   9.7364424965081153e-01   9.7364424965081153e-01   0.0000000000000000e+00
   5.8837890625000000e-01   9.5957151308198541e-01   9.5957151308198541e-01   0.0000000000000000e+00
   5.8935546875000000e-01   9.4257319760144720e-01   9.4257319760144720e-01   0.0000000000000000e+00
   5.9033203125000000e-01   9.2270112833387807e-01   9.2270112833387807e-01   0.0000000000000000e+00
   5.9130859375000000e-01   9.0001589201616183e-01   9.0001589201616183e-01   0.0000000000000000e+00
   5.9228515625000000e-01   8.7458665227817678e-01   8.7458665227817678e-01   0.0000000000000000e+00
   5.9326171875000000e-01   8.4649093877405157e-01   8.4649093877405157e-01   0.0000000000000000e+00
   5.6298828125000000e-01   4.0804416286497736e-01   4.0804416286497736e-01   0.0000000000000000e+00
   5.6396484375000000e-01   4.5781330359887479e-01   4.5781330359887479e-01   0.0000000000000000e+00
   5.6494140625000000e-01   5.0618664534515490e-01   5.0618664534515490e-01   0.0000000000000000e+00
   5.6591796875000000e-01   5.5301670558002902e-01   5.5301670558002902e-01   0.0000000000000000e+00
   5.6689453125000000e-01   5.9816070699633983e-01   5.9816070699633983e-01   0.0000000000000000e+00
   5.6787109375000000e-01   6.4148101280858250e-01   6.4148101280858250e-01   0.0000000000000000e+00
   5.6884765625000000e-01   6.8284554638524908e-01   6.8284554638524908e-01   0.0000000000000000e+00
   5.6982421875000000e-01   7.2212819392921290e-01   7.2212819392921290e-01   0.0000000000000000e+00
   5.7080078125000000e-01   7.5920918897838729e-01   7.5920918897838729e-01   0.0000000000000000e+00
   5.7177734375000000e-01   7.9397547755433784e-01   7.9397547755433784e-01   0.0000000000000000e+00
   5.7275390625000000e-01   8.2632106284566131e-01   8.2632106284566131e-01   0.0000000000000000e+00
   5.7373046875000000e-01   8.5614732837519369e-01   8.5614732837519369e-01   0.0000000000000000e+00
   5.7470703125000000e-01   8.8336333866573191e-01   8.8336333866573191e-01   0.0000000000000000e+00
   5.7568359375000000e-01   9.0788611648766449e-01   9.0788611648766449e-01   0.0000000000000000e+00
   5.7666015625000000e-01   9.2964089584318055e-01   9.2964089584318055e-01   0.0000000000000000e+00
   5.7763671875000000e-01   9.4856134991573038e-01   9.4856134991573038e-01   0.0000000000000000e+00
   5.9423828125000000e-01   8.1581441080673611e-01   8.1581441080673611e-01   0.0000000000000000e+00
   5.9521484375000000e-01   7.8265059616657684e-01   7.8265059616657684e-01   0.0000000000000000e+00
   5.9619140625000000e-01   7.4710060598017980e-01   7.4710060598017980e-01   0.0000000000000000e+00
   5.9716796875000000e-01   7.0927282643886869e-01   7.0927282643886869e-01   0.0000000000000000e+00
   5.9814453125000000e-01   6.6928258834663756e-01   6.6928258834663756e-01   0.0000000000000000e+00
   5.9912109375000000e-01   6.2725181549514397e-01   6.2725181549514397e-01   0.0000000000000000e+00
   6.0009765625000000e-01   5.8330865293770207e-01   5.8330865293770207e-01   0.0000000000000000e+00
   6.0107421875000000e-01   5.3758707629564750e-01   5.3758707629564750e-01   0.0000000000000000e+00
   6.0205078125000000e-01   4.9022648328829127e-01   4.9022648328829127e-01   0.0000000000000000e+00
   6.0302734375000000e-01   4.4137126873171478e-01   4.4137126873171478e-01   0.0000000000000000e+00
   6.0400390625000000e-01   3.9117038430225642e-01   3.9117038430225642e-01   0.0000000000000000e+00
   6.0498046875000000e-01   3.3977688440682730e-01   3.3977688440682730e-01   0.0000000000000000e+00
   6.0595703125000000e-01   2.8734745954472785e-01   2.8734745954472785e-01   0.0000000000000000e+00
   6.0693359375000000e-01   2.3404195858354643e-01   2.3404195858354643e-01   0.0000000000000000e+00
   6.0791015625000000e-01   1.8002290140570035e-01   1.8002290140570035e-01   0.0000000000000000e+00
   6.0888671875000000e-01   1.2545498341154485e-01   1.2545498341154485e-01   0.0000000000000000e+00
   6.0986328125000000e-01   7.0504573389617298e-02   7.0504573389617298e-02   0.0000000000000000e+00
   6.1083984375000000e-01   1.5339206284989285e-02   1.5339206284989285e-02   0.0000000000000000e+00
   6.1181640625000000e-01  -3.9872927587740879e-02  -3.9872927587740879e-02   0.0000000000000000e+00
   6.1279296875000000e-01  -9.4963495329635231e-02  -9.4963495329635231e-02   0.0000000000000000e+00
   6.1376953125000000e-01  -1.4976453467732001e-01  -1.4976453467732001e-01   0.0000000000000000e+00
   6.1474609375000000e-01  -2.0410896609281759e-01  -2.0410896609281759e-01   0.0000000000000000e+00
   6.1572265625000000e-01  -2.5783110216215499e-01  -2.5783110216215499e-01   0.0000000000000000e+00
   6.1669921875000000e-01  -3.1076715274960970e-01  -3.1076715274960970e-01   0.0000000000000000e+00
   6.1767578125000000e-01  -3.6275572436739756e-01  -3.6275572436739756e-01   0.0000000000000000e+00
   6.1865234375000000e-01  -4.1363831223843045e-01  -4.1363831223843045e-01   0.0000000000000000e+00
   6.1962890625000000e-01  -4.6325978355185821e-01  -4.6325978355185821e-01   0.0000000000000000e+00
   6.2060546875000000e-01  -5.1146885043797041e-01  -5.1146885043797041e-01   0.0000000000000000e+00
   6.2158203125000000e-01  -5.5811853122055211e-01  -5.5811853122055211e-01   0.0000000000000000e+00
   6.2255859375000000e-01  -6.0306659854034617e-01  -6.0306659854034617e-01   0.0000000000000000e+00
   6.2353515625000000e-01  -6.4617601298331617e-01  -6.4617601298331617e-01   0.0000000000000000e+00
   6.2451171875000000e-01  -6.8731534089176050e-01  -6.8731534089176050e-01   0.0000000000000000e+00
   6.2548828125000000e-01  -7.2635915508434401e-01  -7.2635915508434401e-01   0.0000000000000000e+00
   6.2646484375000000e-01  -7.6318841726338082e-01  -7.6318841726338082e-01   0.0000000000000000e+00
   6.2744140625000000e-01  -7.9769084094339204e-01  -7.9769084094339204e-01   0.0000000000000000e+00
   6.2841796875000000e-01  -8.2976123379452127e-01  -8.2976123379452127e-01   0.0000000000000000e+00
   6.2939453125000000e-01  -8.5930181835700792e-01  -8.5930181835700792e-01   0.0000000000000000e+00
   6.3037109375000000e-01  -8.8622253014888119e-01  -8.8622253014888119e-01   0.0000000000000000e+00
   6.3134765625000000e-01  -9.1044129225806569e-01  -9.1044129225806569e-01   0.0000000000000000e+00
   6.3232421875000000e-01  -9.3188426558166759e-01  -9.3188426558166759e-01   0.0000000000000000e+00
   6.3330078125000000e-01  -9.5048607394948204e-01  -9.5048607394948204e-01   0.0000000000000000e+00
   6.3427734375000000e-01  -9.6619000344541150e-01  -9.6619000344541150e-01   0.0000000000000000e+00
   6.3525390625000000e-01  -9.7894817531906186e-01  -9.7894817531906186e-01   0.0000000000000000e+00
   6.3623046875000000e-01  -9.8872169196032389e-01  -9.8872169196032389e-01   0.0000000000000000e+00
   6.3720703125000000e-01  -9.9548075549192649e-01  -9.9548075549192649e-01   0.0000000000000000e+00
   6.3818359375000000e-01  -9.9920475861836378e-01  -9.9920475861836378e-01   0.0000000000000000e+00
   6.3916015625000000e-01  -9.9988234745421256e-01  -9.9988234745421256e-01   0.0000000000000000e+00
   6.4013671875000000e-01  -9.9751145614030379e-01  -9.9751145614030379e-01   0.0000000000000000e+00
   6.4111328125000000e-01  -9.9209931314219202e-01  -9.9209931314219202e-01   0.0000000000000000e+00
   6.4208984375000000e-01  -9.8366241921173025e-01  -9.8366241921173025e-01   0.0000000000000000e+00
   6.4306640625000000e-01  -9.7222649707893583e-01  -9.7222649707893583e-01   0.0000000000000000e+00
   6.4404296875000000e-01  -9.5782641302753369e-01  -9.5782641302753369e-01   0.0000000000000000e+00
   6.4501953125000000e-01  -9.4050607059326852e-01  -9.4050607059326852e-01   0.0000000000000000e+00
   6.4599609375000000e-01  -9.2031827670910993e-01  -9.2031827670910993e-01   0.0000000000000000e+00
   6.4697265625000000e-01  -8.9732458070541965e-01  -8.9732458070541965e-01   0.0000000000000000e+00
   6.4794921875000000e-01  -8.7159508665595142e-01  -8.7159508665595142e-01   0.0000000000000000e+00
   6.4892578125000000e-01  -8.4320823964184466e-01  -8.4320823964184466e-01   0.0000000000000000e+00
   6.4990234375000000e-01  -8.1225058658520588e-01  -8.1225058658520588e-01   0.0000000000000000e+00
   6.5087890625000000e-01  -7.7881651238147664e-01  -7.7881651238147664e-01   0.0000000000000000e+00
   6.5185546875000000e-01  -7.4300795213512094e-01  -7.4300795213512094e-01   0.0000000000000000e+00
   6.5283203125000000e-01  -7.0493408037590755e-01  -7.0493408037590755e-01   0.0000000000000000e+00
   6.5380859375000000e-01  -6.6471097820334601e-01  -6.6471097820334601e-01   0.0000000000000000e+00
   6.5478515625000000e-01  -6.2246127937414941e-01  -6.2246127937414941e-01   0.0000000000000000e+00
   6.5576171875000000e-01  -5.7831379641165892e-01  -5.7831379641165892e-01   0.0000000000000000e+00
   6.5673828125000000e-01  -5.3240312787719957e-01  -5.3240312787719957e-01   0.0000000000000000e+00
   6.5771484375000000e-01  -4.8486924800079079e-01  -4.8486924800079079e-01   0.0000000000000000e+00
   6.5869140625000000e-01  -4.3585707992225953e-01  -4.3585707992225953e-01   0.0000000000000000e+00
   6.5966796875000000e-01  -3.8551605384392090e-01  -3.8551605384392090e-01   0.0000000000000000e+00
   6.6064453125000000e-01  -3.3399965144200938e-01  -3.3399965144200938e-01   0.0000000000000000e+00
   6.6162109375000000e-01  -2.8146493792576260e-01  -2.8146493792576260e-01   0.0000000000000000e+00
   6.6259765625000000e-01  -2.2807208317088823e-01  -2.2807208317088823e-01   0.0000000000000000e+00
   6.6357421875000000e-01  -1.7398387338746413e-01  -1.7398387338746413e-01   0.0000000000000000e+00
   6.6455078125000000e-01  -1.1936521481098944e-01  -1.1936521481098944e-01   0.0000000000000000e+00
   6.6552734375000000e-01  -6.4382630929860366e-02  -6.4382630929860366e-02   0.0000000000000000e+00
   6.6650390625000000e-01  -9.2037547820604804e-03  -9.2037547820604804e-03   0.0000000000000000e+00
   6.6748046875000000e-01   4.6003182130916219e-02   4.6003182130916219e-02   0.0000000000000000e+00
   6.6845703125000000e-01   1.0106986275482459e-01   1.0106986275482459e-01   0.0000000000000000e+00
   6.6943359375000000e-01   1.5582839765426423e-01   1.5582839765426423e-01   0.0000000000000000e+00
   6.7041015625000000e-01   2.1011183688047083e-01   2.1011183688047083e-01   0.0000000000000000e+00
   6.7138671875000000e-01   2.6375467897482791e-01   2.6375467897482791e-01   0.0000000000000000e+00
   6.7236328125000000e-01   3.1659337555616457e-01   3.1659337555616457e-01   0.0000000000000000e+00
   6.7333984375000000e-01   3.6846682995337315e-01   3.6846682995337315e-01   0.0000000000000000e+00
   6.7431640625000000e-01   4.1921688836322035e-01   4.1921688836322035e-01   0.0000000000000000e+00
   6.7529296875000000e-01   4.6868882203582646e-01   4.6868882203582646e-01   0.0000000000000000e+00
   6.7626953125000000e-01   5.1673179901765032e-01   5.1673179901765032e-01   0.0000000000000000e+00
   6.7724609375000000e-01   5.6319934401383054e-01   5.6319934401383054e-01   0.0000000000000000e+00
   6.7822265625000000e-01   6.0794978496777208e-01   6.0794978496777208e-01   0.0000000000000000e+00
   6.7919921875000000e-01   6.5084668499638110e-01   6.5084668499638110e-01   0.0000000000000000e+00
   6.8017578125000000e-01   6.9175925836415442e-01   6.9175925836415442e-01   0.0000000000000000e+00
   6.8115234375000000e-01   7.3056276922782593e-01   7.3056276922782593e-01   0.0000000000000000e+00
   6.8212890625000000e-01   7.6713891193582029e-01   7.6713891193582029e-01   0.0000000000000000e+00
   6.8310546875000000e-01   8.0137617172313724e-01   8.0137617172313724e-01   0.0000000000000000e+00
   6.8408203125000000e-01   8.3317016470191163e-01   8.3317016470191163e-01   0.0000000000000000e+00
   6.8505859375000000e-01   8.6242395611104028e-01   8.6242395611104028e-01   0.0000000000000000e+00
   6.8603515625000000e-01   8.8904835585466535e-01   8.8904835585466535e-01   0.0000000000000000e+00
   6.8701171875000000e-01   9.1296219042839688e-01   9.1296219042839688e-01   0.0000000000000000e+00
   7.3486328125000000e-01  -6.5549285299961590e-01  -6.5549285299961590e-01   0.0000000000000000e+00
   7.3583984375000000e-01  -6.9617713149145999e-01  -6.9617713149145999e-01   0.0000000000000000e+00
   7.3681640625000000e-01  -7.3473887809596217e-01  -7.3473887809596217e-01   0.0000000000000000e+00
   7.3779296875000000e-01  -7.7106052426181404e-01  -7.7106052426181404e-01   0.0000000000000000e+00
   7.3876953125000000e-01  -8.0503133114296099e-01  -8.0503133114296099e-01   0.0000000000000000e+00
   7.3974609375000000e-01  -8.3654772722351078e-01  -8.3654772722351078e-01   0.0000000000000000e+00
   7.4072265625000000e-01  -8.6551362409056909e-01  -8.6551362409056909e-01   0.0000000000000000e+00
   7.4169921875000000e-01  -8.9184070939234050e-01  -8.9184070939234050e-01   0.0000000000000000e+00
   7.4267578125000000e-01  -9.1544871608826683e-01  -9.1544871608826683e-01   0.0000000000000000e+00
   7.4365234375000000e-01  -9.3626566717027815e-01  -9.3626566717027815e-01   0.0000000000000000e+00
   7.4462890625000000e-01  -9.5422809510910411e-01  -9.5422809510910411e-01   0.0000000000000000e+00
   7.4560546875000000e-01  -9.6928123535654775e-01  -9.6928123535654775e-01   0.0000000000000000e+00
   7.4658203125000000e-01  -9.8137919331375445e-01  -9.8137919331375445e-01   0.0000000000000000e+00
   7.4755859375000000e-01  -9.9048508425645720e-01  -9.9048508425645720e-01   0.0000000000000000e+00
   7.4853515625000000e-01  -9.9657114579055461e-01  -9.9657114579055461e-01   0.0000000000000000e+00
   7.4951171875000000e-01  -9.9961882249517853e-01  -9.9961882249517853e-01   0.0000000000000000e+00
   7.1923828125000000e-01   1.6793829497473098e-01   1.6793829497473098e-01   0.0000000000000000e+00
   7.2021484375000000e-01   1.1327095217756897e-01   1.1327095217756897e-01   0.0000000000000000e+00
   7.2119140625000000e-01   5.8258264500438146e-02   5.8258264500438146e-02   0.0000000000000000e+00
   7.2216796875000000e-01   3.0679567629661145e-03   3.0679567629661145e-03   0.0000000000000000e+00
   7.2314453125000000e-01  -5.2131704680278335e-02  -5.2131704680278335e-02   0.0000000000000000e+00
   7.2412109375000000e-01  -1.0717242495680612e-01  -1.0717242495680612e-01   0.0000000000000000e+00
   7.2509765625000000e-01  -1.6188639378011135e-01  -1.6188639378011135e-01   0.0000000000000000e+00
   7.2607421875000000e-01  -2.1610679707622124e-01  -2.1610679707622124e-01   0.0000000000000000e+00
   7.2705078125000000e-01  -2.6966832557291215e-01  -2.6966832557291215e-01   0.0000000000000000e+00
   7.2802734375000000e-01  -3.2240767880106908e-01  -3.2240767880106908e-01   0.0000000000000000e+00
   7.2900390625000000e-01  -3.7416406297145932e-01  -3.7416406297145932e-01   0.0000000000000000e+00
   7.2998046875000000e-01  -4.2477968120910575e-01  -4.2477968120910575e-01   0.0000000000000000e+00
   7.3095703125000000e-01  -4.7410021465054897e-01  -4.7410021465054897e-01   0.0000000000000000e+00
   7.3193359375000000e-01  -5.2197529293715528e-01  -5.2197529293715528e-01   0.0000000000000000e+00
   7.3291015625000000e-01  -5.6825895267012849e-01  -5.6825895267012849e-01   0.0000000000000000e+00
   7.3388671875000000e-01  -6.1281008242940849e-01  -6.1281008242940849e-01   0.0000000000000000e+00
   7.0361328125000000e-01   8.6857070597134101e-01   8.6857070597134101e-01   0.0000000000000000e+00
   7.0458984375000000e-01   8.3989379419599841e-01   8.3989379419599841e-01   0.0000000000000000e+00
   7.0556640625000000e-01   8.0865618158817676e-01   8.0865618158817676e-01   0.0000000000000000e+00
   7.0654296875000000e-01   7.7495310659487426e-01   7.7495310659487426e-01   0.0000000000000000e+00
   7.0751953125000000e-01   7.3888732446061411e-01   7.3888732446061411e-01   0.0000000000000000e+00
   7.0849609375000000e-01   7.0056879394325067e-01   7.0056879394325067e-01   0.0000000000000000e+00
   7.0947265625000000e-01   6.6011434206742126e-01   6.6011434206742126e-01   0.0000000000000000e+00
   7.1044921875000000e-01   6.1764730793780298e-01   6.1764730793780298e-01   0.0000000000000000e+00
   7.1142578125000000e-01   5.7329716669804520e-01   5.7329716669804520e-01   0.0000000000000000e+00
   7.1240234375000000e-01   5.2719913478190250e-01   5.2719913478190250e-01   0.0000000000000000e+00
   7.1337890625000000e-01   4.7949375766015223e-01   4.7949375766015223e-01   0.0000000000000000e+00
   7.1435546875000000e-01   4.3032648134008622e-01   4.3032648134008622e-01   0.0000000000000000e+00
   7.1533203125000000e-01   3.7984720892405271e-01   3.7984720892405271e-01   0.0000000000000000e+00
   7.1630859375000000e-01   3.2820984357909200e-01   3.2820984357909200e-01   0.0000000000000000e+00
   7.1728515625000000e-01   2.7557181931096231e-01   2.7557181931096231e-01   0.0000000000000000e+00
   7.1826171875000000e-01   2.2209362097320554e-01   2.2209362097320554e-01   0.0000000000000000e+00
   6.8798828125000000e-01   9.3409255040425865e-01   9.3409255040425865e-01   0.0000000000000000e+00
   6.8896484375000000e-01   9.5237501271976632e-01   9.5237501271976632e-01   0.0000000000000000e+00
   6.8994140625000000e-01   9.6775383709347462e-01   9.6775383709347462e-01   0.0000000000000000e+00
   6.9091796875000000e-01   9.8018213596811721e-01   9.8018213596811721e-01   0.0000000000000000e+00
   6.9189453125000000e-01   9.8962201746320100e-01   9.8962201746320100e-01   0.0000000000000000e+00
   6.9287109375000000e-01   9.9604470090125163e-01   9.9604470090125163e-01   0.0000000000000000e+00
   6.9384765625000000e-01   9.9943060455546173e-01   9.9943060455546173e-01   0.0000000000000000e+00
   6.9482421875000000e-01   9.9976940535121528e-01   9.9976940535121528e-01   0.0000000000000000e+00
   6.9580078125000000e-01   9.9706007033948330e-01   9.9706007033948330e-01   0.0000000000000000e+00
   6.9677734375000000e-01   9.9131085984611567e-01   9.9131085984611567e-01   0.0000000000000000e+00
   6.9775390625000000e-01   9.8253930228744113e-01   9.8253930228744113e-01   0.0000000000000000e+00
   6.9873046875000000e-01   9.7077214072895135e-01   9.7077214072895135e-01   0.0000000000000000e+00
   6.9970703125000000e-01   9.5604525134999707e-01   9.5604525134999707e-01   0.0000000000000000e+00
   7.0068359375000000e-01   9.3840353406310806e-01   9.3840353406310806e-01   0.0000000000000000e+00
   7.0166015625000000e-01   9.1790077562139238e-01   9.1790077562139238e-01   0.0000000000000000e+00
   7.0263671875000000e-01   8.9459948563138381e-01   8.9459948563138381e-01   0.0000000000000000e+00
   9.6923828125000000e-01  -9.8579750916756648e-01  -9.8579750916756648e-01   0.0000000000000000e+00
   9.7021484375000000e-01  -9.9356413552059497e-01  -9.9356413552059497e-01   0.0000000000000000e+00
   9.7119140625000000e-01  -9.9830154493389278e-01  -9.9830154493389278e-01   0.0000000000000000e+00
   9.7216796875000000e-01  -9.9999529380957619e-01  -9.9999529380957619e-01   0.0000000000000000e+00
   9.7314453125000000e-01  -9.9864021818026538e-01  -9.9864021818026538e-01   0.0000000000000000e+00
   9.7412109375000000e-01  -9.9424044945318812e-01  -9.9424044945318812e-01   0.0000000000000000e+00
   9.7509765625000000e-01  -9.8680940181418531e-01  -9.8680940181418531e-01   0.0000000000000000e+00
   9.7607421875000000e-01  -9.7636973133002203e-01  -9.7636973133002203e-01   0.0000000000000000e+00
   9.7705078125000000e-01  -9.6295326687368443e-01  -9.6295326687368443e-01   0.0000000000000000e+00
   9.7802734375000000e-01  -9.4660091308328342e-01  -9.4660091308328342e-01   0.0000000000000000e+00
   9.7900390625000000e-01  -9.2736252565040278e-01  -9.2736252565040278e-01   0.0000000000000000e+00
   9.7998046875000000e-01  -9.0529675931811970e-01  -9.0529675931811970e-01   0.0000000000000000e+00
   9.8095703125000000e-01  -8.8047088905216075e-01  -8.8047088905216075e-01   0.0000000000000000e+00
   9.8193359375000000e-01  -8.5296060493036618e-01  -8.5296060493036618e-01   0.0000000000000000e+00
   9.8291015625000000e-01  -8.2284978137582776e-01  -8.2284978137582776e-01   0.0000000000000000e+00
   9.8388671875000000e-01  -7.9023022143731025e-01  -7.9023022143731025e-01   0.0000000000000000e+00
   9.8486328125000000e-01  -7.5520137689653988e-01  -7.5520137689653988e-01   0.0000000000000000e+00
   9.8583984375000000e-01  -7.1787004505573371e-01  -7.1787004505573371e-01   0.0000000000000000e+00
   9.8681640625000000e-01  -6.7835004312986191e-01  -6.7835004312986191e-01   0.0000000000000000e+00
   9.8779296875000000e-01  -6.3676186123628842e-01  -6.3676186123628842e-01   0.0000000000000000e+00
   9.8876953125000000e-01  -5.9323229503980246e-01  -5.9323229503980246e-01   0.0000000000000000e+00
   9.8974609375000000e-01  -5.4789405917310097e-01  -5.4789405917310097e-01   0.0000000000000000e+00
   9.9072265625000000e-01  -5.0088538261123972e-01  -5.0088538261123972e-01   0.0000000000000000e+00
   9.9169921875000000e-01  -4.5234958723377405e-01  -4.5234958723377405e-01   0.0000000000000000e+00
   9.9267578125000000e-01  -4.0243465085941965e-01  -4.0243465085941965e-01   0.0000000000000000e+00
   9.9365234375000000e-01  -3.5129275608556626e-01  -3.5129275608556626e-01   0.0000000000000000e+00
   9.9462890625000000e-01  -2.9907982630804425e-01  -2.9907982630804425e-01   0.0000000000000000e+00
   9.9560546875000000e-01  -2.4595505033579623e-01  -2.4595505033579623e-01   0.0000000000000000e+00
   9.9658203125000000e-01  -1.9208039704989188e-01  -1.9208039704989188e-01   0.0000000000000000e+00
   9.9755859375000000e-01  -1.3762012158649028e-01  -1.3762012158649028e-01   0.0000000000000000e+00
   9.9853515625000000e-01  -8.2740264549377718e-02  -8.2740264549377718e-02   0.0000000000000000e+00
   9.9951171875000000e-01  -2.7608145778965521e-02  -2.7608145778965521e-02   0.0000000000000000e+00
   9.3798828125000000e-01   3.5703096123342964e-01   3.5703096123342964e-01   0.0000000000000000e+00
   9.3896484375000000e-01   3.0492922973540665e-01   3.0492922973540665e-01   0.0000000000000000e+00
   9.3994140625000000e-01   2.5189781815421908e-01   2.5189781815421908e-01   0.0000000000000000e+00
   9.4091796875000000e-01   1.9809841071795353e-01   1.9809841071795353e-01   0.0000000000000000e+00
   9.4189453125000000e-01   1.4369503315029922e-01   1.4369503315029922e-01   0.0000000000000000e+00
   9.4287109375000000e-01   8.8853552582527140e-02   8.8853552582527140e-02   0.0000000000000000e+00
   9.4384765625000000e-01   3.3741171851377885e-02   3.3741171851377885e-02   0.0000000000000000e+00
   9.4482421875000000e-01  -2.1474080275464356e-02  -2.1474080275464356e-02   0.0000000000000000e+00
   9.4580078125000000e-01  -7.6623861392028605e-02  -7.6623861392028605e-02   0.0000000000000000e+00
   9.4677734375000000e-01  -1.3154002870288248e-01  -1.3154002870288248e-01   0.0000000000000000e+00
   9.4775390625000000e-01  -1.8605515166344125e-01  -1.8605515166344125e-01   0.0000000000000000e+00
   9.4873046875000000e-01  -2.4000302244873833e-01  -2.4000302244873833e-01   0.0000000000000000e+00
   9.4970703125000000e-01  -2.9321916269425768e-01  -2.9321916269425768e-01   0.0000000000000000e+00
   9.5068359375000000e-01  -3.4554132496399026e-01  -3.4554132496399026e-01   0.0000000000000000e+00
   9.5166015625000000e-01  -3.9680998741670703e-01  -3.9680998741670703e-01   0.0000000000000000e+00
   9.5263671875000000e-01  -4.4686884016237299e-01  -4.4686884016237299e-01   0.0000000000000000e+00
   9.5361328125000000e-01  -4.9556526182577332e-01  -4.9556526182577332e-01   0.0000000000000000e+00
   9.5458984375000000e-01  -5.4275078486451256e-01  -5.4275078486451256e-01   0.0000000000000000e+00
   9.5556640625000000e-01  -5.8828154822264389e-01  -5.8828154822264389e-01   0.0000000000000000e+00
   9.5654296875000000e-01  -6.3201873593980951e-01  -6.3201873593980951e-01   0.0000000000000000e+00
   9.5751953125000000e-01  -6.7382900037875293e-01  -6.7382900037875293e-01   0.0000000000000000e+00
   9.5849609375000000e-01  -7.1358486878079219e-01  -7.1358486878079219e-01   0.0000000000000000e+00
   9.5947265625000000e-01  -7.5116513190968659e-01  -7.5116513190968659e-01   0.0000000000000000e+00
   9.6044921875000000e-01  -7.8645521359908288e-01  -7.8645521359908288e-01   0.0000000000000000e+00
   9.6142578125000000e-01  -8.1934752007679557e-01  -8.1934752007679557e-01   0.0000000000000000e+00
   9.6240234375000000e-01  -8.4974176800085244e-01  -8.4974176800085244e-01   0.0000000000000000e+00
   9.6337890625000000e-01  -8.7754529020725891e-01  -8.7754529020725891e-01   0.0000000000000000e+00
   9.6435546875000000e-01  -9.0267331823725760e-01  -9.0267331823725760e-01   0.0000000000000000e+00
   9.6533203125000000e-01  -9.2504924078267736e-01  -9.2504924078267736e-01   0.0000000000000000e+00
   9.6630859375000000e-01  -9.4460483726147848e-01  -9.4460483726147848e-01   0.0000000000000000e+00
   9.6728515625000000e-01  -9.6128048581131975e-01  -9.6128048581131975e-01   0.0000000000000000e+00
   9.6826171875000000e-01  -9.7502534506699401e-01  -9.7502534506699401e-01   0.0000000000000000e+00
   9.0673828125000000e-01   8.4649093877405168e-01   8.4649093877405168e-01   0.0000000000000000e+00
   9.0771484375000000e-01   8.7458665227817345e-01   8.7458665227817345e-01   0.0000000000000000e+00
   9.0869140625000000e-01   9.0001589201615884e-01   9.0001589201615884e-01   0.0000000000000000e+00
   9.0966796875000000e-01   9.2270112833387818e-01   9.2270112833387818e-01   0.0000000000000000e+00
   9.1064453125000000e-01   9.4257319760144731e-01   9.4257319760144731e-01   0.0000000000000000e+00
   9.1162109375000000e-01   9.5957151308198352e-01   9.5957151308198352e-01   0.0000000000000000e+00
   9.1259765625000000e-01   9.7364424965081164e-01   9.7364424965081164e-01   0.0000000000000000e+00
   9.1357421875000000e-01   9.8474850180190443e-01   9.8474850180190443e-01   0.0000000000000000e+00
   9.1455078125000000e-01   9.9285041445986466e-01   9.9285041445986466e-01   0.0000000000000000e+00
   9.1552734375000000e-01   9.9792528619859588e-01   9.9792528619859588e-01   0.0000000000000000e+00
   9.1650390625000000e-01   9.9995764455196390e-01   9.9995764455196390e-01   0.0000000000000000e+00
   9.1748046875000000e-01   9.9894129318685709e-01   9.9894129318685709e-01   0.0000000000000000e+00
   9.1845703125000000e-01   9.9487933079480584e-01   9.9487933079480584e-01   0.0000000000000000e+00
   9.1943359375000000e-01   9.8778414164457207e-01   9.8778414164457207e-01   0.0000000000000000e+00
   9.2041015625000000e-01   9.7767735782451093e-01   9.7767735782451093e-01   0.0000000000000000e+00
   9.2138671875000000e-01   9.6458979328981331e-01   9.6458979328981331e-01   0.0000000000000000e+00
   9.2236328125000000e-01   9.4856134991573038e-01   9.4856134991573038e-01   0.0000000000000000e+00
   9.2333984375000000e-01   9.2964089584318310e-01   9.2964089584318310e-01   0.0000000000000000e+00
   9.2431640625000000e-01   9.0788611648766737e-01   9.0788611648766737e-01   0.0000000000000000e+00
   9.2529296875000000e-01   8.8336333866573180e-01   8.8336333866573180e-01   0.0000000000000000e+00
   9.2626953125000000e-01   8.5614732837519725e-01   8.5614732837519725e-01   0.0000000000000000e+00
   9.2724609375000000e-01   8.2632106284566520e-01   8.2632106284566520e-01   0.0000000000000000e+00
   9.2822265625000000e-01   7.9397547755433762e-01   7.9397547755433762e-01   0.0000000000000000e+00
   9.2919921875000000e-01   7.5920918897838707e-01   7.5920918897838707e-01   0.0000000000000000e+00
   9.3017578125000000e-01   7.2212819392921768e-01   7.2212819392921768e-01   0.0000000000000000e+00
   9.3115234375000000e-01   6.8284554638524897e-01   6.8284554638524897e-01   0.0000000000000000e+00
   9.3212890625000000e-01   6.4148101280858227e-01   6.4148101280858227e-01   0.0000000000000000e+00
   9.3310546875000000e-01   5.9816070699634538e-01   5.9816070699634538e-01   0.0000000000000000e+00
   9.3408203125000000e-01   5.5301670558002880e-01   5.5301670558002880e-01   0.0000000000000000e+00
   9.3505859375000000e-01   5.0618664534515467e-01   5.0618664534515467e-01   0.0000000000000000e+00
   9.3603515625000000e-01   4.5781330359888089e-01   4.5781330359888089e-01   0.0000000000000000e+00
   9.3701171875000000e-01   4.0804416286498035e-01   4.0804416286498035e-01   0.0000000000000000e+00
   8.7548828125000000e-01  -6.8731534089176038e-01  -6.8731534089176038e-01   0.0000000000000000e+00
   8.7646484375000000e-01  -6.4617601298331595e-01  -6.4617601298331595e-01   0.0000000000000000e+00
   8.7744140625000000e-01  -6.0306659854035161e-01  -6.0306659854035161e-01   0.0000000000000000e+00
   8.7841796875000000e-01  -5.5811853122055777e-01  -5.5811853122055777e-01   0.0000000000000000e+00
   8.7939453125000000e-01  -5.1146885043797019e-01  -5.1146885043797019e-01   0.0000000000000000e+00
   8.8037109375000000e-01  -4.6325978355186431e-01  -4.6325978355186431e-01   0.0000000000000000e+00
   8.8134765625000000e-01  -4.1363831223843672e-01  -4.1363831223843672e-01   0.0000000000000000e+00
   8.8232421875000000e-01  -3.6275572436739734e-01  -3.6275572436739734e-01   0.0000000000000000e+00
   8.8330078125000000e-01  -3.1076715274961625e-01  -3.1076715274961625e-01   0.0000000000000000e+00
   8.8427734375000000e-01  -2.5783110216216165e-01  -2.5783110216216165e-01   0.0000000000000000e+00
   8.8525390625000000e-01  -2.0410896609281734e-01  -2.0410896609281734e-01   0.0000000000000000e+00
   8.8623046875000000e-01  -1.4976453467732678e-01  -1.4976453467732678e-01   0.0000000000000000e+00
   8.8720703125000000e-01  -9.4963495329642059e-02  -9.4963495329642059e-02   0.0000000000000000e+00
   8.8818359375000000e-01  -3.9872927587740636e-02  -3.9872927587740636e-02   0.0000000000000000e+00
   8.8916015625000000e-01   1.5339206284989531e-02   1.5339206284989531e-02   0.0000000000000000e+00
   8.9013671875000000e-01   7.0504573389610442e-02   7.0504573389610442e-02   0.0000000000000000e+00
   8.9111328125000000e-01   1.2545498341154507e-01   1.2545498341154507e-01   0.0000000000000000e+00
   8.9208984375000000e-01   1.8002290140570060e-01   1.8002290140570060e-01   0.0000000000000000e+00
   8.9306640625000000e-01   2.3404195858353977e-01   2.3404195858353977e-01   0.0000000000000000e+00
   8.9404296875000000e-01   2.8734745954472807e-01   2.8734745954472807e-01   0.0000000000000000e+00
   8.9501953125000000e-01   3.3977688440682757e-01   3.3977688440682757e-01   0.0000000000000000e+00
   8.9599609375000000e-01   3.9117038430225010e-01   3.9117038430225010e-01   0.0000000000000000e+00
   8.9697265625000000e-01   4.4137126873171501e-01   4.4137126873171501e-01   0.0000000000000000e+00
   8.9794921875000000e-01   4.9022648328829149e-01   4.9022648328829149e-01   0.0000000000000000e+00
   8.9892578125000000e-01   5.3758707629564173e-01   5.3758707629564173e-01   0.0000000000000000e+00
   8.9990234375000000e-01   5.8330865293769651e-01   5.8330865293769651e-01   0.0000000000000000e+00
   9.0087890625000000e-01   6.2725181549514419e-01   6.2725181549514419e-01   0.0000000000000000e+00
   9.0185546875000000e-01   6.6928258834663246e-01   6.6928258834663246e-01   0.0000000000000000e+00
   9.0283203125000000e-01   7.0927282643886380e-01   7.0927282643886380e-01   0.0000000000000000e+00
   9.0380859375000000e-01   7.4710060598017991e-01   7.4710060598017991e-01   0.0000000000000000e+00
   9.0478515625000000e-01   7.8265059616657251e-01   7.8265059616657251e-01   0.0000000000000000e+00
   9.0576171875000000e-01   8.1581441080673212e-01   8.1581441080673212e-01   0.0000000000000000e+00
   8.4423828125000000e-01  -5.7831379641165337e-01  -5.7831379641165337e-01   0.0000000000000000e+00
   8.4521484375000000e-01  -6.2246127937414963e-01  -6.2246127937414963e-01   0.0000000000000000e+00
   8.4619140625000000e-01  -6.6471097820334091e-01  -6.6471097820334091e-01   0.0000000000000000e+00
   8.4716796875000000e-01  -7.0493408037590277e-01  -7.0493408037590277e-01   0.0000000000000000e+00
   8.4814453125000000e-01  -7.4300795213512116e-01  -7.4300795213512116e-01   0.0000000000000000e+00
   8.4912109375000000e-01  -7.7881651238147687e-01  -7.7881651238147687e-01   0.0000000000000000e+00
   8.5009765625000000e-01  -8.1225058658520188e-01  -8.1225058658520188e-01   0.0000000000000000e+00
   8.5107421875000000e-01  -8.4320823964184477e-01  -8.4320823964184477e-01   0.0000000000000000e+00
   8.5205078125000000e-01  -8.7159508665595153e-01  -8.7159508665595153e-01   0.0000000000000000e+00
   8.5302734375000000e-01  -8.9732458070541665e-01  -8.9732458070541665e-01   0.0000000000000000e+00
   8.5400390625000000e-01  -9.2031827670910993e-01  -9.2031827670910993e-01   0.0000000000000000e+00
   8.5498046875000000e-01  -9.4050607059326863e-01  -9.4050607059326863e-01   0.0000000000000000e+00
   8.5595703125000000e-01  -9.5782641302753169e-01  -9.5782641302753169e-01   0.0000000000000000e+00
   8.5693359375000000e-01  -9.7222649707893583e-01  -9.7222649707893583e-01   0.0000000000000000e+00
   8.5791015625000000e-01  -9.8366241921173037e-01  -9.8366241921173037e-01   0.0000000000000000e+00
   8.5888671875000000e-01  -9.9209931314219124e-01  -9.9209931314219124e-01   0.0000000000000000e+00
   8.5986328125000000e-01  -9.9751145614030334e-01  -9.9751145614030334e-01   0.0000000000000000e+00
   8.6083984375000000e-01  -9.9988234745421256e-01  -9.9988234745421256e-01   0.0000000000000000e+00
   8.6181640625000000e-01  -9.9920475861836411e-01  -9.9920475861836411e-01   0.0000000000000000e+00
   8.6279296875000000e-01  -9.9548075549192716e-01  -9.9548075549192716e-01   0.0000000000000000e+00
   8.6376953125000000e-01  -9.8872169196032378e-01  -9.8872169196032378e-01   0.0000000000000000e+00
   8.6474609375000000e-01  -9.7894817531906320e-01  -9.7894817531906320e-01   0.0000000000000000e+00
   8.6572265625000000e-01  -9.6619000344541328e-01  -9.6619000344541328e-01   0.0000000000000000e+00
   8.6669921875000000e-01  -9.5048607394948192e-01  -9.5048607394948192e-01   0.0000000000000000e+00
   8.6767578125000000e-01  -9.3188426558166748e-01  -9.3188426558166748e-01   0.0000000000000000e+00
   8.6865234375000000e-01  -9.1044129225806858e-01  -9.1044129225806858e-01   0.0000000000000000e+00
   8.6962890625000000e-01  -8.8622253014888108e-01  -8.8622253014888108e-01   0.0000000000000000e+00
   8.7060546875000000e-01  -8.5930181835700781e-01  -8.5930181835700781e-01   0.0000000000000000e+00
   8.7158203125000000e-01  -8.2976123379452504e-01  -8.2976123379452504e-01   0.0000000000000000e+00
   8.7255859375000000e-01  -7.9769084094339193e-01  -7.9769084094339193e-01   0.0000000000000000e+00
   8.7353515625000000e-01  -7.6318841726338071e-01  -7.6318841726338071e-01   0.0000000000000000e+00
   8.7451171875000000e-01  -7.2635915508434867e-01  -7.2635915508434867e-01   0.0000000000000000e+00
   8.1298828125000000e-01   9.1296219042839966e-01   9.1296219042839966e-01   0.0000000000000000e+00
   8.1396484375000000e-01   8.8904835585466524e-01   8.8904835585466524e-01   0.0000000000000000e+00
   8.1494140625000000e-01   8.6242395611104017e-01   8.6242395611104017e-01   0.0000000000000000e+00
   8.1591796875000000e-01   8.3317016470191552e-01   8.3317016470191552e-01   0.0000000000000000e+00
   8.1689453125000000e-01   8.0137617172314135e-01   8.0137617172314135e-01   0.0000000000000000e+00
   8.1787109375000000e-01   7.6713891193582018e-01   7.6713891193582018e-01   0.0000000000000000e+00
   8.1884765625000000e-01   7.3056276922783059e-01   7.3056276922783059e-01   0.0000000000000000e+00
   8.1982421875000000e-01   6.9175925836415941e-01   6.9175925836415941e-01   0.0000000000000000e+00
   8.2080078125000000e-01   6.5084668499638088e-01   6.5084668499638088e-01   0.0000000000000000e+00
   8.2177734375000000e-01   6.0794978496777752e-01   6.0794978496777752e-01   0.0000000000000000e+00
   8.2275390625000000e-01   5.6319934401383620e-01   5.6319934401383620e-01   0.0000000000000000e+00
   8.2373046875000000e-01   5.1673179901765010e-01   5.1673179901765010e-01   0.0000000000000000e+00
   8.2470703125000000e-01   4.6868882203583251e-01   4.6868882203583251e-01   0.0000000000000000e+00
   8.2568359375000000e-01   4.1921688836322657e-01   4.1921688836322657e-01   0.0000000000000000e+00
   8.2666015625000000e-01   3.6846682995337293e-01   3.6846682995337293e-01   0.0000000000000000e+00
   8.2763671875000000e-01   3.1659337555616435e-01   3.1659337555616435e-01   0.0000000000000000e+00
   8.2861328125000000e-01   2.6375467897483451e-01   2.6375467897483451e-01   0.0000000000000000e+00
   8.2958984375000000e-01   2.1011183688047061e-01   2.1011183688047061e-01   0.0000000000000000e+00
   8.3056640625000000e-01   1.5582839765426401e-01   1.5582839765426401e-01   0.0000000000000000e+00
   8.3154296875000000e-01   1.0106986275483140e-01   1.0106986275483140e-01   0.0000000000000000e+00
   8.3251953125000000e-01   4.6003182130915976e-02   4.6003182130915976e-02   0.0000000000000000e+00
   8.3349609375000000e-01  -9.2037547820607267e-03  -9.2037547820607267e-03   0.0000000000000000e+00
   8.3447265625000000e-01  -6.4382630929853524e-02  -6.4382630929853524e-02   0.0000000000000000e+00
   8.3544921875000000e-01  -1.1936521481098969e-01  -1.1936521481098969e-01   0.0000000000000000e+00
   8.3642578125000000e-01  -1.7398387338746438e-01  -1.7398387338746438e-01   0.0000000000000000e+00
   8.3740234375000000e-01  -2.2807208317088157e-01  -2.2807208317088157e-01   0.0000000000000000e+00
   8.3837890625000000e-01  -2.8146493792575605e-01  -2.8146493792575605e-01   0.0000000000000000e+00
   8.3935546875000000e-01  -3.3399965144200960e-01  -3.3399965144200960e-01   0.0000000000000000e+00
   8.4033203125000000e-01  -3.8551605384391457e-01  -3.8551605384391457e-01   0.0000000000000000e+00
   8.4130859375000000e-01  -4.3585707992225337e-01  -4.3585707992225337e-01   0.0000000000000000e+00
   8.4228515625000000e-01  -4.8486924800079101e-01  -4.8486924800079101e-01   0.0000000000000000e+00
   8.4326171875000000e-01  -5.3240312787719379e-01  -5.3240312787719379e-01   0.0000000000000000e+00
   7.8173828125000000e-01   2.2209362097319885e-01   2.2209362097319885e-01   0.0000000000000000e+00
   7.8271484375000000e-01   2.7557181931095570e-01   2.7557181931095570e-01   0.0000000000000000e+00
   7.8369140625000000e-01   3.2820984357909222e-01   3.2820984357909222e-01   0.0000000000000000e+00
   7.8466796875000000e-01   3.7984720892404639e-01   3.7984720892404639e-01   0.0000000000000000e+00
   7.8564453125000000e-01   4.3032648134008000e-01   4.3032648134008000e-01   0.0000000000000000e+00
   7.8662109375000000e-01   4.7949375766015245e-01   4.7949375766015245e-01   0.0000000000000000e+00
   7.8759765625000000e-01   5.2719913478190272e-01   5.2719913478190272e-01   0.0000000000000000e+00
   7.8857421875000000e-01   5.7329716669803954e-01   5.7329716669803954e-01   0.0000000000000000e+00
   7.8955078125000000e-01   6.1764730793780309e-01   6.1764730793780309e-01   0.0000000000000000e+00
   7.9052734375000000e-01   6.6011434206742137e-01   6.6011434206742137e-01   0.0000000000000000e+00
   7.9150390625000000e-01   7.0056879394324578e-01   7.0056879394324578e-01   0.0000000000000000e+00
   7.9248046875000000e-01   7.3888732446061423e-01   7.3888732446061423e-01   0.0000000000000000e+00
   7.9345703125000000e-01   7.7495310659487449e-01   7.7495310659487449e-01   0.0000000000000000e+00
   7.9443359375000000e-01   8.0865618158817265e-01   8.0865618158817265e-01   0.0000000000000000e+00
   7.9541015625000000e-01   8.3989379419599863e-01   8.3989379419599863e-01   0.0000000000000000e+00
   7.9638671875000000e-01   8.6857070597134112e-01   8.6857070597134112e-01   0.0000000000000000e+00
   7.9736328125000000e-01   8.9459948563138081e-01   8.9459948563138081e-01   0.0000000000000000e+00
   7.9833984375000000e-01   9.1790077562138961e-01   9.1790077562138961e-01   0.0000000000000000e+00
   7.9931640625000000e-01   9.3840353406310817e-01   9.3840353406310817e-01   0.0000000000000000e+00
   8.0029296875000000e-01   9.5604525134999507e-01   9.5604525134999507e-01   0.0000000000000000e+00
   8.0126953125000000e-01   9.7077214072894968e-01   9.7077214072894968e-01   0.0000000000000000e+00
   8.0224609375000000e-01   9.8253930228744124e-01   9.8253930228744124e-01   0.0000000000000000e+00
   8.0322265625000000e-01   9.9131085984611478e-01   9.9131085984611478e-01   0.0000000000000000e+00
   8.0419921875000000e-01   9.9706007033948274e-01   9.9706007033948274e-01   0.0000000000000000e+00
   8.0517578125000000e-01   9.9976940535121528e-01   9.9976940535121528e-01   0.0000000000000000e+00
   8.0615234375000000e-01   9.9943060455546173e-01   9.9943060455546173e-01   0.0000000000000000e+00
   8.0712890625000000e-01   9.9604470090125230e-01   9.9604470090125230e-01   0.0000000000000000e+00
   8.0810546875000000e-01   9.8962201746320100e-01   9.8962201746320100e-01   0.0000000000000000e+00
   8.0908203125000000e-01   9.8018213596811710e-01   9.8018213596811710e-01   0.0000000000000000e+00
   8.1005859375000000e-01   9.6775383709347629e-01   9.6775383709347629e-01   0.0000000000000000e+00
   8.1103515625000000e-01   9.5237501271976621e-01   9.5237501271976621e-01   0.0000000000000000e+00
   8.1201171875000000e-01   9.3409255040425854e-01   9.3409255040425854e-01   0.0000000000000000e+00
   7.5048828125000000e-01  -9.9961882249517853e-01  -9.9961882249517853e-01   0.0000000000000000e+00
   7.5146484375000000e-01  -9.9657114579055517e-01  -9.9657114579055517e-01   0.0000000000000000e+00
   7.5244140625000000e-01  -9.9048508425645720e-01  -9.9048508425645720e-01   0.0000000000000000e+00
   7.5341796875000000e-01  -9.8137919331375445e-01  -9.8137919331375445e-01   0.0000000000000000e+00
   7.5439453125000000e-01  -9.6928123535654942e-01  -9.6928123535654942e-01   0.0000000000000000e+00
   7.5537109375000000e-01  -9.5422809510910611e-01  -9.5422809510910611e-01   0.0000000000000000e+00
   7.5634765625000000e-01  -9.3626566717027804e-01  -9.3626566717027804e-01   0.0000000000000000e+00
   7.5732421875000000e-01  -9.1544871608826950e-01  -9.1544871608826950e-01   0.0000000000000000e+00
   7.5830078125000000e-01  -8.9184070939234361e-01  -8.9184070939234361e-01   0.0000000000000000e+00
   7.5927734375000000e-01  -8.6551362409056898e-01  -8.6551362409056898e-01   0.0000000000000000e+00
   7.6025390625000000e-01  -8.3654772722351456e-01  -8.3654772722351456e-01   0.0000000000000000e+00
   7.6123046875000000e-01  -8.0503133114296499e-01  -8.0503133114296499e-01   0.0000000000000000e+00
   7.6220703125000000e-01  -7.7106052426181382e-01  -7.7106052426181382e-01   0.0000000000000000e+00
   7.6318359375000000e-01  -7.3473887809596683e-01  -7.3473887809596683e-01   0.0000000000000000e+00
   7.6416015625000000e-01  -6.9617713149146487e-01  -6.9617713149146487e-01   0.0000000000000000e+00
   7.6513671875000000e-01  -6.5549285299961579e-01  -6.5549285299961579e-01   0.0000000000000000e+00
   7.6611328125000000e-01  -6.1281008242940826e-01  -6.1281008242940826e-01   0.0000000000000000e+00
   7.6708984375000000e-01  -5.6825895267013404e-01  -5.6825895267013404e-01   0.0000000000000000e+00
   7.6806640625000000e-01  -5.2197529293715506e-01  -5.2197529293715506e-01   0.0000000000000000e+00
   7.6904296875000000e-01  -4.7410021465054875e-01  -4.7410021465054875e-01   0.0000000000000000e+00
   7.7001953125000000e-01  -4.2477968120911191e-01  -4.2477968120911191e-01   0.0000000000000000e+00
   7.7099609375000000e-01  -3.7416406297145910e-01  -3.7416406297145910e-01   0.0000000000000000e+00
   7.7197265625000000e-01  -3.2240767880106885e-01  -3.2240767880106885e-01   0.0000000000000000e+00
   7.7294921875000000e-01  -2.6966832557291875e-01  -2.6966832557291875e-01   0.0000000000000000e+00
   7.7392578125000000e-01  -2.1610679707622099e-01  -2.1610679707622099e-01   0.0000000000000000e+00
   7.7490234375000000e-01  -1.6188639378011110e-01  -1.6188639378011110e-01   0.0000000000000000e+00
   7.7587890625000000e-01  -1.0717242495681295e-01  -1.0717242495681295e-01   0.0000000000000000e+00
   7.7685546875000000e-01  -5.2131704680285190e-02  -5.2131704680285190e-02   0.0000000000000000e+00
   7.7783203125000000e-01   3.0679567629663608e-03   3.0679567629663608e-03   0.0000000000000000e+00
   7.7880859375000000e-01   5.8258264500431298e-02   5.8258264500431298e-02   0.0000000000000000e+00
   7.7978515625000000e-01   1.1327095217756215e-01   1.1327095217756215e-01   0.0000000000000000e+00
   7.8076171875000000e-01   1.6793829497473123e-01   1.6793829497473123e-01   0.0000000000000000e+00
