# dt         : calculate time-step
# Flu_Adv    : evolve fluid variables
# Gra_Adv    : calculate gravitational potential and acceleration
# Src_Adv    : Source terms
# Che_Adv    : Grackle cooling and chemistry library
# SF         : Star formation
# FB_Adv     : Feedback
# FixUp      : use fine-grid data to correct coarse-grid data
# Flag       : check refinement criteria
# Refine     : allocate/remove patches on a higher level
# Buf_Rho    : MPI for exchanging density for the Poisson solver
# Buf_Pot    : MPI for exchanging potential
# Buf_Flu1   : MPI for exchanging fluid data after advance
# Buf_Flu2   : MPI for exchanging fluid data after fix-up
# Buf_Ref    : MPI for exchanging fluid data and potential after grid refinement
# Buf_Flux   : MPI for exchanging fluxes across coarse-fine boundaries
# Buf_Res    : MPI for exchanging restricted fluid data in the father buffer patches (LOAD_BALANCE only)
# Buf_Che    : MPI for exchanging fluid data after calling Grackle
# Par_KD     : kick-drift for particles
# Par_K      : last kick for particles staying at the same level
# Par_K-1    : last kick for particles entering coarser grids
# Par_2Sib   : pass particles to sibling patches after drift
# -MPI_Sib   : MPI for exchanging particles staying at the same level after drift (included in Par_2Sib)
# -MPI_FaSib : MPI for exchanging particles entering coarser grids after drift (included in Par_2Sib)
# Par_2Son   : pass particles to son patches after the last kick
# -MPI       : MPI for exchanging particles after the last kick (included in Par_2Son)
# Par_Coll   : collect particles from finer grids for the Poisson solver
# -MPI_Real  : MPI for collecting particles from leaf patches in other ranks (included in Par_Coll)
# -MPI_Sib   : MPI for collecting particles to sibling buffer patches (included in Par_Coll)
# -MPI_FaSib : MPI for collecting particles to father-sibling buffer patches (included in Par_Coll)
#-----------------------------------------------------------------------------------------------------------------------------

Time : 0.0000000e+00 -> 1.0879732e-03,     Step :        0 ->        1

Main Loop
------------------------------------------------------------------------------------------------------------------------------
       Total    Integration       Output    Auxiliary    LoadBalance       CorrSync          libyt            Sum
      0.1185         0.0045       0.0282       0.0846         0.0012         0.0000         0.0000         0.1185


Integration Loop
------------------------------------------------------------------------------------------------------------------------------
     Lv   Total       dt Flu_Adv Gra_Adv Src_Adv Che_Adv      SF  FB_Adv   FixUp    Flag  Refine Buf_Rho Buf_Pot Buf_Flu1 Buf_Flu2 Buf_Ref Buf_Flux Buf_Res Buf_Che  Par_KD   Par_K Par_K-1 Par_2Sib -MPI_Sib -MPI_FaSib Par_2Son    -MPI Par_Coll -MPI_Real -MPI_Sib -MPI_FaSib     Sum
      0   0.005    0.001   0.002   0.000   0.000   0.000   0.000   0.000   0.000   0.000   0.000   0.000   0.000    0.002    0.000   0.000    0.000   0.000   0.000   0.000   0.000   0.000    0.000    0.000      0.000    0.000   0.000    0.000     0.000    0.000      0.000   0.005
      1   0.000    0.000   0.000   0.000   0.000   0.000   0.000   0.000   0.000   0.000   0.000   0.000   0.000    0.000    0.000   0.000    0.000   0.000   0.000   0.000   0.000   0.000    0.000    0.000      0.000    0.000   0.000    0.000     0.000    0.000      0.000   0.000
      2   0.000    0.000   0.000   0.000   0.000   0.000   0.000   0.000   0.000   0.000   0.000   0.000   0.000    0.000    0.000   0.000    0.000   0.000   0.000   0.000   0.000   0.000    0.000    0.000      0.000    0.000   0.000    0.000     0.000    0.000      0.000   0.000
      3   0.000    0.000   0.000   0.000   0.000   0.000   0.000   0.000   0.000   0.000   0.000   0.000   0.000    0.000    0.000   0.000    0.000   0.000   0.000   0.000   0.000   0.000    0.000    0.000      0.000    0.000   0.000    0.000     0.000    0.000      0.000   0.000
      4   0.000    0.000   0.000   0.000   0.000   0.000   0.000   0.000   0.000   0.000   0.000   0.000   0.000    0.000    0.000   0.000    0.000   0.000   0.000   0.000   0.000   0.000    0.000    0.000      0.000    0.000   0.000    0.000     0.000    0.000      0.000   0.000
      5   0.000    0.000   0.000   0.000   0.000   0.000   0.000   0.000   0.000   0.000   0.000   0.000   0.000    0.000    0.000   0.000    0.000   0.000   0.000   0.000   0.000   0.000    0.000    0.000      0.000    0.000   0.000    0.000     0.000    0.000      0.000   0.000
      6   0.000    0.000   0.000   0.000   0.000   0.000   0.000   0.000   0.000   0.000   0.000   0.000   0.000    0.000    0.000   0.000    0.000   0.000   0.000   0.000   0.000   0.000    0.000    0.000      0.000    0.000   0.000    0.000     0.000    0.000      0.000   0.000
      7   0.000    0.000   0.000   0.000   0.000   0.000   0.000   0.000   0.000   0.000   0.000   0.000   0.000    0.000    0.000   0.000    0.000   0.000   0.000   0.000   0.000   0.000    0.000    0.000      0.000    0.000   0.000    0.000     0.000    0.000      0.000   0.000
      8   0.000    0.000   0.000   0.000   0.000   0.000   0.000   0.000   0.000   0.000   0.000   0.000   0.000    0.000    0.000   0.000    0.000   0.000   0.000   0.000   0.000   0.000    0.000    0.000      0.000    0.000   0.000    0.000     0.000    0.000      0.000   0.000
      9   0.000    0.000   0.000   0.000   0.000   0.000   0.000   0.000   0.000   0.000   0.000   0.000   0.000    0.000    0.000   0.000    0.000   0.000   0.000   0.000   0.000   0.000    0.000    0.000      0.000    0.000   0.000    0.000     0.000    0.000      0.000   0.000
    Sum   0.005    0.001   0.002   0.000   0.000   0.000   0.000   0.000   0.000   0.000   0.000   0.000   0.000    0.002    0.000   0.000    0.000   0.000   0.000   0.000   0.000   0.000    0.000    0.000      0.000    0.000   0.000    0.000     0.000    0.000      0.000   0.005


Summary
------------------------------------------------------------------------------------------------------------------------------
                  dt  Flu_Adv  Gra_Adv  Src_Adv  Che_Adv       SF   FB_Adv    FixUp     Flag   Refine MPI_Grid   Output      Aux       LB CorrSync      Par -MPI_Par    libyt         Sum
    Time      0.0008   0.0017   0.0000   0.0000   0.0000   0.0000   0.0000   0.0000   0.0000   0.0000   0.0020   0.0282   0.0846   0.0012   0.0000   0.0000   0.0000   0.0000      0.1185
    Frac      0.661%   1.448%   0.000%   0.000%   0.000%   0.000%   0.000%   0.000%   0.000%   0.000%   1.692%  23.756%  71.408%   1.023%   0.000%   0.000%   0.000%   0.000%     99.987%

==============================================================================================================================
==============================================================================================================================



Time : 1.0879732e-03 -> 2.1759465e-03,     Step :        1 ->        2

Main Loop
------------------------------------------------------------------------------------------------------------------------------
       Total    Integration       Output    Auxiliary    LoadBalance       CorrSync          libyt            Sum
      0.0896         0.0136       0.0213       0.0538         0.0009         0.0000         0.0000         0.0896


Integration Loop
------------------------------------------------------------------------------------------------------------------------------
     Lv   Total       dt Flu_Adv Gra_Adv Src_Adv Che_Adv      SF  FB_Adv   FixUp    Flag  Refine Buf_Rho Buf_Pot Buf_Flu1 Buf_Flu2 Buf_Ref Buf_Flux Buf_Res Buf_Che  Par_KD   Par_K Par_K-1 Par_2Sib -MPI_Sib -MPI_FaSib Par_2Son    -MPI Par_Coll -MPI_Real -MPI_Sib -MPI_FaSib     Sum
      0   0.014    0.001   0.010   0.000   0.000   0.000   0.000   0.000   0.000   0.000   0.000   0.000   0.000    0.003    0.000   0.000    0.000   0.000   0.000   0.000   0.000   0.000    0.000    0.000      0.000    0.000   0.000    0.000     0.000    0.000      0.000   0.014
      1   0.000    0.000   0.000   0.000   0.000   0.000   0.000   0.000   0.000   0.000   0.000   0.000   0.000    0.000    0.000   0.000    0.000   0.000   0.000   0.000   0.000   0.000    0.000    0.000      0.000    0.000   0.000    0.000     0.000    0.000      0.000   0.000
      2   0.000    0.000   0.000   0.000   0.000   0.000   0.000   0.000   0.000   0.000   0.000   0.000   0.000    0.000    0.000   0.000    0.000   0.000   0.000   0.000   0.000   0.000    0.000    0.000      0.000    0.000   0.000    0.000     0.000    0.000      0.000   0.000
      3   0.000    0.000   0.000   0.000   0.000   0.000   0.000   0.000   0.000   0.000   0.000   0.000   0.000    0.000    0.000   0.000    0.000   0.000   0.000   0.000   0.000   0.000    0.000    0.000      0.000    0.000   0.000    0.000     0.000    0.000      0.000   0.000
      4   0.000    0.000   0.000   0.000   0.000   0.000   0.000   0.000   0.000   0.000   0.000   0.000   0.000    0.000    0.000   0.000    0.000   0.000   0.000   0.000   0.000   0.000    0.000    0.000      0.000    0.000   0.000    0.000     0.000    0.000      0.000   0.000
      5   0.000    0.000   0.000   0.000   0.000   0.000   0.000   0.000   0.000   0.000   0.000   0.000   0.000    0.000    0.000   0.000    0.000   0.000   0.000   0.000   0.000   0.000    0.000    0.000      0.000    0.000   0.000    0.000     0.000    0.000      0.000   0.000
      6   0.000    0.000   0.000   0.000   0.000   0.000   0.000   0.000   0.000   0.000   0.000   0.000   0.000    0.000    0.000   0.000    0.000   0.000   0.000   0.000   0.000   0.000    0.000    0.000      0.000    0.000   0.000    0.000     0.000    0.000      0.000   0.000
      7   0.000    0.000   0.000   0.000   0.000   0.000   0.000   0.000   0.000   0.000   0.000   0.000   0.000    0.000    0.000   0.000    0.000   0.000   0.000   0.000   0.000   0.000    0.000    0.000      0.000    0.000   0.000    0.000     0.000    0.000      0.000   0.000
      8   0.000    0.000   0.000   0.000   0.000   0.000   0.000   0.000   0.000   0.000   0.000   0.000   0.000    0.000    0.000   0.000    0.000   0.000   0.000   0.000   0.000   0.000    0.000    0.000      0.000    0.000   0.000    0.000     0.000    0.000      0.000   0.000
      9   0.000    0.000   0.000   0.000   0.000   0.000   0.000   0.000   0.000   0.000   0.000   0.000   0.000    0.000    0.000   0.000    0.000   0.000   0.000   0.000   0.000   0.000    0.000    0.000      0.000    0.000   0.000    0.000     0.000    0.000      0.000   0.000
    Sum   0.014    0.001   0.010   0.000   0.000   0.000   0.000   0.000   0.000   0.000   0.000   0.000   0.000    0.003    0.000   0.000    0.000   0.000   0.000   0.000   0.000   0.000    0.000    0.000      0.000    0.000   0.000    0.000     0.000    0.000      0.000   0.014


Summary
------------------------------------------------------------------------------------------------------------------------------
                  dt  Flu_Adv  Gra_Adv  Src_Adv  Che_Adv       SF   FB_Adv    FixUp     Flag   Refine MPI_Grid   Output      Aux       LB CorrSync      Par -MPI_Par    libyt         Sum
    Time      0.0008   0.0100   0.0000   0.0000   0.0000   0.0000   0.0000   0.0000   0.0000   0.0000   0.0028   0.0213   0.0538   0.0009   0.0000   0.0000   0.0000   0.0000      0.0896
    Frac      0.901%  11.160%   0.000%   0.000%   0.000%   0.000%   0.000%   0.000%   0.000%   0.000%   3.152%  23.736%  59.989%   1.041%   0.000%   0.000%   0.000%   0.000%     99.979%

==============================================================================================================================
==============================================================================================================================



Time : 2.1759465e-03 -> 3.2639197e-03,     Step :        2 ->        3

Main Loop
------------------------------------------------------------------------------------------------------------------------------
       Total    Integration       Output    Auxiliary    LoadBalance       CorrSync          libyt            Sum
      0.0839         0.0046       0.0206       0.0578         0.0009         0.0000         0.0000         0.0839


Integration Loop
------------------------------------------------------------------------------------------------------------------------------
     Lv   Total       dt Flu_Adv Gra_Adv Src_Adv Che_Adv      SF  FB_Adv   FixUp    Flag  Refine Buf_Rho Buf_Pot Buf_Flu1 Buf_Flu2 Buf_Ref Buf_Flux Buf_Res Buf_Che  Par_KD   Par_K Par_K-1 Par_2Sib -MPI_Sib -MPI_FaSib Par_2Son    -MPI Par_Coll -MPI_Real -MPI_Sib -MPI_FaSib     Sum
      0   0.005    0.001   0.002   0.000   0.000   0.000   0.000   0.000   0.000   0.000   0.000   0.000   0.000    0.002    0.000   0.000    0.000   0.000   0.000   0.000   0.000   0.000    0.000    0.000      0.000    0.000   0.000    0.000     0.000    0.000      0.000   0.005
      1   0.000    0.000   0.000   0.000   0.000   0.000   0.000   0.000   0.000   0.000   0.000   0.000   0.000    0.000    0.000   0.000    0.000   0.000   0.000   0.000   0.000   0.000    0.000    0.000      0.000    0.000   0.000    0.000     0.000    0.000      0.000   0.000
      2   0.000    0.000   0.000   0.000   0.000   0.000   0.000   0.000   0.000   0.000   0.000   0.000   0.000    0.000    0.000   0.000    0.000   0.000   0.000   0.000   0.000   0.000    0.000    0.000      0.000    0.000   0.000    0.000     0.000    0.000      0.000   0.000
      3   0.000    0.000   0.000   0.000   0.000   0.000   0.000   0.000   0.000   0.000   0.000   0.000   0.000    0.000    0.000   0.000    0.000   0.000   0.000   0.000   0.000   0.000    0.000    0.000      0.000    0.000   0.000    0.000     0.000    0.000      0.000   0.000
      4   0.000    0.000   0.000   0.000   0.000   0.000   0.000   0.000   0.000   0.000   0.000   0.000   0.000    0.000    0.000   0.000    0.000   0.000   0.000   0.000   0.000   0.000    0.000    0.000      0.000    0.000   0.000    0.000     0.000    0.000      0.000   0.000
      5   0.000    0.000   0.000   0.000   0.000   0.000   0.000   0.000   0.000   0.000   0.000   0.000   0.000    0.000    0.000   0.000    0.000   0.000   0.000   0.000   0.000   0.000    0.000    0.000      0.000    0.000   0.000    0.000     0.000    0.000      0.000   0.000
      6   0.000    0.000   0.000   0.000   0.000   0.000   0.000   0.000   0.000   0.000   0.000   0.000   0.000    0.000    0.000   0.000    0.000   0.000   0.000   0.000   0.000   0.000    0.000    0.000      0.000    0.000   0.000    0.000     0.000    0.000      0.000   0.000
      7   0.000    0.000   0.000   0.000   0.000   0.000   0.000   0.000   0.000   0.000   0.000   0.000   0.000    0.000    0.000   0.000    0.000   0.000   0.000   0.000   0.000   0.000    0.000    0.000      0.000    0.000   0.000    0.000     0.000    0.000      0.000   0.000
      8   0.000    0.000   0.000   0.000   0.000   0.000   0.000   0.000   0.000   0.000   0.000   0.000   0.000    0.000    0.000   0.000    0.000   0.000   0.000   0.000   0.000   0.000    0.000    0.000      0.000    0.000   0.000    0.000     0.000    0.000      0.000   0.000
      9   0.000    0.000   0.000   0.000   0.000   0.000   0.000   0.000   0.000   0.000   0.000   0.000   0.000    0.000    0.000   0.000    0.000   0.000   0.000   0.000   0.000   0.000    0.000    0.000      0.000    0.000   0.000    0.000     0.000    0.000      0.000   0.000
    Sum   0.005    0.001   0.002   0.000   0.000   0.000   0.000   0.000   0.000   0.000   0.000   0.000   0.000    0.002    0.000   0.000    0.000   0.000   0.000   0.000   0.000   0.000    0.000    0.000      0.000    0.000   0.000    0.000     0.000    0.000      0.000   0.005


Summary
------------------------------------------------------------------------------------------------------------------------------
                  dt  Flu_Adv  Gra_Adv  Src_Adv  Che_Adv       SF   FB_Adv    FixUp     Flag   Refine MPI_Grid   Output      Aux       LB CorrSync      Par -MPI_Par    libyt         Sum
    Time      0.0006   0.0017   0.0000   0.0000   0.0000   0.0000   0.0000   0.0000   0.0000   0.0000   0.0022   0.0206   0.0578   0.0009   0.0000   0.0000   0.0000   0.0000      0.0839
    Frac      0.766%   2.084%   0.000%   0.000%   0.000%   0.000%   0.000%   0.000%   0.000%   0.000%   2.643%  24.557%  68.870%   1.055%   0.000%   0.000%   0.000%   0.000%     99.976%

==============================================================================================================================
==============================================================================================================================



Time : 3.2639197e-03 -> 4.3518930e-03,     Step :        3 ->        4

Main Loop
------------------------------------------------------------------------------------------------------------------------------
       Total    Integration       Output    Auxiliary    LoadBalance       CorrSync          libyt            Sum
      0.1080         0.0147       0.0314       0.0609         0.0009         0.0000         0.0000         0.1080


Integration Loop
------------------------------------------------------------------------------------------------------------------------------
     Lv   Total       dt Flu_Adv Gra_Adv Src_Adv Che_Adv      SF  FB_Adv   FixUp    Flag  Refine Buf_Rho Buf_Pot Buf_Flu1 Buf_Flu2 Buf_Ref Buf_Flux Buf_Res Buf_Che  Par_KD   Par_K Par_K-1 Par_2Sib -MPI_Sib -MPI_FaSib Par_2Son    -MPI Par_Coll -MPI_Real -MPI_Sib -MPI_FaSib     Sum
      0   0.015    0.001   0.010   0.000   0.000   0.000   0.000   0.000   0.000   0.000   0.000   0.000   0.000    0.003    0.000   0.000    0.000   0.000   0.000   0.000   0.000   0.000    0.000    0.000      0.000    0.000   0.000    0.000     0.000    0.000      0.000   0.015
      1   0.000    0.000   0.000   0.000   0.000   0.000   0.000   0.000   0.000   0.000   0.000   0.000   0.000    0.000    0.000   0.000    0.000   0.000   0.000   0.000   0.000   0.000    0.000    0.000      0.000    0.000   0.000    0.000     0.000    0.000      0.000   0.000
      2   0.000    0.000   0.000   0.000   0.000   0.000   0.000   0.000   0.000   0.000   0.000   0.000   0.000    0.000    0.000   0.000    0.000   0.000   0.000   0.000   0.000   0.000    0.000    0.000      0.000    0.000   0.000    0.000     0.000    0.000      0.000   0.000
      3   0.000    0.000   0.000   0.000   0.000   0.000   0.000   0.000   0.000   0.000   0.000   0.000   0.000    0.000    0.000   0.000    0.000   0.000   0.000   0.000   0.000   0.000    0.000    0.000      0.000    0.000   0.000    0.000     0.000    0.000      0.000   0.000
      4   0.000    0.000   0.000   0.000   0.000   0.000   0.000   0.000   0.000   0.000   0.000   0.000   0.000    0.000    0.000   0.000    0.000   0.000   0.000   0.000   0.000   0.000    0.000    0.000      0.000    0.000   0.000    0.000     0.000    0.000      0.000   0.000
      5   0.000    0.000   0.000   0.000   0.000   0.000   0.000   0.000   0.000   0.000   0.000   0.000   0.000    0.000    0.000   0.000    0.000   0.000   0.000   0.000   0.000   0.000    0.000    0.000      0.000    0.000   0.000    0.000     0.000    0.000      0.000   0.000
      6   0.000    0.000   0.000   0.000   0.000   0.000   0.000   0.000   0.000   0.000   0.000   0.000   0.000    0.000    0.000   0.000    0.000   0.000   0.000   0.000   0.000   0.000    0.000    0.000      0.000    0.000   0.000    0.000     0.000    0.000      0.000   0.000
      7   0.000    0.000   0.000   0.000   0.000   0.000   0.000   0.000   0.000   0.000   0.000   0.000   0.000    0.000    0.000   0.000    0.000   0.000   0.000   0.000   0.000   0.000    0.000    0.000      0.000    0.000   0.000    0.000     0.000    0.000      0.000   0.000
      8   0.000    0.000   0.000   0.000   0.000   0.000   0.000   0.000   0.000   0.000   0.000   0.000   0.000    0.000    0.000   0.000    0.000   0.000   0.000   0.000   0.000   0.000    0.000    0.000      0.000    0.000   0.000    0.000     0.000    0.000      0.000   0.000
      9   0.000    0.000   0.000   0.000   0.000   0.000   0.000   0.000   0.000   0.000   0.000   0.000   0.000    0.000    0.000   0.000    0.000   0.000   0.000   0.000   0.000   0.000    0.000    0.000      0.000    0.000   0.000    0.000     0.000    0.000      0.000   0.000
    Sum   0.015    0.001   0.010   0.000   0.000   0.000   0.000   0.000   0.000   0.000   0.000   0.000   0.000    0.003    0.000   0.000    0.000   0.000   0.000   0.000   0.000   0.000    0.000    0.000      0.000    0.000   0.000    0.000     0.000    0.000      0.000   0.015


Summary
------------------------------------------------------------------------------------------------------------------------------
                  dt  Flu_Adv  Gra_Adv  Src_Adv  Che_Adv       SF   FB_Adv    FixUp     Flag   Refine MPI_Grid   Output      Aux       LB CorrSync      Par -MPI_Par    libyt         Sum
    Time      0.0006   0.0104   0.0000   0.0000   0.0000   0.0000   0.0000   0.0000   0.0004   0.0004   0.0028   0.0314   0.0609   0.0009   0.0000   0.0000   0.0000   0.0000      0.1080
    Frac      0.571%   9.668%   0.000%   0.000%   0.000%   0.000%   0.000%   0.000%   0.402%   0.384%   2.615%  29.124%  56.363%   0.851%   0.000%   0.000%   0.000%   0.000%     99.978%

==============================================================================================================================
==============================================================================================================================



Time : 4.3518930e-03 -> 5.4398662e-03,     Step :        4 ->        5

Main Loop
------------------------------------------------------------------------------------------------------------------------------
       Total    Integration       Output    Auxiliary    LoadBalance       CorrSync          libyt            Sum
      0.1506         0.0070       0.0349       0.1077         0.0009         0.0000         0.0000         0.1506


Integration Loop
------------------------------------------------------------------------------------------------------------------------------
     Lv   Total       dt Flu_Adv Gra_Adv Src_Adv Che_Adv      SF  FB_Adv   FixUp    Flag  Refine Buf_Rho Buf_Pot Buf_Flu1 Buf_Flu2 Buf_Ref Buf_Flux Buf_Res Buf_Che  Par_KD   Par_K Par_K-1 Par_2Sib -MPI_Sib -MPI_FaSib Par_2Son    -MPI Par_Coll -MPI_Real -MPI_Sib -MPI_FaSib     Sum
      0   0.007    0.001   0.004   0.000   0.000   0.000   0.000   0.000   0.000   0.000   0.000   0.000   0.000    0.003    0.000   0.000    0.000   0.000   0.000   0.000   0.000   0.000    0.000    0.000      0.000    0.000   0.000    0.000     0.000    0.000      0.000   0.007
      1   0.000    0.000   0.000   0.000   0.000   0.000   0.000   0.000   0.000   0.000   0.000   0.000   0.000    0.000    0.000   0.000    0.000   0.000   0.000   0.000   0.000   0.000    0.000    0.000      0.000    0.000   0.000    0.000     0.000    0.000      0.000   0.000
      2   0.000    0.000   0.000   0.000   0.000   0.000   0.000   0.000   0.000   0.000   0.000   0.000   0.000    0.000    0.000   0.000    0.000   0.000   0.000   0.000   0.000   0.000    0.000    0.000      0.000    0.000   0.000    0.000     0.000    0.000      0.000   0.000
      3   0.000    0.000   0.000   0.000   0.000   0.000   0.000   0.000   0.000   0.000   0.000   0.000   0.000    0.000    0.000   0.000    0.000   0.000   0.000   0.000   0.000   0.000    0.000    0.000      0.000    0.000   0.000    0.000     0.000    0.000      0.000   0.000
      4   0.000    0.000   0.000   0.000   0.000   0.000   0.000   0.000   0.000   0.000   0.000   0.000   0.000    0.000    0.000   0.000    0.000   0.000   0.000   0.000   0.000   0.000    0.000    0.000      0.000    0.000   0.000    0.000     0.000    0.000      0.000   0.000
      5   0.000    0.000   0.000   0.000   0.000   0.000   0.000   0.000   0.000   0.000   0.000   0.000   0.000    0.000    0.000   0.000    0.000   0.000   0.000   0.000   0.000   0.000    0.000    0.000      0.000    0.000   0.000    0.000     0.000    0.000      0.000   0.000
      6   0.000    0.000   0.000   0.000   0.000   0.000   0.000   0.000   0.000   0.000   0.000   0.000   0.000    0.000    0.000   0.000    0.000   0.000   0.000   0.000   0.000   0.000    0.000    0.000      0.000    0.000   0.000    0.000     0.000    0.000      0.000   0.000
      7   0.000    0.000   0.000   0.000   0.000   0.000   0.000   0.000   0.000   0.000   0.000   0.000   0.000    0.000    0.000   0.000    0.000   0.000   0.000   0.000   0.000   0.000    0.000    0.000      0.000    0.000   0.000    0.000     0.000    0.000      0.000   0.000
      8   0.000    0.000   0.000   0.000   0.000   0.000   0.000   0.000   0.000   0.000   0.000   0.000   0.000    0.000    0.000   0.000    0.000   0.000   0.000   0.000   0.000   0.000    0.000    0.000      0.000    0.000   0.000    0.000     0.000    0.000      0.000   0.000
      9   0.000    0.000   0.000   0.000   0.000   0.000   0.000   0.000   0.000   0.000   0.000   0.000   0.000    0.000    0.000   0.000    0.000   0.000   0.000   0.000   0.000   0.000    0.000    0.000      0.000    0.000   0.000    0.000     0.000    0.000      0.000   0.000
    Sum   0.007    0.001   0.004   0.000   0.000   0.000   0.000   0.000   0.000   0.000   0.000   0.000   0.000    0.003    0.000   0.000    0.000   0.000   0.000   0.000   0.000   0.000    0.000    0.000      0.000    0.000   0.000    0.000     0.000    0.000      0.000   0.007


Summary
------------------------------------------------------------------------------------------------------------------------------
                  dt  Flu_Adv  Gra_Adv  Src_Adv  Che_Adv       SF   FB_Adv    FixUp     Flag   Refine MPI_Grid   Output      Aux       LB CorrSync      Par -MPI_Par    libyt         Sum
    Time      0.0006   0.0036   0.0000   0.0000   0.0000   0.0000   0.0000   0.0000   0.0000   0.0000   0.0028   0.0349   0.1077   0.0009   0.0000   0.0000   0.0000   0.0000      0.1506
    Frac      0.410%   2.401%   0.000%   0.000%   0.000%   0.000%   0.000%   0.000%   0.000%   0.000%   1.859%  23.197%  71.491%   0.629%   0.000%   0.000%   0.000%   0.000%     99.987%

==============================================================================================================================
==============================================================================================================================



Time : 5.4398662e-03 -> 6.5278395e-03,     Step :        5 ->        6

Main Loop
------------------------------------------------------------------------------------------------------------------------------
       Total    Integration       Output    Auxiliary    LoadBalance       CorrSync          libyt            Sum
      0.1831         0.0160       0.0599       0.1062         0.0009         0.0000         0.0000         0.1831


Integration Loop
------------------------------------------------------------------------------------------------------------------------------
     Lv   Total       dt Flu_Adv Gra_Adv Src_Adv Che_Adv      SF  FB_Adv   FixUp    Flag  Refine Buf_Rho Buf_Pot Buf_Flu1 Buf_Flu2 Buf_Ref Buf_Flux Buf_Res Buf_Che  Par_KD   Par_K Par_K-1 Par_2Sib -MPI_Sib -MPI_FaSib Par_2Son    -MPI Par_Coll -MPI_Real -MPI_Sib -MPI_FaSib     Sum
      0   0.016    0.001   0.010   0.000   0.000   0.000   0.000   0.000   0.000   0.000   0.000   0.000   0.000    0.005    0.000   0.000    0.000   0.000   0.000   0.000   0.000   0.000    0.000    0.000      0.000    0.000   0.000    0.000     0.000    0.000      0.000   0.016
      1   0.000    0.000   0.000   0.000   0.000   0.000   0.000   0.000   0.000   0.000   0.000   0.000   0.000    0.000    0.000   0.000    0.000   0.000   0.000   0.000   0.000   0.000    0.000    0.000      0.000    0.000   0.000    0.000     0.000    0.000      0.000   0.000
      2   0.000    0.000   0.000   0.000   0.000   0.000   0.000   0.000   0.000   0.000   0.000   0.000   0.000    0.000    0.000   0.000    0.000   0.000   0.000   0.000   0.000   0.000    0.000    0.000      0.000    0.000   0.000    0.000     0.000    0.000      0.000   0.000
      3   0.000    0.000   0.000   0.000   0.000   0.000   0.000   0.000   0.000   0.000   0.000   0.000   0.000    0.000    0.000   0.000    0.000   0.000   0.000   0.000   0.000   0.000    0.000    0.000      0.000    0.000   0.000    0.000     0.000    0.000      0.000   0.000
      4   0.000    0.000   0.000   0.000   0.000   0.000   0.000   0.000   0.000   0.000   0.000   0.000   0.000    0.000    0.000   0.000    0.000   0.000   0.000   0.000   0.000   0.000    0.000    0.000      0.000    0.000   0.000    0.000     0.000    0.000      0.000   0.000
      5   0.000    0.000   0.000   0.000   0.000   0.000   0.000   0.000   0.000   0.000   0.000   0.000   0.000    0.000    0.000   0.000    0.000   0.000   0.000   0.000   0.000   0.000    0.000    0.000      0.000    0.000   0.000    0.000     0.000    0.000      0.000   0.000
      6   0.000    0.000   0.000   0.000   0.000   0.000   0.000   0.000   0.000   0.000   0.000   0.000   0.000    0.000    0.000   0.000    0.000   0.000   0.000   0.000   0.000   0.000    0.000    0.000      0.000    0.000   0.000    0.000     0.000    0.000      0.000   0.000
      7   0.000    0.000   0.000   0.000   0.000   0.000   0.000   0.000   0.000   0.000   0.000   0.000   0.000    0.000    0.000   0.000    0.000   0.000   0.000   0.000   0.000   0.000    0.000    0.000      0.000    0.000   0.000    0.000     0.000    0.000      0.000   0.000
      8   0.000    0.000   0.000   0.000   0.000   0.000   0.000   0.000   0.000   0.000   0.000   0.000   0.000    0.000    0.000   0.000    0.000   0.000   0.000   0.000   0.000   0.000    0.000    0.000      0.000    0.000   0.000    0.000     0.000    0.000      0.000   0.000
      9   0.000    0.000   0.000   0.000   0.000   0.000   0.000   0.000   0.000   0.000   0.000   0.000   0.000    0.000    0.000   0.000    0.000   0.000   0.000   0.000   0.000   0.000    0.000    0.000      0.000    0.000   0.000    0.000     0.000    0.000      0.000   0.000
    Sum   0.016    0.001   0.010   0.000   0.000   0.000   0.000   0.000   0.000   0.000   0.000   0.000   0.000    0.005    0.000   0.000    0.000   0.000   0.000   0.000   0.000   0.000    0.000    0.000      0.000    0.000   0.000    0.000     0.000    0.000      0.000   0.016


Summary
------------------------------------------------------------------------------------------------------------------------------
                  dt  Flu_Adv  Gra_Adv  Src_Adv  Che_Adv       SF   FB_Adv    FixUp     Flag   Refine MPI_Grid   Output      Aux       LB CorrSync      Par -MPI_Par    libyt         Sum
    Time      0.0006   0.0101   0.0000   0.0000   0.0000   0.0000   0.0000   0.0000   0.0000   0.0000   0.0052   0.0599   0.1062   0.0009   0.0000   0.0000   0.0000   0.0000      0.1831
    Frac      0.353%   5.528%   0.000%   0.000%   0.000%   0.000%   0.000%   0.000%   0.000%   0.000%   2.861%  32.739%  58.001%   0.507%   0.000%   0.000%   0.000%   0.000%     99.990%

==============================================================================================================================
==============================================================================================================================



Time : 6.5278395e-03 -> 7.6158127e-03,     Step :        6 ->        7

Main Loop
------------------------------------------------------------------------------------------------------------------------------
       Total    Integration       Output    Auxiliary    LoadBalance       CorrSync          libyt            Sum
      0.1100         0.0205       0.0206       0.0679         0.0010         0.0000         0.0000         0.1100


Integration Loop
------------------------------------------------------------------------------------------------------------------------------
     Lv   Total       dt Flu_Adv Gra_Adv Src_Adv Che_Adv      SF  FB_Adv   FixUp    Flag  Refine Buf_Rho Buf_Pot Buf_Flu1 Buf_Flu2 Buf_Ref Buf_Flux Buf_Res Buf_Che  Par_KD   Par_K Par_K-1 Par_2Sib -MPI_Sib -MPI_FaSib Par_2Son    -MPI Par_Coll -MPI_Real -MPI_Sib -MPI_FaSib     Sum
      0   0.020    0.001   0.010   0.000   0.000   0.000   0.000   0.000   0.000   0.000   0.000   0.000   0.000    0.010    0.000   0.000    0.000   0.000   0.000   0.000   0.000   0.000    0.000    0.000      0.000    0.000   0.000    0.000     0.000    0.000      0.000   0.020
      1   0.000    0.000   0.000   0.000   0.000   0.000   0.000   0.000   0.000   0.000   0.000   0.000   0.000    0.000    0.000   0.000    0.000   0.000   0.000   0.000   0.000   0.000    0.000    0.000      0.000    0.000   0.000    0.000     0.000    0.000      0.000   0.000
      2   0.000    0.000   0.000   0.000   0.000   0.000   0.000   0.000   0.000   0.000   0.000   0.000   0.000    0.000    0.000   0.000    0.000   0.000   0.000   0.000   0.000   0.000    0.000    0.000      0.000    0.000   0.000    0.000     0.000    0.000      0.000   0.000
      3   0.000    0.000   0.000   0.000   0.000   0.000   0.000   0.000   0.000   0.000   0.000   0.000   0.000    0.000    0.000   0.000    0.000   0.000   0.000   0.000   0.000   0.000    0.000    0.000      0.000    0.000   0.000    0.000     0.000    0.000      0.000   0.000
      4   0.000    0.000   0.000   0.000   0.000   0.000   0.000   0.000   0.000   0.000   0.000   0.000   0.000    0.000    0.000   0.000    0.000   0.000   0.000   0.000   0.000   0.000    0.000    0.000      0.000    0.000   0.000    0.000     0.000    0.000      0.000   0.000
      5   0.000    0.000   0.000   0.000   0.000   0.000   0.000   0.000   0.000   0.000   0.000   0.000   0.000    0.000    0.000   0.000    0.000   0.000   0.000   0.000   0.000   0.000    0.000    0.000      0.000    0.000   0.000    0.000     0.000    0.000      0.000   0.000
      6   0.000    0.000   0.000   0.000   0.000   0.000   0.000   0.000   0.000   0.000   0.000   0.000   0.000    0.000    0.000   0.000    0.000   0.000   0.000   0.000   0.000   0.000    0.000    0.000      0.000    0.000   0.000    0.000     0.000    0.000      0.000   0.000
      7   0.000    0.000   0.000   0.000   0.000   0.000   0.000   0.000   0.000   0.000   0.000   0.000   0.000    0.000    0.000   0.000    0.000   0.000   0.000   0.000   0.000   0.000    0.000    0.000      0.000    0.000   0.000    0.000     0.000    0.000      0.000   0.000
      8   0.000    0.000   0.000   0.000   0.000   0.000   0.000   0.000   0.000   0.000   0.000   0.000   0.000    0.000    0.000   0.000    0.000   0.000   0.000   0.000   0.000   0.000    0.000    0.000      0.000    0.000   0.000    0.000     0.000    0.000      0.000   0.000
      9   0.000    0.000   0.000   0.000   0.000   0.000   0.000   0.000   0.000   0.000   0.000   0.000   0.000    0.000    0.000   0.000    0.000   0.000   0.000   0.000   0.000   0.000    0.000    0.000      0.000    0.000   0.000    0.000     0.000    0.000      0.000   0.000
    Sum   0.020    0.001   0.010   0.000   0.000   0.000   0.000   0.000   0.000   0.000   0.000   0.000   0.000    0.010    0.000   0.000    0.000   0.000   0.000   0.000   0.000   0.000    0.000    0.000      0.000    0.000   0.000    0.000     0.000    0.000      0.000   0.020


Summary
------------------------------------------------------------------------------------------------------------------------------
                  dt  Flu_Adv  Gra_Adv  Src_Adv  Che_Adv       SF   FB_Adv    FixUp     Flag   Refine MPI_Grid   Output      Aux       LB CorrSync      Par -MPI_Par    libyt         Sum
    Time      0.0006   0.0102   0.0000   0.0000   0.0000   0.0000   0.0000   0.0000   0.0000   0.0000   0.0096   0.0206   0.0679   0.0010   0.0000   0.0000   0.0000   0.0000      0.1100
    Frac      0.587%   9.288%   0.000%   0.000%   0.000%   0.000%   0.000%   0.000%   0.000%   0.000%   8.720%  18.733%  61.699%   0.954%   0.000%   0.000%   0.000%   0.000%     99.981%

==============================================================================================================================
==============================================================================================================================



Time : 7.6158127e-03 -> 8.7037860e-03,     Step :        7 ->        8

Main Loop
------------------------------------------------------------------------------------------------------------------------------
       Total    Integration       Output    Auxiliary    LoadBalance       CorrSync          libyt            Sum
      0.1417         0.0172       0.0404       0.0832         0.0009         0.0000         0.0000         0.1417


Integration Loop
------------------------------------------------------------------------------------------------------------------------------
     Lv   Total       dt Flu_Adv Gra_Adv Src_Adv Che_Adv      SF  FB_Adv   FixUp    Flag  Refine Buf_Rho Buf_Pot Buf_Flu1 Buf_Flu2 Buf_Ref Buf_Flux Buf_Res Buf_Che  Par_KD   Par_K Par_K-1 Par_2Sib -MPI_Sib -MPI_FaSib Par_2Son    -MPI Par_Coll -MPI_Real -MPI_Sib -MPI_FaSib     Sum
      0   0.017    0.001   0.010   0.000   0.000   0.000   0.000   0.000   0.000   0.003   0.000   0.000   0.000    0.003    0.000   0.000    0.000   0.000   0.000   0.000   0.000   0.000    0.000    0.000      0.000    0.000   0.000    0.000     0.000    0.000      0.000   0.017
      1   0.000    0.000   0.000   0.000   0.000   0.000   0.000   0.000   0.000   0.000   0.000   0.000   0.000    0.000    0.000   0.000    0.000   0.000   0.000   0.000   0.000   0.000    0.000    0.000      0.000    0.000   0.000    0.000     0.000    0.000      0.000   0.000
      2   0.000    0.000   0.000   0.000   0.000   0.000   0.000   0.000   0.000   0.000   0.000   0.000   0.000    0.000    0.000   0.000    0.000   0.000   0.000   0.000   0.000   0.000    0.000    0.000      0.000    0.000   0.000    0.000     0.000    0.000      0.000   0.000
      3   0.000    0.000   0.000   0.000   0.000   0.000   0.000   0.000   0.000   0.000   0.000   0.000   0.000    0.000    0.000   0.000    0.000   0.000   0.000   0.000   0.000   0.000    0.000    0.000      0.000    0.000   0.000    0.000     0.000    0.000      0.000   0.000
      4   0.000    0.000   0.000   0.000   0.000   0.000   0.000   0.000   0.000   0.000   0.000   0.000   0.000    0.000    0.000   0.000    0.000   0.000   0.000   0.000   0.000   0.000    0.000    0.000      0.000    0.000   0.000    0.000     0.000    0.000      0.000   0.000
      5   0.000    0.000   0.000   0.000   0.000   0.000   0.000   0.000   0.000   0.000   0.000   0.000   0.000    0.000    0.000   0.000    0.000   0.000   0.000   0.000   0.000   0.000    0.000    0.000      0.000    0.000   0.000    0.000     0.000    0.000      0.000   0.000
      6   0.000    0.000   0.000   0.000   0.000   0.000   0.000   0.000   0.000   0.000   0.000   0.000   0.000    0.000    0.000   0.000    0.000   0.000   0.000   0.000   0.000   0.000    0.000    0.000      0.000    0.000   0.000    0.000     0.000    0.000      0.000   0.000
      7   0.000    0.000   0.000   0.000   0.000   0.000   0.000   0.000   0.000   0.000   0.000   0.000   0.000    0.000    0.000   0.000    0.000   0.000   0.000   0.000   0.000   0.000    0.000    0.000      0.000    0.000   0.000    0.000     0.000    0.000      0.000   0.000
      8   0.000    0.000   0.000   0.000   0.000   0.000   0.000   0.000   0.000   0.000   0.000   0.000   0.000    0.000    0.000   0.000    0.000   0.000   0.000   0.000   0.000   0.000    0.000    0.000      0.000    0.000   0.000    0.000     0.000    0.000      0.000   0.000
      9   0.000    0.000   0.000   0.000   0.000   0.000   0.000   0.000   0.000   0.000   0.000   0.000   0.000    0.000    0.000   0.000    0.000   0.000   0.000   0.000   0.000   0.000    0.000    0.000      0.000    0.000   0.000    0.000     0.000    0.000      0.000   0.000
    Sum   0.017    0.001   0.010   0.000   0.000   0.000   0.000   0.000   0.000   0.003   0.000   0.000   0.000    0.003    0.000   0.000    0.000   0.000   0.000   0.000   0.000   0.000    0.000    0.000      0.000    0.000   0.000    0.000     0.000    0.000      0.000   0.017


Summary
------------------------------------------------------------------------------------------------------------------------------
                  dt  Flu_Adv  Gra_Adv  Src_Adv  Che_Adv       SF   FB_Adv    FixUp     Flag   Refine MPI_Grid   Output      Aux       LB CorrSync      Par -MPI_Par    libyt         Sum
    Time      0.0007   0.0098   0.0000   0.0000   0.0000   0.0000   0.0000   0.0000   0.0033   0.0004   0.0031   0.0404   0.0832   0.0009   0.0000   0.0000   0.0000   0.0000      0.1417
    Frac      0.476%   6.894%   0.000%   0.000%   0.000%   0.000%   0.000%   0.000%   2.351%   0.258%   2.166%  28.500%  58.739%   0.603%   0.000%   0.000%   0.000%   0.000%     99.987%

==============================================================================================================================
==============================================================================================================================



Time : 8.7037860e-03 -> 9.7917592e-03,     Step :        8 ->        9

Main Loop
------------------------------------------------------------------------------------------------------------------------------
       Total    Integration       Output    Auxiliary    LoadBalance       CorrSync          libyt            Sum
      0.1398         0.0124       0.0510       0.0753         0.0011         0.0000         0.0000         0.1398


Integration Loop
------------------------------------------------------------------------------------------------------------------------------
     Lv   Total       dt Flu_Adv Gra_Adv Src_Adv Che_Adv      SF  FB_Adv   FixUp    Flag  Refine Buf_Rho Buf_Pot Buf_Flu1 Buf_Flu2 Buf_Ref Buf_Flux Buf_Res Buf_Che  Par_KD   Par_K Par_K-1 Par_2Sib -MPI_Sib -MPI_FaSib Par_2Son    -MPI Par_Coll -MPI_Real -MPI_Sib -MPI_FaSib     Sum
      0   0.012    0.001   0.009   0.000   0.000   0.000   0.000   0.000   0.000   0.000   0.000   0.000   0.000    0.003    0.000   0.000    0.000   0.000   0.000   0.000   0.000   0.000    0.000    0.000      0.000    0.000   0.000    0.000     0.000    0.000      0.000   0.012
      1   0.000    0.000   0.000   0.000   0.000   0.000   0.000   0.000   0.000   0.000   0.000   0.000   0.000    0.000    0.000   0.000    0.000   0.000   0.000   0.000   0.000   0.000    0.000    0.000      0.000    0.000   0.000    0.000     0.000    0.000      0.000   0.000
      2   0.000    0.000   0.000   0.000   0.000   0.000   0.000   0.000   0.000   0.000   0.000   0.000   0.000    0.000    0.000   0.000    0.000   0.000   0.000   0.000   0.000   0.000    0.000    0.000      0.000    0.000   0.000    0.000     0.000    0.000      0.000   0.000
      3   0.000    0.000   0.000   0.000   0.000   0.000   0.000   0.000   0.000   0.000   0.000   0.000   0.000    0.000    0.000   0.000    0.000   0.000   0.000   0.000   0.000   0.000    0.000    0.000      0.000    0.000   0.000    0.000     0.000    0.000      0.000   0.000
      4   0.000    0.000   0.000   0.000   0.000   0.000   0.000   0.000   0.000   0.000   0.000   0.000   0.000    0.000    0.000   0.000    0.000   0.000   0.000   0.000   0.000   0.000    0.000    0.000      0.000    0.000   0.000    0.000     0.000    0.000      0.000   0.000
      5   0.000    0.000   0.000   0.000   0.000   0.000   0.000   0.000   0.000   0.000   0.000   0.000   0.000    0.000    0.000   0.000    0.000   0.000   0.000   0.000   0.000   0.000    0.000    0.000      0.000    0.000   0.000    0.000     0.000    0.000      0.000   0.000
      6   0.000    0.000   0.000   0.000   0.000   0.000   0.000   0.000   0.000   0.000   0.000   0.000   0.000    0.000    0.000   0.000    0.000   0.000   0.000   0.000   0.000   0.000    0.000    0.000      0.000    0.000   0.000    0.000     0.000    0.000      0.000   0.000
      7   0.000    0.000   0.000   0.000   0.000   0.000   0.000   0.000   0.000   0.000   0.000   0.000   0.000    0.000    0.000   0.000    0.000   0.000   0.000   0.000   0.000   0.000    0.000    0.000      0.000    0.000   0.000    0.000     0.000    0.000      0.000   0.000
      8   0.000    0.000   0.000   0.000   0.000   0.000   0.000   0.000   0.000   0.000   0.000   0.000   0.000    0.000    0.000   0.000    0.000   0.000   0.000   0.000   0.000   0.000    0.000    0.000      0.000    0.000   0.000    0.000     0.000    0.000      0.000   0.000
      9   0.000    0.000   0.000   0.000   0.000   0.000   0.000   0.000   0.000   0.000   0.000   0.000   0.000    0.000    0.000   0.000    0.000   0.000   0.000   0.000   0.000   0.000    0.000    0.000      0.000    0.000   0.000    0.000     0.000    0.000      0.000   0.000
    Sum   0.012    0.001   0.009   0.000   0.000   0.000   0.000   0.000   0.000   0.000   0.000   0.000   0.000    0.003    0.000   0.000    0.000   0.000   0.000   0.000   0.000   0.000    0.000    0.000      0.000    0.000   0.000    0.000     0.000    0.000      0.000   0.012


Summary
------------------------------------------------------------------------------------------------------------------------------
                  dt  Flu_Adv  Gra_Adv  Src_Adv  Che_Adv       SF   FB_Adv    FixUp     Flag   Refine MPI_Grid   Output      Aux       LB CorrSync      Par -MPI_Par    libyt         Sum
    Time      0.0007   0.0090   0.0000   0.0000   0.0000   0.0000   0.0000   0.0000   0.0000   0.0000   0.0028   0.0510   0.0753   0.0011   0.0000   0.0000   0.0000   0.0000      0.1398
    Frac      0.483%   6.416%   0.000%   0.000%   0.000%   0.000%   0.000%   0.000%   0.000%   0.000%   1.987%  36.470%  53.859%   0.774%   0.000%   0.000%   0.000%   0.000%     99.990%

==============================================================================================================================
==============================================================================================================================



Time : 9.7917592e-03 -> 1.0879732e-02,     Step :        9 ->       10

Main Loop
------------------------------------------------------------------------------------------------------------------------------
       Total    Integration       Output    Auxiliary    LoadBalance       CorrSync          libyt            Sum
      0.1320         0.0176       0.0291       0.0843         0.0010         0.0000         0.0000         0.1320


Integration Loop
------------------------------------------------------------------------------------------------------------------------------
     Lv   Total       dt Flu_Adv Gra_Adv Src_Adv Che_Adv      SF  FB_Adv   FixUp    Flag  Refine Buf_Rho Buf_Pot Buf_Flu1 Buf_Flu2 Buf_Ref Buf_Flux Buf_Res Buf_Che  Par_KD   Par_K Par_K-1 Par_2Sib -MPI_Sib -MPI_FaSib Par_2Son    -MPI Par_Coll -MPI_Real -MPI_Sib -MPI_FaSib     Sum
      0   0.018    0.001   0.011   0.000   0.000   0.000   0.000   0.000   0.000   0.000   0.000   0.000   0.000    0.006    0.000   0.000    0.000   0.000   0.000   0.000   0.000   0.000    0.000    0.000      0.000    0.000   0.000    0.000     0.000    0.000      0.000   0.018
      1   0.000    0.000   0.000   0.000   0.000   0.000   0.000   0.000   0.000   0.000   0.000   0.000   0.000    0.000    0.000   0.000    0.000   0.000   0.000   0.000   0.000   0.000    0.000    0.000      0.000    0.000   0.000    0.000     0.000    0.000      0.000   0.000
      2   0.000    0.000   0.000   0.000   0.000   0.000   0.000   0.000   0.000   0.000   0.000   0.000   0.000    0.000    0.000   0.000    0.000   0.000   0.000   0.000   0.000   0.000    0.000    0.000      0.000    0.000   0.000    0.000     0.000    0.000      0.000   0.000
      3   0.000    0.000   0.000   0.000   0.000   0.000   0.000   0.000   0.000   0.000   0.000   0.000   0.000    0.000    0.000   0.000    0.000   0.000   0.000   0.000   0.000   0.000    0.000    0.000      0.000    0.000   0.000    0.000     0.000    0.000      0.000   0.000
      4   0.000    0.000   0.000   0.000   0.000   0.000   0.000   0.000   0.000   0.000   0.000   0.000   0.000    0.000    0.000   0.000    0.000   0.000   0.000   0.000   0.000   0.000    0.000    0.000      0.000    0.000   0.000    0.000     0.000    0.000      0.000   0.000
      5   0.000    0.000   0.000   0.000   0.000   0.000   0.000   0.000   0.000   0.000   0.000   0.000   0.000    0.000    0.000   0.000    0.000   0.000   0.000   0.000   0.000   0.000    0.000    0.000      0.000    0.000   0.000    0.000     0.000    0.000      0.000   0.000
      6   0.000    0.000   0.000   0.000   0.000   0.000   0.000   0.000   0.000   0.000   0.000   0.000   0.000    0.000    0.000   0.000    0.000   0.000   0.000   0.000   0.000   0.000    0.000    0.000      0.000    0.000   0.000    0.000     0.000    0.000      0.000   0.000
      7   0.000    0.000   0.000   0.000   0.000   0.000   0.000   0.000   0.000   0.000   0.000   0.000   0.000    0.000    0.000   0.000    0.000   0.000   0.000   0.000   0.000   0.000    0.000    0.000      0.000    0.000   0.000    0.000     0.000    0.000      0.000   0.000
      8   0.000    0.000   0.000   0.000   0.000   0.000   0.000   0.000   0.000   0.000   0.000   0.000   0.000    0.000    0.000   0.000    0.000   0.000   0.000   0.000   0.000   0.000    0.000    0.000      0.000    0.000   0.000    0.000     0.000    0.000      0.000   0.000
      9   0.000    0.000   0.000   0.000   0.000   0.000   0.000   0.000   0.000   0.000   0.000   0.000   0.000    0.000    0.000   0.000    0.000   0.000   0.000   0.000   0.000   0.000    0.000    0.000      0.000    0.000   0.000    0.000     0.000    0.000      0.000   0.000
    Sum   0.018    0.001   0.011   0.000   0.000   0.000   0.000   0.000   0.000   0.000   0.000   0.000   0.000    0.006    0.000   0.000    0.000   0.000   0.000   0.000   0.000   0.000    0.000    0.000      0.000    0.000   0.000    0.000     0.000    0.000      0.000   0.018


Summary
------------------------------------------------------------------------------------------------------------------------------
                  dt  Flu_Adv  Gra_Adv  Src_Adv  Che_Adv       SF   FB_Adv    FixUp     Flag   Refine MPI_Grid   Output      Aux       LB CorrSync      Par -MPI_Par    libyt         Sum
    Time      0.0007   0.0109   0.0000   0.0000   0.0000   0.0000   0.0000   0.0000   0.0000   0.0000   0.0060   0.0291   0.0843   0.0010   0.0000   0.0000   0.0000   0.0000      0.1320
    Frac      0.527%   8.264%   0.000%   0.000%   0.000%   0.000%   0.000%   0.000%   0.000%   0.000%   4.511%  22.045%  63.859%   0.779%   0.000%   0.000%   0.000%   0.000%     99.986%

==============================================================================================================================
==============================================================================================================================



Time : 1.0879732e-02 -> 1.1967706e-02,     Step :       10 ->       11

Main Loop
------------------------------------------------------------------------------------------------------------------------------
       Total    Integration       Output    Auxiliary    LoadBalance       CorrSync          libyt            Sum
      0.1443         0.0133       0.0411       0.0888         0.0010         0.0000         0.0000         0.1442


Integration Loop
------------------------------------------------------------------------------------------------------------------------------
     Lv   Total       dt Flu_Adv Gra_Adv Src_Adv Che_Adv      SF  FB_Adv   FixUp    Flag  Refine Buf_Rho Buf_Pot Buf_Flu1 Buf_Flu2 Buf_Ref Buf_Flux Buf_Res Buf_Che  Par_KD   Par_K Par_K-1 Par_2Sib -MPI_Sib -MPI_FaSib Par_2Son    -MPI Par_Coll -MPI_Real -MPI_Sib -MPI_FaSib     Sum
      0   0.013    0.001   0.009   0.000   0.000   0.000   0.000   0.000   0.000   0.000   0.000   0.000   0.000    0.003    0.000   0.000    0.000   0.000   0.000   0.000   0.000   0.000    0.000    0.000      0.000    0.000   0.000    0.000     0.000    0.000      0.000   0.013
      1   0.000    0.000   0.000   0.000   0.000   0.000   0.000   0.000   0.000   0.000   0.000   0.000   0.000    0.000    0.000   0.000    0.000   0.000   0.000   0.000   0.000   0.000    0.000    0.000      0.000    0.000   0.000    0.000     0.000    0.000      0.000   0.000
      2   0.000    0.000   0.000   0.000   0.000   0.000   0.000   0.000   0.000   0.000   0.000   0.000   0.000    0.000    0.000   0.000    0.000   0.000   0.000   0.000   0.000   0.000    0.000    0.000      0.000    0.000   0.000    0.000     0.000    0.000      0.000   0.000
      3   0.000    0.000   0.000   0.000   0.000   0.000   0.000   0.000   0.000   0.000   0.000   0.000   0.000    0.000    0.000   0.000    0.000   0.000   0.000   0.000   0.000   0.000    0.000    0.000      0.000    0.000   0.000    0.000     0.000    0.000      0.000   0.000
      4   0.000    0.000   0.000   0.000   0.000   0.000   0.000   0.000   0.000   0.000   0.000   0.000   0.000    0.000    0.000   0.000    0.000   0.000   0.000   0.000   0.000   0.000    0.000    0.000      0.000    0.000   0.000    0.000     0.000    0.000      0.000   0.000
      5   0.000    0.000   0.000   0.000   0.000   0.000   0.000   0.000   0.000   0.000   0.000   0.000   0.000    0.000    0.000   0.000    0.000   0.000   0.000   0.000   0.000   0.000    0.000    0.000      0.000    0.000   0.000    0.000     0.000    0.000      0.000   0.000
      6   0.000    0.000   0.000   0.000   0.000   0.000   0.000   0.000   0.000   0.000   0.000   0.000   0.000    0.000    0.000   0.000    0.000   0.000   0.000   0.000   0.000   0.000    0.000    0.000      0.000    0.000   0.000    0.000     0.000    0.000      0.000   0.000
      7   0.000    0.000   0.000   0.000   0.000   0.000   0.000   0.000   0.000   0.000   0.000   0.000   0.000    0.000    0.000   0.000    0.000   0.000   0.000   0.000   0.000   0.000    0.000    0.000      0.000    0.000   0.000    0.000     0.000    0.000      0.000   0.000
      8   0.000    0.000   0.000   0.000   0.000   0.000   0.000   0.000   0.000   0.000   0.000   0.000   0.000    0.000    0.000   0.000    0.000   0.000   0.000   0.000   0.000   0.000    0.000    0.000      0.000    0.000   0.000    0.000     0.000    0.000      0.000   0.000
      9   0.000    0.000   0.000   0.000   0.000   0.000   0.000   0.000   0.000   0.000   0.000   0.000   0.000    0.000    0.000   0.000    0.000   0.000   0.000   0.000   0.000   0.000    0.000    0.000      0.000    0.000   0.000    0.000     0.000    0.000      0.000   0.000
    Sum   0.013    0.001   0.009   0.000   0.000   0.000   0.000   0.000   0.000   0.000   0.000   0.000   0.000    0.003    0.000   0.000    0.000   0.000   0.000   0.000   0.000   0.000    0.000    0.000      0.000    0.000   0.000    0.000     0.000    0.000      0.000   0.013


Summary
------------------------------------------------------------------------------------------------------------------------------
                  dt  Flu_Adv  Gra_Adv  Src_Adv  Che_Adv       SF   FB_Adv    FixUp     Flag   Refine MPI_Grid   Output      Aux       LB CorrSync      Par -MPI_Par    libyt         Sum
    Time      0.0007   0.0092   0.0000   0.0000   0.0000   0.0000   0.0000   0.0000   0.0000   0.0000   0.0034   0.0411   0.0888   0.0010   0.0000   0.0000   0.0000   0.0000      0.1442
    Frac      0.511%   6.362%   0.000%   0.000%   0.000%   0.000%   0.000%   0.000%   0.000%   0.000%   2.368%  28.516%  61.562%   0.666%   0.000%   0.000%   0.000%   0.000%     99.985%

==============================================================================================================================
==============================================================================================================================



Time : 1.1967706e-02 -> 1.3055679e-02,     Step :       11 ->       12

Main Loop
------------------------------------------------------------------------------------------------------------------------------
       Total    Integration       Output    Auxiliary    LoadBalance       CorrSync          libyt            Sum
      0.1145         0.0142       0.0238       0.0756         0.0009         0.0000         0.0000         0.1145


Integration Loop
------------------------------------------------------------------------------------------------------------------------------
     Lv   Total       dt Flu_Adv Gra_Adv Src_Adv Che_Adv      SF  FB_Adv   FixUp    Flag  Refine Buf_Rho Buf_Pot Buf_Flu1 Buf_Flu2 Buf_Ref Buf_Flux Buf_Res Buf_Che  Par_KD   Par_K Par_K-1 Par_2Sib -MPI_Sib -MPI_FaSib Par_2Son    -MPI Par_Coll -MPI_Real -MPI_Sib -MPI_FaSib     Sum
      0   0.014    0.001   0.009   0.000   0.000   0.000   0.000   0.000   0.000   0.001   0.000   0.000   0.000    0.003    0.000   0.000    0.000   0.000   0.000   0.000   0.000   0.000    0.000    0.000      0.000    0.000   0.000    0.000     0.000    0.000      0.000   0.014
      1   0.000    0.000   0.000   0.000   0.000   0.000   0.000   0.000   0.000   0.000   0.000   0.000   0.000    0.000    0.000   0.000    0.000   0.000   0.000   0.000   0.000   0.000    0.000    0.000      0.000    0.000   0.000    0.000     0.000    0.000      0.000   0.000
      2   0.000    0.000   0.000   0.000   0.000   0.000   0.000   0.000   0.000   0.000   0.000   0.000   0.000    0.000    0.000   0.000    0.000   0.000   0.000   0.000   0.000   0.000    0.000    0.000      0.000    0.000   0.000    0.000     0.000    0.000      0.000   0.000
      3   0.000    0.000   0.000   0.000   0.000   0.000   0.000   0.000   0.000   0.000   0.000   0.000   0.000    0.000    0.000   0.000    0.000   0.000   0.000   0.000   0.000   0.000    0.000    0.000      0.000    0.000   0.000    0.000     0.000    0.000      0.000   0.000
      4   0.000    0.000   0.000   0.000   0.000   0.000   0.000   0.000   0.000   0.000   0.000   0.000   0.000    0.000    0.000   0.000    0.000   0.000   0.000   0.000   0.000   0.000    0.000    0.000      0.000    0.000   0.000    0.000     0.000    0.000      0.000   0.000
      5   0.000    0.000   0.000   0.000   0.000   0.000   0.000   0.000   0.000   0.000   0.000   0.000   0.000    0.000    0.000   0.000    0.000   0.000   0.000   0.000   0.000   0.000    0.000    0.000      0.000    0.000   0.000    0.000     0.000    0.000      0.000   0.000
      6   0.000    0.000   0.000   0.000   0.000   0.000   0.000   0.000   0.000   0.000   0.000   0.000   0.000    0.000    0.000   0.000    0.000   0.000   0.000   0.000   0.000   0.000    0.000    0.000      0.000    0.000   0.000    0.000     0.000    0.000      0.000   0.000
      7   0.000    0.000   0.000   0.000   0.000   0.000   0.000   0.000   0.000   0.000   0.000   0.000   0.000    0.000    0.000   0.000    0.000   0.000   0.000   0.000   0.000   0.000    0.000    0.000      0.000    0.000   0.000    0.000     0.000    0.000      0.000   0.000
      8   0.000    0.000   0.000   0.000   0.000   0.000   0.000   0.000   0.000   0.000   0.000   0.000   0.000    0.000    0.000   0.000    0.000   0.000   0.000   0.000   0.000   0.000    0.000    0.000      0.000    0.000   0.000    0.000     0.000    0.000      0.000   0.000
      9   0.000    0.000   0.000   0.000   0.000   0.000   0.000   0.000   0.000   0.000   0.000   0.000   0.000    0.000    0.000   0.000    0.000   0.000   0.000   0.000   0.000   0.000    0.000    0.000      0.000    0.000   0.000    0.000     0.000    0.000      0.000   0.000
    Sum   0.014    0.001   0.009   0.000   0.000   0.000   0.000   0.000   0.000   0.001   0.000   0.000   0.000    0.003    0.000   0.000    0.000   0.000   0.000   0.000   0.000   0.000    0.000    0.000      0.000    0.000   0.000    0.000     0.000    0.000      0.000   0.014


Summary
------------------------------------------------------------------------------------------------------------------------------
                  dt  Flu_Adv  Gra_Adv  Src_Adv  Che_Adv       SF   FB_Adv    FixUp     Flag   Refine MPI_Grid   Output      Aux       LB CorrSync      Par -MPI_Par    libyt         Sum
    Time      0.0006   0.0092   0.0000   0.0000   0.0000   0.0000   0.0000   0.0000   0.0006   0.0004   0.0033   0.0238   0.0756   0.0009   0.0000   0.0000   0.0000   0.0000      0.1145
    Frac      0.556%   8.078%   0.000%   0.000%   0.000%   0.000%   0.000%   0.000%   0.509%   0.383%   2.872%  20.792%  66.040%   0.749%   0.000%   0.000%   0.000%   0.000%     99.980%

==============================================================================================================================
==============================================================================================================================



Time : 1.3055679e-02 -> 1.4143652e-02,     Step :       12 ->       13

Main Loop
------------------------------------------------------------------------------------------------------------------------------
       Total    Integration       Output    Auxiliary    LoadBalance       CorrSync          libyt            Sum
      0.0838         0.0124       0.0198       0.0507         0.0008         0.0000         0.0000         0.0837


Integration Loop
------------------------------------------------------------------------------------------------------------------------------
     Lv   Total       dt Flu_Adv Gra_Adv Src_Adv Che_Adv      SF  FB_Adv   FixUp    Flag  Refine Buf_Rho Buf_Pot Buf_Flu1 Buf_Flu2 Buf_Ref Buf_Flux Buf_Res Buf_Che  Par_KD   Par_K Par_K-1 Par_2Sib -MPI_Sib -MPI_FaSib Par_2Son    -MPI Par_Coll -MPI_Real -MPI_Sib -MPI_FaSib     Sum
      0   0.012    0.001   0.009   0.000   0.000   0.000   0.000   0.000   0.000   0.000   0.000   0.000   0.000    0.003    0.000   0.000    0.000   0.000   0.000   0.000   0.000   0.000    0.000    0.000      0.000    0.000   0.000    0.000     0.000    0.000      0.000   0.012
      1   0.000    0.000   0.000   0.000   0.000   0.000   0.000   0.000   0.000   0.000   0.000   0.000   0.000    0.000    0.000   0.000    0.000   0.000   0.000   0.000   0.000   0.000    0.000    0.000      0.000    0.000   0.000    0.000     0.000    0.000      0.000   0.000
      2   0.000    0.000   0.000   0.000   0.000   0.000   0.000   0.000   0.000   0.000   0.000   0.000   0.000    0.000    0.000   0.000    0.000   0.000   0.000   0.000   0.000   0.000    0.000    0.000      0.000    0.000   0.000    0.000     0.000    0.000      0.000   0.000
      3   0.000    0.000   0.000   0.000   0.000   0.000   0.000   0.000   0.000   0.000   0.000   0.000   0.000    0.000    0.000   0.000    0.000   0.000   0.000   0.000   0.000   0.000    0.000    0.000      0.000    0.000   0.000    0.000     0.000    0.000      0.000   0.000
      4   0.000    0.000   0.000   0.000   0.000   0.000   0.000   0.000   0.000   0.000   0.000   0.000   0.000    0.000    0.000   0.000    0.000   0.000   0.000   0.000   0.000   0.000    0.000    0.000      0.000    0.000   0.000    0.000     0.000    0.000      0.000   0.000
      5   0.000    0.000   0.000   0.000   0.000   0.000   0.000   0.000   0.000   0.000   0.000   0.000   0.000    0.000    0.000   0.000    0.000   0.000   0.000   0.000   0.000   0.000    0.000    0.000      0.000    0.000   0.000    0.000     0.000    0.000      0.000   0.000
      6   0.000    0.000   0.000   0.000   0.000   0.000   0.000   0.000   0.000   0.000   0.000   0.000   0.000    0.000    0.000   0.000    0.000   0.000   0.000   0.000   0.000   0.000    0.000    0.000      0.000    0.000   0.000    0.000     0.000    0.000      0.000   0.000
      7   0.000    0.000   0.000   0.000   0.000   0.000   0.000   0.000   0.000   0.000   0.000   0.000   0.000    0.000    0.000   0.000    0.000   0.000   0.000   0.000   0.000   0.000    0.000    0.000      0.000    0.000   0.000    0.000     0.000    0.000      0.000   0.000
      8   0.000    0.000   0.000   0.000   0.000   0.000   0.000   0.000   0.000   0.000   0.000   0.000   0.000    0.000    0.000   0.000    0.000   0.000   0.000   0.000   0.000   0.000    0.000    0.000      0.000    0.000   0.000    0.000     0.000    0.000      0.000   0.000
      9   0.000    0.000   0.000   0.000   0.000   0.000   0.000   0.000   0.000   0.000   0.000   0.000   0.000    0.000    0.000   0.000    0.000   0.000   0.000   0.000   0.000   0.000    0.000    0.000      0.000    0.000   0.000    0.000     0.000    0.000      0.000   0.000
    Sum   0.012    0.001   0.009   0.000   0.000   0.000   0.000   0.000   0.000   0.000   0.000   0.000   0.000    0.003    0.000   0.000    0.000   0.000   0.000   0.000   0.000   0.000    0.000    0.000      0.000    0.000   0.000    0.000     0.000    0.000      0.000   0.012


Summary
------------------------------------------------------------------------------------------------------------------------------
                  dt  Flu_Adv  Gra_Adv  Src_Adv  Che_Adv       SF   FB_Adv    FixUp     Flag   Refine MPI_Grid   Output      Aux       LB CorrSync      Par -MPI_Par    libyt         Sum
    Time      0.0007   0.0091   0.0000   0.0000   0.0000   0.0000   0.0000   0.0000   0.0000   0.0000   0.0026   0.0198   0.0507   0.0008   0.0000   0.0000   0.0000   0.0000      0.0837
    Frac      0.854%  10.856%   0.000%   0.000%   0.000%   0.000%   0.000%   0.000%   0.000%   0.000%   3.119%  23.600%  60.538%   1.009%   0.000%   0.000%   0.000%   0.000%     99.975%

==============================================================================================================================
==============================================================================================================================



Time : 1.4143652e-02 -> 1.5231625e-02,     Step :       13 ->       14

Main Loop
------------------------------------------------------------------------------------------------------------------------------
       Total    Integration       Output    Auxiliary    LoadBalance       CorrSync          libyt            Sum
      0.1267         0.0191       0.0269       0.0721         0.0085         0.0000         0.0000         0.1267


Integration Loop
------------------------------------------------------------------------------------------------------------------------------
     Lv   Total       dt Flu_Adv Gra_Adv Src_Adv Che_Adv      SF  FB_Adv   FixUp    Flag  Refine Buf_Rho Buf_Pot Buf_Flu1 Buf_Flu2 Buf_Ref Buf_Flux Buf_Res Buf_Che  Par_KD   Par_K Par_K-1 Par_2Sib -MPI_Sib -MPI_FaSib Par_2Son    -MPI Par_Coll -MPI_Real -MPI_Sib -MPI_FaSib     Sum
      0   0.019    0.001   0.012   0.000   0.000   0.000   0.000   0.000   0.000   0.000   0.000   0.000   0.000    0.007    0.000   0.000    0.000   0.000   0.000   0.000   0.000   0.000    0.000    0.000      0.000    0.000   0.000    0.000     0.000    0.000      0.000   0.019
      1   0.000    0.000   0.000   0.000   0.000   0.000   0.000   0.000   0.000   0.000   0.000   0.000   0.000    0.000    0.000   0.000    0.000   0.000   0.000   0.000   0.000   0.000    0.000    0.000      0.000    0.000   0.000    0.000     0.000    0.000      0.000   0.000
      2   0.000    0.000   0.000   0.000   0.000   0.000   0.000   0.000   0.000   0.000   0.000   0.000   0.000    0.000    0.000   0.000    0.000   0.000   0.000   0.000   0.000   0.000    0.000    0.000      0.000    0.000   0.000    0.000     0.000    0.000      0.000   0.000
      3   0.000    0.000   0.000   0.000   0.000   0.000   0.000   0.000   0.000   0.000   0.000   0.000   0.000    0.000    0.000   0.000    0.000   0.000   0.000   0.000   0.000   0.000    0.000    0.000      0.000    0.000   0.000    0.000     0.000    0.000      0.000   0.000
      4   0.000    0.000   0.000   0.000   0.000   0.000   0.000   0.000   0.000   0.000   0.000   0.000   0.000    0.000    0.000   0.000    0.000   0.000   0.000   0.000   0.000   0.000    0.000    0.000      0.000    0.000   0.000    0.000     0.000    0.000      0.000   0.000
      5   0.000    0.000   0.000   0.000   0.000   0.000   0.000   0.000   0.000   0.000   0.000   0.000   0.000    0.000    0.000   0.000    0.000   0.000   0.000   0.000   0.000   0.000    0.000    0.000      0.000    0.000   0.000    0.000     0.000    0.000      0.000   0.000
      6   0.000    0.000   0.000   0.000   0.000   0.000   0.000   0.000   0.000   0.000   0.000   0.000   0.000    0.000    0.000   0.000    0.000   0.000   0.000   0.000   0.000   0.000    0.000    0.000      0.000    0.000   0.000    0.000     0.000    0.000      0.000   0.000
      7   0.000    0.000   0.000   0.000   0.000   0.000   0.000   0.000   0.000   0.000   0.000   0.000   0.000    0.000    0.000   0.000    0.000   0.000   0.000   0.000   0.000   0.000    0.000    0.000      0.000    0.000   0.000    0.000     0.000    0.000      0.000   0.000
      8   0.000    0.000   0.000   0.000   0.000   0.000   0.000   0.000   0.000   0.000   0.000   0.000   0.000    0.000    0.000   0.000    0.000   0.000   0.000   0.000   0.000   0.000    0.000    0.000      0.000    0.000   0.000    0.000     0.000    0.000      0.000   0.000
      9   0.000    0.000   0.000   0.000   0.000   0.000   0.000   0.000   0.000   0.000   0.000   0.000   0.000    0.000    0.000   0.000    0.000   0.000   0.000   0.000   0.000   0.000    0.000    0.000      0.000    0.000   0.000    0.000     0.000    0.000      0.000   0.000
    Sum   0.019    0.001   0.012   0.000   0.000   0.000   0.000   0.000   0.000   0.000   0.000   0.000   0.000    0.007    0.000   0.000    0.000   0.000   0.000   0.000   0.000   0.000    0.000    0.000      0.000    0.000   0.000    0.000     0.000    0.000      0.000   0.019


Summary
------------------------------------------------------------------------------------------------------------------------------
                  dt  Flu_Adv  Gra_Adv  Src_Adv  Che_Adv       SF   FB_Adv    FixUp     Flag   Refine MPI_Grid   Output      Aux       LB CorrSync      Par -MPI_Par    libyt         Sum
    Time      0.0007   0.0118   0.0000   0.0000   0.0000   0.0000   0.0000   0.0000   0.0000   0.0000   0.0067   0.0269   0.0721   0.0085   0.0000   0.0000   0.0000   0.0000      0.1267
    Frac      0.544%   9.299%   0.000%   0.000%   0.000%   0.000%   0.000%   0.000%   0.000%   0.000%   5.256%  21.269%  56.922%   6.693%   0.000%   0.000%   0.000%   0.000%     99.983%

==============================================================================================================================
==============================================================================================================================



Time : 1.5231625e-02 -> 1.6319599e-02,     Step :       14 ->       15

Main Loop
------------------------------------------------------------------------------------------------------------------------------
       Total    Integration       Output    Auxiliary    LoadBalance       CorrSync          libyt            Sum
      0.1182         0.0056       0.0423       0.0693         0.0009         0.0000         0.0000         0.1182


Integration Loop
------------------------------------------------------------------------------------------------------------------------------
     Lv   Total       dt Flu_Adv Gra_Adv Src_Adv Che_Adv      SF  FB_Adv   FixUp    Flag  Refine Buf_Rho Buf_Pot Buf_Flu1 Buf_Flu2 Buf_Ref Buf_Flux Buf_Res Buf_Che  Par_KD   Par_K Par_K-1 Par_2Sib -MPI_Sib -MPI_FaSib Par_2Son    -MPI Par_Coll -MPI_Real -MPI_Sib -MPI_FaSib     Sum
      0   0.006    0.001   0.002   0.000   0.000   0.000   0.000   0.000   0.000   0.000   0.000   0.000   0.000    0.003    0.000   0.000    0.000   0.000   0.000   0.000   0.000   0.000    0.000    0.000      0.000    0.000   0.000    0.000     0.000    0.000      0.000   0.006
      1   0.000    0.000   0.000   0.000   0.000   0.000   0.000   0.000   0.000   0.000   0.000   0.000   0.000    0.000    0.000   0.000    0.000   0.000   0.000   0.000   0.000   0.000    0.000    0.000      0.000    0.000   0.000    0.000     0.000    0.000      0.000   0.000
      2   0.000    0.000   0.000   0.000   0.000   0.000   0.000   0.000   0.000   0.000   0.000   0.000   0.000    0.000    0.000   0.000    0.000   0.000   0.000   0.000   0.000   0.000    0.000    0.000      0.000    0.000   0.000    0.000     0.000    0.000      0.000   0.000
      3   0.000    0.000   0.000   0.000   0.000   0.000   0.000   0.000   0.000   0.000   0.000   0.000   0.000    0.000    0.000   0.000    0.000   0.000   0.000   0.000   0.000   0.000    0.000    0.000      0.000    0.000   0.000    0.000     0.000    0.000      0.000   0.000
      4   0.000    0.000   0.000   0.000   0.000   0.000   0.000   0.000   0.000   0.000   0.000   0.000   0.000    0.000    0.000   0.000    0.000   0.000   0.000   0.000   0.000   0.000    0.000    0.000      0.000    0.000   0.000    0.000     0.000    0.000      0.000   0.000
      5   0.000    0.000   0.000   0.000   0.000   0.000   0.000   0.000   0.000   0.000   0.000   0.000   0.000    0.000    0.000   0.000    0.000   0.000   0.000   0.000   0.000   0.000    0.000    0.000      0.000    0.000   0.000    0.000     0.000    0.000      0.000   0.000
      6   0.000    0.000   0.000   0.000   0.000   0.000   0.000   0.000   0.000   0.000   0.000   0.000   0.000    0.000    0.000   0.000    0.000   0.000   0.000   0.000   0.000   0.000    0.000    0.000      0.000    0.000   0.000    0.000     0.000    0.000      0.000   0.000
      7   0.000    0.000   0.000   0.000   0.000   0.000   0.000   0.000   0.000   0.000   0.000   0.000   0.000    0.000    0.000   0.000    0.000   0.000   0.000   0.000   0.000   0.000    0.000    0.000      0.000    0.000   0.000    0.000     0.000    0.000      0.000   0.000
      8   0.000    0.000   0.000   0.000   0.000   0.000   0.000   0.000   0.000   0.000   0.000   0.000   0.000    0.000    0.000   0.000    0.000   0.000   0.000   0.000   0.000   0.000    0.000    0.000      0.000    0.000   0.000    0.000     0.000    0.000      0.000   0.000
      9   0.000    0.000   0.000   0.000   0.000   0.000   0.000   0.000   0.000   0.000   0.000   0.000   0.000    0.000    0.000   0.000    0.000   0.000   0.000   0.000   0.000   0.000    0.000    0.000      0.000    0.000   0.000    0.000     0.000    0.000      0.000   0.000
    Sum   0.006    0.001   0.002   0.000   0.000   0.000   0.000   0.000   0.000   0.000   0.000   0.000   0.000    0.003    0.000   0.000    0.000   0.000   0.000   0.000   0.000   0.000    0.000    0.000      0.000    0.000   0.000    0.000     0.000    0.000      0.000   0.006


Summary
------------------------------------------------------------------------------------------------------------------------------
                  dt  Flu_Adv  Gra_Adv  Src_Adv  Che_Adv       SF   FB_Adv    FixUp     Flag   Refine MPI_Grid   Output      Aux       LB CorrSync      Par -MPI_Par    libyt         Sum
    Time      0.0007   0.0022   0.0000   0.0000   0.0000   0.0000   0.0000   0.0000   0.0000   0.0000   0.0027   0.0423   0.0693   0.0009   0.0000   0.0000   0.0000   0.0000      0.1182
    Frac      0.597%   1.882%   0.000%   0.000%   0.000%   0.000%   0.000%   0.000%   0.000%   0.000%   2.268%  35.782%  58.661%   0.794%   0.000%   0.000%   0.000%   0.000%     99.985%

==============================================================================================================================
==============================================================================================================================



Time : 1.6319599e-02 -> 1.7407572e-02,     Step :       15 ->       16

Main Loop
------------------------------------------------------------------------------------------------------------------------------
       Total    Integration       Output    Auxiliary    LoadBalance       CorrSync          libyt            Sum
      0.1359         0.0141       0.0397       0.0811         0.0009         0.0000         0.0000         0.1358


Integration Loop
------------------------------------------------------------------------------------------------------------------------------
     Lv   Total       dt Flu_Adv Gra_Adv Src_Adv Che_Adv      SF  FB_Adv   FixUp    Flag  Refine Buf_Rho Buf_Pot Buf_Flu1 Buf_Flu2 Buf_Ref Buf_Flux Buf_Res Buf_Che  Par_KD   Par_K Par_K-1 Par_2Sib -MPI_Sib -MPI_FaSib Par_2Son    -MPI Par_Coll -MPI_Real -MPI_Sib -MPI_FaSib     Sum
      0   0.014    0.001   0.010   0.000   0.000   0.000   0.000   0.000   0.000   0.000   0.000   0.000   0.000    0.003    0.000   0.000    0.000   0.000   0.000   0.000   0.000   0.000    0.000    0.000      0.000    0.000   0.000    0.000     0.000    0.000      0.000   0.014
      1   0.000    0.000   0.000   0.000   0.000   0.000   0.000   0.000   0.000   0.000   0.000   0.000   0.000    0.000    0.000   0.000    0.000   0.000   0.000   0.000   0.000   0.000    0.000    0.000      0.000    0.000   0.000    0.000     0.000    0.000      0.000   0.000
      2   0.000    0.000   0.000   0.000   0.000   0.000   0.000   0.000   0.000   0.000   0.000   0.000   0.000    0.000    0.000   0.000    0.000   0.000   0.000   0.000   0.000   0.000    0.000    0.000      0.000    0.000   0.000    0.000     0.000    0.000      0.000   0.000
      3   0.000    0.000   0.000   0.000   0.000   0.000   0.000   0.000   0.000   0.000   0.000   0.000   0.000    0.000    0.000   0.000    0.000   0.000   0.000   0.000   0.000   0.000    0.000    0.000      0.000    0.000   0.000    0.000     0.000    0.000      0.000   0.000
      4   0.000    0.000   0.000   0.000   0.000   0.000   0.000   0.000   0.000   0.000   0.000   0.000   0.000    0.000    0.000   0.000    0.000   0.000   0.000   0.000   0.000   0.000    0.000    0.000      0.000    0.000   0.000    0.000     0.000    0.000      0.000   0.000
      5   0.000    0.000   0.000   0.000   0.000   0.000   0.000   0.000   0.000   0.000   0.000   0.000   0.000    0.000    0.000   0.000    0.000   0.000   0.000   0.000   0.000   0.000    0.000    0.000      0.000    0.000   0.000    0.000     0.000    0.000      0.000   0.000
      6   0.000    0.000   0.000   0.000   0.000   0.000   0.000   0.000   0.000   0.000   0.000   0.000   0.000    0.000    0.000   0.000    0.000   0.000   0.000   0.000   0.000   0.000    0.000    0.000      0.000    0.000   0.000    0.000     0.000    0.000      0.000   0.000
      7   0.000    0.000   0.000   0.000   0.000   0.000   0.000   0.000   0.000   0.000   0.000   0.000   0.000    0.000    0.000   0.000    0.000   0.000   0.000   0.000   0.000   0.000    0.000    0.000      0.000    0.000   0.000    0.000     0.000    0.000      0.000   0.000
      8   0.000    0.000   0.000   0.000   0.000   0.000   0.000   0.000   0.000   0.000   0.000   0.000   0.000    0.000    0.000   0.000    0.000   0.000   0.000   0.000   0.000   0.000    0.000    0.000      0.000    0.000   0.000    0.000     0.000    0.000      0.000   0.000
      9   0.000    0.000   0.000   0.000   0.000   0.000   0.000   0.000   0.000   0.000   0.000   0.000   0.000    0.000    0.000   0.000    0.000   0.000   0.000   0.000   0.000   0.000    0.000    0.000      0.000    0.000   0.000    0.000     0.000    0.000      0.000   0.000
    Sum   0.014    0.001   0.010   0.000   0.000   0.000   0.000   0.000   0.000   0.000   0.000   0.000   0.000    0.003    0.000   0.000    0.000   0.000   0.000   0.000   0.000   0.000    0.000    0.000      0.000    0.000   0.000    0.000     0.000    0.000      0.000   0.014


Summary
------------------------------------------------------------------------------------------------------------------------------
                  dt  Flu_Adv  Gra_Adv  Src_Adv  Che_Adv       SF   FB_Adv    FixUp     Flag   Refine MPI_Grid   Output      Aux       LB CorrSync      Par -MPI_Par    libyt         Sum
    Time      0.0007   0.0097   0.0000   0.0000   0.0000   0.0000   0.0000   0.0000   0.0003   0.0004   0.0031   0.0397   0.0811   0.0009   0.0000   0.0000   0.0000   0.0000      0.1358
    Frac      0.517%   7.116%   0.000%   0.000%   0.000%   0.000%   0.000%   0.000%   0.214%   0.262%   2.274%  29.247%  59.665%   0.695%   0.000%   0.000%   0.000%   0.000%     99.989%

==============================================================================================================================
==============================================================================================================================



Time : 1.7407572e-02 -> 1.8495545e-02,     Step :       16 ->       17

Main Loop
------------------------------------------------------------------------------------------------------------------------------
       Total    Integration       Output    Auxiliary    LoadBalance       CorrSync          libyt            Sum
      0.1672         0.0126       0.0428       0.1107         0.0010         0.0000         0.0000         0.1671


Integration Loop
------------------------------------------------------------------------------------------------------------------------------
     Lv   Total       dt Flu_Adv Gra_Adv Src_Adv Che_Adv      SF  FB_Adv   FixUp    Flag  Refine Buf_Rho Buf_Pot Buf_Flu1 Buf_Flu2 Buf_Ref Buf_Flux Buf_Res Buf_Che  Par_KD   Par_K Par_K-1 Par_2Sib -MPI_Sib -MPI_FaSib Par_2Son    -MPI Par_Coll -MPI_Real -MPI_Sib -MPI_FaSib     Sum
      0   0.013    0.001   0.009   0.000   0.000   0.000   0.000   0.000   0.000   0.000   0.000   0.000   0.000    0.003    0.000   0.000    0.000   0.000   0.000   0.000   0.000   0.000    0.000    0.000      0.000    0.000   0.000    0.000     0.000    0.000      0.000   0.013
      1   0.000    0.000   0.000   0.000   0.000   0.000   0.000   0.000   0.000   0.000   0.000   0.000   0.000    0.000    0.000   0.000    0.000   0.000   0.000   0.000   0.000   0.000    0.000    0.000      0.000    0.000   0.000    0.000     0.000    0.000      0.000   0.000
      2   0.000    0.000   0.000   0.000   0.000   0.000   0.000   0.000   0.000   0.000   0.000   0.000   0.000    0.000    0.000   0.000    0.000   0.000   0.000   0.000   0.000   0.000    0.000    0.000      0.000    0.000   0.000    0.000     0.000    0.000      0.000   0.000
      3   0.000    0.000   0.000   0.000   0.000   0.000   0.000   0.000   0.000   0.000   0.000   0.000   0.000    0.000    0.000   0.000    0.000   0.000   0.000   0.000   0.000   0.000    0.000    0.000      0.000    0.000   0.000    0.000     0.000    0.000      0.000   0.000
      4   0.000    0.000   0.000   0.000   0.000   0.000   0.000   0.000   0.000   0.000   0.000   0.000   0.000    0.000    0.000   0.000    0.000   0.000   0.000   0.000   0.000   0.000    0.000    0.000      0.000    0.000   0.000    0.000     0.000    0.000      0.000   0.000
      5   0.000    0.000   0.000   0.000   0.000   0.000   0.000   0.000   0.000   0.000   0.000   0.000   0.000    0.000    0.000   0.000    0.000   0.000   0.000   0.000   0.000   0.000    0.000    0.000      0.000    0.000   0.000    0.000     0.000    0.000      0.000   0.000
      6   0.000    0.000   0.000   0.000   0.000   0.000   0.000   0.000   0.000   0.000   0.000   0.000   0.000    0.000    0.000   0.000    0.000   0.000   0.000   0.000   0.000   0.000    0.000    0.000      0.000    0.000   0.000    0.000     0.000    0.000      0.000   0.000
      7   0.000    0.000   0.000   0.000   0.000   0.000   0.000   0.000   0.000   0.000   0.000   0.000   0.000    0.000    0.000   0.000    0.000   0.000   0.000   0.000   0.000   0.000    0.000    0.000      0.000    0.000   0.000    0.000     0.000    0.000      0.000   0.000
      8   0.000    0.000   0.000   0.000   0.000   0.000   0.000   0.000   0.000   0.000   0.000   0.000   0.000    0.000    0.000   0.000    0.000   0.000   0.000   0.000   0.000   0.000    0.000    0.000      0.000    0.000   0.000    0.000     0.000    0.000      0.000   0.000
      9   0.000    0.000   0.000   0.000   0.000   0.000   0.000   0.000   0.000   0.000   0.000   0.000   0.000    0.000    0.000   0.000    0.000   0.000   0.000   0.000   0.000   0.000    0.000    0.000      0.000    0.000   0.000    0.000     0.000    0.000      0.000   0.000
    Sum   0.013    0.001   0.009   0.000   0.000   0.000   0.000   0.000   0.000   0.000   0.000   0.000   0.000    0.003    0.000   0.000    0.000   0.000   0.000   0.000   0.000   0.000    0.000    0.000      0.000    0.000   0.000    0.000     0.000    0.000      0.000   0.013


Summary
------------------------------------------------------------------------------------------------------------------------------
                  dt  Flu_Adv  Gra_Adv  Src_Adv  Che_Adv       SF   FB_Adv    FixUp     Flag   Refine MPI_Grid   Output      Aux       LB CorrSync      Par -MPI_Par    libyt         Sum
    Time      0.0007   0.0090   0.0000   0.0000   0.0000   0.0000   0.0000   0.0000   0.0000   0.0000   0.0029   0.0428   0.1107   0.0010   0.0000   0.0000   0.0000   0.0000      0.1671
    Frac      0.406%   5.364%   0.000%   0.000%   0.000%   0.000%   0.000%   0.000%   0.000%   0.000%   1.747%  25.614%  66.242%   0.615%   0.000%   0.000%   0.000%   0.000%     99.989%

==============================================================================================================================
==============================================================================================================================



Time : 1.8495545e-02 -> 1.9583518e-02,     Step :       17 ->       18

Main Loop
------------------------------------------------------------------------------------------------------------------------------
       Total    Integration       Output    Auxiliary    LoadBalance       CorrSync          libyt            Sum
      0.1470         0.0163       0.0397       0.0902         0.0008         0.0000         0.0000         0.1470


Integration Loop
------------------------------------------------------------------------------------------------------------------------------
     Lv   Total       dt Flu_Adv Gra_Adv Src_Adv Che_Adv      SF  FB_Adv   FixUp    Flag  Refine Buf_Rho Buf_Pot Buf_Flu1 Buf_Flu2 Buf_Ref Buf_Flux Buf_Res Buf_Che  Par_KD   Par_K Par_K-1 Par_2Sib -MPI_Sib -MPI_FaSib Par_2Son    -MPI Par_Coll -MPI_Real -MPI_Sib -MPI_FaSib     Sum
      0   0.016    0.001   0.013   0.000   0.000   0.000   0.000   0.000   0.000   0.000   0.000   0.000   0.000    0.003    0.000   0.000    0.000   0.000   0.000   0.000   0.000   0.000    0.000    0.000      0.000    0.000   0.000    0.000     0.000    0.000      0.000   0.016
      1   0.000    0.000   0.000   0.000   0.000   0.000   0.000   0.000   0.000   0.000   0.000   0.000   0.000    0.000    0.000   0.000    0.000   0.000   0.000   0.000   0.000   0.000    0.000    0.000      0.000    0.000   0.000    0.000     0.000    0.000      0.000   0.000
      2   0.000    0.000   0.000   0.000   0.000   0.000   0.000   0.000   0.000   0.000   0.000   0.000   0.000    0.000    0.000   0.000    0.000   0.000   0.000   0.000   0.000   0.000    0.000    0.000      0.000    0.000   0.000    0.000     0.000    0.000      0.000   0.000
      3   0.000    0.000   0.000   0.000   0.000   0.000   0.000   0.000   0.000   0.000   0.000   0.000   0.000    0.000    0.000   0.000    0.000   0.000   0.000   0.000   0.000   0.000    0.000    0.000      0.000    0.000   0.000    0.000     0.000    0.000      0.000   0.000
      4   0.000    0.000   0.000   0.000   0.000   0.000   0.000   0.000   0.000   0.000   0.000   0.000   0.000    0.000    0.000   0.000    0.000   0.000   0.000   0.000   0.000   0.000    0.000    0.000      0.000    0.000   0.000    0.000     0.000    0.000      0.000   0.000
      5   0.000    0.000   0.000   0.000   0.000   0.000   0.000   0.000   0.000   0.000   0.000   0.000   0.000    0.000    0.000   0.000    0.000   0.000   0.000   0.000   0.000   0.000    0.000    0.000      0.000    0.000   0.000    0.000     0.000    0.000      0.000   0.000
      6   0.000    0.000   0.000   0.000   0.000   0.000   0.000   0.000   0.000   0.000   0.000   0.000   0.000    0.000    0.000   0.000    0.000   0.000   0.000   0.000   0.000   0.000    0.000    0.000      0.000    0.000   0.000    0.000     0.000    0.000      0.000   0.000
      7   0.000    0.000   0.000   0.000   0.000   0.000   0.000   0.000   0.000   0.000   0.000   0.000   0.000    0.000    0.000   0.000    0.000   0.000   0.000   0.000   0.000   0.000    0.000    0.000      0.000    0.000   0.000    0.000     0.000    0.000      0.000   0.000
      8   0.000    0.000   0.000   0.000   0.000   0.000   0.000   0.000   0.000   0.000   0.000   0.000   0.000    0.000    0.000   0.000    0.000   0.000   0.000   0.000   0.000   0.000    0.000    0.000      0.000    0.000   0.000    0.000     0.000    0.000      0.000   0.000
      9   0.000    0.000   0.000   0.000   0.000   0.000   0.000   0.000   0.000   0.000   0.000   0.000   0.000    0.000    0.000   0.000    0.000   0.000   0.000   0.000   0.000   0.000    0.000    0.000      0.000    0.000   0.000    0.000     0.000    0.000      0.000   0.000
    Sum   0.016    0.001   0.013   0.000   0.000   0.000   0.000   0.000   0.000   0.000   0.000   0.000   0.000    0.003    0.000   0.000    0.000   0.000   0.000   0.000   0.000   0.000    0.000    0.000      0.000    0.000   0.000    0.000     0.000    0.000      0.000   0.016


Summary
------------------------------------------------------------------------------------------------------------------------------
                  dt  Flu_Adv  Gra_Adv  Src_Adv  Che_Adv       SF   FB_Adv    FixUp     Flag   Refine MPI_Grid   Output      Aux       LB CorrSync      Par -MPI_Par    libyt         Sum
    Time      0.0007   0.0130   0.0000   0.0000   0.0000   0.0000   0.0000   0.0000   0.0000   0.0000   0.0026   0.0397   0.0902   0.0008   0.0000   0.0000   0.0000   0.0000      0.1470
    Frac      0.481%   8.834%   0.000%   0.000%   0.000%   0.000%   0.000%   0.000%   0.000%   0.000%   1.794%  27.005%  61.333%   0.541%   0.000%   0.000%   0.000%   0.000%     99.988%

==============================================================================================================================
==============================================================================================================================



Time : 1.9583518e-02 -> 2.0671492e-02,     Step :       18 ->       19

Main Loop
------------------------------------------------------------------------------------------------------------------------------
       Total    Integration       Output    Auxiliary    LoadBalance       CorrSync          libyt            Sum
      0.1002         0.0179       0.0250       0.0560         0.0013         0.0000         0.0000         0.1002


Integration Loop
------------------------------------------------------------------------------------------------------------------------------
     Lv   Total       dt Flu_Adv Gra_Adv Src_Adv Che_Adv      SF  FB_Adv   FixUp    Flag  Refine Buf_Rho Buf_Pot Buf_Flu1 Buf_Flu2 Buf_Ref Buf_Flux Buf_Res Buf_Che  Par_KD   Par_K Par_K-1 Par_2Sib -MPI_Sib -MPI_FaSib Par_2Son    -MPI Par_Coll -MPI_Real -MPI_Sib -MPI_FaSib     Sum
      0   0.018    0.001   0.014   0.000   0.000   0.000   0.000   0.000   0.000   0.000   0.000   0.000   0.000    0.003    0.000   0.000    0.000   0.000   0.000   0.000   0.000   0.000    0.000    0.000      0.000    0.000   0.000    0.000     0.000    0.000      0.000   0.018
      1   0.000    0.000   0.000   0.000   0.000   0.000   0.000   0.000   0.000   0.000   0.000   0.000   0.000    0.000    0.000   0.000    0.000   0.000   0.000   0.000   0.000   0.000    0.000    0.000      0.000    0.000   0.000    0.000     0.000    0.000      0.000   0.000
      2   0.000    0.000   0.000   0.000   0.000   0.000   0.000   0.000   0.000   0.000   0.000   0.000   0.000    0.000    0.000   0.000    0.000   0.000   0.000   0.000   0.000   0.000    0.000    0.000      0.000    0.000   0.000    0.000     0.000    0.000      0.000   0.000
      3   0.000    0.000   0.000   0.000   0.000   0.000   0.000   0.000   0.000   0.000   0.000   0.000   0.000    0.000    0.000   0.000    0.000   0.000   0.000   0.000   0.000   0.000    0.000    0.000      0.000    0.000   0.000    0.000     0.000    0.000      0.000   0.000
      4   0.000    0.000   0.000   0.000   0.000   0.000   0.000   0.000   0.000   0.000   0.000   0.000   0.000    0.000    0.000   0.000    0.000   0.000   0.000   0.000   0.000   0.000    0.000    0.000      0.000    0.000   0.000    0.000     0.000    0.000      0.000   0.000
      5   0.000    0.000   0.000   0.000   0.000   0.000   0.000   0.000   0.000   0.000   0.000   0.000   0.000    0.000    0.000   0.000    0.000   0.000   0.000   0.000   0.000   0.000    0.000    0.000      0.000    0.000   0.000    0.000     0.000    0.000      0.000   0.000
      6   0.000    0.000   0.000   0.000   0.000   0.000   0.000   0.000   0.000   0.000   0.000   0.000   0.000    0.000    0.000   0.000    0.000   0.000   0.000   0.000   0.000   0.000    0.000    0.000      0.000    0.000   0.000    0.000     0.000    0.000      0.000   0.000
      7   0.000    0.000   0.000   0.000   0.000   0.000   0.000   0.000   0.000   0.000   0.000   0.000   0.000    0.000    0.000   0.000    0.000   0.000   0.000   0.000   0.000   0.000    0.000    0.000      0.000    0.000   0.000    0.000     0.000    0.000      0.000   0.000
      8   0.000    0.000   0.000   0.000   0.000   0.000   0.000   0.000   0.000   0.000   0.000   0.000   0.000    0.000    0.000   0.000    0.000   0.000   0.000   0.000   0.000   0.000    0.000    0.000      0.000    0.000   0.000    0.000     0.000    0.000      0.000   0.000
      9   0.000    0.000   0.000   0.000   0.000   0.000   0.000   0.000   0.000   0.000   0.000   0.000   0.000    0.000    0.000   0.000    0.000   0.000   0.000   0.000   0.000   0.000    0.000    0.000      0.000    0.000   0.000    0.000     0.000    0.000      0.000   0.000
    Sum   0.018    0.001   0.014   0.000   0.000   0.000   0.000   0.000   0.000   0.000   0.000   0.000   0.000    0.003    0.000   0.000    0.000   0.000   0.000   0.000   0.000   0.000    0.000    0.000      0.000    0.000   0.000    0.000     0.000    0.000      0.000   0.018


Summary
------------------------------------------------------------------------------------------------------------------------------
                  dt  Flu_Adv  Gra_Adv  Src_Adv  Che_Adv       SF   FB_Adv    FixUp     Flag   Refine MPI_Grid   Output      Aux       LB CorrSync      Par -MPI_Par    libyt         Sum
    Time      0.0008   0.0145   0.0000   0.0000   0.0000   0.0000   0.0000   0.0000   0.0000   0.0000   0.0026   0.0250   0.0560   0.0013   0.0000   0.0000   0.0000   0.0000      0.1002
    Frac      0.816%  14.425%   0.000%   0.000%   0.000%   0.000%   0.000%   0.000%   0.000%   0.000%   2.571%  24.965%  55.898%   1.306%   0.000%   0.000%   0.000%   0.000%     99.982%

==============================================================================================================================
==============================================================================================================================



Time : 2.0671492e-02 -> 2.1759465e-02,     Step :       19 ->       20

Main Loop
------------------------------------------------------------------------------------------------------------------------------
       Total    Integration       Output    Auxiliary    LoadBalance       CorrSync          libyt            Sum
      0.0835         0.0054       0.0249       0.0521         0.0010         0.0000         0.0000         0.0835


Integration Loop
------------------------------------------------------------------------------------------------------------------------------
     Lv   Total       dt Flu_Adv Gra_Adv Src_Adv Che_Adv      SF  FB_Adv   FixUp    Flag  Refine Buf_Rho Buf_Pot Buf_Flu1 Buf_Flu2 Buf_Ref Buf_Flux Buf_Res Buf_Che  Par_KD   Par_K Par_K-1 Par_2Sib -MPI_Sib -MPI_FaSib Par_2Son    -MPI Par_Coll -MPI_Real -MPI_Sib -MPI_FaSib     Sum
      0   0.005    0.001   0.002   0.000   0.000   0.000   0.000   0.000   0.000   0.000   0.000   0.000   0.000    0.002    0.000   0.000    0.000   0.000   0.000   0.000   0.000   0.000    0.000    0.000      0.000    0.000   0.000    0.000     0.000    0.000      0.000   0.005
      1   0.000    0.000   0.000   0.000   0.000   0.000   0.000   0.000   0.000   0.000   0.000   0.000   0.000    0.000    0.000   0.000    0.000   0.000   0.000   0.000   0.000   0.000    0.000    0.000      0.000    0.000   0.000    0.000     0.000    0.000      0.000   0.000
      2   0.000    0.000   0.000   0.000   0.000   0.000   0.000   0.000   0.000   0.000   0.000   0.000   0.000    0.000    0.000   0.000    0.000   0.000   0.000   0.000   0.000   0.000    0.000    0.000      0.000    0.000   0.000    0.000     0.000    0.000      0.000   0.000
      3   0.000    0.000   0.000   0.000   0.000   0.000   0.000   0.000   0.000   0.000   0.000   0.000   0.000    0.000    0.000   0.000    0.000   0.000   0.000   0.000   0.000   0.000    0.000    0.000      0.000    0.000   0.000    0.000     0.000    0.000      0.000   0.000
      4   0.000    0.000   0.000   0.000   0.000   0.000   0.000   0.000   0.000   0.000   0.000   0.000   0.000    0.000    0.000   0.000    0.000   0.000   0.000   0.000   0.000   0.000    0.000    0.000      0.000    0.000   0.000    0.000     0.000    0.000      0.000   0.000
      5   0.000    0.000   0.000   0.000   0.000   0.000   0.000   0.000   0.000   0.000   0.000   0.000   0.000    0.000    0.000   0.000    0.000   0.000   0.000   0.000   0.000   0.000    0.000    0.000      0.000    0.000   0.000    0.000     0.000    0.000      0.000   0.000
      6   0.000    0.000   0.000   0.000   0.000   0.000   0.000   0.000   0.000   0.000   0.000   0.000   0.000    0.000    0.000   0.000    0.000   0.000   0.000   0.000   0.000   0.000    0.000    0.000      0.000    0.000   0.000    0.000     0.000    0.000      0.000   0.000
      7   0.000    0.000   0.000   0.000   0.000   0.000   0.000   0.000   0.000   0.000   0.000   0.000   0.000    0.000    0.000   0.000    0.000   0.000   0.000   0.000   0.000   0.000    0.000    0.000      0.000    0.000   0.000    0.000     0.000    0.000      0.000   0.000
      8   0.000    0.000   0.000   0.000   0.000   0.000   0.000   0.000   0.000   0.000   0.000   0.000   0.000    0.000    0.000   0.000    0.000   0.000   0.000   0.000   0.000   0.000    0.000    0.000      0.000    0.000   0.000    0.000     0.000    0.000      0.000   0.000
      9   0.000    0.000   0.000   0.000   0.000   0.000   0.000   0.000   0.000   0.000   0.000   0.000   0.000    0.000    0.000   0.000    0.000   0.000   0.000   0.000   0.000   0.000    0.000    0.000      0.000    0.000   0.000    0.000     0.000    0.000      0.000   0.000
    Sum   0.005    0.001   0.002   0.000   0.000   0.000   0.000   0.000   0.000   0.000   0.000   0.000   0.000    0.002    0.000   0.000    0.000   0.000   0.000   0.000   0.000   0.000    0.000    0.000      0.000    0.000   0.000    0.000     0.000    0.000      0.000   0.005


Summary
------------------------------------------------------------------------------------------------------------------------------
                  dt  Flu_Adv  Gra_Adv  Src_Adv  Che_Adv       SF   FB_Adv    FixUp     Flag   Refine MPI_Grid   Output      Aux       LB CorrSync      Par -MPI_Par    libyt         Sum
    Time      0.0006   0.0015   0.0000   0.0000   0.0000   0.0000   0.0000   0.0000   0.0003   0.0004   0.0026   0.0249   0.0521   0.0010   0.0000   0.0000   0.0000   0.0000      0.0835
    Frac      0.750%   1.820%   0.000%   0.000%   0.000%   0.000%   0.000%   0.000%   0.316%   0.472%   3.102%  29.882%  62.403%   1.234%   0.000%   0.000%   0.000%   0.000%     99.978%

==============================================================================================================================
==============================================================================================================================



Time : 2.1759465e-02 -> 2.2847438e-02,     Step :       20 ->       21

Main Loop
------------------------------------------------------------------------------------------------------------------------------
       Total    Integration       Output    Auxiliary    LoadBalance       CorrSync          libyt            Sum
      0.1336         0.0058       0.0355       0.0914         0.0009         0.0000         0.0000         0.1336


Integration Loop
------------------------------------------------------------------------------------------------------------------------------
     Lv   Total       dt Flu_Adv Gra_Adv Src_Adv Che_Adv      SF  FB_Adv   FixUp    Flag  Refine Buf_Rho Buf_Pot Buf_Flu1 Buf_Flu2 Buf_Ref Buf_Flux Buf_Res Buf_Che  Par_KD   Par_K Par_K-1 Par_2Sib -MPI_Sib -MPI_FaSib Par_2Son    -MPI Par_Coll -MPI_Real -MPI_Sib -MPI_FaSib     Sum
      0   0.006    0.001   0.002   0.000   0.000   0.000   0.000   0.000   0.000   0.000   0.000   0.000   0.000    0.003    0.000   0.000    0.000   0.000   0.000   0.000   0.000   0.000    0.000    0.000      0.000    0.000   0.000    0.000     0.000    0.000      0.000   0.006
      1   0.000    0.000   0.000   0.000   0.000   0.000   0.000   0.000   0.000   0.000   0.000   0.000   0.000    0.000    0.000   0.000    0.000   0.000   0.000   0.000   0.000   0.000    0.000    0.000      0.000    0.000   0.000    0.000     0.000    0.000      0.000   0.000
      2   0.000    0.000   0.000   0.000   0.000   0.000   0.000   0.000   0.000   0.000   0.000   0.000   0.000    0.000    0.000   0.000    0.000   0.000   0.000   0.000   0.000   0.000    0.000    0.000      0.000    0.000   0.000    0.000     0.000    0.000      0.000   0.000
      3   0.000    0.000   0.000   0.000   0.000   0.000   0.000   0.000   0.000   0.000   0.000   0.000   0.000    0.000    0.000   0.000    0.000   0.000   0.000   0.000   0.000   0.000    0.000    0.000      0.000    0.000   0.000    0.000     0.000    0.000      0.000   0.000
      4   0.000    0.000   0.000   0.000   0.000   0.000   0.000   0.000   0.000   0.000   0.000   0.000   0.000    0.000    0.000   0.000    0.000   0.000   0.000   0.000   0.000   0.000    0.000    0.000      0.000    0.000   0.000    0.000     0.000    0.000      0.000   0.000
      5   0.000    0.000   0.000   0.000   0.000   0.000   0.000   0.000   0.000   0.000   0.000   0.000   0.000    0.000    0.000   0.000    0.000   0.000   0.000   0.000   0.000   0.000    0.000    0.000      0.000    0.000   0.000    0.000     0.000    0.000      0.000   0.000
      6   0.000    0.000   0.000   0.000   0.000   0.000   0.000   0.000   0.000   0.000   0.000   0.000   0.000    0.000    0.000   0.000    0.000   0.000   0.000   0.000   0.000   0.000    0.000    0.000      0.000    0.000   0.000    0.000     0.000    0.000      0.000   0.000
      7   0.000    0.000   0.000   0.000   0.000   0.000   0.000   0.000   0.000   0.000   0.000   0.000   0.000    0.000    0.000   0.000    0.000   0.000   0.000   0.000   0.000   0.000    0.000    0.000      0.000    0.000   0.000    0.000     0.000    0.000      0.000   0.000
      8   0.000    0.000   0.000   0.000   0.000   0.000   0.000   0.000   0.000   0.000   0.000   0.000   0.000    0.000    0.000   0.000    0.000   0.000   0.000   0.000   0.000   0.000    0.000    0.000      0.000    0.000   0.000    0.000     0.000    0.000      0.000   0.000
      9   0.000    0.000   0.000   0.000   0.000   0.000   0.000   0.000   0.000   0.000   0.000   0.000   0.000    0.000    0.000   0.000    0.000   0.000   0.000   0.000   0.000   0.000    0.000    0.000      0.000    0.000   0.000    0.000     0.000    0.000      0.000   0.000
    Sum   0.006    0.001   0.002   0.000   0.000   0.000   0.000   0.000   0.000   0.000   0.000   0.000   0.000    0.003    0.000   0.000    0.000   0.000   0.000   0.000   0.000   0.000    0.000    0.000      0.000    0.000   0.000    0.000     0.000    0.000      0.000   0.006


Summary
------------------------------------------------------------------------------------------------------------------------------
                  dt  Flu_Adv  Gra_Adv  Src_Adv  Che_Adv       SF   FB_Adv    FixUp     Flag   Refine MPI_Grid   Output      Aux       LB CorrSync      Par -MPI_Par    libyt         Sum
    Time      0.0009   0.0021   0.0000   0.0000   0.0000   0.0000   0.0000   0.0000   0.0000   0.0000   0.0028   0.0355   0.0914   0.0009   0.0000   0.0000   0.0000   0.0000      0.1336
    Frac      0.684%   1.590%   0.000%   0.000%   0.000%   0.000%   0.000%   0.000%   0.000%   0.000%   2.093%  26.540%  68.432%   0.647%   0.000%   0.000%   0.000%   0.000%     99.987%

==============================================================================================================================
==============================================================================================================================



Time : 2.2847438e-02 -> 2.3935411e-02,     Step :       21 ->       22

Main Loop
------------------------------------------------------------------------------------------------------------------------------
       Total    Integration       Output    Auxiliary    LoadBalance       CorrSync          libyt            Sum
      0.1007         0.0186       0.0209       0.0602         0.0009         0.0000         0.0000         0.1007


Integration Loop
------------------------------------------------------------------------------------------------------------------------------
     Lv   Total       dt Flu_Adv Gra_Adv Src_Adv Che_Adv      SF  FB_Adv   FixUp    Flag  Refine Buf_Rho Buf_Pot Buf_Flu1 Buf_Flu2 Buf_Ref Buf_Flux Buf_Res Buf_Che  Par_KD   Par_K Par_K-1 Par_2Sib -MPI_Sib -MPI_FaSib Par_2Son    -MPI Par_Coll -MPI_Real -MPI_Sib -MPI_FaSib     Sum
      0   0.019    0.001   0.009   0.000   0.000   0.000   0.000   0.000   0.000   0.000   0.000   0.000   0.000    0.009    0.000   0.000    0.000   0.000   0.000   0.000   0.000   0.000    0.000    0.000      0.000    0.000   0.000    0.000     0.000    0.000      0.000   0.019
      1   0.000    0.000   0.000   0.000   0.000   0.000   0.000   0.000   0.000   0.000   0.000   0.000   0.000    0.000    0.000   0.000    0.000   0.000   0.000   0.000   0.000   0.000    0.000    0.000      0.000    0.000   0.000    0.000     0.000    0.000      0.000   0.000
      2   0.000    0.000   0.000   0.000   0.000   0.000   0.000   0.000   0.000   0.000   0.000   0.000   0.000    0.000    0.000   0.000    0.000   0.000   0.000   0.000   0.000   0.000    0.000    0.000      0.000    0.000   0.000    0.000     0.000    0.000      0.000   0.000
      3   0.000    0.000   0.000   0.000   0.000   0.000   0.000   0.000   0.000   0.000   0.000   0.000   0.000    0.000    0.000   0.000    0.000   0.000   0.000   0.000   0.000   0.000    0.000    0.000      0.000    0.000   0.000    0.000     0.000    0.000      0.000   0.000
      4   0.000    0.000   0.000   0.000   0.000   0.000   0.000   0.000   0.000   0.000   0.000   0.000   0.000    0.000    0.000   0.000    0.000   0.000   0.000   0.000   0.000   0.000    0.000    0.000      0.000    0.000   0.000    0.000     0.000    0.000      0.000   0.000
      5   0.000    0.000   0.000   0.000   0.000   0.000   0.000   0.000   0.000   0.000   0.000   0.000   0.000    0.000    0.000   0.000    0.000   0.000   0.000   0.000   0.000   0.000    0.000    0.000      0.000    0.000   0.000    0.000     0.000    0.000      0.000   0.000
      6   0.000    0.000   0.000   0.000   0.000   0.000   0.000   0.000   0.000   0.000   0.000   0.000   0.000    0.000    0.000   0.000    0.000   0.000   0.000   0.000   0.000   0.000    0.000    0.000      0.000    0.000   0.000    0.000     0.000    0.000      0.000   0.000
      7   0.000    0.000   0.000   0.000   0.000   0.000   0.000   0.000   0.000   0.000   0.000   0.000   0.000    0.000    0.000   0.000    0.000   0.000   0.000   0.000   0.000   0.000    0.000    0.000      0.000    0.000   0.000    0.000     0.000    0.000      0.000   0.000
      8   0.000    0.000   0.000   0.000   0.000   0.000   0.000   0.000   0.000   0.000   0.000   0.000   0.000    0.000    0.000   0.000    0.000   0.000   0.000   0.000   0.000   0.000    0.000    0.000      0.000    0.000   0.000    0.000     0.000    0.000      0.000   0.000
      9   0.000    0.000   0.000   0.000   0.000   0.000   0.000   0.000   0.000   0.000   0.000   0.000   0.000    0.000    0.000   0.000    0.000   0.000   0.000   0.000   0.000   0.000    0.000    0.000      0.000    0.000   0.000    0.000     0.000    0.000      0.000   0.000
    Sum   0.019    0.001   0.009   0.000   0.000   0.000   0.000   0.000   0.000   0.000   0.000   0.000   0.000    0.009    0.000   0.000    0.000   0.000   0.000   0.000   0.000   0.000    0.000    0.000      0.000    0.000   0.000    0.000     0.000    0.000      0.000   0.019


Summary
------------------------------------------------------------------------------------------------------------------------------
                  dt  Flu_Adv  Gra_Adv  Src_Adv  Che_Adv       SF   FB_Adv    FixUp     Flag   Refine MPI_Grid   Output      Aux       LB CorrSync      Par -MPI_Par    libyt         Sum
    Time      0.0009   0.0090   0.0000   0.0000   0.0000   0.0000   0.0000   0.0000   0.0000   0.0000   0.0087   0.0209   0.0602   0.0009   0.0000   0.0000   0.0000   0.0000      0.1006
    Frac      0.909%   8.955%   0.000%   0.000%   0.000%   0.000%   0.000%   0.000%   0.000%   0.000%   8.617%  20.794%  59.823%   0.888%   0.000%   0.000%   0.000%   0.000%     99.986%

==============================================================================================================================
==============================================================================================================================



Time : 2.3935411e-02 -> 2.5023385e-02,     Step :       22 ->       23

Main Loop
------------------------------------------------------------------------------------------------------------------------------
       Total    Integration       Output    Auxiliary    LoadBalance       CorrSync          libyt            Sum
      0.0957         0.0125       0.0315       0.0510         0.0008         0.0000         0.0000         0.0957


Integration Loop
------------------------------------------------------------------------------------------------------------------------------
     Lv   Total       dt Flu_Adv Gra_Adv Src_Adv Che_Adv      SF  FB_Adv   FixUp    Flag  Refine Buf_Rho Buf_Pot Buf_Flu1 Buf_Flu2 Buf_Ref Buf_Flux Buf_Res Buf_Che  Par_KD   Par_K Par_K-1 Par_2Sib -MPI_Sib -MPI_FaSib Par_2Son    -MPI Par_Coll -MPI_Real -MPI_Sib -MPI_FaSib     Sum
      0   0.012    0.001   0.009   0.000   0.000   0.000   0.000   0.000   0.000   0.000   0.000   0.000   0.000    0.003    0.000   0.000    0.000   0.000   0.000   0.000   0.000   0.000    0.000    0.000      0.000    0.000   0.000    0.000     0.000    0.000      0.000   0.012
      1   0.000    0.000   0.000   0.000   0.000   0.000   0.000   0.000   0.000   0.000   0.000   0.000   0.000    0.000    0.000   0.000    0.000   0.000   0.000   0.000   0.000   0.000    0.000    0.000      0.000    0.000   0.000    0.000     0.000    0.000      0.000   0.000
      2   0.000    0.000   0.000   0.000   0.000   0.000   0.000   0.000   0.000   0.000   0.000   0.000   0.000    0.000    0.000   0.000    0.000   0.000   0.000   0.000   0.000   0.000    0.000    0.000      0.000    0.000   0.000    0.000     0.000    0.000      0.000   0.000
      3   0.000    0.000   0.000   0.000   0.000   0.000   0.000   0.000   0.000   0.000   0.000   0.000   0.000    0.000    0.000   0.000    0.000   0.000   0.000   0.000   0.000   0.000    0.000    0.000      0.000    0.000   0.000    0.000     0.000    0.000      0.000   0.000
      4   0.000    0.000   0.000   0.000   0.000   0.000   0.000   0.000   0.000   0.000   0.000   0.000   0.000    0.000    0.000   0.000    0.000   0.000   0.000   0.000   0.000   0.000    0.000    0.000      0.000    0.000   0.000    0.000     0.000    0.000      0.000   0.000
      5   0.000    0.000   0.000   0.000   0.000   0.000   0.000   0.000   0.000   0.000   0.000   0.000   0.000    0.000    0.000   0.000    0.000   0.000   0.000   0.000   0.000   0.000    0.000    0.000      0.000    0.000   0.000    0.000     0.000    0.000      0.000   0.000
      6   0.000    0.000   0.000   0.000   0.000   0.000   0.000   0.000   0.000   0.000   0.000   0.000   0.000    0.000    0.000   0.000    0.000   0.000   0.000   0.000   0.000   0.000    0.000    0.000      0.000    0.000   0.000    0.000     0.000    0.000      0.000   0.000
      7   0.000    0.000   0.000   0.000   0.000   0.000   0.000   0.000   0.000   0.000   0.000   0.000   0.000    0.000    0.000   0.000    0.000   0.000   0.000   0.000   0.000   0.000    0.000    0.000      0.000    0.000   0.000    0.000     0.000    0.000      0.000   0.000
      8   0.000    0.000   0.000   0.000   0.000   0.000   0.000   0.000   0.000   0.000   0.000   0.000   0.000    0.000    0.000   0.000    0.000   0.000   0.000   0.000   0.000   0.000    0.000    0.000      0.000    0.000   0.000    0.000     0.000    0.000      0.000   0.000
      9   0.000    0.000   0.000   0.000   0.000   0.000   0.000   0.000   0.000   0.000   0.000   0.000   0.000    0.000    0.000   0.000    0.000   0.000   0.000   0.000   0.000   0.000    0.000    0.000      0.000    0.000   0.000    0.000     0.000    0.000      0.000   0.000
    Sum   0.012    0.001   0.009   0.000   0.000   0.000   0.000   0.000   0.000   0.000   0.000   0.000   0.000    0.003    0.000   0.000    0.000   0.000   0.000   0.000   0.000   0.000    0.000    0.000      0.000    0.000   0.000    0.000     0.000    0.000      0.000   0.012


Summary
------------------------------------------------------------------------------------------------------------------------------
                  dt  Flu_Adv  Gra_Adv  Src_Adv  Che_Adv       SF   FB_Adv    FixUp     Flag   Refine MPI_Grid   Output      Aux       LB CorrSync      Par -MPI_Par    libyt         Sum
    Time      0.0010   0.0090   0.0000   0.0000   0.0000   0.0000   0.0000   0.0000   0.0000   0.0000   0.0025   0.0315   0.0510   0.0008   0.0000   0.0000   0.0000   0.0000      0.0957
    Frac      1.011%   9.376%   0.000%   0.000%   0.000%   0.000%   0.000%   0.000%   0.000%   0.000%   2.639%  32.893%  53.231%   0.831%   0.000%   0.000%   0.000%   0.000%     99.981%

==============================================================================================================================
==============================================================================================================================



Time : 2.5023385e-02 -> 2.6111358e-02,     Step :       23 ->       24

Main Loop
------------------------------------------------------------------------------------------------------------------------------
       Total    Integration       Output    Auxiliary    LoadBalance       CorrSync          libyt            Sum
      0.1019         0.0061       0.0362       0.0587         0.0009         0.0000         0.0000         0.1019


Integration Loop
------------------------------------------------------------------------------------------------------------------------------
     Lv   Total       dt Flu_Adv Gra_Adv Src_Adv Che_Adv      SF  FB_Adv   FixUp    Flag  Refine Buf_Rho Buf_Pot Buf_Flu1 Buf_Flu2 Buf_Ref Buf_Flux Buf_Res Buf_Che  Par_KD   Par_K Par_K-1 Par_2Sib -MPI_Sib -MPI_FaSib Par_2Son    -MPI Par_Coll -MPI_Real -MPI_Sib -MPI_FaSib     Sum
      0   0.006    0.001   0.002   0.000   0.000   0.000   0.000   0.000   0.000   0.000   0.000   0.000   0.000    0.002    0.000   0.000    0.000   0.000   0.000   0.000   0.000   0.000    0.000    0.000      0.000    0.000   0.000    0.000     0.000    0.000      0.000   0.006
      1   0.000    0.000   0.000   0.000   0.000   0.000   0.000   0.000   0.000   0.000   0.000   0.000   0.000    0.000    0.000   0.000    0.000   0.000   0.000   0.000   0.000   0.000    0.000    0.000      0.000    0.000   0.000    0.000     0.000    0.000      0.000   0.000
      2   0.000    0.000   0.000   0.000   0.000   0.000   0.000   0.000   0.000   0.000   0.000   0.000   0.000    0.000    0.000   0.000    0.000   0.000   0.000   0.000   0.000   0.000    0.000    0.000      0.000    0.000   0.000    0.000     0.000    0.000      0.000   0.000
      3   0.000    0.000   0.000   0.000   0.000   0.000   0.000   0.000   0.000   0.000   0.000   0.000   0.000    0.000    0.000   0.000    0.000   0.000   0.000   0.000   0.000   0.000    0.000    0.000      0.000    0.000   0.000    0.000     0.000    0.000      0.000   0.000
      4   0.000    0.000   0.000   0.000   0.000   0.000   0.000   0.000   0.000   0.000   0.000   0.000   0.000    0.000    0.000   0.000    0.000   0.000   0.000   0.000   0.000   0.000    0.000    0.000      0.000    0.000   0.000    0.000     0.000    0.000      0.000   0.000
      5   0.000    0.000   0.000   0.000   0.000   0.000   0.000   0.000   0.000   0.000   0.000   0.000   0.000    0.000    0.000   0.000    0.000   0.000   0.000   0.000   0.000   0.000    0.000    0.000      0.000    0.000   0.000    0.000     0.000    0.000      0.000   0.000
      6   0.000    0.000   0.000   0.000   0.000   0.000   0.000   0.000   0.000   0.000   0.000   0.000   0.000    0.000    0.000   0.000    0.000   0.000   0.000   0.000   0.000   0.000    0.000    0.000      0.000    0.000   0.000    0.000     0.000    0.000      0.000   0.000
      7   0.000    0.000   0.000   0.000   0.000   0.000   0.000   0.000   0.000   0.000   0.000   0.000   0.000    0.000    0.000   0.000    0.000   0.000   0.000   0.000   0.000   0.000    0.000    0.000      0.000    0.000   0.000    0.000     0.000    0.000      0.000   0.000
      8   0.000    0.000   0.000   0.000   0.000   0.000   0.000   0.000   0.000   0.000   0.000   0.000   0.000    0.000    0.000   0.000    0.000   0.000   0.000   0.000   0.000   0.000    0.000    0.000      0.000    0.000   0.000    0.000     0.000    0.000      0.000   0.000
      9   0.000    0.000   0.000   0.000   0.000   0.000   0.000   0.000   0.000   0.000   0.000   0.000   0.000    0.000    0.000   0.000    0.000   0.000   0.000   0.000   0.000   0.000    0.000    0.000      0.000    0.000   0.000    0.000     0.000    0.000      0.000   0.000
    Sum   0.006    0.001   0.002   0.000   0.000   0.000   0.000   0.000   0.000   0.000   0.000   0.000   0.000    0.002    0.000   0.000    0.000   0.000   0.000   0.000   0.000   0.000    0.000    0.000      0.000    0.000   0.000    0.000     0.000    0.000      0.000   0.006


Summary
------------------------------------------------------------------------------------------------------------------------------
                  dt  Flu_Adv  Gra_Adv  Src_Adv  Che_Adv       SF   FB_Adv    FixUp     Flag   Refine MPI_Grid   Output      Aux       LB CorrSync      Par -MPI_Par    libyt         Sum
    Time      0.0006   0.0021   0.0000   0.0000   0.0000   0.0000   0.0000   0.0000   0.0003   0.0005   0.0026   0.0362   0.0587   0.0009   0.0000   0.0000   0.0000   0.0000      0.1019
    Frac      0.630%   2.077%   0.000%   0.000%   0.000%   0.000%   0.000%   0.000%   0.248%   0.475%   2.508%  35.570%  57.575%   0.899%   0.000%   0.000%   0.000%   0.000%     99.982%

==============================================================================================================================
==============================================================================================================================



Time : 2.6111358e-02 -> 2.7199331e-02,     Step :       24 ->       25

Main Loop
------------------------------------------------------------------------------------------------------------------------------
       Total    Integration       Output    Auxiliary    LoadBalance       CorrSync          libyt            Sum
      0.1438         0.0133       0.0455       0.0836         0.0015         0.0000         0.0000         0.1438


Integration Loop
------------------------------------------------------------------------------------------------------------------------------
     Lv   Total       dt Flu_Adv Gra_Adv Src_Adv Che_Adv      SF  FB_Adv   FixUp    Flag  Refine Buf_Rho Buf_Pot Buf_Flu1 Buf_Flu2 Buf_Ref Buf_Flux Buf_Res Buf_Che  Par_KD   Par_K Par_K-1 Par_2Sib -MPI_Sib -MPI_FaSib Par_2Son    -MPI Par_Coll -MPI_Real -MPI_Sib -MPI_FaSib     Sum
      0   0.013    0.001   0.010   0.000   0.000   0.000   0.000   0.000   0.000   0.000   0.000   0.000   0.000    0.002    0.000   0.000    0.000   0.000   0.000   0.000   0.000   0.000    0.000    0.000      0.000    0.000   0.000    0.000     0.000    0.000      0.000   0.013
      1   0.000    0.000   0.000   0.000   0.000   0.000   0.000   0.000   0.000   0.000   0.000   0.000   0.000    0.000    0.000   0.000    0.000   0.000   0.000   0.000   0.000   0.000    0.000    0.000      0.000    0.000   0.000    0.000     0.000    0.000      0.000   0.000
      2   0.000    0.000   0.000   0.000   0.000   0.000   0.000   0.000   0.000   0.000   0.000   0.000   0.000    0.000    0.000   0.000    0.000   0.000   0.000   0.000   0.000   0.000    0.000    0.000      0.000    0.000   0.000    0.000     0.000    0.000      0.000   0.000
      3   0.000    0.000   0.000   0.000   0.000   0.000   0.000   0.000   0.000   0.000   0.000   0.000   0.000    0.000    0.000   0.000    0.000   0.000   0.000   0.000   0.000   0.000    0.000    0.000      0.000    0.000   0.000    0.000     0.000    0.000      0.000   0.000
      4   0.000    0.000   0.000   0.000   0.000   0.000   0.000   0.000   0.000   0.000   0.000   0.000   0.000    0.000    0.000   0.000    0.000   0.000   0.000   0.000   0.000   0.000    0.000    0.000      0.000    0.000   0.000    0.000     0.000    0.000      0.000   0.000
      5   0.000    0.000   0.000   0.000   0.000   0.000   0.000   0.000   0.000   0.000   0.000   0.000   0.000    0.000    0.000   0.000    0.000   0.000   0.000   0.000   0.000   0.000    0.000    0.000      0.000    0.000   0.000    0.000     0.000    0.000      0.000   0.000
      6   0.000    0.000   0.000   0.000   0.000   0.000   0.000   0.000   0.000   0.000   0.000   0.000   0.000    0.000    0.000   0.000    0.000   0.000   0.000   0.000   0.000   0.000    0.000    0.000      0.000    0.000   0.000    0.000     0.000    0.000      0.000   0.000
      7   0.000    0.000   0.000   0.000   0.000   0.000   0.000   0.000   0.000   0.000   0.000   0.000   0.000    0.000    0.000   0.000    0.000   0.000   0.000   0.000   0.000   0.000    0.000    0.000      0.000    0.000   0.000    0.000     0.000    0.000      0.000   0.000
      8   0.000    0.000   0.000   0.000   0.000   0.000   0.000   0.000   0.000   0.000   0.000   0.000   0.000    0.000    0.000   0.000    0.000   0.000   0.000   0.000   0.000   0.000    0.000    0.000      0.000    0.000   0.000    0.000     0.000    0.000      0.000   0.000
      9   0.000    0.000   0.000   0.000   0.000   0.000   0.000   0.000   0.000   0.000   0.000   0.000   0.000    0.000    0.000   0.000    0.000   0.000   0.000   0.000   0.000   0.000    0.000    0.000      0.000    0.000   0.000    0.000     0.000    0.000      0.000   0.000
    Sum   0.013    0.001   0.010   0.000   0.000   0.000   0.000   0.000   0.000   0.000   0.000   0.000   0.000    0.002    0.000   0.000    0.000   0.000   0.000   0.000   0.000   0.000    0.000    0.000      0.000    0.000   0.000    0.000     0.000    0.000      0.000   0.013


Summary
------------------------------------------------------------------------------------------------------------------------------
                  dt  Flu_Adv  Gra_Adv  Src_Adv  Che_Adv       SF   FB_Adv    FixUp     Flag   Refine MPI_Grid   Output      Aux       LB CorrSync      Par -MPI_Par    libyt         Sum
    Time      0.0008   0.0100   0.0000   0.0000   0.0000   0.0000   0.0000   0.0000   0.0000   0.0000   0.0025   0.0455   0.0836   0.0015   0.0000   0.0000   0.0000   0.0000      0.1437
    Frac      0.563%   6.944%   0.000%   0.000%   0.000%   0.000%   0.000%   0.000%   0.000%   0.000%   1.719%  31.623%  58.127%   1.011%   0.000%   0.000%   0.000%   0.000%     99.988%

==============================================================================================================================
==============================================================================================================================



Time : 2.7199331e-02 -> 2.8287304e-02,     Step :       25 ->       26

Main Loop
------------------------------------------------------------------------------------------------------------------------------
       Total    Integration       Output    Auxiliary    LoadBalance       CorrSync          libyt            Sum
      0.1624         0.0142       0.0553       0.0918         0.0011         0.0000         0.0000         0.1624


Integration Loop
------------------------------------------------------------------------------------------------------------------------------
     Lv   Total       dt Flu_Adv Gra_Adv Src_Adv Che_Adv      SF  FB_Adv   FixUp    Flag  Refine Buf_Rho Buf_Pot Buf_Flu1 Buf_Flu2 Buf_Ref Buf_Flux Buf_Res Buf_Che  Par_KD   Par_K Par_K-1 Par_2Sib -MPI_Sib -MPI_FaSib Par_2Son    -MPI Par_Coll -MPI_Real -MPI_Sib -MPI_FaSib     Sum
      0   0.014    0.001   0.010   0.000   0.000   0.000   0.000   0.000   0.000   0.000   0.000   0.000   0.000    0.003    0.000   0.000    0.000   0.000   0.000   0.000   0.000   0.000    0.000    0.000      0.000    0.000   0.000    0.000     0.000    0.000      0.000   0.014
      1   0.000    0.000   0.000   0.000   0.000   0.000   0.000   0.000   0.000   0.000   0.000   0.000   0.000    0.000    0.000   0.000    0.000   0.000   0.000   0.000   0.000   0.000    0.000    0.000      0.000    0.000   0.000    0.000     0.000    0.000      0.000   0.000
      2   0.000    0.000   0.000   0.000   0.000   0.000   0.000   0.000   0.000   0.000   0.000   0.000   0.000    0.000    0.000   0.000    0.000   0.000   0.000   0.000   0.000   0.000    0.000    0.000      0.000    0.000   0.000    0.000     0.000    0.000      0.000   0.000
      3   0.000    0.000   0.000   0.000   0.000   0.000   0.000   0.000   0.000   0.000   0.000   0.000   0.000    0.000    0.000   0.000    0.000   0.000   0.000   0.000   0.000   0.000    0.000    0.000      0.000    0.000   0.000    0.000     0.000    0.000      0.000   0.000
      4   0.000    0.000   0.000   0.000   0.000   0.000   0.000   0.000   0.000   0.000   0.000   0.000   0.000    0.000    0.000   0.000    0.000   0.000   0.000   0.000   0.000   0.000    0.000    0.000      0.000    0.000   0.000    0.000     0.000    0.000      0.000   0.000
      5   0.000    0.000   0.000   0.000   0.000   0.000   0.000   0.000   0.000   0.000   0.000   0.000   0.000    0.000    0.000   0.000    0.000   0.000   0.000   0.000   0.000   0.000    0.000    0.000      0.000    0.000   0.000    0.000     0.000    0.000      0.000   0.000
      6   0.000    0.000   0.000   0.000   0.000   0.000   0.000   0.000   0.000   0.000   0.000   0.000   0.000    0.000    0.000   0.000    0.000   0.000   0.000   0.000   0.000   0.000    0.000    0.000      0.000    0.000   0.000    0.000     0.000    0.000      0.000   0.000
      7   0.000    0.000   0.000   0.000   0.000   0.000   0.000   0.000   0.000   0.000   0.000   0.000   0.000    0.000    0.000   0.000    0.000   0.000   0.000   0.000   0.000   0.000    0.000    0.000      0.000    0.000   0.000    0.000     0.000    0.000      0.000   0.000
      8   0.000    0.000   0.000   0.000   0.000   0.000   0.000   0.000   0.000   0.000   0.000   0.000   0.000    0.000    0.000   0.000    0.000   0.000   0.000   0.000   0.000   0.000    0.000    0.000      0.000    0.000   0.000    0.000     0.000    0.000      0.000   0.000
      9   0.000    0.000   0.000   0.000   0.000   0.000   0.000   0.000   0.000   0.000   0.000   0.000   0.000    0.000    0.000   0.000    0.000   0.000   0.000   0.000   0.000   0.000    0.000    0.000      0.000    0.000   0.000    0.000     0.000    0.000      0.000   0.000
    Sum   0.014    0.001   0.010   0.000   0.000   0.000   0.000   0.000   0.000   0.000   0.000   0.000   0.000    0.003    0.000   0.000    0.000   0.000   0.000   0.000   0.000   0.000    0.000    0.000      0.000    0.000   0.000    0.000     0.000    0.000      0.000   0.014


Summary
------------------------------------------------------------------------------------------------------------------------------
                  dt  Flu_Adv  Gra_Adv  Src_Adv  Che_Adv       SF   FB_Adv    FixUp     Flag   Refine MPI_Grid   Output      Aux       LB CorrSync      Par -MPI_Par    libyt         Sum
    Time      0.0008   0.0104   0.0000   0.0000   0.0000   0.0000   0.0000   0.0000   0.0000   0.0000   0.0029   0.0553   0.0918   0.0011   0.0000   0.0000   0.0000   0.0000      0.1624
    Frac      0.514%   6.432%   0.000%   0.000%   0.000%   0.000%   0.000%   0.000%   0.000%   0.000%   1.785%  34.070%  56.526%   0.663%   0.000%   0.000%   0.000%   0.000%     99.991%

==============================================================================================================================
==============================================================================================================================



Time : 2.8287304e-02 -> 2.9375278e-02,     Step :       26 ->       27

Main Loop
------------------------------------------------------------------------------------------------------------------------------
       Total    Integration       Output    Auxiliary    LoadBalance       CorrSync          libyt            Sum
      0.0799         0.0159       0.0177       0.0453         0.0010         0.0000         0.0000         0.0799


Integration Loop
------------------------------------------------------------------------------------------------------------------------------
     Lv   Total       dt Flu_Adv Gra_Adv Src_Adv Che_Adv      SF  FB_Adv   FixUp    Flag  Refine Buf_Rho Buf_Pot Buf_Flu1 Buf_Flu2 Buf_Ref Buf_Flux Buf_Res Buf_Che  Par_KD   Par_K Par_K-1 Par_2Sib -MPI_Sib -MPI_FaSib Par_2Son    -MPI Par_Coll -MPI_Real -MPI_Sib -MPI_FaSib     Sum
      0   0.016    0.001   0.008   0.000   0.000   0.000   0.000   0.000   0.000   0.000   0.000   0.000   0.000    0.007    0.000   0.000    0.000   0.000   0.000   0.000   0.000   0.000    0.000    0.000      0.000    0.000   0.000    0.000     0.000    0.000      0.000   0.016
      1   0.000    0.000   0.000   0.000   0.000   0.000   0.000   0.000   0.000   0.000   0.000   0.000   0.000    0.000    0.000   0.000    0.000   0.000   0.000   0.000   0.000   0.000    0.000    0.000      0.000    0.000   0.000    0.000     0.000    0.000      0.000   0.000
      2   0.000    0.000   0.000   0.000   0.000   0.000   0.000   0.000   0.000   0.000   0.000   0.000   0.000    0.000    0.000   0.000    0.000   0.000   0.000   0.000   0.000   0.000    0.000    0.000      0.000    0.000   0.000    0.000     0.000    0.000      0.000   0.000
      3   0.000    0.000   0.000   0.000   0.000   0.000   0.000   0.000   0.000   0.000   0.000   0.000   0.000    0.000    0.000   0.000    0.000   0.000   0.000   0.000   0.000   0.000    0.000    0.000      0.000    0.000   0.000    0.000     0.000    0.000      0.000   0.000
      4   0.000    0.000   0.000   0.000   0.000   0.000   0.000   0.000   0.000   0.000   0.000   0.000   0.000    0.000    0.000   0.000    0.000   0.000   0.000   0.000   0.000   0.000    0.000    0.000      0.000    0.000   0.000    0.000     0.000    0.000      0.000   0.000
      5   0.000    0.000   0.000   0.000   0.000   0.000   0.000   0.000   0.000   0.000   0.000   0.000   0.000    0.000    0.000   0.000    0.000   0.000   0.000   0.000   0.000   0.000    0.000    0.000      0.000    0.000   0.000    0.000     0.000    0.000      0.000   0.000
      6   0.000    0.000   0.000   0.000   0.000   0.000   0.000   0.000   0.000   0.000   0.000   0.000   0.000    0.000    0.000   0.000    0.000   0.000   0.000   0.000   0.000   0.000    0.000    0.000      0.000    0.000   0.000    0.000     0.000    0.000      0.000   0.000
      7   0.000    0.000   0.000   0.000   0.000   0.000   0.000   0.000   0.000   0.000   0.000   0.000   0.000    0.000    0.000   0.000    0.000   0.000   0.000   0.000   0.000   0.000    0.000    0.000      0.000    0.000   0.000    0.000     0.000    0.000      0.000   0.000
      8   0.000    0.000   0.000   0.000   0.000   0.000   0.000   0.000   0.000   0.000   0.000   0.000   0.000    0.000    0.000   0.000    0.000   0.000   0.000   0.000   0.000   0.000    0.000    0.000      0.000    0.000   0.000    0.000     0.000    0.000      0.000   0.000
      9   0.000    0.000   0.000   0.000   0.000   0.000   0.000   0.000   0.000   0.000   0.000   0.000   0.000    0.000    0.000   0.000    0.000   0.000   0.000   0.000   0.000   0.000    0.000    0.000      0.000    0.000   0.000    0.000     0.000    0.000      0.000   0.000
    Sum   0.016    0.001   0.008   0.000   0.000   0.000   0.000   0.000   0.000   0.000   0.000   0.000   0.000    0.007    0.000   0.000    0.000   0.000   0.000   0.000   0.000   0.000    0.000    0.000      0.000    0.000   0.000    0.000     0.000    0.000      0.000   0.016


Summary
------------------------------------------------------------------------------------------------------------------------------
                  dt  Flu_Adv  Gra_Adv  Src_Adv  Che_Adv       SF   FB_Adv    FixUp     Flag   Refine MPI_Grid   Output      Aux       LB CorrSync      Par -MPI_Par    libyt         Sum
    Time      0.0008   0.0081   0.0000   0.0000   0.0000   0.0000   0.0000   0.0000   0.0000   0.0000   0.0070   0.0177   0.0453   0.0010   0.0000   0.0000   0.0000   0.0000      0.0798
    Frac      1.026%  10.130%   0.000%   0.000%   0.000%   0.000%   0.000%   0.000%   0.000%   0.000%   8.753%  22.163%  56.663%   1.243%   0.000%   0.000%   0.000%   0.000%     99.977%

==============================================================================================================================
==============================================================================================================================



Time : 2.9375278e-02 -> 3.0463251e-02,     Step :       27 ->       28

Main Loop
------------------------------------------------------------------------------------------------------------------------------
       Total    Integration       Output    Auxiliary    LoadBalance       CorrSync          libyt            Sum
      0.1204         0.0145       0.0224       0.0824         0.0010         0.0000         0.0000         0.1204


Integration Loop
------------------------------------------------------------------------------------------------------------------------------
     Lv   Total       dt Flu_Adv Gra_Adv Src_Adv Che_Adv      SF  FB_Adv   FixUp    Flag  Refine Buf_Rho Buf_Pot Buf_Flu1 Buf_Flu2 Buf_Ref Buf_Flux Buf_Res Buf_Che  Par_KD   Par_K Par_K-1 Par_2Sib -MPI_Sib -MPI_FaSib Par_2Son    -MPI Par_Coll -MPI_Real -MPI_Sib -MPI_FaSib     Sum
      0   0.015    0.001   0.009   0.000   0.000   0.000   0.000   0.000   0.000   0.000   0.000   0.000   0.000    0.003    0.000   0.000    0.000   0.000   0.000   0.000   0.000   0.000    0.000    0.000      0.000    0.000   0.000    0.000     0.000    0.000      0.000   0.015
      1   0.000    0.000   0.000   0.000   0.000   0.000   0.000   0.000   0.000   0.000   0.000   0.000   0.000    0.000    0.000   0.000    0.000   0.000   0.000   0.000   0.000   0.000    0.000    0.000      0.000    0.000   0.000    0.000     0.000    0.000      0.000   0.000
      2   0.000    0.000   0.000   0.000   0.000   0.000   0.000   0.000   0.000   0.000   0.000   0.000   0.000    0.000    0.000   0.000    0.000   0.000   0.000   0.000   0.000   0.000    0.000    0.000      0.000    0.000   0.000    0.000     0.000    0.000      0.000   0.000
      3   0.000    0.000   0.000   0.000   0.000   0.000   0.000   0.000   0.000   0.000   0.000   0.000   0.000    0.000    0.000   0.000    0.000   0.000   0.000   0.000   0.000   0.000    0.000    0.000      0.000    0.000   0.000    0.000     0.000    0.000      0.000   0.000
      4   0.000    0.000   0.000   0.000   0.000   0.000   0.000   0.000   0.000   0.000   0.000   0.000   0.000    0.000    0.000   0.000    0.000   0.000   0.000   0.000   0.000   0.000    0.000    0.000      0.000    0.000   0.000    0.000     0.000    0.000      0.000   0.000
      5   0.000    0.000   0.000   0.000   0.000   0.000   0.000   0.000   0.000   0.000   0.000   0.000   0.000    0.000    0.000   0.000    0.000   0.000   0.000   0.000   0.000   0.000    0.000    0.000      0.000    0.000   0.000    0.000     0.000    0.000      0.000   0.000
      6   0.000    0.000   0.000   0.000   0.000   0.000   0.000   0.000   0.000   0.000   0.000   0.000   0.000    0.000    0.000   0.000    0.000   0.000   0.000   0.000   0.000   0.000    0.000    0.000      0.000    0.000   0.000    0.000     0.000    0.000      0.000   0.000
      7   0.000    0.000   0.000   0.000   0.000   0.000   0.000   0.000   0.000   0.000   0.000   0.000   0.000    0.000    0.000   0.000    0.000   0.000   0.000   0.000   0.000   0.000    0.000    0.000      0.000    0.000   0.000    0.000     0.000    0.000      0.000   0.000
      8   0.000    0.000   0.000   0.000   0.000   0.000   0.000   0.000   0.000   0.000   0.000   0.000   0.000    0.000    0.000   0.000    0.000   0.000   0.000   0.000   0.000   0.000    0.000    0.000      0.000    0.000   0.000    0.000     0.000    0.000      0.000   0.000
      9   0.000    0.000   0.000   0.000   0.000   0.000   0.000   0.000   0.000   0.000   0.000   0.000   0.000    0.000    0.000   0.000    0.000   0.000   0.000   0.000   0.000   0.000    0.000    0.000      0.000    0.000   0.000    0.000     0.000    0.000      0.000   0.000
    Sum   0.015    0.001   0.009   0.000   0.000   0.000   0.000   0.000   0.000   0.000   0.000   0.000   0.000    0.003    0.000   0.000    0.000   0.000   0.000   0.000   0.000   0.000    0.000    0.000      0.000    0.000   0.000    0.000     0.000    0.000      0.000   0.015


Summary
------------------------------------------------------------------------------------------------------------------------------
                  dt  Flu_Adv  Gra_Adv  Src_Adv  Che_Adv       SF   FB_Adv    FixUp     Flag   Refine MPI_Grid   Output      Aux       LB CorrSync      Par -MPI_Par    libyt         Sum
    Time      0.0009   0.0092   0.0000   0.0000   0.0000   0.0000   0.0000   0.0000   0.0004   0.0004   0.0036   0.0224   0.0824   0.0010   0.0000   0.0000   0.0000   0.0000      0.1204
    Frac      0.748%   7.672%   0.000%   0.000%   0.000%   0.000%   0.000%   0.000%   0.298%   0.371%   2.960%  18.601%  68.468%   0.866%   0.000%   0.000%   0.000%   0.000%     99.984%

==============================================================================================================================
==============================================================================================================================



Time : 3.0463251e-02 -> 3.1551224e-02,     Step :       28 ->       29

Main Loop
------------------------------------------------------------------------------------------------------------------------------
       Total    Integration       Output    Auxiliary    LoadBalance       CorrSync          libyt            Sum
      0.1432         0.0148       0.0404       0.0871         0.0010         0.0000         0.0000         0.1432


Integration Loop
------------------------------------------------------------------------------------------------------------------------------
     Lv   Total       dt Flu_Adv Gra_Adv Src_Adv Che_Adv      SF  FB_Adv   FixUp    Flag  Refine Buf_Rho Buf_Pot Buf_Flu1 Buf_Flu2 Buf_Ref Buf_Flux Buf_Res Buf_Che  Par_KD   Par_K Par_K-1 Par_2Sib -MPI_Sib -MPI_FaSib Par_2Son    -MPI Par_Coll -MPI_Real -MPI_Sib -MPI_FaSib     Sum
      0   0.015    0.001   0.011   0.000   0.000   0.000   0.000   0.000   0.000   0.000   0.000   0.000   0.000    0.003    0.000   0.000    0.000   0.000   0.000   0.000   0.000   0.000    0.000    0.000      0.000    0.000   0.000    0.000     0.000    0.000      0.000   0.015
      1   0.000    0.000   0.000   0.000   0.000   0.000   0.000   0.000   0.000   0.000   0.000   0.000   0.000    0.000    0.000   0.000    0.000   0.000   0.000   0.000   0.000   0.000    0.000    0.000      0.000    0.000   0.000    0.000     0.000    0.000      0.000   0.000
      2   0.000    0.000   0.000   0.000   0.000   0.000   0.000   0.000   0.000   0.000   0.000   0.000   0.000    0.000    0.000   0.000    0.000   0.000   0.000   0.000   0.000   0.000    0.000    0.000      0.000    0.000   0.000    0.000     0.000    0.000      0.000   0.000
      3   0.000    0.000   0.000   0.000   0.000   0.000   0.000   0.000   0.000   0.000   0.000   0.000   0.000    0.000    0.000   0.000    0.000   0.000   0.000   0.000   0.000   0.000    0.000    0.000      0.000    0.000   0.000    0.000     0.000    0.000      0.000   0.000
      4   0.000    0.000   0.000   0.000   0.000   0.000   0.000   0.000   0.000   0.000   0.000   0.000   0.000    0.000    0.000   0.000    0.000   0.000   0.000   0.000   0.000   0.000    0.000    0.000      0.000    0.000   0.000    0.000     0.000    0.000      0.000   0.000
      5   0.000    0.000   0.000   0.000   0.000   0.000   0.000   0.000   0.000   0.000   0.000   0.000   0.000    0.000    0.000   0.000    0.000   0.000   0.000   0.000   0.000   0.000    0.000    0.000      0.000    0.000   0.000    0.000     0.000    0.000      0.000   0.000
      6   0.000    0.000   0.000   0.000   0.000   0.000   0.000   0.000   0.000   0.000   0.000   0.000   0.000    0.000    0.000   0.000    0.000   0.000   0.000   0.000   0.000   0.000    0.000    0.000      0.000    0.000   0.000    0.000     0.000    0.000      0.000   0.000
      7   0.000    0.000   0.000   0.000   0.000   0.000   0.000   0.000   0.000   0.000   0.000   0.000   0.000    0.000    0.000   0.000    0.000   0.000   0.000   0.000   0.000   0.000    0.000    0.000      0.000    0.000   0.000    0.000     0.000    0.000      0.000   0.000
      8   0.000    0.000   0.000   0.000   0.000   0.000   0.000   0.000   0.000   0.000   0.000   0.000   0.000    0.000    0.000   0.000    0.000   0.000   0.000   0.000   0.000   0.000    0.000    0.000      0.000    0.000   0.000    0.000     0.000    0.000      0.000   0.000
      9   0.000    0.000   0.000   0.000   0.000   0.000   0.000   0.000   0.000   0.000   0.000   0.000   0.000    0.000    0.000   0.000    0.000   0.000   0.000   0.000   0.000   0.000    0.000    0.000      0.000    0.000   0.000    0.000     0.000    0.000      0.000   0.000
    Sum   0.015    0.001   0.011   0.000   0.000   0.000   0.000   0.000   0.000   0.000   0.000   0.000   0.000    0.003    0.000   0.000    0.000   0.000   0.000   0.000   0.000   0.000    0.000    0.000      0.000    0.000   0.000    0.000     0.000    0.000      0.000   0.015


Summary
------------------------------------------------------------------------------------------------------------------------------
                  dt  Flu_Adv  Gra_Adv  Src_Adv  Che_Adv       SF   FB_Adv    FixUp     Flag   Refine MPI_Grid   Output      Aux       LB CorrSync      Par -MPI_Par    libyt         Sum
    Time      0.0007   0.0109   0.0000   0.0000   0.0000   0.0000   0.0000   0.0000   0.0000   0.0000   0.0032   0.0404   0.0871   0.0010   0.0000   0.0000   0.0000   0.0000      0.1432
    Frac      0.462%   7.634%   0.000%   0.000%   0.000%   0.000%   0.000%   0.000%   0.000%   0.000%   2.203%  28.202%  60.796%   0.687%   0.000%   0.000%   0.000%   0.000%     99.984%

==============================================================================================================================
==============================================================================================================================



Time : 3.1551224e-02 -> 3.2639197e-02,     Step :       29 ->       30

Main Loop
------------------------------------------------------------------------------------------------------------------------------
       Total    Integration       Output    Auxiliary    LoadBalance       CorrSync          libyt            Sum
      0.1302         0.0130       0.0413       0.0748         0.0010         0.0000         0.0000         0.1302


Integration Loop
------------------------------------------------------------------------------------------------------------------------------
     Lv   Total       dt Flu_Adv Gra_Adv Src_Adv Che_Adv      SF  FB_Adv   FixUp    Flag  Refine Buf_Rho Buf_Pot Buf_Flu1 Buf_Flu2 Buf_Ref Buf_Flux Buf_Res Buf_Che  Par_KD   Par_K Par_K-1 Par_2Sib -MPI_Sib -MPI_FaSib Par_2Son    -MPI Par_Coll -MPI_Real -MPI_Sib -MPI_FaSib     Sum
      0   0.013    0.001   0.009   0.000   0.000   0.000   0.000   0.000   0.000   0.000   0.000   0.000   0.000    0.003    0.000   0.000    0.000   0.000   0.000   0.000   0.000   0.000    0.000    0.000      0.000    0.000   0.000    0.000     0.000    0.000      0.000   0.013
      1   0.000    0.000   0.000   0.000   0.000   0.000   0.000   0.000   0.000   0.000   0.000   0.000   0.000    0.000    0.000   0.000    0.000   0.000   0.000   0.000   0.000   0.000    0.000    0.000      0.000    0.000   0.000    0.000     0.000    0.000      0.000   0.000
      2   0.000    0.000   0.000   0.000   0.000   0.000   0.000   0.000   0.000   0.000   0.000   0.000   0.000    0.000    0.000   0.000    0.000   0.000   0.000   0.000   0.000   0.000    0.000    0.000      0.000    0.000   0.000    0.000     0.000    0.000      0.000   0.000
      3   0.000    0.000   0.000   0.000   0.000   0.000   0.000   0.000   0.000   0.000   0.000   0.000   0.000    0.000    0.000   0.000    0.000   0.000   0.000   0.000   0.000   0.000    0.000    0.000      0.000    0.000   0.000    0.000     0.000    0.000      0.000   0.000
      4   0.000    0.000   0.000   0.000   0.000   0.000   0.000   0.000   0.000   0.000   0.000   0.000   0.000    0.000    0.000   0.000    0.000   0.000   0.000   0.000   0.000   0.000    0.000    0.000      0.000    0.000   0.000    0.000     0.000    0.000      0.000   0.000
      5   0.000    0.000   0.000   0.000   0.000   0.000   0.000   0.000   0.000   0.000   0.000   0.000   0.000    0.000    0.000   0.000    0.000   0.000   0.000   0.000   0.000   0.000    0.000    0.000      0.000    0.000   0.000    0.000     0.000    0.000      0.000   0.000
      6   0.000    0.000   0.000   0.000   0.000   0.000   0.000   0.000   0.000   0.000   0.000   0.000   0.000    0.000    0.000   0.000    0.000   0.000   0.000   0.000   0.000   0.000    0.000    0.000      0.000    0.000   0.000    0.000     0.000    0.000      0.000   0.000
      7   0.000    0.000   0.000   0.000   0.000   0.000   0.000   0.000   0.000   0.000   0.000   0.000   0.000    0.000    0.000   0.000    0.000   0.000   0.000   0.000   0.000   0.000    0.000    0.000      0.000    0.000   0.000    0.000     0.000    0.000      0.000   0.000
      8   0.000    0.000   0.000   0.000   0.000   0.000   0.000   0.000   0.000   0.000   0.000   0.000   0.000    0.000    0.000   0.000    0.000   0.000   0.000   0.000   0.000   0.000    0.000    0.000      0.000    0.000   0.000    0.000     0.000    0.000      0.000   0.000
      9   0.000    0.000   0.000   0.000   0.000   0.000   0.000   0.000   0.000   0.000   0.000   0.000   0.000    0.000    0.000   0.000    0.000   0.000   0.000   0.000   0.000   0.000    0.000    0.000      0.000    0.000   0.000    0.000     0.000    0.000      0.000   0.000
    Sum   0.013    0.001   0.009   0.000   0.000   0.000   0.000   0.000   0.000   0.000   0.000   0.000   0.000    0.003    0.000   0.000    0.000   0.000   0.000   0.000   0.000   0.000    0.000    0.000      0.000    0.000   0.000    0.000     0.000    0.000      0.000   0.013


Summary
------------------------------------------------------------------------------------------------------------------------------
                  dt  Flu_Adv  Gra_Adv  Src_Adv  Che_Adv       SF   FB_Adv    FixUp     Flag   Refine MPI_Grid   Output      Aux       LB CorrSync      Par -MPI_Par    libyt         Sum
    Time      0.0007   0.0094   0.0000   0.0000   0.0000   0.0000   0.0000   0.0000   0.0000   0.0000   0.0028   0.0413   0.0748   0.0010   0.0000   0.0000   0.0000   0.0000      0.1302
    Frac      0.561%   7.253%   0.000%   0.000%   0.000%   0.000%   0.000%   0.000%   0.000%   0.000%   2.159%  31.741%  57.472%   0.801%   0.000%   0.000%   0.000%   0.000%     99.986%

==============================================================================================================================
==============================================================================================================================



Time : 3.2639197e-02 -> 3.3727171e-02,     Step :       30 ->       31

Main Loop
------------------------------------------------------------------------------------------------------------------------------
       Total    Integration       Output    Auxiliary    LoadBalance       CorrSync          libyt            Sum
      0.1136         0.0131       0.0341       0.0656         0.0008         0.0000         0.0000         0.1136


Integration Loop
------------------------------------------------------------------------------------------------------------------------------
     Lv   Total       dt Flu_Adv Gra_Adv Src_Adv Che_Adv      SF  FB_Adv   FixUp    Flag  Refine Buf_Rho Buf_Pot Buf_Flu1 Buf_Flu2 Buf_Ref Buf_Flux Buf_Res Buf_Che  Par_KD   Par_K Par_K-1 Par_2Sib -MPI_Sib -MPI_FaSib Par_2Son    -MPI Par_Coll -MPI_Real -MPI_Sib -MPI_FaSib     Sum
      0   0.013    0.001   0.009   0.000   0.000   0.000   0.000   0.000   0.000   0.000   0.000   0.000   0.000    0.003    0.000   0.000    0.000   0.000   0.000   0.000   0.000   0.000    0.000    0.000      0.000    0.000   0.000    0.000     0.000    0.000      0.000   0.013
      1   0.000    0.000   0.000   0.000   0.000   0.000   0.000   0.000   0.000   0.000   0.000   0.000   0.000    0.000    0.000   0.000    0.000   0.000   0.000   0.000   0.000   0.000    0.000    0.000      0.000    0.000   0.000    0.000     0.000    0.000      0.000   0.000
      2   0.000    0.000   0.000   0.000   0.000   0.000   0.000   0.000   0.000   0.000   0.000   0.000   0.000    0.000    0.000   0.000    0.000   0.000   0.000   0.000   0.000   0.000    0.000    0.000      0.000    0.000   0.000    0.000     0.000    0.000      0.000   0.000
      3   0.000    0.000   0.000   0.000   0.000   0.000   0.000   0.000   0.000   0.000   0.000   0.000   0.000    0.000    0.000   0.000    0.000   0.000   0.000   0.000   0.000   0.000    0.000    0.000      0.000    0.000   0.000    0.000     0.000    0.000      0.000   0.000
      4   0.000    0.000   0.000   0.000   0.000   0.000   0.000   0.000   0.000   0.000   0.000   0.000   0.000    0.000    0.000   0.000    0.000   0.000   0.000   0.000   0.000   0.000    0.000    0.000      0.000    0.000   0.000    0.000     0.000    0.000      0.000   0.000
      5   0.000    0.000   0.000   0.000   0.000   0.000   0.000   0.000   0.000   0.000   0.000   0.000   0.000    0.000    0.000   0.000    0.000   0.000   0.000   0.000   0.000   0.000    0.000    0.000      0.000    0.000   0.000    0.000     0.000    0.000      0.000   0.000
      6   0.000    0.000   0.000   0.000   0.000   0.000   0.000   0.000   0.000   0.000   0.000   0.000   0.000    0.000    0.000   0.000    0.000   0.000   0.000   0.000   0.000   0.000    0.000    0.000      0.000    0.000   0.000    0.000     0.000    0.000      0.000   0.000
      7   0.000    0.000   0.000   0.000   0.000   0.000   0.000   0.000   0.000   0.000   0.000   0.000   0.000    0.000    0.000   0.000    0.000   0.000   0.000   0.000   0.000   0.000    0.000    0.000      0.000    0.000   0.000    0.000     0.000    0.000      0.000   0.000
      8   0.000    0.000   0.000   0.000   0.000   0.000   0.000   0.000   0.000   0.000   0.000   0.000   0.000    0.000    0.000   0.000    0.000   0.000   0.000   0.000   0.000   0.000    0.000    0.000      0.000    0.000   0.000    0.000     0.000    0.000      0.000   0.000
      9   0.000    0.000   0.000   0.000   0.000   0.000   0.000   0.000   0.000   0.000   0.000   0.000   0.000    0.000    0.000   0.000    0.000   0.000   0.000   0.000   0.000   0.000    0.000    0.000      0.000    0.000   0.000    0.000     0.000    0.000      0.000   0.000
    Sum   0.013    0.001   0.009   0.000   0.000   0.000   0.000   0.000   0.000   0.000   0.000   0.000   0.000    0.003    0.000   0.000    0.000   0.000   0.000   0.000   0.000   0.000    0.000    0.000      0.000    0.000   0.000    0.000     0.000    0.000      0.000   0.013


Summary
------------------------------------------------------------------------------------------------------------------------------
                  dt  Flu_Adv  Gra_Adv  Src_Adv  Che_Adv       SF   FB_Adv    FixUp     Flag   Refine MPI_Grid   Output      Aux       LB CorrSync      Par -MPI_Par    libyt         Sum
    Time      0.0006   0.0093   0.0000   0.0000   0.0000   0.0000   0.0000   0.0000   0.0000   0.0000   0.0032   0.0341   0.0656   0.0008   0.0000   0.0000   0.0000   0.0000      0.1136
    Frac      0.489%   8.145%   0.000%   0.000%   0.000%   0.000%   0.000%   0.000%   0.000%   0.000%   2.853%  30.030%  57.724%   0.743%   0.000%   0.000%   0.000%   0.000%     99.985%

==============================================================================================================================
==============================================================================================================================



Time : 3.3727171e-02 -> 3.4815144e-02,     Step :       31 ->       32

Main Loop
------------------------------------------------------------------------------------------------------------------------------
       Total    Integration       Output    Auxiliary    LoadBalance       CorrSync          libyt            Sum
      0.1405         0.0181       0.0200       0.1014         0.0010         0.0000         0.0000         0.1405


Integration Loop
------------------------------------------------------------------------------------------------------------------------------
     Lv   Total       dt Flu_Adv Gra_Adv Src_Adv Che_Adv      SF  FB_Adv   FixUp    Flag  Refine Buf_Rho Buf_Pot Buf_Flu1 Buf_Flu2 Buf_Ref Buf_Flux Buf_Res Buf_Che  Par_KD   Par_K Par_K-1 Par_2Sib -MPI_Sib -MPI_FaSib Par_2Son    -MPI Par_Coll -MPI_Real -MPI_Sib -MPI_FaSib     Sum
      0   0.018    0.001   0.002   0.000   0.000   0.000   0.000   0.000   0.000   0.000   0.006   0.000   0.000    0.003    0.000   0.007    0.000   0.000   0.000   0.000   0.000   0.000    0.000    0.000      0.000    0.000   0.000    0.000     0.000    0.000      0.000   0.018
      1   0.000    0.000   0.000   0.000   0.000   0.000   0.000   0.000   0.000   0.000   0.000   0.000   0.000    0.000    0.000   0.000    0.000   0.000   0.000   0.000   0.000   0.000    0.000    0.000      0.000    0.000   0.000    0.000     0.000    0.000      0.000   0.000
      2   0.000    0.000   0.000   0.000   0.000   0.000   0.000   0.000   0.000   0.000   0.000   0.000   0.000    0.000    0.000   0.000    0.000   0.000   0.000   0.000   0.000   0.000    0.000    0.000      0.000    0.000   0.000    0.000     0.000    0.000      0.000   0.000
      3   0.000    0.000   0.000   0.000   0.000   0.000   0.000   0.000   0.000   0.000   0.000   0.000   0.000    0.000    0.000   0.000    0.000   0.000   0.000   0.000   0.000   0.000    0.000    0.000      0.000    0.000   0.000    0.000     0.000    0.000      0.000   0.000
      4   0.000    0.000   0.000   0.000   0.000   0.000   0.000   0.000   0.000   0.000   0.000   0.000   0.000    0.000    0.000   0.000    0.000   0.000   0.000   0.000   0.000   0.000    0.000    0.000      0.000    0.000   0.000    0.000     0.000    0.000      0.000   0.000
      5   0.000    0.000   0.000   0.000   0.000   0.000   0.000   0.000   0.000   0.000   0.000   0.000   0.000    0.000    0.000   0.000    0.000   0.000   0.000   0.000   0.000   0.000    0.000    0.000      0.000    0.000   0.000    0.000     0.000    0.000      0.000   0.000
      6   0.000    0.000   0.000   0.000   0.000   0.000   0.000   0.000   0.000   0.000   0.000   0.000   0.000    0.000    0.000   0.000    0.000   0.000   0.000   0.000   0.000   0.000    0.000    0.000      0.000    0.000   0.000    0.000     0.000    0.000      0.000   0.000
      7   0.000    0.000   0.000   0.000   0.000   0.000   0.000   0.000   0.000   0.000   0.000   0.000   0.000    0.000    0.000   0.000    0.000   0.000   0.000   0.000   0.000   0.000    0.000    0.000      0.000    0.000   0.000    0.000     0.000    0.000      0.000   0.000
      8   0.000    0.000   0.000   0.000   0.000   0.000   0.000   0.000   0.000   0.000   0.000   0.000   0.000    0.000    0.000   0.000    0.000   0.000   0.000   0.000   0.000   0.000    0.000    0.000      0.000    0.000   0.000    0.000     0.000    0.000      0.000   0.000
      9   0.000    0.000   0.000   0.000   0.000   0.000   0.000   0.000   0.000   0.000   0.000   0.000   0.000    0.000    0.000   0.000    0.000   0.000   0.000   0.000   0.000   0.000    0.000    0.000      0.000    0.000   0.000    0.000     0.000    0.000      0.000   0.000
    Sum   0.018    0.001   0.002   0.000   0.000   0.000   0.000   0.000   0.000   0.000   0.006   0.000   0.000    0.003    0.000   0.007    0.000   0.000   0.000   0.000   0.000   0.000    0.000    0.000      0.000    0.000   0.000    0.000     0.000    0.000      0.000   0.018


Summary
------------------------------------------------------------------------------------------------------------------------------
                  dt  Flu_Adv  Gra_Adv  Src_Adv  Che_Adv       SF   FB_Adv    FixUp     Flag   Refine MPI_Grid   Output      Aux       LB CorrSync      Par -MPI_Par    libyt         Sum
    Time      0.0007   0.0015   0.0000   0.0000   0.0000   0.0000   0.0000   0.0000   0.0003   0.0059   0.0097   0.0200   0.1014   0.0010   0.0000   0.0000   0.0000   0.0000      0.1405
    Frac      0.480%   1.085%   0.000%   0.000%   0.000%   0.000%   0.000%   0.000%   0.208%   4.234%   6.881%  14.217%  72.161%   0.721%   0.000%   0.000%   0.000%   0.000%     99.988%

==============================================================================================================================
==============================================================================================================================



Time : 3.4815144e-02 -> 3.5903117e-02,     Step :       32 ->       33

Main Loop
------------------------------------------------------------------------------------------------------------------------------
       Total    Integration       Output    Auxiliary    LoadBalance       CorrSync          libyt            Sum
      0.1425         0.0123       0.0224       0.1069         0.0009         0.0000         0.0000         0.1425


Integration Loop
------------------------------------------------------------------------------------------------------------------------------
     Lv   Total       dt Flu_Adv Gra_Adv Src_Adv Che_Adv      SF  FB_Adv   FixUp    Flag  Refine Buf_Rho Buf_Pot Buf_Flu1 Buf_Flu2 Buf_Ref Buf_Flux Buf_Res Buf_Che  Par_KD   Par_K Par_K-1 Par_2Sib -MPI_Sib -MPI_FaSib Par_2Son    -MPI Par_Coll -MPI_Real -MPI_Sib -MPI_FaSib     Sum
      0   0.012    0.001   0.009   0.000   0.000   0.000   0.000   0.000   0.000   0.000   0.000   0.000   0.000    0.003    0.000   0.000    0.000   0.000   0.000   0.000   0.000   0.000    0.000    0.000      0.000    0.000   0.000    0.000     0.000    0.000      0.000   0.012
      1   0.000    0.000   0.000   0.000   0.000   0.000   0.000   0.000   0.000   0.000   0.000   0.000   0.000    0.000    0.000   0.000    0.000   0.000   0.000   0.000   0.000   0.000    0.000    0.000      0.000    0.000   0.000    0.000     0.000    0.000      0.000   0.000
      2   0.000    0.000   0.000   0.000   0.000   0.000   0.000   0.000   0.000   0.000   0.000   0.000   0.000    0.000    0.000   0.000    0.000   0.000   0.000   0.000   0.000   0.000    0.000    0.000      0.000    0.000   0.000    0.000     0.000    0.000      0.000   0.000
      3   0.000    0.000   0.000   0.000   0.000   0.000   0.000   0.000   0.000   0.000   0.000   0.000   0.000    0.000    0.000   0.000    0.000   0.000   0.000   0.000   0.000   0.000    0.000    0.000      0.000    0.000   0.000    0.000     0.000    0.000      0.000   0.000
      4   0.000    0.000   0.000   0.000   0.000   0.000   0.000   0.000   0.000   0.000   0.000   0.000   0.000    0.000    0.000   0.000    0.000   0.000   0.000   0.000   0.000   0.000    0.000    0.000      0.000    0.000   0.000    0.000     0.000    0.000      0.000   0.000
      5   0.000    0.000   0.000   0.000   0.000   0.000   0.000   0.000   0.000   0.000   0.000   0.000   0.000    0.000    0.000   0.000    0.000   0.000   0.000   0.000   0.000   0.000    0.000    0.000      0.000    0.000   0.000    0.000     0.000    0.000      0.000   0.000
      6   0.000    0.000   0.000   0.000   0.000   0.000   0.000   0.000   0.000   0.000   0.000   0.000   0.000    0.000    0.000   0.000    0.000   0.000   0.000   0.000   0.000   0.000    0.000    0.000      0.000    0.000   0.000    0.000     0.000    0.000      0.000   0.000
      7   0.000    0.000   0.000   0.000   0.000   0.000   0.000   0.000   0.000   0.000   0.000   0.000   0.000    0.000    0.000   0.000    0.000   0.000   0.000   0.000   0.000   0.000    0.000    0.000      0.000    0.000   0.000    0.000     0.000    0.000      0.000   0.000
      8   0.000    0.000   0.000   0.000   0.000   0.000   0.000   0.000   0.000   0.000   0.000   0.000   0.000    0.000    0.000   0.000    0.000   0.000   0.000   0.000   0.000   0.000    0.000    0.000      0.000    0.000   0.000    0.000     0.000    0.000      0.000   0.000
      9   0.000    0.000   0.000   0.000   0.000   0.000   0.000   0.000   0.000   0.000   0.000   0.000   0.000    0.000    0.000   0.000    0.000   0.000   0.000   0.000   0.000   0.000    0.000    0.000      0.000    0.000   0.000    0.000     0.000    0.000      0.000   0.000
    Sum   0.012    0.001   0.009   0.000   0.000   0.000   0.000   0.000   0.000   0.000   0.000   0.000   0.000    0.003    0.000   0.000    0.000   0.000   0.000   0.000   0.000   0.000    0.000    0.000      0.000    0.000   0.000    0.000     0.000    0.000      0.000   0.012


Summary
------------------------------------------------------------------------------------------------------------------------------
                  dt  Flu_Adv  Gra_Adv  Src_Adv  Che_Adv       SF   FB_Adv    FixUp     Flag   Refine MPI_Grid   Output      Aux       LB CorrSync      Par -MPI_Par    libyt         Sum
    Time      0.0008   0.0090   0.0000   0.0000   0.0000   0.0000   0.0000   0.0000   0.0000   0.0000   0.0026   0.0224   0.1069   0.0009   0.0000   0.0000   0.0000   0.0000      0.1425
    Frac      0.536%   6.305%   0.000%   0.000%   0.000%   0.000%   0.000%   0.000%   0.000%   0.000%   1.791%  15.688%  75.013%   0.653%   0.000%   0.000%   0.000%   0.000%     99.987%

==============================================================================================================================
==============================================================================================================================



Time : 3.5903117e-02 -> 3.6991090e-02,     Step :       33 ->       34

Main Loop
------------------------------------------------------------------------------------------------------------------------------
       Total    Integration       Output    Auxiliary    LoadBalance       CorrSync          libyt            Sum
      0.1303         0.0127       0.0323       0.0844         0.0009         0.0000         0.0000         0.1302


Integration Loop
------------------------------------------------------------------------------------------------------------------------------
     Lv   Total       dt Flu_Adv Gra_Adv Src_Adv Che_Adv      SF  FB_Adv   FixUp    Flag  Refine Buf_Rho Buf_Pot Buf_Flu1 Buf_Flu2 Buf_Ref Buf_Flux Buf_Res Buf_Che  Par_KD   Par_K Par_K-1 Par_2Sib -MPI_Sib -MPI_FaSib Par_2Son    -MPI Par_Coll -MPI_Real -MPI_Sib -MPI_FaSib     Sum
      0   0.013    0.001   0.009   0.000   0.000   0.000   0.000   0.000   0.000   0.000   0.000   0.000   0.000    0.003    0.000   0.000    0.000   0.000   0.000   0.000   0.000   0.000    0.000    0.000      0.000    0.000   0.000    0.000     0.000    0.000      0.000   0.013
      1   0.000    0.000   0.000   0.000   0.000   0.000   0.000   0.000   0.000   0.000   0.000   0.000   0.000    0.000    0.000   0.000    0.000   0.000   0.000   0.000   0.000   0.000    0.000    0.000      0.000    0.000   0.000    0.000     0.000    0.000      0.000   0.000
      2   0.000    0.000   0.000   0.000   0.000   0.000   0.000   0.000   0.000   0.000   0.000   0.000   0.000    0.000    0.000   0.000    0.000   0.000   0.000   0.000   0.000   0.000    0.000    0.000      0.000    0.000   0.000    0.000     0.000    0.000      0.000   0.000
      3   0.000    0.000   0.000   0.000   0.000   0.000   0.000   0.000   0.000   0.000   0.000   0.000   0.000    0.000    0.000   0.000    0.000   0.000   0.000   0.000   0.000   0.000    0.000    0.000      0.000    0.000   0.000    0.000     0.000    0.000      0.000   0.000
      4   0.000    0.000   0.000   0.000   0.000   0.000   0.000   0.000   0.000   0.000   0.000   0.000   0.000    0.000    0.000   0.000    0.000   0.000   0.000   0.000   0.000   0.000    0.000    0.000      0.000    0.000   0.000    0.000     0.000    0.000      0.000   0.000
      5   0.000    0.000   0.000   0.000   0.000   0.000   0.000   0.000   0.000   0.000   0.000   0.000   0.000    0.000    0.000   0.000    0.000   0.000   0.000   0.000   0.000   0.000    0.000    0.000      0.000    0.000   0.000    0.000     0.000    0.000      0.000   0.000
      6   0.000    0.000   0.000   0.000   0.000   0.000   0.000   0.000   0.000   0.000   0.000   0.000   0.000    0.000    0.000   0.000    0.000   0.000   0.000   0.000   0.000   0.000    0.000    0.000      0.000    0.000   0.000    0.000     0.000    0.000      0.000   0.000
      7   0.000    0.000   0.000   0.000   0.000   0.000   0.000   0.000   0.000   0.000   0.000   0.000   0.000    0.000    0.000   0.000    0.000   0.000   0.000   0.000   0.000   0.000    0.000    0.000      0.000    0.000   0.000    0.000     0.000    0.000      0.000   0.000
      8   0.000    0.000   0.000   0.000   0.000   0.000   0.000   0.000   0.000   0.000   0.000   0.000   0.000    0.000    0.000   0.000    0.000   0.000   0.000   0.000   0.000   0.000    0.000    0.000      0.000    0.000   0.000    0.000     0.000    0.000      0.000   0.000
      9   0.000    0.000   0.000   0.000   0.000   0.000   0.000   0.000   0.000   0.000   0.000   0.000   0.000    0.000    0.000   0.000    0.000   0.000   0.000   0.000   0.000   0.000    0.000    0.000      0.000    0.000   0.000    0.000     0.000    0.000      0.000   0.000
    Sum   0.013    0.001   0.009   0.000   0.000   0.000   0.000   0.000   0.000   0.000   0.000   0.000   0.000    0.003    0.000   0.000    0.000   0.000   0.000   0.000   0.000   0.000    0.000    0.000      0.000    0.000   0.000    0.000     0.000    0.000      0.000   0.013


Summary
------------------------------------------------------------------------------------------------------------------------------
                  dt  Flu_Adv  Gra_Adv  Src_Adv  Che_Adv       SF   FB_Adv    FixUp     Flag   Refine MPI_Grid   Output      Aux       LB CorrSync      Par -MPI_Par    libyt         Sum
    Time      0.0007   0.0093   0.0000   0.0000   0.0000   0.0000   0.0000   0.0000   0.0000   0.0000   0.0027   0.0323   0.0844   0.0009   0.0000   0.0000   0.0000   0.0000      0.1302
    Frac      0.520%   7.126%   0.000%   0.000%   0.000%   0.000%   0.000%   0.000%   0.000%   0.000%   2.071%  24.762%  64.817%   0.693%   0.000%   0.000%   0.000%   0.000%     99.989%

==============================================================================================================================
==============================================================================================================================



Time : 3.6991090e-02 -> 3.8079064e-02,     Step :       34 ->       35

Main Loop
------------------------------------------------------------------------------------------------------------------------------
       Total    Integration       Output    Auxiliary    LoadBalance       CorrSync          libyt            Sum
      0.1044         0.0123       0.0314       0.0597         0.0010         0.0000         0.0000         0.1044


Integration Loop
------------------------------------------------------------------------------------------------------------------------------
     Lv   Total       dt Flu_Adv Gra_Adv Src_Adv Che_Adv      SF  FB_Adv   FixUp    Flag  Refine Buf_Rho Buf_Pot Buf_Flu1 Buf_Flu2 Buf_Ref Buf_Flux Buf_Res Buf_Che  Par_KD   Par_K Par_K-1 Par_2Sib -MPI_Sib -MPI_FaSib Par_2Son    -MPI Par_Coll -MPI_Real -MPI_Sib -MPI_FaSib     Sum
      0   0.012    0.001   0.009   0.000   0.000   0.000   0.000   0.000   0.000   0.000   0.000   0.000   0.000    0.003    0.000   0.000    0.000   0.000   0.000   0.000   0.000   0.000    0.000    0.000      0.000    0.000   0.000    0.000     0.000    0.000      0.000   0.012
      1   0.000    0.000   0.000   0.000   0.000   0.000   0.000   0.000   0.000   0.000   0.000   0.000   0.000    0.000    0.000   0.000    0.000   0.000   0.000   0.000   0.000   0.000    0.000    0.000      0.000    0.000   0.000    0.000     0.000    0.000      0.000   0.000
      2   0.000    0.000   0.000   0.000   0.000   0.000   0.000   0.000   0.000   0.000   0.000   0.000   0.000    0.000    0.000   0.000    0.000   0.000   0.000   0.000   0.000   0.000    0.000    0.000      0.000    0.000   0.000    0.000     0.000    0.000      0.000   0.000
      3   0.000    0.000   0.000   0.000   0.000   0.000   0.000   0.000   0.000   0.000   0.000   0.000   0.000    0.000    0.000   0.000    0.000   0.000   0.000   0.000   0.000   0.000    0.000    0.000      0.000    0.000   0.000    0.000     0.000    0.000      0.000   0.000
      4   0.000    0.000   0.000   0.000   0.000   0.000   0.000   0.000   0.000   0.000   0.000   0.000   0.000    0.000    0.000   0.000    0.000   0.000   0.000   0.000   0.000   0.000    0.000    0.000      0.000    0.000   0.000    0.000     0.000    0.000      0.000   0.000
      5   0.000    0.000   0.000   0.000   0.000   0.000   0.000   0.000   0.000   0.000   0.000   0.000   0.000    0.000    0.000   0.000    0.000   0.000   0.000   0.000   0.000   0.000    0.000    0.000      0.000    0.000   0.000    0.000     0.000    0.000      0.000   0.000
      6   0.000    0.000   0.000   0.000   0.000   0.000   0.000   0.000   0.000   0.000   0.000   0.000   0.000    0.000    0.000   0.000    0.000   0.000   0.000   0.000   0.000   0.000    0.000    0.000      0.000    0.000   0.000    0.000     0.000    0.000      0.000   0.000
      7   0.000    0.000   0.000   0.000   0.000   0.000   0.000   0.000   0.000   0.000   0.000   0.000   0.000    0.000    0.000   0.000    0.000   0.000   0.000   0.000   0.000   0.000    0.000    0.000      0.000    0.000   0.000    0.000     0.000    0.000      0.000   0.000
      8   0.000    0.000   0.000   0.000   0.000   0.000   0.000   0.000   0.000   0.000   0.000   0.000   0.000    0.000    0.000   0.000    0.000   0.000   0.000   0.000   0.000   0.000    0.000    0.000      0.000    0.000   0.000    0.000     0.000    0.000      0.000   0.000
      9   0.000    0.000   0.000   0.000   0.000   0.000   0.000   0.000   0.000   0.000   0.000   0.000   0.000    0.000    0.000   0.000    0.000   0.000   0.000   0.000   0.000   0.000    0.000    0.000      0.000    0.000   0.000    0.000     0.000    0.000      0.000   0.000
    Sum   0.012    0.001   0.009   0.000   0.000   0.000   0.000   0.000   0.000   0.000   0.000   0.000   0.000    0.003    0.000   0.000    0.000   0.000   0.000   0.000   0.000   0.000    0.000    0.000      0.000    0.000   0.000    0.000     0.000    0.000      0.000   0.012


Summary
------------------------------------------------------------------------------------------------------------------------------
                  dt  Flu_Adv  Gra_Adv  Src_Adv  Che_Adv       SF   FB_Adv    FixUp     Flag   Refine MPI_Grid   Output      Aux       LB CorrSync      Par -MPI_Par    libyt         Sum
    Time      0.0006   0.0091   0.0000   0.0000   0.0000   0.0000   0.0000   0.0000   0.0000   0.0000   0.0026   0.0314   0.0597   0.0010   0.0000   0.0000   0.0000   0.0000      0.1043
    Frac      0.582%   8.689%   0.000%   0.000%   0.000%   0.000%   0.000%   0.000%   0.000%   0.000%   2.463%  30.136%  57.166%   0.951%   0.000%   0.000%   0.000%   0.000%     99.987%

==============================================================================================================================
==============================================================================================================================



Time : 3.8079064e-02 -> 3.9167037e-02,     Step :       35 ->       36

Main Loop
------------------------------------------------------------------------------------------------------------------------------
       Total    Integration       Output    Auxiliary    LoadBalance       CorrSync          libyt            Sum
      0.1017         0.0136       0.0237       0.0636         0.0009         0.0000         0.0000         0.1017


Integration Loop
------------------------------------------------------------------------------------------------------------------------------
     Lv   Total       dt Flu_Adv Gra_Adv Src_Adv Che_Adv      SF  FB_Adv   FixUp    Flag  Refine Buf_Rho Buf_Pot Buf_Flu1 Buf_Flu2 Buf_Ref Buf_Flux Buf_Res Buf_Che  Par_KD   Par_K Par_K-1 Par_2Sib -MPI_Sib -MPI_FaSib Par_2Son    -MPI Par_Coll -MPI_Real -MPI_Sib -MPI_FaSib     Sum
      0   0.014    0.001   0.009   0.000   0.000   0.000   0.000   0.000   0.000   0.000   0.000   0.000   0.000    0.003    0.000   0.000    0.000   0.000   0.000   0.000   0.000   0.000    0.000    0.000      0.000    0.000   0.000    0.000     0.000    0.000      0.000   0.014
      1   0.000    0.000   0.000   0.000   0.000   0.000   0.000   0.000   0.000   0.000   0.000   0.000   0.000    0.000    0.000   0.000    0.000   0.000   0.000   0.000   0.000   0.000    0.000    0.000      0.000    0.000   0.000    0.000     0.000    0.000      0.000   0.000
      2   0.000    0.000   0.000   0.000   0.000   0.000   0.000   0.000   0.000   0.000   0.000   0.000   0.000    0.000    0.000   0.000    0.000   0.000   0.000   0.000   0.000   0.000    0.000    0.000      0.000    0.000   0.000    0.000     0.000    0.000      0.000   0.000
      3   0.000    0.000   0.000   0.000   0.000   0.000   0.000   0.000   0.000   0.000   0.000   0.000   0.000    0.000    0.000   0.000    0.000   0.000   0.000   0.000   0.000   0.000    0.000    0.000      0.000    0.000   0.000    0.000     0.000    0.000      0.000   0.000
      4   0.000    0.000   0.000   0.000   0.000   0.000   0.000   0.000   0.000   0.000   0.000   0.000   0.000    0.000    0.000   0.000    0.000   0.000   0.000   0.000   0.000   0.000    0.000    0.000      0.000    0.000   0.000    0.000     0.000    0.000      0.000   0.000
      5   0.000    0.000   0.000   0.000   0.000   0.000   0.000   0.000   0.000   0.000   0.000   0.000   0.000    0.000    0.000   0.000    0.000   0.000   0.000   0.000   0.000   0.000    0.000    0.000      0.000    0.000   0.000    0.000     0.000    0.000      0.000   0.000
      6   0.000    0.000   0.000   0.000   0.000   0.000   0.000   0.000   0.000   0.000   0.000   0.000   0.000    0.000    0.000   0.000    0.000   0.000   0.000   0.000   0.000   0.000    0.000    0.000      0.000    0.000   0.000    0.000     0.000    0.000      0.000   0.000
      7   0.000    0.000   0.000   0.000   0.000   0.000   0.000   0.000   0.000   0.000   0.000   0.000   0.000    0.000    0.000   0.000    0.000   0.000   0.000   0.000   0.000   0.000    0.000    0.000      0.000    0.000   0.000    0.000     0.000    0.000      0.000   0.000
      8   0.000    0.000   0.000   0.000   0.000   0.000   0.000   0.000   0.000   0.000   0.000   0.000   0.000    0.000    0.000   0.000    0.000   0.000   0.000   0.000   0.000   0.000    0.000    0.000      0.000    0.000   0.000    0.000     0.000    0.000      0.000   0.000
      9   0.000    0.000   0.000   0.000   0.000   0.000   0.000   0.000   0.000   0.000   0.000   0.000   0.000    0.000    0.000   0.000    0.000   0.000   0.000   0.000   0.000   0.000    0.000    0.000      0.000    0.000   0.000    0.000     0.000    0.000      0.000   0.000
    Sum   0.014    0.001   0.009   0.000   0.000   0.000   0.000   0.000   0.000   0.000   0.000   0.000   0.000    0.003    0.000   0.000    0.000   0.000   0.000   0.000   0.000   0.000    0.000    0.000      0.000    0.000   0.000    0.000     0.000    0.000      0.000   0.014


Summary
------------------------------------------------------------------------------------------------------------------------------
                  dt  Flu_Adv  Gra_Adv  Src_Adv  Che_Adv       SF   FB_Adv    FixUp     Flag   Refine MPI_Grid   Output      Aux       LB CorrSync      Par -MPI_Par    libyt         Sum
    Time      0.0009   0.0090   0.0000   0.0000   0.0000   0.0000   0.0000   0.0000   0.0003   0.0004   0.0029   0.0237   0.0636   0.0009   0.0000   0.0000   0.0000   0.0000      0.1017
    Frac      0.895%   8.868%   0.000%   0.000%   0.000%   0.000%   0.000%   0.000%   0.337%   0.394%   2.823%  23.270%  62.549%   0.842%   0.000%   0.000%   0.000%   0.000%     99.979%

==============================================================================================================================
==============================================================================================================================



Time : 3.9167037e-02 -> 4.0255010e-02,     Step :       36 ->       37

Main Loop
------------------------------------------------------------------------------------------------------------------------------
       Total    Integration       Output    Auxiliary    LoadBalance       CorrSync          libyt            Sum
      0.1378         0.0051       0.0400       0.0918         0.0010         0.0000         0.0000         0.1378


Integration Loop
------------------------------------------------------------------------------------------------------------------------------
     Lv   Total       dt Flu_Adv Gra_Adv Src_Adv Che_Adv      SF  FB_Adv   FixUp    Flag  Refine Buf_Rho Buf_Pot Buf_Flu1 Buf_Flu2 Buf_Ref Buf_Flux Buf_Res Buf_Che  Par_KD   Par_K Par_K-1 Par_2Sib -MPI_Sib -MPI_FaSib Par_2Son    -MPI Par_Coll -MPI_Real -MPI_Sib -MPI_FaSib     Sum
      0   0.005    0.001   0.002   0.000   0.000   0.000   0.000   0.000   0.000   0.000   0.000   0.000   0.000    0.003    0.000   0.000    0.000   0.000   0.000   0.000   0.000   0.000    0.000    0.000      0.000    0.000   0.000    0.000     0.000    0.000      0.000   0.005
      1   0.000    0.000   0.000   0.000   0.000   0.000   0.000   0.000   0.000   0.000   0.000   0.000   0.000    0.000    0.000   0.000    0.000   0.000   0.000   0.000   0.000   0.000    0.000    0.000      0.000    0.000   0.000    0.000     0.000    0.000      0.000   0.000
      2   0.000    0.000   0.000   0.000   0.000   0.000   0.000   0.000   0.000   0.000   0.000   0.000   0.000    0.000    0.000   0.000    0.000   0.000   0.000   0.000   0.000   0.000    0.000    0.000      0.000    0.000   0.000    0.000     0.000    0.000      0.000   0.000
      3   0.000    0.000   0.000   0.000   0.000   0.000   0.000   0.000   0.000   0.000   0.000   0.000   0.000    0.000    0.000   0.000    0.000   0.000   0.000   0.000   0.000   0.000    0.000    0.000      0.000    0.000   0.000    0.000     0.000    0.000      0.000   0.000
      4   0.000    0.000   0.000   0.000   0.000   0.000   0.000   0.000   0.000   0.000   0.000   0.000   0.000    0.000    0.000   0.000    0.000   0.000   0.000   0.000   0.000   0.000    0.000    0.000      0.000    0.000   0.000    0.000     0.000    0.000      0.000   0.000
      5   0.000    0.000   0.000   0.000   0.000   0.000   0.000   0.000   0.000   0.000   0.000   0.000   0.000    0.000    0.000   0.000    0.000   0.000   0.000   0.000   0.000   0.000    0.000    0.000      0.000    0.000   0.000    0.000     0.000    0.000      0.000   0.000
      6   0.000    0.000   0.000   0.000   0.000   0.000   0.000   0.000   0.000   0.000   0.000   0.000   0.000    0.000    0.000   0.000    0.000   0.000   0.000   0.000   0.000   0.000    0.000    0.000      0.000    0.000   0.000    0.000     0.000    0.000      0.000   0.000
      7   0.000    0.000   0.000   0.000   0.000   0.000   0.000   0.000   0.000   0.000   0.000   0.000   0.000    0.000    0.000   0.000    0.000   0.000   0.000   0.000   0.000   0.000    0.000    0.000      0.000    0.000   0.000    0.000     0.000    0.000      0.000   0.000
      8   0.000    0.000   0.000   0.000   0.000   0.000   0.000   0.000   0.000   0.000   0.000   0.000   0.000    0.000    0.000   0.000    0.000   0.000   0.000   0.000   0.000   0.000    0.000    0.000      0.000    0.000   0.000    0.000     0.000    0.000      0.000   0.000
      9   0.000    0.000   0.000   0.000   0.000   0.000   0.000   0.000   0.000   0.000   0.000   0.000   0.000    0.000    0.000   0.000    0.000   0.000   0.000   0.000   0.000   0.000    0.000    0.000      0.000    0.000   0.000    0.000     0.000    0.000      0.000   0.000
    Sum   0.005    0.001   0.002   0.000   0.000   0.000   0.000   0.000   0.000   0.000   0.000   0.000   0.000    0.003    0.000   0.000    0.000   0.000   0.000   0.000   0.000   0.000    0.000    0.000      0.000    0.000   0.000    0.000     0.000    0.000      0.000   0.005


Summary
------------------------------------------------------------------------------------------------------------------------------
                  dt  Flu_Adv  Gra_Adv  Src_Adv  Che_Adv       SF   FB_Adv    FixUp     Flag   Refine MPI_Grid   Output      Aux       LB CorrSync      Par -MPI_Par    libyt         Sum
    Time      0.0008   0.0016   0.0000   0.0000   0.0000   0.0000   0.0000   0.0000   0.0000   0.0000   0.0026   0.0400   0.0918   0.0010   0.0000   0.0000   0.0000   0.0000      0.1378
    Frac      0.616%   1.135%   0.000%   0.000%   0.000%   0.000%   0.000%   0.000%   0.000%   0.000%   1.911%  28.996%  66.571%   0.757%   0.000%   0.000%   0.000%   0.000%     99.986%

==============================================================================================================================
==============================================================================================================================



Time : 4.0255010e-02 -> 4.1342983e-02,     Step :       37 ->       38

Main Loop
------------------------------------------------------------------------------------------------------------------------------
       Total    Integration       Output    Auxiliary    LoadBalance       CorrSync          libyt            Sum
      0.1345         0.0129       0.0422       0.0784         0.0010         0.0000         0.0000         0.1345


Integration Loop
------------------------------------------------------------------------------------------------------------------------------
     Lv   Total       dt Flu_Adv Gra_Adv Src_Adv Che_Adv      SF  FB_Adv   FixUp    Flag  Refine Buf_Rho Buf_Pot Buf_Flu1 Buf_Flu2 Buf_Ref Buf_Flux Buf_Res Buf_Che  Par_KD   Par_K Par_K-1 Par_2Sib -MPI_Sib -MPI_FaSib Par_2Son    -MPI Par_Coll -MPI_Real -MPI_Sib -MPI_FaSib     Sum
      0   0.013    0.001   0.009   0.000   0.000   0.000   0.000   0.000   0.000   0.000   0.000   0.000   0.000    0.003    0.000   0.000    0.000   0.000   0.000   0.000   0.000   0.000    0.000    0.000      0.000    0.000   0.000    0.000     0.000    0.000      0.000   0.013
      1   0.000    0.000   0.000   0.000   0.000   0.000   0.000   0.000   0.000   0.000   0.000   0.000   0.000    0.000    0.000   0.000    0.000   0.000   0.000   0.000   0.000   0.000    0.000    0.000      0.000    0.000   0.000    0.000     0.000    0.000      0.000   0.000
      2   0.000    0.000   0.000   0.000   0.000   0.000   0.000   0.000   0.000   0.000   0.000   0.000   0.000    0.000    0.000   0.000    0.000   0.000   0.000   0.000   0.000   0.000    0.000    0.000      0.000    0.000   0.000    0.000     0.000    0.000      0.000   0.000
      3   0.000    0.000   0.000   0.000   0.000   0.000   0.000   0.000   0.000   0.000   0.000   0.000   0.000    0.000    0.000   0.000    0.000   0.000   0.000   0.000   0.000   0.000    0.000    0.000      0.000    0.000   0.000    0.000     0.000    0.000      0.000   0.000
      4   0.000    0.000   0.000   0.000   0.000   0.000   0.000   0.000   0.000   0.000   0.000   0.000   0.000    0.000    0.000   0.000    0.000   0.000   0.000   0.000   0.000   0.000    0.000    0.000      0.000    0.000   0.000    0.000     0.000    0.000      0.000   0.000
      5   0.000    0.000   0.000   0.000   0.000   0.000   0.000   0.000   0.000   0.000   0.000   0.000   0.000    0.000    0.000   0.000    0.000   0.000   0.000   0.000   0.000   0.000    0.000    0.000      0.000    0.000   0.000    0.000     0.000    0.000      0.000   0.000
      6   0.000    0.000   0.000   0.000   0.000   0.000   0.000   0.000   0.000   0.000   0.000   0.000   0.000    0.000    0.000   0.000    0.000   0.000   0.000   0.000   0.000   0.000    0.000    0.000      0.000    0.000   0.000    0.000     0.000    0.000      0.000   0.000
      7   0.000    0.000   0.000   0.000   0.000   0.000   0.000   0.000   0.000   0.000   0.000   0.000   0.000    0.000    0.000   0.000    0.000   0.000   0.000   0.000   0.000   0.000    0.000    0.000      0.000    0.000   0.000    0.000     0.000    0.000      0.000   0.000
      8   0.000    0.000   0.000   0.000   0.000   0.000   0.000   0.000   0.000   0.000   0.000   0.000   0.000    0.000    0.000   0.000    0.000   0.000   0.000   0.000   0.000   0.000    0.000    0.000      0.000    0.000   0.000    0.000     0.000    0.000      0.000   0.000
      9   0.000    0.000   0.000   0.000   0.000   0.000   0.000   0.000   0.000   0.000   0.000   0.000   0.000    0.000    0.000   0.000    0.000   0.000   0.000   0.000   0.000   0.000    0.000    0.000      0.000    0.000   0.000    0.000     0.000    0.000      0.000   0.000
    Sum   0.013    0.001   0.009   0.000   0.000   0.000   0.000   0.000   0.000   0.000   0.000   0.000   0.000    0.003    0.000   0.000    0.000   0.000   0.000   0.000   0.000   0.000    0.000    0.000      0.000    0.000   0.000    0.000     0.000    0.000      0.000   0.013


Summary
------------------------------------------------------------------------------------------------------------------------------
                  dt  Flu_Adv  Gra_Adv  Src_Adv  Che_Adv       SF   FB_Adv    FixUp     Flag   Refine MPI_Grid   Output      Aux       LB CorrSync      Par -MPI_Par    libyt         Sum
    Time      0.0009   0.0091   0.0000   0.0000   0.0000   0.0000   0.0000   0.0000   0.0000   0.0000   0.0029   0.0422   0.0784   0.0010   0.0000   0.0000   0.0000   0.0000      0.1345
    Frac      0.673%   6.754%   0.000%   0.000%   0.000%   0.000%   0.000%   0.000%   0.000%   0.000%   2.187%  31.375%  58.272%   0.724%   0.000%   0.000%   0.000%   0.000%     99.984%

==============================================================================================================================
==============================================================================================================================



Time : 4.1342983e-02 -> 4.2430957e-02,     Step :       38 ->       39

Main Loop
------------------------------------------------------------------------------------------------------------------------------
       Total    Integration       Output    Auxiliary    LoadBalance       CorrSync          libyt            Sum
      0.1224         0.0126       0.0413       0.0676         0.0010         0.0000         0.0000         0.1224


Integration Loop
------------------------------------------------------------------------------------------------------------------------------
     Lv   Total       dt Flu_Adv Gra_Adv Src_Adv Che_Adv      SF  FB_Adv   FixUp    Flag  Refine Buf_Rho Buf_Pot Buf_Flu1 Buf_Flu2 Buf_Ref Buf_Flux Buf_Res Buf_Che  Par_KD   Par_K Par_K-1 Par_2Sib -MPI_Sib -MPI_FaSib Par_2Son    -MPI Par_Coll -MPI_Real -MPI_Sib -MPI_FaSib     Sum
      0   0.013    0.001   0.009   0.000   0.000   0.000   0.000   0.000   0.000   0.000   0.000   0.000   0.000    0.003    0.000   0.000    0.000   0.000   0.000   0.000   0.000   0.000    0.000    0.000      0.000    0.000   0.000    0.000     0.000    0.000      0.000   0.013
      1   0.000    0.000   0.000   0.000   0.000   0.000   0.000   0.000   0.000   0.000   0.000   0.000   0.000    0.000    0.000   0.000    0.000   0.000   0.000   0.000   0.000   0.000    0.000    0.000      0.000    0.000   0.000    0.000     0.000    0.000      0.000   0.000
      2   0.000    0.000   0.000   0.000   0.000   0.000   0.000   0.000   0.000   0.000   0.000   0.000   0.000    0.000    0.000   0.000    0.000   0.000   0.000   0.000   0.000   0.000    0.000    0.000      0.000    0.000   0.000    0.000     0.000    0.000      0.000   0.000
      3   0.000    0.000   0.000   0.000   0.000   0.000   0.000   0.000   0.000   0.000   0.000   0.000   0.000    0.000    0.000   0.000    0.000   0.000   0.000   0.000   0.000   0.000    0.000    0.000      0.000    0.000   0.000    0.000     0.000    0.000      0.000   0.000
      4   0.000    0.000   0.000   0.000   0.000   0.000   0.000   0.000   0.000   0.000   0.000   0.000   0.000    0.000    0.000   0.000    0.000   0.000   0.000   0.000   0.000   0.000    0.000    0.000      0.000    0.000   0.000    0.000     0.000    0.000      0.000   0.000
      5   0.000    0.000   0.000   0.000   0.000   0.000   0.000   0.000   0.000   0.000   0.000   0.000   0.000    0.000    0.000   0.000    0.000   0.000   0.000   0.000   0.000   0.000    0.000    0.000      0.000    0.000   0.000    0.000     0.000    0.000      0.000   0.000
      6   0.000    0.000   0.000   0.000   0.000   0.000   0.000   0.000   0.000   0.000   0.000   0.000   0.000    0.000    0.000   0.000    0.000   0.000   0.000   0.000   0.000   0.000    0.000    0.000      0.000    0.000   0.000    0.000     0.000    0.000      0.000   0.000
      7   0.000    0.000   0.000   0.000   0.000   0.000   0.000   0.000   0.000   0.000   0.000   0.000   0.000    0.000    0.000   0.000    0.000   0.000   0.000   0.000   0.000   0.000    0.000    0.000      0.000    0.000   0.000    0.000     0.000    0.000      0.000   0.000
      8   0.000    0.000   0.000   0.000   0.000   0.000   0.000   0.000   0.000   0.000   0.000   0.000   0.000    0.000    0.000   0.000    0.000   0.000   0.000   0.000   0.000   0.000    0.000    0.000      0.000    0.000   0.000    0.000     0.000    0.000      0.000   0.000
      9   0.000    0.000   0.000   0.000   0.000   0.000   0.000   0.000   0.000   0.000   0.000   0.000   0.000    0.000    0.000   0.000    0.000   0.000   0.000   0.000   0.000   0.000    0.000    0.000      0.000    0.000   0.000    0.000     0.000    0.000      0.000   0.000
    Sum   0.013    0.001   0.009   0.000   0.000   0.000   0.000   0.000   0.000   0.000   0.000   0.000   0.000    0.003    0.000   0.000    0.000   0.000   0.000   0.000   0.000   0.000    0.000    0.000      0.000    0.000   0.000    0.000     0.000    0.000      0.000   0.013


Summary
------------------------------------------------------------------------------------------------------------------------------
                  dt  Flu_Adv  Gra_Adv  Src_Adv  Che_Adv       SF   FB_Adv    FixUp     Flag   Refine MPI_Grid   Output      Aux       LB CorrSync      Par -MPI_Par    libyt         Sum
    Time      0.0009   0.0090   0.0000   0.0000   0.0000   0.0000   0.0000   0.0000   0.0000   0.0000   0.0027   0.0413   0.0676   0.0010   0.0000   0.0000   0.0000   0.0000      0.1224
    Frac      0.699%   7.339%   0.000%   0.000%   0.000%   0.000%   0.000%   0.000%   0.000%   0.000%   2.209%  33.708%  55.195%   0.837%   0.000%   0.000%   0.000%   0.000%     99.986%

==============================================================================================================================
==============================================================================================================================



Time : 4.2430957e-02 -> 4.3518930e-02,     Step :       39 ->       40

Main Loop
------------------------------------------------------------------------------------------------------------------------------
       Total    Integration       Output    Auxiliary    LoadBalance       CorrSync          libyt            Sum
      0.1441         0.0103       0.0358       0.0970         0.0010         0.0000         0.0000         0.1441


Integration Loop
------------------------------------------------------------------------------------------------------------------------------
     Lv   Total       dt Flu_Adv Gra_Adv Src_Adv Che_Adv      SF  FB_Adv   FixUp    Flag  Refine Buf_Rho Buf_Pot Buf_Flu1 Buf_Flu2 Buf_Ref Buf_Flux Buf_Res Buf_Che  Par_KD   Par_K Par_K-1 Par_2Sib -MPI_Sib -MPI_FaSib Par_2Son    -MPI Par_Coll -MPI_Real -MPI_Sib -MPI_FaSib     Sum
      0   0.010    0.001   0.003   0.000   0.000   0.000   0.000   0.000   0.000   0.000   0.000   0.000   0.000    0.006    0.000   0.000    0.000   0.000   0.000   0.000   0.000   0.000    0.000    0.000      0.000    0.000   0.000    0.000     0.000    0.000      0.000   0.010
      1   0.000    0.000   0.000   0.000   0.000   0.000   0.000   0.000   0.000   0.000   0.000   0.000   0.000    0.000    0.000   0.000    0.000   0.000   0.000   0.000   0.000   0.000    0.000    0.000      0.000    0.000   0.000    0.000     0.000    0.000      0.000   0.000
      2   0.000    0.000   0.000   0.000   0.000   0.000   0.000   0.000   0.000   0.000   0.000   0.000   0.000    0.000    0.000   0.000    0.000   0.000   0.000   0.000   0.000   0.000    0.000    0.000      0.000    0.000   0.000    0.000     0.000    0.000      0.000   0.000
      3   0.000    0.000   0.000   0.000   0.000   0.000   0.000   0.000   0.000   0.000   0.000   0.000   0.000    0.000    0.000   0.000    0.000   0.000   0.000   0.000   0.000   0.000    0.000    0.000      0.000    0.000   0.000    0.000     0.000    0.000      0.000   0.000
      4   0.000    0.000   0.000   0.000   0.000   0.000   0.000   0.000   0.000   0.000   0.000   0.000   0.000    0.000    0.000   0.000    0.000   0.000   0.000   0.000   0.000   0.000    0.000    0.000      0.000    0.000   0.000    0.000     0.000    0.000      0.000   0.000
      5   0.000    0.000   0.000   0.000   0.000   0.000   0.000   0.000   0.000   0.000   0.000   0.000   0.000    0.000    0.000   0.000    0.000   0.000   0.000   0.000   0.000   0.000    0.000    0.000      0.000    0.000   0.000    0.000     0.000    0.000      0.000   0.000
      6   0.000    0.000   0.000   0.000   0.000   0.000   0.000   0.000   0.000   0.000   0.000   0.000   0.000    0.000    0.000   0.000    0.000   0.000   0.000   0.000   0.000   0.000    0.000    0.000      0.000    0.000   0.000    0.000     0.000    0.000      0.000   0.000
      7   0.000    0.000   0.000   0.000   0.000   0.000   0.000   0.000   0.000   0.000   0.000   0.000   0.000    0.000    0.000   0.000    0.000   0.000   0.000   0.000   0.000   0.000    0.000    0.000      0.000    0.000   0.000    0.000     0.000    0.000      0.000   0.000
      8   0.000    0.000   0.000   0.000   0.000   0.000   0.000   0.000   0.000   0.000   0.000   0.000   0.000    0.000    0.000   0.000    0.000   0.000   0.000   0.000   0.000   0.000    0.000    0.000      0.000    0.000   0.000    0.000     0.000    0.000      0.000   0.000
      9   0.000    0.000   0.000   0.000   0.000   0.000   0.000   0.000   0.000   0.000   0.000   0.000   0.000    0.000    0.000   0.000    0.000   0.000   0.000   0.000   0.000   0.000    0.000    0.000      0.000    0.000   0.000    0.000     0.000    0.000      0.000   0.000
    Sum   0.010    0.001   0.003   0.000   0.000   0.000   0.000   0.000   0.000   0.000   0.000   0.000   0.000    0.006    0.000   0.000    0.000   0.000   0.000   0.000   0.000   0.000    0.000    0.000      0.000    0.000   0.000    0.000     0.000    0.000      0.000   0.010


Summary
------------------------------------------------------------------------------------------------------------------------------
                  dt  Flu_Adv  Gra_Adv  Src_Adv  Che_Adv       SF   FB_Adv    FixUp     Flag   Refine MPI_Grid   Output      Aux       LB CorrSync      Par -MPI_Par    libyt         Sum
    Time      0.0008   0.0028   0.0000   0.0000   0.0000   0.0000   0.0000   0.0000   0.0003   0.0004   0.0059   0.0358   0.0970   0.0010   0.0000   0.0000   0.0000   0.0000      0.1441
    Frac      0.544%   1.948%   0.000%   0.000%   0.000%   0.000%   0.000%   0.000%   0.242%   0.304%   4.074%  24.877%  67.309%   0.689%   0.000%   0.000%   0.000%   0.000%     99.988%

==============================================================================================================================
==============================================================================================================================



Time : 4.3518930e-02 -> 4.4606903e-02,     Step :       40 ->       41

Main Loop
------------------------------------------------------------------------------------------------------------------------------
       Total    Integration       Output    Auxiliary    LoadBalance       CorrSync          libyt            Sum
      0.1716         0.0122       0.0595       0.0987         0.0012         0.0000         0.0000         0.1716


Integration Loop
------------------------------------------------------------------------------------------------------------------------------
     Lv   Total       dt Flu_Adv Gra_Adv Src_Adv Che_Adv      SF  FB_Adv   FixUp    Flag  Refine Buf_Rho Buf_Pot Buf_Flu1 Buf_Flu2 Buf_Ref Buf_Flux Buf_Res Buf_Che  Par_KD   Par_K Par_K-1 Par_2Sib -MPI_Sib -MPI_FaSib Par_2Son    -MPI Par_Coll -MPI_Real -MPI_Sib -MPI_FaSib     Sum
      0   0.012    0.001   0.009   0.000   0.000   0.000   0.000   0.000   0.000   0.000   0.000   0.000   0.000    0.003    0.000   0.000    0.000   0.000   0.000   0.000   0.000   0.000    0.000    0.000      0.000    0.000   0.000    0.000     0.000    0.000      0.000   0.012
      1   0.000    0.000   0.000   0.000   0.000   0.000   0.000   0.000   0.000   0.000   0.000   0.000   0.000    0.000    0.000   0.000    0.000   0.000   0.000   0.000   0.000   0.000    0.000    0.000      0.000    0.000   0.000    0.000     0.000    0.000      0.000   0.000
      2   0.000    0.000   0.000   0.000   0.000   0.000   0.000   0.000   0.000   0.000   0.000   0.000   0.000    0.000    0.000   0.000    0.000   0.000   0.000   0.000   0.000   0.000    0.000    0.000      0.000    0.000   0.000    0.000     0.000    0.000      0.000   0.000
      3   0.000    0.000   0.000   0.000   0.000   0.000   0.000   0.000   0.000   0.000   0.000   0.000   0.000    0.000    0.000   0.000    0.000   0.000   0.000   0.000   0.000   0.000    0.000    0.000      0.000    0.000   0.000    0.000     0.000    0.000      0.000   0.000
      4   0.000    0.000   0.000   0.000   0.000   0.000   0.000   0.000   0.000   0.000   0.000   0.000   0.000    0.000    0.000   0.000    0.000   0.000   0.000   0.000   0.000   0.000    0.000    0.000      0.000    0.000   0.000    0.000     0.000    0.000      0.000   0.000
      5   0.000    0.000   0.000   0.000   0.000   0.000   0.000   0.000   0.000   0.000   0.000   0.000   0.000    0.000    0.000   0.000    0.000   0.000   0.000   0.000   0.000   0.000    0.000    0.000      0.000    0.000   0.000    0.000     0.000    0.000      0.000   0.000
      6   0.000    0.000   0.000   0.000   0.000   0.000   0.000   0.000   0.000   0.000   0.000   0.000   0.000    0.000    0.000   0.000    0.000   0.000   0.000   0.000   0.000   0.000    0.000    0.000      0.000    0.000   0.000    0.000     0.000    0.000      0.000   0.000
      7   0.000    0.000   0.000   0.000   0.000   0.000   0.000   0.000   0.000   0.000   0.000   0.000   0.000    0.000    0.000   0.000    0.000   0.000   0.000   0.000   0.000   0.000    0.000    0.000      0.000    0.000   0.000    0.000     0.000    0.000      0.000   0.000
      8   0.000    0.000   0.000   0.000   0.000   0.000   0.000   0.000   0.000   0.000   0.000   0.000   0.000    0.000    0.000   0.000    0.000   0.000   0.000   0.000   0.000   0.000    0.000    0.000      0.000    0.000   0.000    0.000     0.000    0.000      0.000   0.000
      9   0.000    0.000   0.000   0.000   0.000   0.000   0.000   0.000   0.000   0.000   0.000   0.000   0.000    0.000    0.000   0.000    0.000   0.000   0.000   0.000   0.000   0.000    0.000    0.000      0.000    0.000   0.000    0.000     0.000    0.000      0.000   0.000
    Sum   0.012    0.001   0.009   0.000   0.000   0.000   0.000   0.000   0.000   0.000   0.000   0.000   0.000    0.003    0.000   0.000    0.000   0.000   0.000   0.000   0.000   0.000    0.000    0.000      0.000    0.000   0.000    0.000     0.000    0.000      0.000   0.012


Summary
------------------------------------------------------------------------------------------------------------------------------
                  dt  Flu_Adv  Gra_Adv  Src_Adv  Che_Adv       SF   FB_Adv    FixUp     Flag   Refine MPI_Grid   Output      Aux       LB CorrSync      Par -MPI_Par    libyt         Sum
    Time      0.0006   0.0089   0.0000   0.0000   0.0000   0.0000   0.0000   0.0000   0.0000   0.0000   0.0027   0.0595   0.0987   0.0012   0.0000   0.0000   0.0000   0.0000      0.1716
    Frac      0.373%   5.182%   0.000%   0.000%   0.000%   0.000%   0.000%   0.000%   0.000%   0.000%   1.563%  34.696%  57.496%   0.672%   0.000%   0.000%   0.000%   0.000%     99.982%

==============================================================================================================================
==============================================================================================================================



Time : 4.4606903e-02 -> 4.5694876e-02,     Step :       41 ->       42

Main Loop
------------------------------------------------------------------------------------------------------------------------------
       Total    Integration       Output    Auxiliary    LoadBalance       CorrSync          libyt            Sum
      0.0783         0.0154       0.0181       0.0440         0.0008         0.0000         0.0000         0.0783


Integration Loop
------------------------------------------------------------------------------------------------------------------------------
     Lv   Total       dt Flu_Adv Gra_Adv Src_Adv Che_Adv      SF  FB_Adv   FixUp    Flag  Refine Buf_Rho Buf_Pot Buf_Flu1 Buf_Flu2 Buf_Ref Buf_Flux Buf_Res Buf_Che  Par_KD   Par_K Par_K-1 Par_2Sib -MPI_Sib -MPI_FaSib Par_2Son    -MPI Par_Coll -MPI_Real -MPI_Sib -MPI_FaSib     Sum
      0   0.015    0.001   0.011   0.000   0.000   0.000   0.000   0.000   0.000   0.000   0.000   0.000   0.000    0.003    0.000   0.000    0.000   0.000   0.000   0.000   0.000   0.000    0.000    0.000      0.000    0.000   0.000    0.000     0.000    0.000      0.000   0.015
      1   0.000    0.000   0.000   0.000   0.000   0.000   0.000   0.000   0.000   0.000   0.000   0.000   0.000    0.000    0.000   0.000    0.000   0.000   0.000   0.000   0.000   0.000    0.000    0.000      0.000    0.000   0.000    0.000     0.000    0.000      0.000   0.000
      2   0.000    0.000   0.000   0.000   0.000   0.000   0.000   0.000   0.000   0.000   0.000   0.000   0.000    0.000    0.000   0.000    0.000   0.000   0.000   0.000   0.000   0.000    0.000    0.000      0.000    0.000   0.000    0.000     0.000    0.000      0.000   0.000
      3   0.000    0.000   0.000   0.000   0.000   0.000   0.000   0.000   0.000   0.000   0.000   0.000   0.000    0.000    0.000   0.000    0.000   0.000   0.000   0.000   0.000   0.000    0.000    0.000      0.000    0.000   0.000    0.000     0.000    0.000      0.000   0.000
      4   0.000    0.000   0.000   0.000   0.000   0.000   0.000   0.000   0.000   0.000   0.000   0.000   0.000    0.000    0.000   0.000    0.000   0.000   0.000   0.000   0.000   0.000    0.000    0.000      0.000    0.000   0.000    0.000     0.000    0.000      0.000   0.000
      5   0.000    0.000   0.000   0.000   0.000   0.000   0.000   0.000   0.000   0.000   0.000   0.000   0.000    0.000    0.000   0.000    0.000   0.000   0.000   0.000   0.000   0.000    0.000    0.000      0.000    0.000   0.000    0.000     0.000    0.000      0.000   0.000
      6   0.000    0.000   0.000   0.000   0.000   0.000   0.000   0.000   0.000   0.000   0.000   0.000   0.000    0.000    0.000   0.000    0.000   0.000   0.000   0.000   0.000   0.000    0.000    0.000      0.000    0.000   0.000    0.000     0.000    0.000      0.000   0.000
      7   0.000    0.000   0.000   0.000   0.000   0.000   0.000   0.000   0.000   0.000   0.000   0.000   0.000    0.000    0.000   0.000    0.000   0.000   0.000   0.000   0.000   0.000    0.000    0.000      0.000    0.000   0.000    0.000     0.000    0.000      0.000   0.000
      8   0.000    0.000   0.000   0.000   0.000   0.000   0.000   0.000   0.000   0.000   0.000   0.000   0.000    0.000    0.000   0.000    0.000   0.000   0.000   0.000   0.000   0.000    0.000    0.000      0.000    0.000   0.000    0.000     0.000    0.000      0.000   0.000
      9   0.000    0.000   0.000   0.000   0.000   0.000   0.000   0.000   0.000   0.000   0.000   0.000   0.000    0.000    0.000   0.000    0.000   0.000   0.000   0.000   0.000   0.000    0.000    0.000      0.000    0.000   0.000    0.000     0.000    0.000      0.000   0.000
    Sum   0.015    0.001   0.011   0.000   0.000   0.000   0.000   0.000   0.000   0.000   0.000   0.000   0.000    0.003    0.000   0.000    0.000   0.000   0.000   0.000   0.000   0.000    0.000    0.000      0.000    0.000   0.000    0.000     0.000    0.000      0.000   0.015


Summary
------------------------------------------------------------------------------------------------------------------------------
                  dt  Flu_Adv  Gra_Adv  Src_Adv  Che_Adv       SF   FB_Adv    FixUp     Flag   Refine MPI_Grid   Output      Aux       LB CorrSync      Par -MPI_Par    libyt         Sum
    Time      0.0009   0.0111   0.0000   0.0000   0.0000   0.0000   0.0000   0.0000   0.0000   0.0000   0.0034   0.0181   0.0440   0.0008   0.0000   0.0000   0.0000   0.0000      0.0783
    Frac      1.095%  14.136%   0.000%   0.000%   0.000%   0.000%   0.000%   0.000%   0.000%   0.000%   4.369%  23.172%  56.168%   1.041%   0.000%   0.000%   0.000%   0.000%     99.980%

==============================================================================================================================
==============================================================================================================================



Time : 4.5694876e-02 -> 4.6782849e-02,     Step :       42 ->       43

Main Loop
------------------------------------------------------------------------------------------------------------------------------
       Total    Integration       Output    Auxiliary    LoadBalance       CorrSync          libyt            Sum
      0.1276         0.0137       0.0282       0.0849         0.0009         0.0000         0.0000         0.1276


Integration Loop
------------------------------------------------------------------------------------------------------------------------------
     Lv   Total       dt Flu_Adv Gra_Adv Src_Adv Che_Adv      SF  FB_Adv   FixUp    Flag  Refine Buf_Rho Buf_Pot Buf_Flu1 Buf_Flu2 Buf_Ref Buf_Flux Buf_Res Buf_Che  Par_KD   Par_K Par_K-1 Par_2Sib -MPI_Sib -MPI_FaSib Par_2Son    -MPI Par_Coll -MPI_Real -MPI_Sib -MPI_FaSib     Sum
      0   0.014    0.001   0.010   0.000   0.000   0.000   0.000   0.000   0.000   0.000   0.000   0.000   0.000    0.003    0.000   0.000    0.000   0.000   0.000   0.000   0.000   0.000    0.000    0.000      0.000    0.000   0.000    0.000     0.000    0.000      0.000   0.014
      1   0.000    0.000   0.000   0.000   0.000   0.000   0.000   0.000   0.000   0.000   0.000   0.000   0.000    0.000    0.000   0.000    0.000   0.000   0.000   0.000   0.000   0.000    0.000    0.000      0.000    0.000   0.000    0.000     0.000    0.000      0.000   0.000
      2   0.000    0.000   0.000   0.000   0.000   0.000   0.000   0.000   0.000   0.000   0.000   0.000   0.000    0.000    0.000   0.000    0.000   0.000   0.000   0.000   0.000   0.000    0.000    0.000      0.000    0.000   0.000    0.000     0.000    0.000      0.000   0.000
      3   0.000    0.000   0.000   0.000   0.000   0.000   0.000   0.000   0.000   0.000   0.000   0.000   0.000    0.000    0.000   0.000    0.000   0.000   0.000   0.000   0.000   0.000    0.000    0.000      0.000    0.000   0.000    0.000     0.000    0.000      0.000   0.000
      4   0.000    0.000   0.000   0.000   0.000   0.000   0.000   0.000   0.000   0.000   0.000   0.000   0.000    0.000    0.000   0.000    0.000   0.000   0.000   0.000   0.000   0.000    0.000    0.000      0.000    0.000   0.000    0.000     0.000    0.000      0.000   0.000
      5   0.000    0.000   0.000   0.000   0.000   0.000   0.000   0.000   0.000   0.000   0.000   0.000   0.000    0.000    0.000   0.000    0.000   0.000   0.000   0.000   0.000   0.000    0.000    0.000      0.000    0.000   0.000    0.000     0.000    0.000      0.000   0.000
      6   0.000    0.000   0.000   0.000   0.000   0.000   0.000   0.000   0.000   0.000   0.000   0.000   0.000    0.000    0.000   0.000    0.000   0.000   0.000   0.000   0.000   0.000    0.000    0.000      0.000    0.000   0.000    0.000     0.000    0.000      0.000   0.000
      7   0.000    0.000   0.000   0.000   0.000   0.000   0.000   0.000   0.000   0.000   0.000   0.000   0.000    0.000    0.000   0.000    0.000   0.000   0.000   0.000   0.000   0.000    0.000    0.000      0.000    0.000   0.000    0.000     0.000    0.000      0.000   0.000
      8   0.000    0.000   0.000   0.000   0.000   0.000   0.000   0.000   0.000   0.000   0.000   0.000   0.000    0.000    0.000   0.000    0.000   0.000   0.000   0.000   0.000   0.000    0.000    0.000      0.000    0.000   0.000    0.000     0.000    0.000      0.000   0.000
      9   0.000    0.000   0.000   0.000   0.000   0.000   0.000   0.000   0.000   0.000   0.000   0.000   0.000    0.000    0.000   0.000    0.000   0.000   0.000   0.000   0.000   0.000    0.000    0.000      0.000    0.000   0.000    0.000     0.000    0.000      0.000   0.000
    Sum   0.014    0.001   0.010   0.000   0.000   0.000   0.000   0.000   0.000   0.000   0.000   0.000   0.000    0.003    0.000   0.000    0.000   0.000   0.000   0.000   0.000   0.000    0.000    0.000      0.000    0.000   0.000    0.000     0.000    0.000      0.000   0.014


Summary
------------------------------------------------------------------------------------------------------------------------------
                  dt  Flu_Adv  Gra_Adv  Src_Adv  Che_Adv       SF   FB_Adv    FixUp     Flag   Refine MPI_Grid   Output      Aux       LB CorrSync      Par -MPI_Par    libyt         Sum
    Time      0.0006   0.0100   0.0000   0.0000   0.0000   0.0000   0.0000   0.0000   0.0000   0.0000   0.0031   0.0282   0.0849   0.0009   0.0000   0.0000   0.0000   0.0000      0.1276
    Frac      0.497%   7.804%   0.000%   0.000%   0.000%   0.000%   0.000%   0.000%   0.000%   0.000%   2.410%  22.087%  66.509%   0.680%   0.000%   0.000%   0.000%   0.000%     99.987%

==============================================================================================================================
==============================================================================================================================



Time : 4.6782849e-02 -> 4.7870823e-02,     Step :       43 ->       44

Main Loop
------------------------------------------------------------------------------------------------------------------------------
       Total    Integration       Output    Auxiliary    LoadBalance       CorrSync          libyt            Sum
      0.1121         0.0131       0.0254       0.0728         0.0008         0.0000         0.0000         0.1121


Integration Loop
------------------------------------------------------------------------------------------------------------------------------
     Lv   Total       dt Flu_Adv Gra_Adv Src_Adv Che_Adv      SF  FB_Adv   FixUp    Flag  Refine Buf_Rho Buf_Pot Buf_Flu1 Buf_Flu2 Buf_Ref Buf_Flux Buf_Res Buf_Che  Par_KD   Par_K Par_K-1 Par_2Sib -MPI_Sib -MPI_FaSib Par_2Son    -MPI Par_Coll -MPI_Real -MPI_Sib -MPI_FaSib     Sum
      0   0.013    0.001   0.009   0.000   0.000   0.000   0.000   0.000   0.000   0.000   0.001   0.000   0.000    0.002    0.000   0.000    0.000   0.000   0.000   0.000   0.000   0.000    0.000    0.000      0.000    0.000   0.000    0.000     0.000    0.000      0.000   0.013
      1   0.000    0.000   0.000   0.000   0.000   0.000   0.000   0.000   0.000   0.000   0.000   0.000   0.000    0.000    0.000   0.000    0.000   0.000   0.000   0.000   0.000   0.000    0.000    0.000      0.000    0.000   0.000    0.000     0.000    0.000      0.000   0.000
      2   0.000    0.000   0.000   0.000   0.000   0.000   0.000   0.000   0.000   0.000   0.000   0.000   0.000    0.000    0.000   0.000    0.000   0.000   0.000   0.000   0.000   0.000    0.000    0.000      0.000    0.000   0.000    0.000     0.000    0.000      0.000   0.000
      3   0.000    0.000   0.000   0.000   0.000   0.000   0.000   0.000   0.000   0.000   0.000   0.000   0.000    0.000    0.000   0.000    0.000   0.000   0.000   0.000   0.000   0.000    0.000    0.000      0.000    0.000   0.000    0.000     0.000    0.000      0.000   0.000
      4   0.000    0.000   0.000   0.000   0.000   0.000   0.000   0.000   0.000   0.000   0.000   0.000   0.000    0.000    0.000   0.000    0.000   0.000   0.000   0.000   0.000   0.000    0.000    0.000      0.000    0.000   0.000    0.000     0.000    0.000      0.000   0.000
      5   0.000    0.000   0.000   0.000   0.000   0.000   0.000   0.000   0.000   0.000   0.000   0.000   0.000    0.000    0.000   0.000    0.000   0.000   0.000   0.000   0.000   0.000    0.000    0.000      0.000    0.000   0.000    0.000     0.000    0.000      0.000   0.000
      6   0.000    0.000   0.000   0.000   0.000   0.000   0.000   0.000   0.000   0.000   0.000   0.000   0.000    0.000    0.000   0.000    0.000   0.000   0.000   0.000   0.000   0.000    0.000    0.000      0.000    0.000   0.000    0.000     0.000    0.000      0.000   0.000
      7   0.000    0.000   0.000   0.000   0.000   0.000   0.000   0.000   0.000   0.000   0.000   0.000   0.000    0.000    0.000   0.000    0.000   0.000   0.000   0.000   0.000   0.000    0.000    0.000      0.000    0.000   0.000    0.000     0.000    0.000      0.000   0.000
      8   0.000    0.000   0.000   0.000   0.000   0.000   0.000   0.000   0.000   0.000   0.000   0.000   0.000    0.000    0.000   0.000    0.000   0.000   0.000   0.000   0.000   0.000    0.000    0.000      0.000    0.000   0.000    0.000     0.000    0.000      0.000   0.000
      9   0.000    0.000   0.000   0.000   0.000   0.000   0.000   0.000   0.000   0.000   0.000   0.000   0.000    0.000    0.000   0.000    0.000   0.000   0.000   0.000   0.000   0.000    0.000    0.000      0.000    0.000   0.000    0.000     0.000    0.000      0.000   0.000
    Sum   0.013    0.001   0.009   0.000   0.000   0.000   0.000   0.000   0.000   0.000   0.001   0.000   0.000    0.002    0.000   0.000    0.000   0.000   0.000   0.000   0.000   0.000    0.000    0.000      0.000    0.000   0.000    0.000     0.000    0.000      0.000   0.013


Summary
------------------------------------------------------------------------------------------------------------------------------
                  dt  Flu_Adv  Gra_Adv  Src_Adv  Che_Adv       SF   FB_Adv    FixUp     Flag   Refine MPI_Grid   Output      Aux       LB CorrSync      Par -MPI_Par    libyt         Sum
    Time      0.0008   0.0089   0.0000   0.0000   0.0000   0.0000   0.0000   0.0000   0.0003   0.0006   0.0026   0.0254   0.0728   0.0008   0.0000   0.0000   0.0000   0.0000      0.1121
    Frac      0.670%   7.961%   0.000%   0.000%   0.000%   0.000%   0.000%   0.000%   0.238%   0.521%   2.286%  22.656%  64.956%   0.697%   0.000%   0.000%   0.000%   0.000%     99.985%

==============================================================================================================================
==============================================================================================================================



Time : 4.7870823e-02 -> 4.8958796e-02,     Step :       44 ->       45

Main Loop
------------------------------------------------------------------------------------------------------------------------------
       Total    Integration       Output    Auxiliary    LoadBalance       CorrSync          libyt            Sum
      0.0950         0.0160       0.0213       0.0568         0.0009         0.0000         0.0000         0.0950


Integration Loop
------------------------------------------------------------------------------------------------------------------------------
     Lv   Total       dt Flu_Adv Gra_Adv Src_Adv Che_Adv      SF  FB_Adv   FixUp    Flag  Refine Buf_Rho Buf_Pot Buf_Flu1 Buf_Flu2 Buf_Ref Buf_Flux Buf_Res Buf_Che  Par_KD   Par_K Par_K-1 Par_2Sib -MPI_Sib -MPI_FaSib Par_2Son    -MPI Par_Coll -MPI_Real -MPI_Sib -MPI_FaSib     Sum
      0   0.016    0.001   0.009   0.000   0.000   0.000   0.000   0.000   0.000   0.000   0.000   0.000   0.000    0.006    0.000   0.000    0.000   0.000   0.000   0.000   0.000   0.000    0.000    0.000      0.000    0.000   0.000    0.000     0.000    0.000      0.000   0.016
      1   0.000    0.000   0.000   0.000   0.000   0.000   0.000   0.000   0.000   0.000   0.000   0.000   0.000    0.000    0.000   0.000    0.000   0.000   0.000   0.000   0.000   0.000    0.000    0.000      0.000    0.000   0.000    0.000     0.000    0.000      0.000   0.000
      2   0.000    0.000   0.000   0.000   0.000   0.000   0.000   0.000   0.000   0.000   0.000   0.000   0.000    0.000    0.000   0.000    0.000   0.000   0.000   0.000   0.000   0.000    0.000    0.000      0.000    0.000   0.000    0.000     0.000    0.000      0.000   0.000
      3   0.000    0.000   0.000   0.000   0.000   0.000   0.000   0.000   0.000   0.000   0.000   0.000   0.000    0.000    0.000   0.000    0.000   0.000   0.000   0.000   0.000   0.000    0.000    0.000      0.000    0.000   0.000    0.000     0.000    0.000      0.000   0.000
      4   0.000    0.000   0.000   0.000   0.000   0.000   0.000   0.000   0.000   0.000   0.000   0.000   0.000    0.000    0.000   0.000    0.000   0.000   0.000   0.000   0.000   0.000    0.000    0.000      0.000    0.000   0.000    0.000     0.000    0.000      0.000   0.000
      5   0.000    0.000   0.000   0.000   0.000   0.000   0.000   0.000   0.000   0.000   0.000   0.000   0.000    0.000    0.000   0.000    0.000   0.000   0.000   0.000   0.000   0.000    0.000    0.000      0.000    0.000   0.000    0.000     0.000    0.000      0.000   0.000
      6   0.000    0.000   0.000   0.000   0.000   0.000   0.000   0.000   0.000   0.000   0.000   0.000   0.000    0.000    0.000   0.000    0.000   0.000   0.000   0.000   0.000   0.000    0.000    0.000      0.000    0.000   0.000    0.000     0.000    0.000      0.000   0.000
      7   0.000    0.000   0.000   0.000   0.000   0.000   0.000   0.000   0.000   0.000   0.000   0.000   0.000    0.000    0.000   0.000    0.000   0.000   0.000   0.000   0.000   0.000    0.000    0.000      0.000    0.000   0.000    0.000     0.000    0.000      0.000   0.000
      8   0.000    0.000   0.000   0.000   0.000   0.000   0.000   0.000   0.000   0.000   0.000   0.000   0.000    0.000    0.000   0.000    0.000   0.000   0.000   0.000   0.000   0.000    0.000    0.000      0.000    0.000   0.000    0.000     0.000    0.000      0.000   0.000
      9   0.000    0.000   0.000   0.000   0.000   0.000   0.000   0.000   0.000   0.000   0.000   0.000   0.000    0.000    0.000   0.000    0.000   0.000   0.000   0.000   0.000   0.000    0.000    0.000      0.000    0.000   0.000    0.000     0.000    0.000      0.000   0.000
    Sum   0.016    0.001   0.009   0.000   0.000   0.000   0.000   0.000   0.000   0.000   0.000   0.000   0.000    0.006    0.000   0.000    0.000   0.000   0.000   0.000   0.000   0.000    0.000    0.000      0.000    0.000   0.000    0.000     0.000    0.000      0.000   0.016


Summary
------------------------------------------------------------------------------------------------------------------------------
                  dt  Flu_Adv  Gra_Adv  Src_Adv  Che_Adv       SF   FB_Adv    FixUp     Flag   Refine MPI_Grid   Output      Aux       LB CorrSync      Par -MPI_Par    libyt         Sum
    Time      0.0007   0.0089   0.0000   0.0000   0.0000   0.0000   0.0000   0.0000   0.0000   0.0000   0.0063   0.0213   0.0568   0.0009   0.0000   0.0000   0.0000   0.0000      0.0950
    Frac      0.767%   9.371%   0.000%   0.000%   0.000%   0.000%   0.000%   0.000%   0.000%   0.000%   6.642%  22.405%  59.831%   0.963%   0.000%   0.000%   0.000%   0.000%     99.980%

==============================================================================================================================
==============================================================================================================================



Time : 4.8958796e-02 -> 5.0046769e-02,     Step :       45 ->       46

Main Loop
------------------------------------------------------------------------------------------------------------------------------
       Total    Integration       Output    Auxiliary    LoadBalance       CorrSync          libyt            Sum
      0.1130         0.0126       0.0285       0.0710         0.0009         0.0000         0.0000         0.1129


Integration Loop
------------------------------------------------------------------------------------------------------------------------------
     Lv   Total       dt Flu_Adv Gra_Adv Src_Adv Che_Adv      SF  FB_Adv   FixUp    Flag  Refine Buf_Rho Buf_Pot Buf_Flu1 Buf_Flu2 Buf_Ref Buf_Flux Buf_Res Buf_Che  Par_KD   Par_K Par_K-1 Par_2Sib -MPI_Sib -MPI_FaSib Par_2Son    -MPI Par_Coll -MPI_Real -MPI_Sib -MPI_FaSib     Sum
      0   0.013    0.001   0.009   0.000   0.000   0.000   0.000   0.000   0.000   0.000   0.000   0.000   0.000    0.003    0.000   0.000    0.000   0.000   0.000   0.000   0.000   0.000    0.000    0.000      0.000    0.000   0.000    0.000     0.000    0.000      0.000   0.013
      1   0.000    0.000   0.000   0.000   0.000   0.000   0.000   0.000   0.000   0.000   0.000   0.000   0.000    0.000    0.000   0.000    0.000   0.000   0.000   0.000   0.000   0.000    0.000    0.000      0.000    0.000   0.000    0.000     0.000    0.000      0.000   0.000
      2   0.000    0.000   0.000   0.000   0.000   0.000   0.000   0.000   0.000   0.000   0.000   0.000   0.000    0.000    0.000   0.000    0.000   0.000   0.000   0.000   0.000   0.000    0.000    0.000      0.000    0.000   0.000    0.000     0.000    0.000      0.000   0.000
      3   0.000    0.000   0.000   0.000   0.000   0.000   0.000   0.000   0.000   0.000   0.000   0.000   0.000    0.000    0.000   0.000    0.000   0.000   0.000   0.000   0.000   0.000    0.000    0.000      0.000    0.000   0.000    0.000     0.000    0.000      0.000   0.000
      4   0.000    0.000   0.000   0.000   0.000   0.000   0.000   0.000   0.000   0.000   0.000   0.000   0.000    0.000    0.000   0.000    0.000   0.000   0.000   0.000   0.000   0.000    0.000    0.000      0.000    0.000   0.000    0.000     0.000    0.000      0.000   0.000
      5   0.000    0.000   0.000   0.000   0.000   0.000   0.000   0.000   0.000   0.000   0.000   0.000   0.000    0.000    0.000   0.000    0.000   0.000   0.000   0.000   0.000   0.000    0.000    0.000      0.000    0.000   0.000    0.000     0.000    0.000      0.000   0.000
      6   0.000    0.000   0.000   0.000   0.000   0.000   0.000   0.000   0.000   0.000   0.000   0.000   0.000    0.000    0.000   0.000    0.000   0.000   0.000   0.000   0.000   0.000    0.000    0.000      0.000    0.000   0.000    0.000     0.000    0.000      0.000   0.000
      7   0.000    0.000   0.000   0.000   0.000   0.000   0.000   0.000   0.000   0.000   0.000   0.000   0.000    0.000    0.000   0.000    0.000   0.000   0.000   0.000   0.000   0.000    0.000    0.000      0.000    0.000   0.000    0.000     0.000    0.000      0.000   0.000
      8   0.000    0.000   0.000   0.000   0.000   0.000   0.000   0.000   0.000   0.000   0.000   0.000   0.000    0.000    0.000   0.000    0.000   0.000   0.000   0.000   0.000   0.000    0.000    0.000      0.000    0.000   0.000    0.000     0.000    0.000      0.000   0.000
      9   0.000    0.000   0.000   0.000   0.000   0.000   0.000   0.000   0.000   0.000   0.000   0.000   0.000    0.000    0.000   0.000    0.000   0.000   0.000   0.000   0.000   0.000    0.000    0.000      0.000    0.000   0.000    0.000     0.000    0.000      0.000   0.000
    Sum   0.013    0.001   0.009   0.000   0.000   0.000   0.000   0.000   0.000   0.000   0.000   0.000   0.000    0.003    0.000   0.000    0.000   0.000   0.000   0.000   0.000   0.000    0.000    0.000      0.000    0.000   0.000    0.000     0.000    0.000      0.000   0.013


Summary
------------------------------------------------------------------------------------------------------------------------------
                  dt  Flu_Adv  Gra_Adv  Src_Adv  Che_Adv       SF   FB_Adv    FixUp     Flag   Refine MPI_Grid   Output      Aux       LB CorrSync      Par -MPI_Par    libyt         Sum
    Time      0.0007   0.0089   0.0000   0.0000   0.0000   0.0000   0.0000   0.0000   0.0000   0.0000   0.0030   0.0285   0.0710   0.0009   0.0000   0.0000   0.0000   0.0000      0.1129
    Frac      0.607%   7.904%   0.000%   0.000%   0.000%   0.000%   0.000%   0.000%   0.000%   0.000%   2.623%  25.222%  62.875%   0.753%   0.000%   0.000%   0.000%   0.000%     99.986%

==============================================================================================================================
==============================================================================================================================



Time : 5.0046769e-02 -> 5.1134742e-02,     Step :       46 ->       47

Main Loop
------------------------------------------------------------------------------------------------------------------------------
       Total    Integration       Output    Auxiliary    LoadBalance       CorrSync          libyt            Sum
      0.1014         0.0124       0.0178       0.0704         0.0008         0.0000         0.0000         0.1014


Integration Loop
------------------------------------------------------------------------------------------------------------------------------
     Lv   Total       dt Flu_Adv Gra_Adv Src_Adv Che_Adv      SF  FB_Adv   FixUp    Flag  Refine Buf_Rho Buf_Pot Buf_Flu1 Buf_Flu2 Buf_Ref Buf_Flux Buf_Res Buf_Che  Par_KD   Par_K Par_K-1 Par_2Sib -MPI_Sib -MPI_FaSib Par_2Son    -MPI Par_Coll -MPI_Real -MPI_Sib -MPI_FaSib     Sum
      0   0.012    0.001   0.009   0.000   0.000   0.000   0.000   0.000   0.000   0.000   0.000   0.000   0.000    0.003    0.000   0.000    0.000   0.000   0.000   0.000   0.000   0.000    0.000    0.000      0.000    0.000   0.000    0.000     0.000    0.000      0.000   0.012
      1   0.000    0.000   0.000   0.000   0.000   0.000   0.000   0.000   0.000   0.000   0.000   0.000   0.000    0.000    0.000   0.000    0.000   0.000   0.000   0.000   0.000   0.000    0.000    0.000      0.000    0.000   0.000    0.000     0.000    0.000      0.000   0.000
      2   0.000    0.000   0.000   0.000   0.000   0.000   0.000   0.000   0.000   0.000   0.000   0.000   0.000    0.000    0.000   0.000    0.000   0.000   0.000   0.000   0.000   0.000    0.000    0.000      0.000    0.000   0.000    0.000     0.000    0.000      0.000   0.000
      3   0.000    0.000   0.000   0.000   0.000   0.000   0.000   0.000   0.000   0.000   0.000   0.000   0.000    0.000    0.000   0.000    0.000   0.000   0.000   0.000   0.000   0.000    0.000    0.000      0.000    0.000   0.000    0.000     0.000    0.000      0.000   0.000
      4   0.000    0.000   0.000   0.000   0.000   0.000   0.000   0.000   0.000   0.000   0.000   0.000   0.000    0.000    0.000   0.000    0.000   0.000   0.000   0.000   0.000   0.000    0.000    0.000      0.000    0.000   0.000    0.000     0.000    0.000      0.000   0.000
      5   0.000    0.000   0.000   0.000   0.000   0.000   0.000   0.000   0.000   0.000   0.000   0.000   0.000    0.000    0.000   0.000    0.000   0.000   0.000   0.000   0.000   0.000    0.000    0.000      0.000    0.000   0.000    0.000     0.000    0.000      0.000   0.000
      6   0.000    0.000   0.000   0.000   0.000   0.000   0.000   0.000   0.000   0.000   0.000   0.000   0.000    0.000    0.000   0.000    0.000   0.000   0.000   0.000   0.000   0.000    0.000    0.000      0.000    0.000   0.000    0.000     0.000    0.000      0.000   0.000
      7   0.000    0.000   0.000   0.000   0.000   0.000   0.000   0.000   0.000   0.000   0.000   0.000   0.000    0.000    0.000   0.000    0.000   0.000   0.000   0.000   0.000   0.000    0.000    0.000      0.000    0.000   0.000    0.000     0.000    0.000      0.000   0.000
      8   0.000    0.000   0.000   0.000   0.000   0.000   0.000   0.000   0.000   0.000   0.000   0.000   0.000    0.000    0.000   0.000    0.000   0.000   0.000   0.000   0.000   0.000    0.000    0.000      0.000    0.000   0.000    0.000     0.000    0.000      0.000   0.000
      9   0.000    0.000   0.000   0.000   0.000   0.000   0.000   0.000   0.000   0.000   0.000   0.000   0.000    0.000    0.000   0.000    0.000   0.000   0.000   0.000   0.000   0.000    0.000    0.000      0.000    0.000   0.000    0.000     0.000    0.000      0.000   0.000
    Sum   0.012    0.001   0.009   0.000   0.000   0.000   0.000   0.000   0.000   0.000   0.000   0.000   0.000    0.003    0.000   0.000    0.000   0.000   0.000   0.000   0.000   0.000    0.000    0.000      0.000    0.000   0.000    0.000     0.000    0.000      0.000   0.012


Summary
------------------------------------------------------------------------------------------------------------------------------
                  dt  Flu_Adv  Gra_Adv  Src_Adv  Che_Adv       SF   FB_Adv    FixUp     Flag   Refine MPI_Grid   Output      Aux       LB CorrSync      Par -MPI_Par    libyt         Sum
    Time      0.0006   0.0090   0.0000   0.0000   0.0000   0.0000   0.0000   0.0000   0.0000   0.0000   0.0027   0.0178   0.0704   0.0008   0.0000   0.0000   0.0000   0.0000      0.1014
    Frac      0.627%   8.896%   0.000%   0.000%   0.000%   0.000%   0.000%   0.000%   0.000%   0.000%   2.648%  17.550%  69.440%   0.820%   0.000%   0.000%   0.000%   0.000%     99.981%

==============================================================================================================================
==============================================================================================================================



Time : 5.1134742e-02 -> 5.2222716e-02,     Step :       47 ->       48

Main Loop
------------------------------------------------------------------------------------------------------------------------------
       Total    Integration       Output    Auxiliary    LoadBalance       CorrSync          libyt            Sum
      0.1499         0.0176       0.0372       0.0941         0.0009         0.0000         0.0000         0.1499


Integration Loop
------------------------------------------------------------------------------------------------------------------------------
     Lv   Total       dt Flu_Adv Gra_Adv Src_Adv Che_Adv      SF  FB_Adv   FixUp    Flag  Refine Buf_Rho Buf_Pot Buf_Flu1 Buf_Flu2 Buf_Ref Buf_Flux Buf_Res Buf_Che  Par_KD   Par_K Par_K-1 Par_2Sib -MPI_Sib -MPI_FaSib Par_2Son    -MPI Par_Coll -MPI_Real -MPI_Sib -MPI_FaSib     Sum
      0   0.018    0.001   0.009   0.000   0.000   0.000   0.000   0.000   0.000   0.000   0.001   0.000   0.000    0.007    0.000   0.000    0.000   0.000   0.000   0.000   0.000   0.000    0.000    0.000      0.000    0.000   0.000    0.000     0.000    0.000      0.000   0.018
      1   0.000    0.000   0.000   0.000   0.000   0.000   0.000   0.000   0.000   0.000   0.000   0.000   0.000    0.000    0.000   0.000    0.000   0.000   0.000   0.000   0.000   0.000    0.000    0.000      0.000    0.000   0.000    0.000     0.000    0.000      0.000   0.000
      2   0.000    0.000   0.000   0.000   0.000   0.000   0.000   0.000   0.000   0.000   0.000   0.000   0.000    0.000    0.000   0.000    0.000   0.000   0.000   0.000   0.000   0.000    0.000    0.000      0.000    0.000   0.000    0.000     0.000    0.000      0.000   0.000
      3   0.000    0.000   0.000   0.000   0.000   0.000   0.000   0.000   0.000   0.000   0.000   0.000   0.000    0.000    0.000   0.000    0.000   0.000   0.000   0.000   0.000   0.000    0.000    0.000      0.000    0.000   0.000    0.000     0.000    0.000      0.000   0.000
      4   0.000    0.000   0.000   0.000   0.000   0.000   0.000   0.000   0.000   0.000   0.000   0.000   0.000    0.000    0.000   0.000    0.000   0.000   0.000   0.000   0.000   0.000    0.000    0.000      0.000    0.000   0.000    0.000     0.000    0.000      0.000   0.000
      5   0.000    0.000   0.000   0.000   0.000   0.000   0.000   0.000   0.000   0.000   0.000   0.000   0.000    0.000    0.000   0.000    0.000   0.000   0.000   0.000   0.000   0.000    0.000    0.000      0.000    0.000   0.000    0.000     0.000    0.000      0.000   0.000
      6   0.000    0.000   0.000   0.000   0.000   0.000   0.000   0.000   0.000   0.000   0.000   0.000   0.000    0.000    0.000   0.000    0.000   0.000   0.000   0.000   0.000   0.000    0.000    0.000      0.000    0.000   0.000    0.000     0.000    0.000      0.000   0.000
      7   0.000    0.000   0.000   0.000   0.000   0.000   0.000   0.000   0.000   0.000   0.000   0.000   0.000    0.000    0.000   0.000    0.000   0.000   0.000   0.000   0.000   0.000    0.000    0.000      0.000    0.000   0.000    0.000     0.000    0.000      0.000   0.000
      8   0.000    0.000   0.000   0.000   0.000   0.000   0.000   0.000   0.000   0.000   0.000   0.000   0.000    0.000    0.000   0.000    0.000   0.000   0.000   0.000   0.000   0.000    0.000    0.000      0.000    0.000   0.000    0.000     0.000    0.000      0.000   0.000
      9   0.000    0.000   0.000   0.000   0.000   0.000   0.000   0.000   0.000   0.000   0.000   0.000   0.000    0.000    0.000   0.000    0.000   0.000   0.000   0.000   0.000   0.000    0.000    0.000      0.000    0.000   0.000    0.000     0.000    0.000      0.000   0.000
    Sum   0.018    0.001   0.009   0.000   0.000   0.000   0.000   0.000   0.000   0.000   0.001   0.000   0.000    0.007    0.000   0.000    0.000   0.000   0.000   0.000   0.000   0.000    0.000    0.000      0.000    0.000   0.000    0.000     0.000    0.000      0.000   0.018


Summary
------------------------------------------------------------------------------------------------------------------------------
                  dt  Flu_Adv  Gra_Adv  Src_Adv  Che_Adv       SF   FB_Adv    FixUp     Flag   Refine MPI_Grid   Output      Aux       LB CorrSync      Par -MPI_Par    libyt         Sum
    Time      0.0007   0.0090   0.0000   0.0000   0.0000   0.0000   0.0000   0.0000   0.0003   0.0005   0.0072   0.0372   0.0941   0.0009   0.0000   0.0000   0.0000   0.0000      0.1499
    Frac      0.436%   5.994%   0.000%   0.000%   0.000%   0.000%   0.000%   0.000%   0.225%   0.339%   4.770%  24.838%  62.768%   0.619%   0.000%   0.000%   0.000%   0.000%     99.988%

==============================================================================================================================
==============================================================================================================================



Time : 5.2222716e-02 -> 5.3310689e-02,     Step :       48 ->       49

Main Loop
------------------------------------------------------------------------------------------------------------------------------
       Total    Integration       Output    Auxiliary    LoadBalance       CorrSync          libyt            Sum
      0.1177         0.0124       0.0287       0.0755         0.0010         0.0000         0.0000         0.1176


Integration Loop
------------------------------------------------------------------------------------------------------------------------------
     Lv   Total       dt Flu_Adv Gra_Adv Src_Adv Che_Adv      SF  FB_Adv   FixUp    Flag  Refine Buf_Rho Buf_Pot Buf_Flu1 Buf_Flu2 Buf_Ref Buf_Flux Buf_Res Buf_Che  Par_KD   Par_K Par_K-1 Par_2Sib -MPI_Sib -MPI_FaSib Par_2Son    -MPI Par_Coll -MPI_Real -MPI_Sib -MPI_FaSib     Sum
      0   0.012    0.001   0.009   0.000   0.000   0.000   0.000   0.000   0.000   0.000   0.000   0.000   0.000    0.003    0.000   0.000    0.000   0.000   0.000   0.000   0.000   0.000    0.000    0.000      0.000    0.000   0.000    0.000     0.000    0.000      0.000   0.012
      1   0.000    0.000   0.000   0.000   0.000   0.000   0.000   0.000   0.000   0.000   0.000   0.000   0.000    0.000    0.000   0.000    0.000   0.000   0.000   0.000   0.000   0.000    0.000    0.000      0.000    0.000   0.000    0.000     0.000    0.000      0.000   0.000
      2   0.000    0.000   0.000   0.000   0.000   0.000   0.000   0.000   0.000   0.000   0.000   0.000   0.000    0.000    0.000   0.000    0.000   0.000   0.000   0.000   0.000   0.000    0.000    0.000      0.000    0.000   0.000    0.000     0.000    0.000      0.000   0.000
      3   0.000    0.000   0.000   0.000   0.000   0.000   0.000   0.000   0.000   0.000   0.000   0.000   0.000    0.000    0.000   0.000    0.000   0.000   0.000   0.000   0.000   0.000    0.000    0.000      0.000    0.000   0.000    0.000     0.000    0.000      0.000   0.000
      4   0.000    0.000   0.000   0.000   0.000   0.000   0.000   0.000   0.000   0.000   0.000   0.000   0.000    0.000    0.000   0.000    0.000   0.000   0.000   0.000   0.000   0.000    0.000    0.000      0.000    0.000   0.000    0.000     0.000    0.000      0.000   0.000
      5   0.000    0.000   0.000   0.000   0.000   0.000   0.000   0.000   0.000   0.000   0.000   0.000   0.000    0.000    0.000   0.000    0.000   0.000   0.000   0.000   0.000   0.000    0.000    0.000      0.000    0.000   0.000    0.000     0.000    0.000      0.000   0.000
      6   0.000    0.000   0.000   0.000   0.000   0.000   0.000   0.000   0.000   0.000   0.000   0.000   0.000    0.000    0.000   0.000    0.000   0.000   0.000   0.000   0.000   0.000    0.000    0.000      0.000    0.000   0.000    0.000     0.000    0.000      0.000   0.000
      7   0.000    0.000   0.000   0.000   0.000   0.000   0.000   0.000   0.000   0.000   0.000   0.000   0.000    0.000    0.000   0.000    0.000   0.000   0.000   0.000   0.000   0.000    0.000    0.000      0.000    0.000   0.000    0.000     0.000    0.000      0.000   0.000
      8   0.000    0.000   0.000   0.000   0.000   0.000   0.000   0.000   0.000   0.000   0.000   0.000   0.000    0.000    0.000   0.000    0.000   0.000   0.000   0.000   0.000   0.000    0.000    0.000      0.000    0.000   0.000    0.000     0.000    0.000      0.000   0.000
      9   0.000    0.000   0.000   0.000   0.000   0.000   0.000   0.000   0.000   0.000   0.000   0.000   0.000    0.000    0.000   0.000    0.000   0.000   0.000   0.000   0.000   0.000    0.000    0.000      0.000    0.000   0.000    0.000     0.000    0.000      0.000   0.000
    Sum   0.012    0.001   0.009   0.000   0.000   0.000   0.000   0.000   0.000   0.000   0.000   0.000   0.000    0.003    0.000   0.000    0.000   0.000   0.000   0.000   0.000   0.000    0.000    0.000      0.000    0.000   0.000    0.000     0.000    0.000      0.000   0.012


Summary
------------------------------------------------------------------------------------------------------------------------------
                  dt  Flu_Adv  Gra_Adv  Src_Adv  Che_Adv       SF   FB_Adv    FixUp     Flag   Refine MPI_Grid   Output      Aux       LB CorrSync      Par -MPI_Par    libyt         Sum
    Time      0.0007   0.0090   0.0000   0.0000   0.0000   0.0000   0.0000   0.0000   0.0000   0.0000   0.0027   0.0287   0.0755   0.0010   0.0000   0.0000   0.0000   0.0000      0.1176
    Frac      0.602%   7.645%   0.000%   0.000%   0.000%   0.000%   0.000%   0.000%   0.000%   0.000%   2.299%  24.399%  64.178%   0.864%   0.000%   0.000%   0.000%   0.000%     99.988%

==============================================================================================================================
==============================================================================================================================



Time : 5.3310689e-02 -> 5.4398662e-02,     Step :       49 ->       50

Main Loop
------------------------------------------------------------------------------------------------------------------------------
       Total    Integration       Output    Auxiliary    LoadBalance       CorrSync          libyt            Sum
      0.1023         0.0124       0.0255       0.0634         0.0010         0.0000         0.0000         0.1023


Integration Loop
------------------------------------------------------------------------------------------------------------------------------
     Lv   Total       dt Flu_Adv Gra_Adv Src_Adv Che_Adv      SF  FB_Adv   FixUp    Flag  Refine Buf_Rho Buf_Pot Buf_Flu1 Buf_Flu2 Buf_Ref Buf_Flux Buf_Res Buf_Che  Par_KD   Par_K Par_K-1 Par_2Sib -MPI_Sib -MPI_FaSib Par_2Son    -MPI Par_Coll -MPI_Real -MPI_Sib -MPI_FaSib     Sum
      0   0.012    0.001   0.009   0.000   0.000   0.000   0.000   0.000   0.000   0.000   0.000   0.000   0.000    0.003    0.000   0.000    0.000   0.000   0.000   0.000   0.000   0.000    0.000    0.000      0.000    0.000   0.000    0.000     0.000    0.000      0.000   0.012
      1   0.000    0.000   0.000   0.000   0.000   0.000   0.000   0.000   0.000   0.000   0.000   0.000   0.000    0.000    0.000   0.000    0.000   0.000   0.000   0.000   0.000   0.000    0.000    0.000      0.000    0.000   0.000    0.000     0.000    0.000      0.000   0.000
      2   0.000    0.000   0.000   0.000   0.000   0.000   0.000   0.000   0.000   0.000   0.000   0.000   0.000    0.000    0.000   0.000    0.000   0.000   0.000   0.000   0.000   0.000    0.000    0.000      0.000    0.000   0.000    0.000     0.000    0.000      0.000   0.000
      3   0.000    0.000   0.000   0.000   0.000   0.000   0.000   0.000   0.000   0.000   0.000   0.000   0.000    0.000    0.000   0.000    0.000   0.000   0.000   0.000   0.000   0.000    0.000    0.000      0.000    0.000   0.000    0.000     0.000    0.000      0.000   0.000
      4   0.000    0.000   0.000   0.000   0.000   0.000   0.000   0.000   0.000   0.000   0.000   0.000   0.000    0.000    0.000   0.000    0.000   0.000   0.000   0.000   0.000   0.000    0.000    0.000      0.000    0.000   0.000    0.000     0.000    0.000      0.000   0.000
      5   0.000    0.000   0.000   0.000   0.000   0.000   0.000   0.000   0.000   0.000   0.000   0.000   0.000    0.000    0.000   0.000    0.000   0.000   0.000   0.000   0.000   0.000    0.000    0.000      0.000    0.000   0.000    0.000     0.000    0.000      0.000   0.000
      6   0.000    0.000   0.000   0.000   0.000   0.000   0.000   0.000   0.000   0.000   0.000   0.000   0.000    0.000    0.000   0.000    0.000   0.000   0.000   0.000   0.000   0.000    0.000    0.000      0.000    0.000   0.000    0.000     0.000    0.000      0.000   0.000
      7   0.000    0.000   0.000   0.000   0.000   0.000   0.000   0.000   0.000   0.000   0.000   0.000   0.000    0.000    0.000   0.000    0.000   0.000   0.000   0.000   0.000   0.000    0.000    0.000      0.000    0.000   0.000    0.000     0.000    0.000      0.000   0.000
      8   0.000    0.000   0.000   0.000   0.000   0.000   0.000   0.000   0.000   0.000   0.000   0.000   0.000    0.000    0.000   0.000    0.000   0.000   0.000   0.000   0.000   0.000    0.000    0.000      0.000    0.000   0.000    0.000     0.000    0.000      0.000   0.000
      9   0.000    0.000   0.000   0.000   0.000   0.000   0.000   0.000   0.000   0.000   0.000   0.000   0.000    0.000    0.000   0.000    0.000   0.000   0.000   0.000   0.000   0.000    0.000    0.000      0.000    0.000   0.000    0.000     0.000    0.000      0.000   0.000
    Sum   0.012    0.001   0.009   0.000   0.000   0.000   0.000   0.000   0.000   0.000   0.000   0.000   0.000    0.003    0.000   0.000    0.000   0.000   0.000   0.000   0.000   0.000    0.000    0.000      0.000    0.000   0.000    0.000     0.000    0.000      0.000   0.012


Summary
------------------------------------------------------------------------------------------------------------------------------
                  dt  Flu_Adv  Gra_Adv  Src_Adv  Che_Adv       SF   FB_Adv    FixUp     Flag   Refine MPI_Grid   Output      Aux       LB CorrSync      Par -MPI_Par    libyt         Sum
    Time      0.0007   0.0089   0.0000   0.0000   0.0000   0.0000   0.0000   0.0000   0.0000   0.0000   0.0028   0.0255   0.0634   0.0010   0.0000   0.0000   0.0000   0.0000      0.1023
    Frac      0.686%   8.671%   0.000%   0.000%   0.000%   0.000%   0.000%   0.000%   0.000%   0.000%   2.741%  24.923%  61.968%   0.993%   0.000%   0.000%   0.000%   0.000%     99.981%

==============================================================================================================================
==============================================================================================================================



Time : 5.4398662e-02 -> 5.5486635e-02,     Step :       50 ->       51

Main Loop
------------------------------------------------------------------------------------------------------------------------------
       Total    Integration       Output    Auxiliary    LoadBalance       CorrSync          libyt            Sum
      0.1405         0.0118       0.0367       0.0910         0.0009         0.0000         0.0000         0.1405


Integration Loop
------------------------------------------------------------------------------------------------------------------------------
     Lv   Total       dt Flu_Adv Gra_Adv Src_Adv Che_Adv      SF  FB_Adv   FixUp    Flag  Refine Buf_Rho Buf_Pot Buf_Flu1 Buf_Flu2 Buf_Ref Buf_Flux Buf_Res Buf_Che  Par_KD   Par_K Par_K-1 Par_2Sib -MPI_Sib -MPI_FaSib Par_2Son    -MPI Par_Coll -MPI_Real -MPI_Sib -MPI_FaSib     Sum
      0   0.012    0.001   0.009   0.000   0.000   0.000   0.000   0.000   0.000   0.000   0.000   0.000   0.000    0.002    0.000   0.000    0.000   0.000   0.000   0.000   0.000   0.000    0.000    0.000      0.000    0.000   0.000    0.000     0.000    0.000      0.000   0.012
      1   0.000    0.000   0.000   0.000   0.000   0.000   0.000   0.000   0.000   0.000   0.000   0.000   0.000    0.000    0.000   0.000    0.000   0.000   0.000   0.000   0.000   0.000    0.000    0.000      0.000    0.000   0.000    0.000     0.000    0.000      0.000   0.000
      2   0.000    0.000   0.000   0.000   0.000   0.000   0.000   0.000   0.000   0.000   0.000   0.000   0.000    0.000    0.000   0.000    0.000   0.000   0.000   0.000   0.000   0.000    0.000    0.000      0.000    0.000   0.000    0.000     0.000    0.000      0.000   0.000
      3   0.000    0.000   0.000   0.000   0.000   0.000   0.000   0.000   0.000   0.000   0.000   0.000   0.000    0.000    0.000   0.000    0.000   0.000   0.000   0.000   0.000   0.000    0.000    0.000      0.000    0.000   0.000    0.000     0.000    0.000      0.000   0.000
      4   0.000    0.000   0.000   0.000   0.000   0.000   0.000   0.000   0.000   0.000   0.000   0.000   0.000    0.000    0.000   0.000    0.000   0.000   0.000   0.000   0.000   0.000    0.000    0.000      0.000    0.000   0.000    0.000     0.000    0.000      0.000   0.000
      5   0.000    0.000   0.000   0.000   0.000   0.000   0.000   0.000   0.000   0.000   0.000   0.000   0.000    0.000    0.000   0.000    0.000   0.000   0.000   0.000   0.000   0.000    0.000    0.000      0.000    0.000   0.000    0.000     0.000    0.000      0.000   0.000
      6   0.000    0.000   0.000   0.000   0.000   0.000   0.000   0.000   0.000   0.000   0.000   0.000   0.000    0.000    0.000   0.000    0.000   0.000   0.000   0.000   0.000   0.000    0.000    0.000      0.000    0.000   0.000    0.000     0.000    0.000      0.000   0.000
      7   0.000    0.000   0.000   0.000   0.000   0.000   0.000   0.000   0.000   0.000   0.000   0.000   0.000    0.000    0.000   0.000    0.000   0.000   0.000   0.000   0.000   0.000    0.000    0.000      0.000    0.000   0.000    0.000     0.000    0.000      0.000   0.000
      8   0.000    0.000   0.000   0.000   0.000   0.000   0.000   0.000   0.000   0.000   0.000   0.000   0.000    0.000    0.000   0.000    0.000   0.000   0.000   0.000   0.000   0.000    0.000    0.000      0.000    0.000   0.000    0.000     0.000    0.000      0.000   0.000
      9   0.000    0.000   0.000   0.000   0.000   0.000   0.000   0.000   0.000   0.000   0.000   0.000   0.000    0.000    0.000   0.000    0.000   0.000   0.000   0.000   0.000   0.000    0.000    0.000      0.000    0.000   0.000    0.000     0.000    0.000      0.000   0.000
    Sum   0.012    0.001   0.009   0.000   0.000   0.000   0.000   0.000   0.000   0.000   0.000   0.000   0.000    0.002    0.000   0.000    0.000   0.000   0.000   0.000   0.000   0.000    0.000    0.000      0.000    0.000   0.000    0.000     0.000    0.000      0.000   0.012


Summary
------------------------------------------------------------------------------------------------------------------------------
                  dt  Flu_Adv  Gra_Adv  Src_Adv  Che_Adv       SF   FB_Adv    FixUp     Flag   Refine MPI_Grid   Output      Aux       LB CorrSync      Par -MPI_Par    libyt         Sum
    Time      0.0007   0.0089   0.0000   0.0000   0.0000   0.0000   0.0000   0.0000   0.0000   0.0000   0.0022   0.0367   0.0910   0.0009   0.0000   0.0000   0.0000   0.0000      0.1405
    Frac      0.484%   6.337%   0.000%   0.000%   0.000%   0.000%   0.000%   0.000%   0.000%   0.000%   1.578%  26.105%  64.811%   0.676%   0.000%   0.000%   0.000%   0.000%     99.990%

==============================================================================================================================
==============================================================================================================================



Time : 5.5486635e-02 -> 5.6574609e-02,     Step :       51 ->       52

Main Loop
------------------------------------------------------------------------------------------------------------------------------
       Total    Integration       Output    Auxiliary    LoadBalance       CorrSync          libyt            Sum
      0.1177         0.0245       0.0220       0.0700         0.0011         0.0000         0.0000         0.1177


Integration Loop
------------------------------------------------------------------------------------------------------------------------------
     Lv   Total       dt Flu_Adv Gra_Adv Src_Adv Che_Adv      SF  FB_Adv   FixUp    Flag  Refine Buf_Rho Buf_Pot Buf_Flu1 Buf_Flu2 Buf_Ref Buf_Flux Buf_Res Buf_Che  Par_KD   Par_K Par_K-1 Par_2Sib -MPI_Sib -MPI_FaSib Par_2Son    -MPI Par_Coll -MPI_Real -MPI_Sib -MPI_FaSib     Sum
      0   0.025    0.001   0.013   0.000   0.000   0.000   0.000   0.000   0.000   0.000   0.001   0.000   0.000    0.009    0.000   0.000    0.000   0.000   0.000   0.000   0.000   0.000    0.000    0.000      0.000    0.000   0.000    0.000     0.000    0.000      0.000   0.025
      1   0.000    0.000   0.000   0.000   0.000   0.000   0.000   0.000   0.000   0.000   0.000   0.000   0.000    0.000    0.000   0.000    0.000   0.000   0.000   0.000   0.000   0.000    0.000    0.000      0.000    0.000   0.000    0.000     0.000    0.000      0.000   0.000
      2   0.000    0.000   0.000   0.000   0.000   0.000   0.000   0.000   0.000   0.000   0.000   0.000   0.000    0.000    0.000   0.000    0.000   0.000   0.000   0.000   0.000   0.000    0.000    0.000      0.000    0.000   0.000    0.000     0.000    0.000      0.000   0.000
      3   0.000    0.000   0.000   0.000   0.000   0.000   0.000   0.000   0.000   0.000   0.000   0.000   0.000    0.000    0.000   0.000    0.000   0.000   0.000   0.000   0.000   0.000    0.000    0.000      0.000    0.000   0.000    0.000     0.000    0.000      0.000   0.000
      4   0.000    0.000   0.000   0.000   0.000   0.000   0.000   0.000   0.000   0.000   0.000   0.000   0.000    0.000    0.000   0.000    0.000   0.000   0.000   0.000   0.000   0.000    0.000    0.000      0.000    0.000   0.000    0.000     0.000    0.000      0.000   0.000
      5   0.000    0.000   0.000   0.000   0.000   0.000   0.000   0.000   0.000   0.000   0.000   0.000   0.000    0.000    0.000   0.000    0.000   0.000   0.000   0.000   0.000   0.000    0.000    0.000      0.000    0.000   0.000    0.000     0.000    0.000      0.000   0.000
      6   0.000    0.000   0.000   0.000   0.000   0.000   0.000   0.000   0.000   0.000   0.000   0.000   0.000    0.000    0.000   0.000    0.000   0.000   0.000   0.000   0.000   0.000    0.000    0.000      0.000    0.000   0.000    0.000     0.000    0.000      0.000   0.000
      7   0.000    0.000   0.000   0.000   0.000   0.000   0.000   0.000   0.000   0.000   0.000   0.000   0.000    0.000    0.000   0.000    0.000   0.000   0.000   0.000   0.000   0.000    0.000    0.000      0.000    0.000   0.000    0.000     0.000    0.000      0.000   0.000
      8   0.000    0.000   0.000   0.000   0.000   0.000   0.000   0.000   0.000   0.000   0.000   0.000   0.000    0.000    0.000   0.000    0.000   0.000   0.000   0.000   0.000   0.000    0.000    0.000      0.000    0.000   0.000    0.000     0.000    0.000      0.000   0.000
      9   0.000    0.000   0.000   0.000   0.000   0.000   0.000   0.000   0.000   0.000   0.000   0.000   0.000    0.000    0.000   0.000    0.000   0.000   0.000   0.000   0.000   0.000    0.000    0.000      0.000    0.000   0.000    0.000     0.000    0.000      0.000   0.000
    Sum   0.025    0.001   0.013   0.000   0.000   0.000   0.000   0.000   0.000   0.000   0.001   0.000   0.000    0.009    0.000   0.000    0.000   0.000   0.000   0.000   0.000   0.000    0.000    0.000      0.000    0.000   0.000    0.000     0.000    0.000      0.000   0.025


Summary
------------------------------------------------------------------------------------------------------------------------------
                  dt  Flu_Adv  Gra_Adv  Src_Adv  Che_Adv       SF   FB_Adv    FixUp     Flag   Refine MPI_Grid   Output      Aux       LB CorrSync      Par -MPI_Par    libyt         Sum
    Time      0.0010   0.0135   0.0000   0.0000   0.0000   0.0000   0.0000   0.0000   0.0004   0.0005   0.0091   0.0220   0.0700   0.0011   0.0000   0.0000   0.0000   0.0000      0.1177
    Frac      0.842%  11.462%   0.000%   0.000%   0.000%   0.000%   0.000%   0.000%   0.302%   0.452%   7.761%  18.728%  59.494%   0.945%   0.000%   0.000%   0.000%   0.000%     99.985%

==============================================================================================================================
==============================================================================================================================



Time : 5.6574609e-02 -> 5.7662582e-02,     Step :       52 ->       53

Main Loop
------------------------------------------------------------------------------------------------------------------------------
       Total    Integration       Output    Auxiliary    LoadBalance       CorrSync          libyt            Sum
      0.0967         0.0195       0.0217       0.0545         0.0010         0.0000         0.0000         0.0967


Integration Loop
------------------------------------------------------------------------------------------------------------------------------
     Lv   Total       dt Flu_Adv Gra_Adv Src_Adv Che_Adv      SF  FB_Adv   FixUp    Flag  Refine Buf_Rho Buf_Pot Buf_Flu1 Buf_Flu2 Buf_Ref Buf_Flux Buf_Res Buf_Che  Par_KD   Par_K Par_K-1 Par_2Sib -MPI_Sib -MPI_FaSib Par_2Son    -MPI Par_Coll -MPI_Real -MPI_Sib -MPI_FaSib     Sum
      0   0.020    0.001   0.016   0.000   0.000   0.000   0.000   0.000   0.000   0.000   0.000   0.000   0.000    0.003    0.000   0.000    0.000   0.000   0.000   0.000   0.000   0.000    0.000    0.000      0.000    0.000   0.000    0.000     0.000    0.000      0.000   0.020
      1   0.000    0.000   0.000   0.000   0.000   0.000   0.000   0.000   0.000   0.000   0.000   0.000   0.000    0.000    0.000   0.000    0.000   0.000   0.000   0.000   0.000   0.000    0.000    0.000      0.000    0.000   0.000    0.000     0.000    0.000      0.000   0.000
      2   0.000    0.000   0.000   0.000   0.000   0.000   0.000   0.000   0.000   0.000   0.000   0.000   0.000    0.000    0.000   0.000    0.000   0.000   0.000   0.000   0.000   0.000    0.000    0.000      0.000    0.000   0.000    0.000     0.000    0.000      0.000   0.000
      3   0.000    0.000   0.000   0.000   0.000   0.000   0.000   0.000   0.000   0.000   0.000   0.000   0.000    0.000    0.000   0.000    0.000   0.000   0.000   0.000   0.000   0.000    0.000    0.000      0.000    0.000   0.000    0.000     0.000    0.000      0.000   0.000
      4   0.000    0.000   0.000   0.000   0.000   0.000   0.000   0.000   0.000   0.000   0.000   0.000   0.000    0.000    0.000   0.000    0.000   0.000   0.000   0.000   0.000   0.000    0.000    0.000      0.000    0.000   0.000    0.000     0.000    0.000      0.000   0.000
      5   0.000    0.000   0.000   0.000   0.000   0.000   0.000   0.000   0.000   0.000   0.000   0.000   0.000    0.000    0.000   0.000    0.000   0.000   0.000   0.000   0.000   0.000    0.000    0.000      0.000    0.000   0.000    0.000     0.000    0.000      0.000   0.000
      6   0.000    0.000   0.000   0.000   0.000   0.000   0.000   0.000   0.000   0.000   0.000   0.000   0.000    0.000    0.000   0.000    0.000   0.000   0.000   0.000   0.000   0.000    0.000    0.000      0.000    0.000   0.000    0.000     0.000    0.000      0.000   0.000
      7   0.000    0.000   0.000   0.000   0.000   0.000   0.000   0.000   0.000   0.000   0.000   0.000   0.000    0.000    0.000   0.000    0.000   0.000   0.000   0.000   0.000   0.000    0.000    0.000      0.000    0.000   0.000    0.000     0.000    0.000      0.000   0.000
      8   0.000    0.000   0.000   0.000   0.000   0.000   0.000   0.000   0.000   0.000   0.000   0.000   0.000    0.000    0.000   0.000    0.000   0.000   0.000   0.000   0.000   0.000    0.000    0.000      0.000    0.000   0.000    0.000     0.000    0.000      0.000   0.000
      9   0.000    0.000   0.000   0.000   0.000   0.000   0.000   0.000   0.000   0.000   0.000   0.000   0.000    0.000    0.000   0.000    0.000   0.000   0.000   0.000   0.000   0.000    0.000    0.000      0.000    0.000   0.000    0.000     0.000    0.000      0.000   0.000
    Sum   0.020    0.001   0.016   0.000   0.000   0.000   0.000   0.000   0.000   0.000   0.000   0.000   0.000    0.003    0.000   0.000    0.000   0.000   0.000   0.000   0.000   0.000    0.000    0.000      0.000    0.000   0.000    0.000     0.000    0.000      0.000   0.020


Summary
------------------------------------------------------------------------------------------------------------------------------
                  dt  Flu_Adv  Gra_Adv  Src_Adv  Che_Adv       SF   FB_Adv    FixUp     Flag   Refine MPI_Grid   Output      Aux       LB CorrSync      Par -MPI_Par    libyt         Sum
    Time      0.0009   0.0161   0.0000   0.0000   0.0000   0.0000   0.0000   0.0000   0.0000   0.0000   0.0025   0.0217   0.0545   0.0010   0.0000   0.0000   0.0000   0.0000      0.0967
    Frac      0.883%  16.664%   0.000%   0.000%   0.000%   0.000%   0.000%   0.000%   0.000%   0.000%   2.634%  22.438%  56.380%   0.985%   0.000%   0.000%   0.000%   0.000%     99.984%

==============================================================================================================================
==============================================================================================================================



Time : 5.7662582e-02 -> 5.8750555e-02,     Step :       53 ->       54

Main Loop
------------------------------------------------------------------------------------------------------------------------------
       Total    Integration       Output    Auxiliary    LoadBalance       CorrSync          libyt            Sum
      0.0933         0.0068       0.0260       0.0594         0.0011         0.0000         0.0000         0.0933


Integration Loop
------------------------------------------------------------------------------------------------------------------------------
     Lv   Total       dt Flu_Adv Gra_Adv Src_Adv Che_Adv      SF  FB_Adv   FixUp    Flag  Refine Buf_Rho Buf_Pot Buf_Flu1 Buf_Flu2 Buf_Ref Buf_Flux Buf_Res Buf_Che  Par_KD   Par_K Par_K-1 Par_2Sib -MPI_Sib -MPI_FaSib Par_2Son    -MPI Par_Coll -MPI_Real -MPI_Sib -MPI_FaSib     Sum
      0   0.007    0.001   0.004   0.000   0.000   0.000   0.000   0.000   0.000   0.000   0.000   0.000   0.000    0.003    0.000   0.000    0.000   0.000   0.000   0.000   0.000   0.000    0.000    0.000      0.000    0.000   0.000    0.000     0.000    0.000      0.000   0.007
      1   0.000    0.000   0.000   0.000   0.000   0.000   0.000   0.000   0.000   0.000   0.000   0.000   0.000    0.000    0.000   0.000    0.000   0.000   0.000   0.000   0.000   0.000    0.000    0.000      0.000    0.000   0.000    0.000     0.000    0.000      0.000   0.000
      2   0.000    0.000   0.000   0.000   0.000   0.000   0.000   0.000   0.000   0.000   0.000   0.000   0.000    0.000    0.000   0.000    0.000   0.000   0.000   0.000   0.000   0.000    0.000    0.000      0.000    0.000   0.000    0.000     0.000    0.000      0.000   0.000
      3   0.000    0.000   0.000   0.000   0.000   0.000   0.000   0.000   0.000   0.000   0.000   0.000   0.000    0.000    0.000   0.000    0.000   0.000   0.000   0.000   0.000   0.000    0.000    0.000      0.000    0.000   0.000    0.000     0.000    0.000      0.000   0.000
      4   0.000    0.000   0.000   0.000   0.000   0.000   0.000   0.000   0.000   0.000   0.000   0.000   0.000    0.000    0.000   0.000    0.000   0.000   0.000   0.000   0.000   0.000    0.000    0.000      0.000    0.000   0.000    0.000     0.000    0.000      0.000   0.000
      5   0.000    0.000   0.000   0.000   0.000   0.000   0.000   0.000   0.000   0.000   0.000   0.000   0.000    0.000    0.000   0.000    0.000   0.000   0.000   0.000   0.000   0.000    0.000    0.000      0.000    0.000   0.000    0.000     0.000    0.000      0.000   0.000
      6   0.000    0.000   0.000   0.000   0.000   0.000   0.000   0.000   0.000   0.000   0.000   0.000   0.000    0.000    0.000   0.000    0.000   0.000   0.000   0.000   0.000   0.000    0.000    0.000      0.000    0.000   0.000    0.000     0.000    0.000      0.000   0.000
      7   0.000    0.000   0.000   0.000   0.000   0.000   0.000   0.000   0.000   0.000   0.000   0.000   0.000    0.000    0.000   0.000    0.000   0.000   0.000   0.000   0.000   0.000    0.000    0.000      0.000    0.000   0.000    0.000     0.000    0.000      0.000   0.000
      8   0.000    0.000   0.000   0.000   0.000   0.000   0.000   0.000   0.000   0.000   0.000   0.000   0.000    0.000    0.000   0.000    0.000   0.000   0.000   0.000   0.000   0.000    0.000    0.000      0.000    0.000   0.000    0.000     0.000    0.000      0.000   0.000
      9   0.000    0.000   0.000   0.000   0.000   0.000   0.000   0.000   0.000   0.000   0.000   0.000   0.000    0.000    0.000   0.000    0.000   0.000   0.000   0.000   0.000   0.000    0.000    0.000      0.000    0.000   0.000    0.000     0.000    0.000      0.000   0.000
    Sum   0.007    0.001   0.004   0.000   0.000   0.000   0.000   0.000   0.000   0.000   0.000   0.000   0.000    0.003    0.000   0.000    0.000   0.000   0.000   0.000   0.000   0.000    0.000    0.000      0.000    0.000   0.000    0.000     0.000    0.000      0.000   0.007


Summary
------------------------------------------------------------------------------------------------------------------------------
                  dt  Flu_Adv  Gra_Adv  Src_Adv  Che_Adv       SF   FB_Adv    FixUp     Flag   Refine MPI_Grid   Output      Aux       LB CorrSync      Par -MPI_Par    libyt         Sum
    Time      0.0007   0.0035   0.0000   0.0000   0.0000   0.0000   0.0000   0.0000   0.0000   0.0000   0.0025   0.0260   0.0594   0.0011   0.0000   0.0000   0.0000   0.0000      0.0933
    Frac      0.762%   3.775%   0.000%   0.000%   0.000%   0.000%   0.000%   0.000%   0.000%   0.000%   2.726%  27.901%  63.670%   1.148%   0.000%   0.000%   0.000%   0.000%     99.983%

==============================================================================================================================
==============================================================================================================================



Time : 5.8750555e-02 -> 5.9838528e-02,     Step :       54 ->       55

Main Loop
------------------------------------------------------------------------------------------------------------------------------
       Total    Integration       Output    Auxiliary    LoadBalance       CorrSync          libyt            Sum
      0.1089         0.0124       0.0318       0.0636         0.0011         0.0000         0.0000         0.1089


Integration Loop
------------------------------------------------------------------------------------------------------------------------------
     Lv   Total       dt Flu_Adv Gra_Adv Src_Adv Che_Adv      SF  FB_Adv   FixUp    Flag  Refine Buf_Rho Buf_Pot Buf_Flu1 Buf_Flu2 Buf_Ref Buf_Flux Buf_Res Buf_Che  Par_KD   Par_K Par_K-1 Par_2Sib -MPI_Sib -MPI_FaSib Par_2Son    -MPI Par_Coll -MPI_Real -MPI_Sib -MPI_FaSib     Sum
      0   0.012    0.001   0.009   0.000   0.000   0.000   0.000   0.000   0.000   0.000   0.000   0.000   0.000    0.003    0.000   0.000    0.000   0.000   0.000   0.000   0.000   0.000    0.000    0.000      0.000    0.000   0.000    0.000     0.000    0.000      0.000   0.012
      1   0.000    0.000   0.000   0.000   0.000   0.000   0.000   0.000   0.000   0.000   0.000   0.000   0.000    0.000    0.000   0.000    0.000   0.000   0.000   0.000   0.000   0.000    0.000    0.000      0.000    0.000   0.000    0.000     0.000    0.000      0.000   0.000
      2   0.000    0.000   0.000   0.000   0.000   0.000   0.000   0.000   0.000   0.000   0.000   0.000   0.000    0.000    0.000   0.000    0.000   0.000   0.000   0.000   0.000   0.000    0.000    0.000      0.000    0.000   0.000    0.000     0.000    0.000      0.000   0.000
      3   0.000    0.000   0.000   0.000   0.000   0.000   0.000   0.000   0.000   0.000   0.000   0.000   0.000    0.000    0.000   0.000    0.000   0.000   0.000   0.000   0.000   0.000    0.000    0.000      0.000    0.000   0.000    0.000     0.000    0.000      0.000   0.000
      4   0.000    0.000   0.000   0.000   0.000   0.000   0.000   0.000   0.000   0.000   0.000   0.000   0.000    0.000    0.000   0.000    0.000   0.000   0.000   0.000   0.000   0.000    0.000    0.000      0.000    0.000   0.000    0.000     0.000    0.000      0.000   0.000
      5   0.000    0.000   0.000   0.000   0.000   0.000   0.000   0.000   0.000   0.000   0.000   0.000   0.000    0.000    0.000   0.000    0.000   0.000   0.000   0.000   0.000   0.000    0.000    0.000      0.000    0.000   0.000    0.000     0.000    0.000      0.000   0.000
      6   0.000    0.000   0.000   0.000   0.000   0.000   0.000   0.000   0.000   0.000   0.000   0.000   0.000    0.000    0.000   0.000    0.000   0.000   0.000   0.000   0.000   0.000    0.000    0.000      0.000    0.000   0.000    0.000     0.000    0.000      0.000   0.000
      7   0.000    0.000   0.000   0.000   0.000   0.000   0.000   0.000   0.000   0.000   0.000   0.000   0.000    0.000    0.000   0.000    0.000   0.000   0.000   0.000   0.000   0.000    0.000    0.000      0.000    0.000   0.000    0.000     0.000    0.000      0.000   0.000
      8   0.000    0.000   0.000   0.000   0.000   0.000   0.000   0.000   0.000   0.000   0.000   0.000   0.000    0.000    0.000   0.000    0.000   0.000   0.000   0.000   0.000   0.000    0.000    0.000      0.000    0.000   0.000    0.000     0.000    0.000      0.000   0.000
      9   0.000    0.000   0.000   0.000   0.000   0.000   0.000   0.000   0.000   0.000   0.000   0.000   0.000    0.000    0.000   0.000    0.000   0.000   0.000   0.000   0.000   0.000    0.000    0.000      0.000    0.000   0.000    0.000     0.000    0.000      0.000   0.000
    Sum   0.012    0.001   0.009   0.000   0.000   0.000   0.000   0.000   0.000   0.000   0.000   0.000   0.000    0.003    0.000   0.000    0.000   0.000   0.000   0.000   0.000   0.000    0.000    0.000      0.000    0.000   0.000    0.000     0.000    0.000      0.000   0.012


Summary
------------------------------------------------------------------------------------------------------------------------------
                  dt  Flu_Adv  Gra_Adv  Src_Adv  Che_Adv       SF   FB_Adv    FixUp     Flag   Refine MPI_Grid   Output      Aux       LB CorrSync      Par -MPI_Par    libyt         Sum
    Time      0.0006   0.0091   0.0000   0.0000   0.0000   0.0000   0.0000   0.0000   0.0000   0.0000   0.0026   0.0318   0.0636   0.0011   0.0000   0.0000   0.0000   0.0000      0.1089
    Frac      0.591%   8.372%   0.000%   0.000%   0.000%   0.000%   0.000%   0.000%   0.000%   0.000%   2.408%  29.227%  58.399%   0.989%   0.000%   0.000%   0.000%   0.000%     99.986%

==============================================================================================================================
==============================================================================================================================



Time : 5.9838528e-02 -> 6.0926502e-02,     Step :       55 ->       56

Main Loop
------------------------------------------------------------------------------------------------------------------------------
       Total    Integration       Output    Auxiliary    LoadBalance       CorrSync          libyt            Sum
      0.1063         0.0223       0.0224       0.0606         0.0010         0.0000         0.0000         0.1063


Integration Loop
------------------------------------------------------------------------------------------------------------------------------
     Lv   Total       dt Flu_Adv Gra_Adv Src_Adv Che_Adv      SF  FB_Adv   FixUp    Flag  Refine Buf_Rho Buf_Pot Buf_Flu1 Buf_Flu2 Buf_Ref Buf_Flux Buf_Res Buf_Che  Par_KD   Par_K Par_K-1 Par_2Sib -MPI_Sib -MPI_FaSib Par_2Son    -MPI Par_Coll -MPI_Real -MPI_Sib -MPI_FaSib     Sum
      0   0.022    0.001   0.018   0.000   0.000   0.000   0.000   0.000   0.000   0.000   0.000   0.000   0.000    0.003    0.000   0.000    0.000   0.000   0.000   0.000   0.000   0.000    0.000    0.000      0.000    0.000   0.000    0.000     0.000    0.000      0.000   0.022
      1   0.000    0.000   0.000   0.000   0.000   0.000   0.000   0.000   0.000   0.000   0.000   0.000   0.000    0.000    0.000   0.000    0.000   0.000   0.000   0.000   0.000   0.000    0.000    0.000      0.000    0.000   0.000    0.000     0.000    0.000      0.000   0.000
      2   0.000    0.000   0.000   0.000   0.000   0.000   0.000   0.000   0.000   0.000   0.000   0.000   0.000    0.000    0.000   0.000    0.000   0.000   0.000   0.000   0.000   0.000    0.000    0.000      0.000    0.000   0.000    0.000     0.000    0.000      0.000   0.000
      3   0.000    0.000   0.000   0.000   0.000   0.000   0.000   0.000   0.000   0.000   0.000   0.000   0.000    0.000    0.000   0.000    0.000   0.000   0.000   0.000   0.000   0.000    0.000    0.000      0.000    0.000   0.000    0.000     0.000    0.000      0.000   0.000
      4   0.000    0.000   0.000   0.000   0.000   0.000   0.000   0.000   0.000   0.000   0.000   0.000   0.000    0.000    0.000   0.000    0.000   0.000   0.000   0.000   0.000   0.000    0.000    0.000      0.000    0.000   0.000    0.000     0.000    0.000      0.000   0.000
      5   0.000    0.000   0.000   0.000   0.000   0.000   0.000   0.000   0.000   0.000   0.000   0.000   0.000    0.000    0.000   0.000    0.000   0.000   0.000   0.000   0.000   0.000    0.000    0.000      0.000    0.000   0.000    0.000     0.000    0.000      0.000   0.000
      6   0.000    0.000   0.000   0.000   0.000   0.000   0.000   0.000   0.000   0.000   0.000   0.000   0.000    0.000    0.000   0.000    0.000   0.000   0.000   0.000   0.000   0.000    0.000    0.000      0.000    0.000   0.000    0.000     0.000    0.000      0.000   0.000
      7   0.000    0.000   0.000   0.000   0.000   0.000   0.000   0.000   0.000   0.000   0.000   0.000   0.000    0.000    0.000   0.000    0.000   0.000   0.000   0.000   0.000   0.000    0.000    0.000      0.000    0.000   0.000    0.000     0.000    0.000      0.000   0.000
      8   0.000    0.000   0.000   0.000   0.000   0.000   0.000   0.000   0.000   0.000   0.000   0.000   0.000    0.000    0.000   0.000    0.000   0.000   0.000   0.000   0.000   0.000    0.000    0.000      0.000    0.000   0.000    0.000     0.000    0.000      0.000   0.000
      9   0.000    0.000   0.000   0.000   0.000   0.000   0.000   0.000   0.000   0.000   0.000   0.000   0.000    0.000    0.000   0.000    0.000   0.000   0.000   0.000   0.000   0.000    0.000    0.000      0.000    0.000   0.000    0.000     0.000    0.000      0.000   0.000
    Sum   0.022    0.001   0.018   0.000   0.000   0.000   0.000   0.000   0.000   0.000   0.000   0.000   0.000    0.003    0.000   0.000    0.000   0.000   0.000   0.000   0.000   0.000    0.000    0.000      0.000    0.000   0.000    0.000     0.000    0.000      0.000   0.022


Summary
------------------------------------------------------------------------------------------------------------------------------
                  dt  Flu_Adv  Gra_Adv  Src_Adv  Che_Adv       SF   FB_Adv    FixUp     Flag   Refine MPI_Grid   Output      Aux       LB CorrSync      Par -MPI_Par    libyt         Sum
    Time      0.0007   0.0179   0.0000   0.0000   0.0000   0.0000   0.0000   0.0000   0.0004   0.0004   0.0029   0.0224   0.0606   0.0010   0.0000   0.0000   0.0000   0.0000      0.1063
    Frac      0.635%  16.790%   0.000%   0.000%   0.000%   0.000%   0.000%   0.000%   0.390%   0.414%   2.763%  21.068%  57.012%   0.915%   0.000%   0.000%   0.000%   0.000%     99.987%

==============================================================================================================================
==============================================================================================================================



Time : 6.0926502e-02 -> 6.2014475e-02,     Step :       56 ->       57

Main Loop
------------------------------------------------------------------------------------------------------------------------------
       Total    Integration       Output    Auxiliary    LoadBalance       CorrSync          libyt            Sum
      0.1044         0.0136       0.0285       0.0613         0.0010         0.0000         0.0000         0.1044


Integration Loop
------------------------------------------------------------------------------------------------------------------------------
     Lv   Total       dt Flu_Adv Gra_Adv Src_Adv Che_Adv      SF  FB_Adv   FixUp    Flag  Refine Buf_Rho Buf_Pot Buf_Flu1 Buf_Flu2 Buf_Ref Buf_Flux Buf_Res Buf_Che  Par_KD   Par_K Par_K-1 Par_2Sib -MPI_Sib -MPI_FaSib Par_2Son    -MPI Par_Coll -MPI_Real -MPI_Sib -MPI_FaSib     Sum
      0   0.014    0.001   0.010   0.000   0.000   0.000   0.000   0.000   0.000   0.000   0.000   0.000   0.000    0.003    0.000   0.000    0.000   0.000   0.000   0.000   0.000   0.000    0.000    0.000      0.000    0.000   0.000    0.000     0.000    0.000      0.000   0.014
      1   0.000    0.000   0.000   0.000   0.000   0.000   0.000   0.000   0.000   0.000   0.000   0.000   0.000    0.000    0.000   0.000    0.000   0.000   0.000   0.000   0.000   0.000    0.000    0.000      0.000    0.000   0.000    0.000     0.000    0.000      0.000   0.000
      2   0.000    0.000   0.000   0.000   0.000   0.000   0.000   0.000   0.000   0.000   0.000   0.000   0.000    0.000    0.000   0.000    0.000   0.000   0.000   0.000   0.000   0.000    0.000    0.000      0.000    0.000   0.000    0.000     0.000    0.000      0.000   0.000
      3   0.000    0.000   0.000   0.000   0.000   0.000   0.000   0.000   0.000   0.000   0.000   0.000   0.000    0.000    0.000   0.000    0.000   0.000   0.000   0.000   0.000   0.000    0.000    0.000      0.000    0.000   0.000    0.000     0.000    0.000      0.000   0.000
      4   0.000    0.000   0.000   0.000   0.000   0.000   0.000   0.000   0.000   0.000   0.000   0.000   0.000    0.000    0.000   0.000    0.000   0.000   0.000   0.000   0.000   0.000    0.000    0.000      0.000    0.000   0.000    0.000     0.000    0.000      0.000   0.000
      5   0.000    0.000   0.000   0.000   0.000   0.000   0.000   0.000   0.000   0.000   0.000   0.000   0.000    0.000    0.000   0.000    0.000   0.000   0.000   0.000   0.000   0.000    0.000    0.000      0.000    0.000   0.000    0.000     0.000    0.000      0.000   0.000
      6   0.000    0.000   0.000   0.000   0.000   0.000   0.000   0.000   0.000   0.000   0.000   0.000   0.000    0.000    0.000   0.000    0.000   0.000   0.000   0.000   0.000   0.000    0.000    0.000      0.000    0.000   0.000    0.000     0.000    0.000      0.000   0.000
      7   0.000    0.000   0.000   0.000   0.000   0.000   0.000   0.000   0.000   0.000   0.000   0.000   0.000    0.000    0.000   0.000    0.000   0.000   0.000   0.000   0.000   0.000    0.000    0.000      0.000    0.000   0.000    0.000     0.000    0.000      0.000   0.000
      8   0.000    0.000   0.000   0.000   0.000   0.000   0.000   0.000   0.000   0.000   0.000   0.000   0.000    0.000    0.000   0.000    0.000   0.000   0.000   0.000   0.000   0.000    0.000    0.000      0.000    0.000   0.000    0.000     0.000    0.000      0.000   0.000
      9   0.000    0.000   0.000   0.000   0.000   0.000   0.000   0.000   0.000   0.000   0.000   0.000   0.000    0.000    0.000   0.000    0.000   0.000   0.000   0.000   0.000   0.000    0.000    0.000      0.000    0.000   0.000    0.000     0.000    0.000      0.000   0.000
    Sum   0.014    0.001   0.010   0.000   0.000   0.000   0.000   0.000   0.000   0.000   0.000   0.000   0.000    0.003    0.000   0.000    0.000   0.000   0.000   0.000   0.000   0.000    0.000    0.000      0.000    0.000   0.000    0.000     0.000    0.000      0.000   0.014


Summary
------------------------------------------------------------------------------------------------------------------------------
                  dt  Flu_Adv  Gra_Adv  Src_Adv  Che_Adv       SF   FB_Adv    FixUp     Flag   Refine MPI_Grid   Output      Aux       LB CorrSync      Par -MPI_Par    libyt         Sum
    Time      0.0006   0.0101   0.0000   0.0000   0.0000   0.0000   0.0000   0.0000   0.0000   0.0000   0.0029   0.0285   0.0613   0.0010   0.0000   0.0000   0.0000   0.0000      0.1043
    Frac      0.597%   9.640%   0.000%   0.000%   0.000%   0.000%   0.000%   0.000%   0.000%   0.000%   2.748%  27.285%  58.728%   0.984%   0.000%   0.000%   0.000%   0.000%     99.982%

==============================================================================================================================
==============================================================================================================================



Time : 6.2014475e-02 -> 6.3102448e-02,     Step :       57 ->       58

Main Loop
------------------------------------------------------------------------------------------------------------------------------
       Total    Integration       Output    Auxiliary    LoadBalance       CorrSync          libyt            Sum
      0.1228         0.0129       0.0311       0.0778         0.0009         0.0000         0.0000         0.1228


Integration Loop
------------------------------------------------------------------------------------------------------------------------------
     Lv   Total       dt Flu_Adv Gra_Adv Src_Adv Che_Adv      SF  FB_Adv   FixUp    Flag  Refine Buf_Rho Buf_Pot Buf_Flu1 Buf_Flu2 Buf_Ref Buf_Flux Buf_Res Buf_Che  Par_KD   Par_K Par_K-1 Par_2Sib -MPI_Sib -MPI_FaSib Par_2Son    -MPI Par_Coll -MPI_Real -MPI_Sib -MPI_FaSib     Sum
      0   0.013    0.001   0.009   0.000   0.000   0.000   0.000   0.000   0.000   0.000   0.000   0.000   0.000    0.003    0.000   0.000    0.000   0.000   0.000   0.000   0.000   0.000    0.000    0.000      0.000    0.000   0.000    0.000     0.000    0.000      0.000   0.013
      1   0.000    0.000   0.000   0.000   0.000   0.000   0.000   0.000   0.000   0.000   0.000   0.000   0.000    0.000    0.000   0.000    0.000   0.000   0.000   0.000   0.000   0.000    0.000    0.000      0.000    0.000   0.000    0.000     0.000    0.000      0.000   0.000
      2   0.000    0.000   0.000   0.000   0.000   0.000   0.000   0.000   0.000   0.000   0.000   0.000   0.000    0.000    0.000   0.000    0.000   0.000   0.000   0.000   0.000   0.000    0.000    0.000      0.000    0.000   0.000    0.000     0.000    0.000      0.000   0.000
      3   0.000    0.000   0.000   0.000   0.000   0.000   0.000   0.000   0.000   0.000   0.000   0.000   0.000    0.000    0.000   0.000    0.000   0.000   0.000   0.000   0.000   0.000    0.000    0.000      0.000    0.000   0.000    0.000     0.000    0.000      0.000   0.000
      4   0.000    0.000   0.000   0.000   0.000   0.000   0.000   0.000   0.000   0.000   0.000   0.000   0.000    0.000    0.000   0.000    0.000   0.000   0.000   0.000   0.000   0.000    0.000    0.000      0.000    0.000   0.000    0.000     0.000    0.000      0.000   0.000
      5   0.000    0.000   0.000   0.000   0.000   0.000   0.000   0.000   0.000   0.000   0.000   0.000   0.000    0.000    0.000   0.000    0.000   0.000   0.000   0.000   0.000   0.000    0.000    0.000      0.000    0.000   0.000    0.000     0.000    0.000      0.000   0.000
      6   0.000    0.000   0.000   0.000   0.000   0.000   0.000   0.000   0.000   0.000   0.000   0.000   0.000    0.000    0.000   0.000    0.000   0.000   0.000   0.000   0.000   0.000    0.000    0.000      0.000    0.000   0.000    0.000     0.000    0.000      0.000   0.000
      7   0.000    0.000   0.000   0.000   0.000   0.000   0.000   0.000   0.000   0.000   0.000   0.000   0.000    0.000    0.000   0.000    0.000   0.000   0.000   0.000   0.000   0.000    0.000    0.000      0.000    0.000   0.000    0.000     0.000    0.000      0.000   0.000
      8   0.000    0.000   0.000   0.000   0.000   0.000   0.000   0.000   0.000   0.000   0.000   0.000   0.000    0.000    0.000   0.000    0.000   0.000   0.000   0.000   0.000   0.000    0.000    0.000      0.000    0.000   0.000    0.000     0.000    0.000      0.000   0.000
      9   0.000    0.000   0.000   0.000   0.000   0.000   0.000   0.000   0.000   0.000   0.000   0.000   0.000    0.000    0.000   0.000    0.000   0.000   0.000   0.000   0.000   0.000    0.000    0.000      0.000    0.000   0.000    0.000     0.000    0.000      0.000   0.000
    Sum   0.013    0.001   0.009   0.000   0.000   0.000   0.000   0.000   0.000   0.000   0.000   0.000   0.000    0.003    0.000   0.000    0.000   0.000   0.000   0.000   0.000   0.000    0.000    0.000      0.000    0.000   0.000    0.000     0.000    0.000      0.000   0.013


Summary
------------------------------------------------------------------------------------------------------------------------------
                  dt  Flu_Adv  Gra_Adv  Src_Adv  Che_Adv       SF   FB_Adv    FixUp     Flag   Refine MPI_Grid   Output      Aux       LB CorrSync      Par -MPI_Par    libyt         Sum
    Time      0.0007   0.0094   0.0000   0.0000   0.0000   0.0000   0.0000   0.0000   0.0000   0.0000   0.0028   0.0311   0.0778   0.0009   0.0000   0.0000   0.0000   0.0000      0.1227
    Frac      0.562%   7.678%   0.000%   0.000%   0.000%   0.000%   0.000%   0.000%   0.000%   0.000%   2.279%  25.321%  63.373%   0.774%   0.000%   0.000%   0.000%   0.000%     99.987%

==============================================================================================================================
==============================================================================================================================



Time : 6.3102448e-02 -> 6.4190421e-02,     Step :       58 ->       59

Main Loop
------------------------------------------------------------------------------------------------------------------------------
       Total    Integration       Output    Auxiliary    LoadBalance       CorrSync          libyt            Sum
      0.1477         0.0067       0.0234       0.1166         0.0010         0.0000         0.0000         0.1477


Integration Loop
------------------------------------------------------------------------------------------------------------------------------
     Lv   Total       dt Flu_Adv Gra_Adv Src_Adv Che_Adv      SF  FB_Adv   FixUp    Flag  Refine Buf_Rho Buf_Pot Buf_Flu1 Buf_Flu2 Buf_Ref Buf_Flux Buf_Res Buf_Che  Par_KD   Par_K Par_K-1 Par_2Sib -MPI_Sib -MPI_FaSib Par_2Son    -MPI Par_Coll -MPI_Real -MPI_Sib -MPI_FaSib     Sum
      0   0.007    0.001   0.004   0.000   0.000   0.000   0.000   0.000   0.000   0.000   0.000   0.000   0.000    0.002    0.000   0.000    0.000   0.000   0.000   0.000   0.000   0.000    0.000    0.000      0.000    0.000   0.000    0.000     0.000    0.000      0.000   0.007
      1   0.000    0.000   0.000   0.000   0.000   0.000   0.000   0.000   0.000   0.000   0.000   0.000   0.000    0.000    0.000   0.000    0.000   0.000   0.000   0.000   0.000   0.000    0.000    0.000      0.000    0.000   0.000    0.000     0.000    0.000      0.000   0.000
      2   0.000    0.000   0.000   0.000   0.000   0.000   0.000   0.000   0.000   0.000   0.000   0.000   0.000    0.000    0.000   0.000    0.000   0.000   0.000   0.000   0.000   0.000    0.000    0.000      0.000    0.000   0.000    0.000     0.000    0.000      0.000   0.000
      3   0.000    0.000   0.000   0.000   0.000   0.000   0.000   0.000   0.000   0.000   0.000   0.000   0.000    0.000    0.000   0.000    0.000   0.000   0.000   0.000   0.000   0.000    0.000    0.000      0.000    0.000   0.000    0.000     0.000    0.000      0.000   0.000
      4   0.000    0.000   0.000   0.000   0.000   0.000   0.000   0.000   0.000   0.000   0.000   0.000   0.000    0.000    0.000   0.000    0.000   0.000   0.000   0.000   0.000   0.000    0.000    0.000      0.000    0.000   0.000    0.000     0.000    0.000      0.000   0.000
      5   0.000    0.000   0.000   0.000   0.000   0.000   0.000   0.000   0.000   0.000   0.000   0.000   0.000    0.000    0.000   0.000    0.000   0.000   0.000   0.000   0.000   0.000    0.000    0.000      0.000    0.000   0.000    0.000     0.000    0.000      0.000   0.000
      6   0.000    0.000   0.000   0.000   0.000   0.000   0.000   0.000   0.000   0.000   0.000   0.000   0.000    0.000    0.000   0.000    0.000   0.000   0.000   0.000   0.000   0.000    0.000    0.000      0.000    0.000   0.000    0.000     0.000    0.000      0.000   0.000
      7   0.000    0.000   0.000   0.000   0.000   0.000   0.000   0.000   0.000   0.000   0.000   0.000   0.000    0.000    0.000   0.000    0.000   0.000   0.000   0.000   0.000   0.000    0.000    0.000      0.000    0.000   0.000    0.000     0.000    0.000      0.000   0.000
      8   0.000    0.000   0.000   0.000   0.000   0.000   0.000   0.000   0.000   0.000   0.000   0.000   0.000    0.000    0.000   0.000    0.000   0.000   0.000   0.000   0.000   0.000    0.000    0.000      0.000    0.000   0.000    0.000     0.000    0.000      0.000   0.000
      9   0.000    0.000   0.000   0.000   0.000   0.000   0.000   0.000   0.000   0.000   0.000   0.000   0.000    0.000    0.000   0.000    0.000   0.000   0.000   0.000   0.000   0.000    0.000    0.000      0.000    0.000   0.000    0.000     0.000    0.000      0.000   0.000
    Sum   0.007    0.001   0.004   0.000   0.000   0.000   0.000   0.000   0.000   0.000   0.000   0.000   0.000    0.002    0.000   0.000    0.000   0.000   0.000   0.000   0.000   0.000    0.000    0.000      0.000    0.000   0.000    0.000     0.000    0.000      0.000   0.007


Summary
------------------------------------------------------------------------------------------------------------------------------
                  dt  Flu_Adv  Gra_Adv  Src_Adv  Che_Adv       SF   FB_Adv    FixUp     Flag   Refine MPI_Grid   Output      Aux       LB CorrSync      Par -MPI_Par    libyt         Sum
    Time      0.0006   0.0036   0.0000   0.0000   0.0000   0.0000   0.0000   0.0000   0.0000   0.0000   0.0024   0.0234   0.1166   0.0010   0.0000   0.0000   0.0000   0.0000      0.1477
    Frac      0.437%   2.427%   0.000%   0.000%   0.000%   0.000%   0.000%   0.000%   0.000%   0.000%   1.633%  15.873%  78.938%   0.681%   0.000%   0.000%   0.000%   0.000%     99.989%

==============================================================================================================================
==============================================================================================================================



Time : 6.4190421e-02 -> 6.5278395e-02,     Step :       59 ->       60

Main Loop
------------------------------------------------------------------------------------------------------------------------------
       Total    Integration       Output    Auxiliary    LoadBalance       CorrSync          libyt            Sum
      0.1720         0.0146       0.0547       0.1017         0.0010         0.0000         0.0000         0.1719


Integration Loop
------------------------------------------------------------------------------------------------------------------------------
     Lv   Total       dt Flu_Adv Gra_Adv Src_Adv Che_Adv      SF  FB_Adv   FixUp    Flag  Refine Buf_Rho Buf_Pot Buf_Flu1 Buf_Flu2 Buf_Ref Buf_Flux Buf_Res Buf_Che  Par_KD   Par_K Par_K-1 Par_2Sib -MPI_Sib -MPI_FaSib Par_2Son    -MPI Par_Coll -MPI_Real -MPI_Sib -MPI_FaSib     Sum
      0   0.015    0.001   0.011   0.000   0.000   0.000   0.000   0.000   0.000   0.000   0.000   0.000   0.000    0.003    0.000   0.000    0.000   0.000   0.000   0.000   0.000   0.000    0.000    0.000      0.000    0.000   0.000    0.000     0.000    0.000      0.000   0.015
      1   0.000    0.000   0.000   0.000   0.000   0.000   0.000   0.000   0.000   0.000   0.000   0.000   0.000    0.000    0.000   0.000    0.000   0.000   0.000   0.000   0.000   0.000    0.000    0.000      0.000    0.000   0.000    0.000     0.000    0.000      0.000   0.000
      2   0.000    0.000   0.000   0.000   0.000   0.000   0.000   0.000   0.000   0.000   0.000   0.000   0.000    0.000    0.000   0.000    0.000   0.000   0.000   0.000   0.000   0.000    0.000    0.000      0.000    0.000   0.000    0.000     0.000    0.000      0.000   0.000
      3   0.000    0.000   0.000   0.000   0.000   0.000   0.000   0.000   0.000   0.000   0.000   0.000   0.000    0.000    0.000   0.000    0.000   0.000   0.000   0.000   0.000   0.000    0.000    0.000      0.000    0.000   0.000    0.000     0.000    0.000      0.000   0.000
      4   0.000    0.000   0.000   0.000   0.000   0.000   0.000   0.000   0.000   0.000   0.000   0.000   0.000    0.000    0.000   0.000    0.000   0.000   0.000   0.000   0.000   0.000    0.000    0.000      0.000    0.000   0.000    0.000     0.000    0.000      0.000   0.000
      5   0.000    0.000   0.000   0.000   0.000   0.000   0.000   0.000   0.000   0.000   0.000   0.000   0.000    0.000    0.000   0.000    0.000   0.000   0.000   0.000   0.000   0.000    0.000    0.000      0.000    0.000   0.000    0.000     0.000    0.000      0.000   0.000
      6   0.000    0.000   0.000   0.000   0.000   0.000   0.000   0.000   0.000   0.000   0.000   0.000   0.000    0.000    0.000   0.000    0.000   0.000   0.000   0.000   0.000   0.000    0.000    0.000      0.000    0.000   0.000    0.000     0.000    0.000      0.000   0.000
      7   0.000    0.000   0.000   0.000   0.000   0.000   0.000   0.000   0.000   0.000   0.000   0.000   0.000    0.000    0.000   0.000    0.000   0.000   0.000   0.000   0.000   0.000    0.000    0.000      0.000    0.000   0.000    0.000     0.000    0.000      0.000   0.000
      8   0.000    0.000   0.000   0.000   0.000   0.000   0.000   0.000   0.000   0.000   0.000   0.000   0.000    0.000    0.000   0.000    0.000   0.000   0.000   0.000   0.000   0.000    0.000    0.000      0.000    0.000   0.000    0.000     0.000    0.000      0.000   0.000
      9   0.000    0.000   0.000   0.000   0.000   0.000   0.000   0.000   0.000   0.000   0.000   0.000   0.000    0.000    0.000   0.000    0.000   0.000   0.000   0.000   0.000   0.000    0.000    0.000      0.000    0.000   0.000    0.000     0.000    0.000      0.000   0.000
    Sum   0.015    0.001   0.011   0.000   0.000   0.000   0.000   0.000   0.000   0.000   0.000   0.000   0.000    0.003    0.000   0.000    0.000   0.000   0.000   0.000   0.000   0.000    0.000    0.000      0.000    0.000   0.000    0.000     0.000    0.000      0.000   0.015


Summary
------------------------------------------------------------------------------------------------------------------------------
                  dt  Flu_Adv  Gra_Adv  Src_Adv  Che_Adv       SF   FB_Adv    FixUp     Flag   Refine MPI_Grid   Output      Aux       LB CorrSync      Par -MPI_Par    libyt         Sum
    Time      0.0007   0.0105   0.0000   0.0000   0.0000   0.0000   0.0000   0.0000   0.0003   0.0004   0.0027   0.0547   0.1017   0.0010   0.0000   0.0000   0.0000   0.0000      0.1719
    Frac      0.426%   6.108%   0.000%   0.000%   0.000%   0.000%   0.000%   0.000%   0.149%   0.213%   1.579%  31.788%  59.156%   0.569%   0.000%   0.000%   0.000%   0.000%     99.988%

==============================================================================================================================
==============================================================================================================================



Time : 6.5278395e-02 -> 6.6366368e-02,     Step :       60 ->       61

Main Loop
------------------------------------------------------------------------------------------------------------------------------
       Total    Integration       Output    Auxiliary    LoadBalance       CorrSync          libyt            Sum
      0.1113         0.0120       0.0226       0.0757         0.0010         0.0000         0.0000         0.1113


Integration Loop
------------------------------------------------------------------------------------------------------------------------------
     Lv   Total       dt Flu_Adv Gra_Adv Src_Adv Che_Adv      SF  FB_Adv   FixUp    Flag  Refine Buf_Rho Buf_Pot Buf_Flu1 Buf_Flu2 Buf_Ref Buf_Flux Buf_Res Buf_Che  Par_KD   Par_K Par_K-1 Par_2Sib -MPI_Sib -MPI_FaSib Par_2Son    -MPI Par_Coll -MPI_Real -MPI_Sib -MPI_FaSib     Sum
      0   0.012    0.001   0.009   0.000   0.000   0.000   0.000   0.000   0.000   0.000   0.000   0.000   0.000    0.002    0.000   0.000    0.000   0.000   0.000   0.000   0.000   0.000    0.000    0.000      0.000    0.000   0.000    0.000     0.000    0.000      0.000   0.012
      1   0.000    0.000   0.000   0.000   0.000   0.000   0.000   0.000   0.000   0.000   0.000   0.000   0.000    0.000    0.000   0.000    0.000   0.000   0.000   0.000   0.000   0.000    0.000    0.000      0.000    0.000   0.000    0.000     0.000    0.000      0.000   0.000
      2   0.000    0.000   0.000   0.000   0.000   0.000   0.000   0.000   0.000   0.000   0.000   0.000   0.000    0.000    0.000   0.000    0.000   0.000   0.000   0.000   0.000   0.000    0.000    0.000      0.000    0.000   0.000    0.000     0.000    0.000      0.000   0.000
      3   0.000    0.000   0.000   0.000   0.000   0.000   0.000   0.000   0.000   0.000   0.000   0.000   0.000    0.000    0.000   0.000    0.000   0.000   0.000   0.000   0.000   0.000    0.000    0.000      0.000    0.000   0.000    0.000     0.000    0.000      0.000   0.000
      4   0.000    0.000   0.000   0.000   0.000   0.000   0.000   0.000   0.000   0.000   0.000   0.000   0.000    0.000    0.000   0.000    0.000   0.000   0.000   0.000   0.000   0.000    0.000    0.000      0.000    0.000   0.000    0.000     0.000    0.000      0.000   0.000
      5   0.000    0.000   0.000   0.000   0.000   0.000   0.000   0.000   0.000   0.000   0.000   0.000   0.000    0.000    0.000   0.000    0.000   0.000   0.000   0.000   0.000   0.000    0.000    0.000      0.000    0.000   0.000    0.000     0.000    0.000      0.000   0.000
      6   0.000    0.000   0.000   0.000   0.000   0.000   0.000   0.000   0.000   0.000   0.000   0.000   0.000    0.000    0.000   0.000    0.000   0.000   0.000   0.000   0.000   0.000    0.000    0.000      0.000    0.000   0.000    0.000     0.000    0.000      0.000   0.000
      7   0.000    0.000   0.000   0.000   0.000   0.000   0.000   0.000   0.000   0.000   0.000   0.000   0.000    0.000    0.000   0.000    0.000   0.000   0.000   0.000   0.000   0.000    0.000    0.000      0.000    0.000   0.000    0.000     0.000    0.000      0.000   0.000
      8   0.000    0.000   0.000   0.000   0.000   0.000   0.000   0.000   0.000   0.000   0.000   0.000   0.000    0.000    0.000   0.000    0.000   0.000   0.000   0.000   0.000   0.000    0.000    0.000      0.000    0.000   0.000    0.000     0.000    0.000      0.000   0.000
      9   0.000    0.000   0.000   0.000   0.000   0.000   0.000   0.000   0.000   0.000   0.000   0.000   0.000    0.000    0.000   0.000    0.000   0.000   0.000   0.000   0.000   0.000    0.000    0.000      0.000    0.000   0.000    0.000     0.000    0.000      0.000   0.000
    Sum   0.012    0.001   0.009   0.000   0.000   0.000   0.000   0.000   0.000   0.000   0.000   0.000   0.000    0.002    0.000   0.000    0.000   0.000   0.000   0.000   0.000   0.000    0.000    0.000      0.000    0.000   0.000    0.000     0.000    0.000      0.000   0.012


Summary
------------------------------------------------------------------------------------------------------------------------------
                  dt  Flu_Adv  Gra_Adv  Src_Adv  Che_Adv       SF   FB_Adv    FixUp     Flag   Refine MPI_Grid   Output      Aux       LB CorrSync      Par -MPI_Par    libyt         Sum
    Time      0.0006   0.0090   0.0000   0.0000   0.0000   0.0000   0.0000   0.0000   0.0000   0.0000   0.0024   0.0226   0.0757   0.0010   0.0000   0.0000   0.0000   0.0000      0.1113
    Frac      0.560%   8.090%   0.000%   0.000%   0.000%   0.000%   0.000%   0.000%   0.000%   0.000%   2.121%  20.345%  67.987%   0.881%   0.000%   0.000%   0.000%   0.000%     99.984%

==============================================================================================================================
==============================================================================================================================



Time : 6.6366368e-02 -> 6.7454341e-02,     Step :       61 ->       62

Main Loop
------------------------------------------------------------------------------------------------------------------------------
       Total    Integration       Output    Auxiliary    LoadBalance       CorrSync          libyt            Sum
      0.1299         0.0124       0.0329       0.0835         0.0011         0.0000         0.0000         0.1299


Integration Loop
------------------------------------------------------------------------------------------------------------------------------
     Lv   Total       dt Flu_Adv Gra_Adv Src_Adv Che_Adv      SF  FB_Adv   FixUp    Flag  Refine Buf_Rho Buf_Pot Buf_Flu1 Buf_Flu2 Buf_Ref Buf_Flux Buf_Res Buf_Che  Par_KD   Par_K Par_K-1 Par_2Sib -MPI_Sib -MPI_FaSib Par_2Son    -MPI Par_Coll -MPI_Real -MPI_Sib -MPI_FaSib     Sum
      0   0.012    0.001   0.009   0.000   0.000   0.000   0.000   0.000   0.000   0.000   0.000   0.000   0.000    0.003    0.000   0.000    0.000   0.000   0.000   0.000   0.000   0.000    0.000    0.000      0.000    0.000   0.000    0.000     0.000    0.000      0.000   0.012
      1   0.000    0.000   0.000   0.000   0.000   0.000   0.000   0.000   0.000   0.000   0.000   0.000   0.000    0.000    0.000   0.000    0.000   0.000   0.000   0.000   0.000   0.000    0.000    0.000      0.000    0.000   0.000    0.000     0.000    0.000      0.000   0.000
      2   0.000    0.000   0.000   0.000   0.000   0.000   0.000   0.000   0.000   0.000   0.000   0.000   0.000    0.000    0.000   0.000    0.000   0.000   0.000   0.000   0.000   0.000    0.000    0.000      0.000    0.000   0.000    0.000     0.000    0.000      0.000   0.000
      3   0.000    0.000   0.000   0.000   0.000   0.000   0.000   0.000   0.000   0.000   0.000   0.000   0.000    0.000    0.000   0.000    0.000   0.000   0.000   0.000   0.000   0.000    0.000    0.000      0.000    0.000   0.000    0.000     0.000    0.000      0.000   0.000
      4   0.000    0.000   0.000   0.000   0.000   0.000   0.000   0.000   0.000   0.000   0.000   0.000   0.000    0.000    0.000   0.000    0.000   0.000   0.000   0.000   0.000   0.000    0.000    0.000      0.000    0.000   0.000    0.000     0.000    0.000      0.000   0.000
      5   0.000    0.000   0.000   0.000   0.000   0.000   0.000   0.000   0.000   0.000   0.000   0.000   0.000    0.000    0.000   0.000    0.000   0.000   0.000   0.000   0.000   0.000    0.000    0.000      0.000    0.000   0.000    0.000     0.000    0.000      0.000   0.000
      6   0.000    0.000   0.000   0.000   0.000   0.000   0.000   0.000   0.000   0.000   0.000   0.000   0.000    0.000    0.000   0.000    0.000   0.000   0.000   0.000   0.000   0.000    0.000    0.000      0.000    0.000   0.000    0.000     0.000    0.000      0.000   0.000
      7   0.000    0.000   0.000   0.000   0.000   0.000   0.000   0.000   0.000   0.000   0.000   0.000   0.000    0.000    0.000   0.000    0.000   0.000   0.000   0.000   0.000   0.000    0.000    0.000      0.000    0.000   0.000    0.000     0.000    0.000      0.000   0.000
      8   0.000    0.000   0.000   0.000   0.000   0.000   0.000   0.000   0.000   0.000   0.000   0.000   0.000    0.000    0.000   0.000    0.000   0.000   0.000   0.000   0.000   0.000    0.000    0.000      0.000    0.000   0.000    0.000     0.000    0.000      0.000   0.000
      9   0.000    0.000   0.000   0.000   0.000   0.000   0.000   0.000   0.000   0.000   0.000   0.000   0.000    0.000    0.000   0.000    0.000   0.000   0.000   0.000   0.000   0.000    0.000    0.000      0.000    0.000   0.000    0.000     0.000    0.000      0.000   0.000
    Sum   0.012    0.001   0.009   0.000   0.000   0.000   0.000   0.000   0.000   0.000   0.000   0.000   0.000    0.003    0.000   0.000    0.000   0.000   0.000   0.000   0.000   0.000    0.000    0.000      0.000    0.000   0.000    0.000     0.000    0.000      0.000   0.012


Summary
------------------------------------------------------------------------------------------------------------------------------
                  dt  Flu_Adv  Gra_Adv  Src_Adv  Che_Adv       SF   FB_Adv    FixUp     Flag   Refine MPI_Grid   Output      Aux       LB CorrSync      Par -MPI_Par    libyt         Sum
    Time      0.0006   0.0090   0.0000   0.0000   0.0000   0.0000   0.0000   0.0000   0.0000   0.0000   0.0028   0.0329   0.0835   0.0011   0.0000   0.0000   0.0000   0.0000      0.1299
    Frac      0.486%   6.929%   0.000%   0.000%   0.000%   0.000%   0.000%   0.000%   0.000%   0.000%   2.149%  25.304%  64.299%   0.821%   0.000%   0.000%   0.000%   0.000%     99.988%

==============================================================================================================================
==============================================================================================================================



Time : 6.7454341e-02 -> 6.8542314e-02,     Step :       62 ->       63

Main Loop
------------------------------------------------------------------------------------------------------------------------------
       Total    Integration       Output    Auxiliary    LoadBalance       CorrSync          libyt            Sum
      0.0958         0.0123       0.0228       0.0596         0.0011         0.0000         0.0000         0.0958


Integration Loop
------------------------------------------------------------------------------------------------------------------------------
     Lv   Total       dt Flu_Adv Gra_Adv Src_Adv Che_Adv      SF  FB_Adv   FixUp    Flag  Refine Buf_Rho Buf_Pot Buf_Flu1 Buf_Flu2 Buf_Ref Buf_Flux Buf_Res Buf_Che  Par_KD   Par_K Par_K-1 Par_2Sib -MPI_Sib -MPI_FaSib Par_2Son    -MPI Par_Coll -MPI_Real -MPI_Sib -MPI_FaSib     Sum
      0   0.012    0.001   0.009   0.000   0.000   0.000   0.000   0.000   0.000   0.000   0.000   0.000   0.000    0.003    0.000   0.000    0.000   0.000   0.000   0.000   0.000   0.000    0.000    0.000      0.000    0.000   0.000    0.000     0.000    0.000      0.000   0.012
      1   0.000    0.000   0.000   0.000   0.000   0.000   0.000   0.000   0.000   0.000   0.000   0.000   0.000    0.000    0.000   0.000    0.000   0.000   0.000   0.000   0.000   0.000    0.000    0.000      0.000    0.000   0.000    0.000     0.000    0.000      0.000   0.000
      2   0.000    0.000   0.000   0.000   0.000   0.000   0.000   0.000   0.000   0.000   0.000   0.000   0.000    0.000    0.000   0.000    0.000   0.000   0.000   0.000   0.000   0.000    0.000    0.000      0.000    0.000   0.000    0.000     0.000    0.000      0.000   0.000
      3   0.000    0.000   0.000   0.000   0.000   0.000   0.000   0.000   0.000   0.000   0.000   0.000   0.000    0.000    0.000   0.000    0.000   0.000   0.000   0.000   0.000   0.000    0.000    0.000      0.000    0.000   0.000    0.000     0.000    0.000      0.000   0.000
      4   0.000    0.000   0.000   0.000   0.000   0.000   0.000   0.000   0.000   0.000   0.000   0.000   0.000    0.000    0.000   0.000    0.000   0.000   0.000   0.000   0.000   0.000    0.000    0.000      0.000    0.000   0.000    0.000     0.000    0.000      0.000   0.000
      5   0.000    0.000   0.000   0.000   0.000   0.000   0.000   0.000   0.000   0.000   0.000   0.000   0.000    0.000    0.000   0.000    0.000   0.000   0.000   0.000   0.000   0.000    0.000    0.000      0.000    0.000   0.000    0.000     0.000    0.000      0.000   0.000
      6   0.000    0.000   0.000   0.000   0.000   0.000   0.000   0.000   0.000   0.000   0.000   0.000   0.000    0.000    0.000   0.000    0.000   0.000   0.000   0.000   0.000   0.000    0.000    0.000      0.000    0.000   0.000    0.000     0.000    0.000      0.000   0.000
      7   0.000    0.000   0.000   0.000   0.000   0.000   0.000   0.000   0.000   0.000   0.000   0.000   0.000    0.000    0.000   0.000    0.000   0.000   0.000   0.000   0.000   0.000    0.000    0.000      0.000    0.000   0.000    0.000     0.000    0.000      0.000   0.000
      8   0.000    0.000   0.000   0.000   0.000   0.000   0.000   0.000   0.000   0.000   0.000   0.000   0.000    0.000    0.000   0.000    0.000   0.000   0.000   0.000   0.000   0.000    0.000    0.000      0.000    0.000   0.000    0.000     0.000    0.000      0.000   0.000
      9   0.000    0.000   0.000   0.000   0.000   0.000   0.000   0.000   0.000   0.000   0.000   0.000   0.000    0.000    0.000   0.000    0.000   0.000   0.000   0.000   0.000   0.000    0.000    0.000      0.000    0.000   0.000    0.000     0.000    0.000      0.000   0.000
    Sum   0.012    0.001   0.009   0.000   0.000   0.000   0.000   0.000   0.000   0.000   0.000   0.000   0.000    0.003    0.000   0.000    0.000   0.000   0.000   0.000   0.000   0.000    0.000    0.000      0.000    0.000   0.000    0.000     0.000    0.000      0.000   0.012


Summary
------------------------------------------------------------------------------------------------------------------------------
                  dt  Flu_Adv  Gra_Adv  Src_Adv  Che_Adv       SF   FB_Adv    FixUp     Flag   Refine MPI_Grid   Output      Aux       LB CorrSync      Par -MPI_Par    libyt         Sum
    Time      0.0007   0.0090   0.0000   0.0000   0.0000   0.0000   0.0000   0.0000   0.0000   0.0000   0.0027   0.0228   0.0596   0.0011   0.0000   0.0000   0.0000   0.0000      0.0958
    Frac      0.698%   9.362%   0.000%   0.000%   0.000%   0.000%   0.000%   0.000%   0.000%   0.000%   2.786%  23.818%  62.184%   1.135%   0.000%   0.000%   0.000%   0.000%     99.983%

==============================================================================================================================
==============================================================================================================================



Time : 6.8542314e-02 -> 6.9630288e-02,     Step :       63 ->       64

Main Loop
------------------------------------------------------------------------------------------------------------------------------
       Total    Integration       Output    Auxiliary    LoadBalance       CorrSync          libyt            Sum
      0.1314         0.0132       0.0299       0.0873         0.0010         0.0000         0.0000         0.1313


Integration Loop
------------------------------------------------------------------------------------------------------------------------------
     Lv   Total       dt Flu_Adv Gra_Adv Src_Adv Che_Adv      SF  FB_Adv   FixUp    Flag  Refine Buf_Rho Buf_Pot Buf_Flu1 Buf_Flu2 Buf_Ref Buf_Flux Buf_Res Buf_Che  Par_KD   Par_K Par_K-1 Par_2Sib -MPI_Sib -MPI_FaSib Par_2Son    -MPI Par_Coll -MPI_Real -MPI_Sib -MPI_FaSib     Sum
      0   0.013    0.001   0.009   0.000   0.000   0.000   0.000   0.000   0.000   0.000   0.000   0.000   0.000    0.003    0.000   0.000    0.000   0.000   0.000   0.000   0.000   0.000    0.000    0.000      0.000    0.000   0.000    0.000     0.000    0.000      0.000   0.013
      1   0.000    0.000   0.000   0.000   0.000   0.000   0.000   0.000   0.000   0.000   0.000   0.000   0.000    0.000    0.000   0.000    0.000   0.000   0.000   0.000   0.000   0.000    0.000    0.000      0.000    0.000   0.000    0.000     0.000    0.000      0.000   0.000
      2   0.000    0.000   0.000   0.000   0.000   0.000   0.000   0.000   0.000   0.000   0.000   0.000   0.000    0.000    0.000   0.000    0.000   0.000   0.000   0.000   0.000   0.000    0.000    0.000      0.000    0.000   0.000    0.000     0.000    0.000      0.000   0.000
      3   0.000    0.000   0.000   0.000   0.000   0.000   0.000   0.000   0.000   0.000   0.000   0.000   0.000    0.000    0.000   0.000    0.000   0.000   0.000   0.000   0.000   0.000    0.000    0.000      0.000    0.000   0.000    0.000     0.000    0.000      0.000   0.000
      4   0.000    0.000   0.000   0.000   0.000   0.000   0.000   0.000   0.000   0.000   0.000   0.000   0.000    0.000    0.000   0.000    0.000   0.000   0.000   0.000   0.000   0.000    0.000    0.000      0.000    0.000   0.000    0.000     0.000    0.000      0.000   0.000
      5   0.000    0.000   0.000   0.000   0.000   0.000   0.000   0.000   0.000   0.000   0.000   0.000   0.000    0.000    0.000   0.000    0.000   0.000   0.000   0.000   0.000   0.000    0.000    0.000      0.000    0.000   0.000    0.000     0.000    0.000      0.000   0.000
      6   0.000    0.000   0.000   0.000   0.000   0.000   0.000   0.000   0.000   0.000   0.000   0.000   0.000    0.000    0.000   0.000    0.000   0.000   0.000   0.000   0.000   0.000    0.000    0.000      0.000    0.000   0.000    0.000     0.000    0.000      0.000   0.000
      7   0.000    0.000   0.000   0.000   0.000   0.000   0.000   0.000   0.000   0.000   0.000   0.000   0.000    0.000    0.000   0.000    0.000   0.000   0.000   0.000   0.000   0.000    0.000    0.000      0.000    0.000   0.000    0.000     0.000    0.000      0.000   0.000
      8   0.000    0.000   0.000   0.000   0.000   0.000   0.000   0.000   0.000   0.000   0.000   0.000   0.000    0.000    0.000   0.000    0.000   0.000   0.000   0.000   0.000   0.000    0.000    0.000      0.000    0.000   0.000    0.000     0.000    0.000      0.000   0.000
      9   0.000    0.000   0.000   0.000   0.000   0.000   0.000   0.000   0.000   0.000   0.000   0.000   0.000    0.000    0.000   0.000    0.000   0.000   0.000   0.000   0.000   0.000    0.000    0.000      0.000    0.000   0.000    0.000     0.000    0.000      0.000   0.000
    Sum   0.013    0.001   0.009   0.000   0.000   0.000   0.000   0.000   0.000   0.000   0.000   0.000   0.000    0.003    0.000   0.000    0.000   0.000   0.000   0.000   0.000   0.000    0.000    0.000      0.000    0.000   0.000    0.000     0.000    0.000      0.000   0.013


Summary
------------------------------------------------------------------------------------------------------------------------------
                  dt  Flu_Adv  Gra_Adv  Src_Adv  Che_Adv       SF   FB_Adv    FixUp     Flag   Refine MPI_Grid   Output      Aux       LB CorrSync      Par -MPI_Par    libyt         Sum
    Time      0.0007   0.0091   0.0000   0.0000   0.0000   0.0000   0.0000   0.0000   0.0003   0.0004   0.0028   0.0299   0.0873   0.0010   0.0000   0.0000   0.0000   0.0000      0.1313
    Frac      0.531%   6.891%   0.000%   0.000%   0.000%   0.000%   0.000%   0.000%   0.250%   0.289%   2.112%  22.726%  66.453%   0.735%   0.000%   0.000%   0.000%   0.000%     99.987%

==============================================================================================================================
==============================================================================================================================



Time : 6.9630288e-02 -> 7.0718261e-02,     Step :       64 ->       65

Main Loop
------------------------------------------------------------------------------------------------------------------------------
       Total    Integration       Output    Auxiliary    LoadBalance       CorrSync          libyt            Sum
      0.1148         0.0120       0.0304       0.0712         0.0012         0.0000         0.0000         0.1148


Integration Loop
------------------------------------------------------------------------------------------------------------------------------
     Lv   Total       dt Flu_Adv Gra_Adv Src_Adv Che_Adv      SF  FB_Adv   FixUp    Flag  Refine Buf_Rho Buf_Pot Buf_Flu1 Buf_Flu2 Buf_Ref Buf_Flux Buf_Res Buf_Che  Par_KD   Par_K Par_K-1 Par_2Sib -MPI_Sib -MPI_FaSib Par_2Son    -MPI Par_Coll -MPI_Real -MPI_Sib -MPI_FaSib     Sum
      0   0.012    0.001   0.009   0.000   0.000   0.000   0.000   0.000   0.000   0.000   0.000   0.000   0.000    0.002    0.000   0.000    0.000   0.000   0.000   0.000   0.000   0.000    0.000    0.000      0.000    0.000   0.000    0.000     0.000    0.000      0.000   0.012
      1   0.000    0.000   0.000   0.000   0.000   0.000   0.000   0.000   0.000   0.000   0.000   0.000   0.000    0.000    0.000   0.000    0.000   0.000   0.000   0.000   0.000   0.000    0.000    0.000      0.000    0.000   0.000    0.000     0.000    0.000      0.000   0.000
      2   0.000    0.000   0.000   0.000   0.000   0.000   0.000   0.000   0.000   0.000   0.000   0.000   0.000    0.000    0.000   0.000    0.000   0.000   0.000   0.000   0.000   0.000    0.000    0.000      0.000    0.000   0.000    0.000     0.000    0.000      0.000   0.000
      3   0.000    0.000   0.000   0.000   0.000   0.000   0.000   0.000   0.000   0.000   0.000   0.000   0.000    0.000    0.000   0.000    0.000   0.000   0.000   0.000   0.000   0.000    0.000    0.000      0.000    0.000   0.000    0.000     0.000    0.000      0.000   0.000
      4   0.000    0.000   0.000   0.000   0.000   0.000   0.000   0.000   0.000   0.000   0.000   0.000   0.000    0.000    0.000   0.000    0.000   0.000   0.000   0.000   0.000   0.000    0.000    0.000      0.000    0.000   0.000    0.000     0.000    0.000      0.000   0.000
      5   0.000    0.000   0.000   0.000   0.000   0.000   0.000   0.000   0.000   0.000   0.000   0.000   0.000    0.000    0.000   0.000    0.000   0.000   0.000   0.000   0.000   0.000    0.000    0.000      0.000    0.000   0.000    0.000     0.000    0.000      0.000   0.000
      6   0.000    0.000   0.000   0.000   0.000   0.000   0.000   0.000   0.000   0.000   0.000   0.000   0.000    0.000    0.000   0.000    0.000   0.000   0.000   0.000   0.000   0.000    0.000    0.000      0.000    0.000   0.000    0.000     0.000    0.000      0.000   0.000
      7   0.000    0.000   0.000   0.000   0.000   0.000   0.000   0.000   0.000   0.000   0.000   0.000   0.000    0.000    0.000   0.000    0.000   0.000   0.000   0.000   0.000   0.000    0.000    0.000      0.000    0.000   0.000    0.000     0.000    0.000      0.000   0.000
      8   0.000    0.000   0.000   0.000   0.000   0.000   0.000   0.000   0.000   0.000   0.000   0.000   0.000    0.000    0.000   0.000    0.000   0.000   0.000   0.000   0.000   0.000    0.000    0.000      0.000    0.000   0.000    0.000     0.000    0.000      0.000   0.000
      9   0.000    0.000   0.000   0.000   0.000   0.000   0.000   0.000   0.000   0.000   0.000   0.000   0.000    0.000    0.000   0.000    0.000   0.000   0.000   0.000   0.000   0.000    0.000    0.000      0.000    0.000   0.000    0.000     0.000    0.000      0.000   0.000
    Sum   0.012    0.001   0.009   0.000   0.000   0.000   0.000   0.000   0.000   0.000   0.000   0.000   0.000    0.002    0.000   0.000    0.000   0.000   0.000   0.000   0.000   0.000    0.000    0.000      0.000    0.000   0.000    0.000     0.000    0.000      0.000   0.012


Summary
------------------------------------------------------------------------------------------------------------------------------
                  dt  Flu_Adv  Gra_Adv  Src_Adv  Che_Adv       SF   FB_Adv    FixUp     Flag   Refine MPI_Grid   Output      Aux       LB CorrSync      Par -MPI_Par    libyt         Sum
    Time      0.0007   0.0090   0.0000   0.0000   0.0000   0.0000   0.0000   0.0000   0.0000   0.0000   0.0023   0.0304   0.0712   0.0012   0.0000   0.0000   0.0000   0.0000      0.1148
    Frac      0.592%   7.852%   0.000%   0.000%   0.000%   0.000%   0.000%   0.000%   0.000%   0.000%   1.984%  26.524%  62.010%   1.024%   0.000%   0.000%   0.000%   0.000%     99.986%

==============================================================================================================================
==============================================================================================================================



Time : 7.0718261e-02 -> 7.1806234e-02,     Step :       65 ->       66

Main Loop
------------------------------------------------------------------------------------------------------------------------------
       Total    Integration       Output    Auxiliary    LoadBalance       CorrSync          libyt            Sum
      0.2389         0.0604       0.0571       0.1204         0.0010         0.0000         0.0000         0.2389


Integration Loop
------------------------------------------------------------------------------------------------------------------------------
     Lv   Total       dt Flu_Adv Gra_Adv Src_Adv Che_Adv      SF  FB_Adv   FixUp    Flag  Refine Buf_Rho Buf_Pot Buf_Flu1 Buf_Flu2 Buf_Ref Buf_Flux Buf_Res Buf_Che  Par_KD   Par_K Par_K-1 Par_2Sib -MPI_Sib -MPI_FaSib Par_2Son    -MPI Par_Coll -MPI_Real -MPI_Sib -MPI_FaSib     Sum
      0   0.060    0.001   0.049   0.000   0.000   0.000   0.000   0.000   0.000   0.000   0.000   0.000   0.000    0.010    0.000   0.000    0.000   0.000   0.000   0.000   0.000   0.000    0.000    0.000      0.000    0.000   0.000    0.000     0.000    0.000      0.000   0.060
      1   0.000    0.000   0.000   0.000   0.000   0.000   0.000   0.000   0.000   0.000   0.000   0.000   0.000    0.000    0.000   0.000    0.000   0.000   0.000   0.000   0.000   0.000    0.000    0.000      0.000    0.000   0.000    0.000     0.000    0.000      0.000   0.000
      2   0.000    0.000   0.000   0.000   0.000   0.000   0.000   0.000   0.000   0.000   0.000   0.000   0.000    0.000    0.000   0.000    0.000   0.000   0.000   0.000   0.000   0.000    0.000    0.000      0.000    0.000   0.000    0.000     0.000    0.000      0.000   0.000
      3   0.000    0.000   0.000   0.000   0.000   0.000   0.000   0.000   0.000   0.000   0.000   0.000   0.000    0.000    0.000   0.000    0.000   0.000   0.000   0.000   0.000   0.000    0.000    0.000      0.000    0.000   0.000    0.000     0.000    0.000      0.000   0.000
      4   0.000    0.000   0.000   0.000   0.000   0.000   0.000   0.000   0.000   0.000   0.000   0.000   0.000    0.000    0.000   0.000    0.000   0.000   0.000   0.000   0.000   0.000    0.000    0.000      0.000    0.000   0.000    0.000     0.000    0.000      0.000   0.000
      5   0.000    0.000   0.000   0.000   0.000   0.000   0.000   0.000   0.000   0.000   0.000   0.000   0.000    0.000    0.000   0.000    0.000   0.000   0.000   0.000   0.000   0.000    0.000    0.000      0.000    0.000   0.000    0.000     0.000    0.000      0.000   0.000
      6   0.000    0.000   0.000   0.000   0.000   0.000   0.000   0.000   0.000   0.000   0.000   0.000   0.000    0.000    0.000   0.000    0.000   0.000   0.000   0.000   0.000   0.000    0.000    0.000      0.000    0.000   0.000    0.000     0.000    0.000      0.000   0.000
      7   0.000    0.000   0.000   0.000   0.000   0.000   0.000   0.000   0.000   0.000   0.000   0.000   0.000    0.000    0.000   0.000    0.000   0.000   0.000   0.000   0.000   0.000    0.000    0.000      0.000    0.000   0.000    0.000     0.000    0.000      0.000   0.000
      8   0.000    0.000   0.000   0.000   0.000   0.000   0.000   0.000   0.000   0.000   0.000   0.000   0.000    0.000    0.000   0.000    0.000   0.000   0.000   0.000   0.000   0.000    0.000    0.000      0.000    0.000   0.000    0.000     0.000    0.000      0.000   0.000
      9   0.000    0.000   0.000   0.000   0.000   0.000   0.000   0.000   0.000   0.000   0.000   0.000   0.000    0.000    0.000   0.000    0.000   0.000   0.000   0.000   0.000   0.000    0.000    0.000      0.000    0.000   0.000    0.000     0.000    0.000      0.000   0.000
    Sum   0.060    0.001   0.049   0.000   0.000   0.000   0.000   0.000   0.000   0.000   0.000   0.000   0.000    0.010    0.000   0.000    0.000   0.000   0.000   0.000   0.000   0.000    0.000    0.000      0.000    0.000   0.000    0.000     0.000    0.000      0.000   0.060


Summary
------------------------------------------------------------------------------------------------------------------------------
                  dt  Flu_Adv  Gra_Adv  Src_Adv  Che_Adv       SF   FB_Adv    FixUp     Flag   Refine MPI_Grid   Output      Aux       LB CorrSync      Par -MPI_Par    libyt         Sum
    Time      0.0007   0.0493   0.0000   0.0000   0.0000   0.0000   0.0000   0.0000   0.0000   0.0000   0.0104   0.0571   0.1204   0.0010   0.0000   0.0000   0.0000   0.0000      0.2388
    Frac      0.285%  20.625%   0.000%   0.000%   0.000%   0.000%   0.000%   0.000%   0.000%   0.000%   4.374%  23.904%  50.388%   0.416%   0.000%   0.000%   0.000%   0.000%     99.992%

==============================================================================================================================
==============================================================================================================================



Time : 7.1806234e-02 -> 7.2894207e-02,     Step :       66 ->       67

Main Loop
------------------------------------------------------------------------------------------------------------------------------
       Total    Integration       Output    Auxiliary    LoadBalance       CorrSync          libyt            Sum
      0.1229         0.0129       0.0546       0.0546         0.0008         0.0000         0.0000         0.1229


Integration Loop
------------------------------------------------------------------------------------------------------------------------------
     Lv   Total       dt Flu_Adv Gra_Adv Src_Adv Che_Adv      SF  FB_Adv   FixUp    Flag  Refine Buf_Rho Buf_Pot Buf_Flu1 Buf_Flu2 Buf_Ref Buf_Flux Buf_Res Buf_Che  Par_KD   Par_K Par_K-1 Par_2Sib -MPI_Sib -MPI_FaSib Par_2Son    -MPI Par_Coll -MPI_Real -MPI_Sib -MPI_FaSib     Sum
      0   0.013    0.001   0.010   0.000   0.000   0.000   0.000   0.000   0.000   0.000   0.000   0.000   0.000    0.003    0.000   0.000    0.000   0.000   0.000   0.000   0.000   0.000    0.000    0.000      0.000    0.000   0.000    0.000     0.000    0.000      0.000   0.013
      1   0.000    0.000   0.000   0.000   0.000   0.000   0.000   0.000   0.000   0.000   0.000   0.000   0.000    0.000    0.000   0.000    0.000   0.000   0.000   0.000   0.000   0.000    0.000    0.000      0.000    0.000   0.000    0.000     0.000    0.000      0.000   0.000
      2   0.000    0.000   0.000   0.000   0.000   0.000   0.000   0.000   0.000   0.000   0.000   0.000   0.000    0.000    0.000   0.000    0.000   0.000   0.000   0.000   0.000   0.000    0.000    0.000      0.000    0.000   0.000    0.000     0.000    0.000      0.000   0.000
      3   0.000    0.000   0.000   0.000   0.000   0.000   0.000   0.000   0.000   0.000   0.000   0.000   0.000    0.000    0.000   0.000    0.000   0.000   0.000   0.000   0.000   0.000    0.000    0.000      0.000    0.000   0.000    0.000     0.000    0.000      0.000   0.000
      4   0.000    0.000   0.000   0.000   0.000   0.000   0.000   0.000   0.000   0.000   0.000   0.000   0.000    0.000    0.000   0.000    0.000   0.000   0.000   0.000   0.000   0.000    0.000    0.000      0.000    0.000   0.000    0.000     0.000    0.000      0.000   0.000
      5   0.000    0.000   0.000   0.000   0.000   0.000   0.000   0.000   0.000   0.000   0.000   0.000   0.000    0.000    0.000   0.000    0.000   0.000   0.000   0.000   0.000   0.000    0.000    0.000      0.000    0.000   0.000    0.000     0.000    0.000      0.000   0.000
      6   0.000    0.000   0.000   0.000   0.000   0.000   0.000   0.000   0.000   0.000   0.000   0.000   0.000    0.000    0.000   0.000    0.000   0.000   0.000   0.000   0.000   0.000    0.000    0.000      0.000    0.000   0.000    0.000     0.000    0.000      0.000   0.000
      7   0.000    0.000   0.000   0.000   0.000   0.000   0.000   0.000   0.000   0.000   0.000   0.000   0.000    0.000    0.000   0.000    0.000   0.000   0.000   0.000   0.000   0.000    0.000    0.000      0.000    0.000   0.000    0.000     0.000    0.000      0.000   0.000
      8   0.000    0.000   0.000   0.000   0.000   0.000   0.000   0.000   0.000   0.000   0.000   0.000   0.000    0.000    0.000   0.000    0.000   0.000   0.000   0.000   0.000   0.000    0.000    0.000      0.000    0.000   0.000    0.000     0.000    0.000      0.000   0.000
      9   0.000    0.000   0.000   0.000   0.000   0.000   0.000   0.000   0.000   0.000   0.000   0.000   0.000    0.000    0.000   0.000    0.000   0.000   0.000   0.000   0.000   0.000    0.000    0.000      0.000    0.000   0.000    0.000     0.000    0.000      0.000   0.000
    Sum   0.013    0.001   0.010   0.000   0.000   0.000   0.000   0.000   0.000   0.000   0.000   0.000   0.000    0.003    0.000   0.000    0.000   0.000   0.000   0.000   0.000   0.000    0.000    0.000      0.000    0.000   0.000    0.000     0.000    0.000      0.000   0.013


Summary
------------------------------------------------------------------------------------------------------------------------------
                  dt  Flu_Adv  Gra_Adv  Src_Adv  Che_Adv       SF   FB_Adv    FixUp     Flag   Refine MPI_Grid   Output      Aux       LB CorrSync      Par -MPI_Par    libyt         Sum
    Time      0.0006   0.0096   0.0000   0.0000   0.0000   0.0000   0.0000   0.0000   0.0000   0.0000   0.0026   0.0546   0.0546   0.0008   0.0000   0.0000   0.0000   0.0000      0.1229
    Frac      0.529%   7.824%   0.000%   0.000%   0.000%   0.000%   0.000%   0.000%   0.000%   0.000%   2.119%  44.419%  44.406%   0.688%   0.000%   0.000%   0.000%   0.000%     99.985%

==============================================================================================================================
==============================================================================================================================



Time : 7.2894207e-02 -> 7.3982181e-02,     Step :       67 ->       68

Main Loop
------------------------------------------------------------------------------------------------------------------------------
       Total    Integration       Output    Auxiliary    LoadBalance       CorrSync          libyt            Sum
      0.1300         0.0138       0.0280       0.0874         0.0008         0.0000         0.0000         0.1300


Integration Loop
------------------------------------------------------------------------------------------------------------------------------
     Lv   Total       dt Flu_Adv Gra_Adv Src_Adv Che_Adv      SF  FB_Adv   FixUp    Flag  Refine Buf_Rho Buf_Pot Buf_Flu1 Buf_Flu2 Buf_Ref Buf_Flux Buf_Res Buf_Che  Par_KD   Par_K Par_K-1 Par_2Sib -MPI_Sib -MPI_FaSib Par_2Son    -MPI Par_Coll -MPI_Real -MPI_Sib -MPI_FaSib     Sum
      0   0.014    0.001   0.009   0.000   0.000   0.000   0.000   0.000   0.000   0.000   0.000   0.000   0.000    0.003    0.000   0.000    0.000   0.000   0.000   0.000   0.000   0.000    0.000    0.000      0.000    0.000   0.000    0.000     0.000    0.000      0.000   0.014
      1   0.000    0.000   0.000   0.000   0.000   0.000   0.000   0.000   0.000   0.000   0.000   0.000   0.000    0.000    0.000   0.000    0.000   0.000   0.000   0.000   0.000   0.000    0.000    0.000      0.000    0.000   0.000    0.000     0.000    0.000      0.000   0.000
      2   0.000    0.000   0.000   0.000   0.000   0.000   0.000   0.000   0.000   0.000   0.000   0.000   0.000    0.000    0.000   0.000    0.000   0.000   0.000   0.000   0.000   0.000    0.000    0.000      0.000    0.000   0.000    0.000     0.000    0.000      0.000   0.000
      3   0.000    0.000   0.000   0.000   0.000   0.000   0.000   0.000   0.000   0.000   0.000   0.000   0.000    0.000    0.000   0.000    0.000   0.000   0.000   0.000   0.000   0.000    0.000    0.000      0.000    0.000   0.000    0.000     0.000    0.000      0.000   0.000
      4   0.000    0.000   0.000   0.000   0.000   0.000   0.000   0.000   0.000   0.000   0.000   0.000   0.000    0.000    0.000   0.000    0.000   0.000   0.000   0.000   0.000   0.000    0.000    0.000      0.000    0.000   0.000    0.000     0.000    0.000      0.000   0.000
      5   0.000    0.000   0.000   0.000   0.000   0.000   0.000   0.000   0.000   0.000   0.000   0.000   0.000    0.000    0.000   0.000    0.000   0.000   0.000   0.000   0.000   0.000    0.000    0.000      0.000    0.000   0.000    0.000     0.000    0.000      0.000   0.000
      6   0.000    0.000   0.000   0.000   0.000   0.000   0.000   0.000   0.000   0.000   0.000   0.000   0.000    0.000    0.000   0.000    0.000   0.000   0.000   0.000   0.000   0.000    0.000    0.000      0.000    0.000   0.000    0.000     0.000    0.000      0.000   0.000
      7   0.000    0.000   0.000   0.000   0.000   0.000   0.000   0.000   0.000   0.000   0.000   0.000   0.000    0.000    0.000   0.000    0.000   0.000   0.000   0.000   0.000   0.000    0.000    0.000      0.000    0.000   0.000    0.000     0.000    0.000      0.000   0.000
      8   0.000    0.000   0.000   0.000   0.000   0.000   0.000   0.000   0.000   0.000   0.000   0.000   0.000    0.000    0.000   0.000    0.000   0.000   0.000   0.000   0.000   0.000    0.000    0.000      0.000    0.000   0.000    0.000     0.000    0.000      0.000   0.000
      9   0.000    0.000   0.000   0.000   0.000   0.000   0.000   0.000   0.000   0.000   0.000   0.000   0.000    0.000    0.000   0.000    0.000   0.000   0.000   0.000   0.000   0.000    0.000    0.000      0.000    0.000   0.000    0.000     0.000    0.000      0.000   0.000
    Sum   0.014    0.001   0.009   0.000   0.000   0.000   0.000   0.000   0.000   0.000   0.000   0.000   0.000    0.003    0.000   0.000    0.000   0.000   0.000   0.000   0.000   0.000    0.000    0.000      0.000    0.000   0.000    0.000     0.000    0.000      0.000   0.014


Summary
------------------------------------------------------------------------------------------------------------------------------
                  dt  Flu_Adv  Gra_Adv  Src_Adv  Che_Adv       SF   FB_Adv    FixUp     Flag   Refine MPI_Grid   Output      Aux       LB CorrSync      Par -MPI_Par    libyt         Sum
    Time      0.0006   0.0091   0.0000   0.0000   0.0000   0.0000   0.0000   0.0000   0.0003   0.0004   0.0034   0.0280   0.0874   0.0008   0.0000   0.0000   0.0000   0.0000      0.1300
    Frac      0.441%   7.002%   0.000%   0.000%   0.000%   0.000%   0.000%   0.000%   0.253%   0.300%   2.637%  21.500%  67.218%   0.636%   0.000%   0.000%   0.000%   0.000%     99.987%

==============================================================================================================================
==============================================================================================================================



Time : 7.3982181e-02 -> 7.5070154e-02,     Step :       68 ->       69

Main Loop
------------------------------------------------------------------------------------------------------------------------------
       Total    Integration       Output    Auxiliary    LoadBalance       CorrSync          libyt            Sum
      0.1399         0.0060       0.0575       0.0755         0.0009         0.0000         0.0000         0.1399


Integration Loop
------------------------------------------------------------------------------------------------------------------------------
     Lv   Total       dt Flu_Adv Gra_Adv Src_Adv Che_Adv      SF  FB_Adv   FixUp    Flag  Refine Buf_Rho Buf_Pot Buf_Flu1 Buf_Flu2 Buf_Ref Buf_Flux Buf_Res Buf_Che  Par_KD   Par_K Par_K-1 Par_2Sib -MPI_Sib -MPI_FaSib Par_2Son    -MPI Par_Coll -MPI_Real -MPI_Sib -MPI_FaSib     Sum
      0   0.006    0.001   0.002   0.000   0.000   0.000   0.000   0.000   0.000   0.000   0.000   0.000   0.000    0.003    0.000   0.000    0.000   0.000   0.000   0.000   0.000   0.000    0.000    0.000      0.000    0.000   0.000    0.000     0.000    0.000      0.000   0.006
      1   0.000    0.000   0.000   0.000   0.000   0.000   0.000   0.000   0.000   0.000   0.000   0.000   0.000    0.000    0.000   0.000    0.000   0.000   0.000   0.000   0.000   0.000    0.000    0.000      0.000    0.000   0.000    0.000     0.000    0.000      0.000   0.000
      2   0.000    0.000   0.000   0.000   0.000   0.000   0.000   0.000   0.000   0.000   0.000   0.000   0.000    0.000    0.000   0.000    0.000   0.000   0.000   0.000   0.000   0.000    0.000    0.000      0.000    0.000   0.000    0.000     0.000    0.000      0.000   0.000
      3   0.000    0.000   0.000   0.000   0.000   0.000   0.000   0.000   0.000   0.000   0.000   0.000   0.000    0.000    0.000   0.000    0.000   0.000   0.000   0.000   0.000   0.000    0.000    0.000      0.000    0.000   0.000    0.000     0.000    0.000      0.000   0.000
      4   0.000    0.000   0.000   0.000   0.000   0.000   0.000   0.000   0.000   0.000   0.000   0.000   0.000    0.000    0.000   0.000    0.000   0.000   0.000   0.000   0.000   0.000    0.000    0.000      0.000    0.000   0.000    0.000     0.000    0.000      0.000   0.000
      5   0.000    0.000   0.000   0.000   0.000   0.000   0.000   0.000   0.000   0.000   0.000   0.000   0.000    0.000    0.000   0.000    0.000   0.000   0.000   0.000   0.000   0.000    0.000    0.000      0.000    0.000   0.000    0.000     0.000    0.000      0.000   0.000
      6   0.000    0.000   0.000   0.000   0.000   0.000   0.000   0.000   0.000   0.000   0.000   0.000   0.000    0.000    0.000   0.000    0.000   0.000   0.000   0.000   0.000   0.000    0.000    0.000      0.000    0.000   0.000    0.000     0.000    0.000      0.000   0.000
      7   0.000    0.000   0.000   0.000   0.000   0.000   0.000   0.000   0.000   0.000   0.000   0.000   0.000    0.000    0.000   0.000    0.000   0.000   0.000   0.000   0.000   0.000    0.000    0.000      0.000    0.000   0.000    0.000     0.000    0.000      0.000   0.000
      8   0.000    0.000   0.000   0.000   0.000   0.000   0.000   0.000   0.000   0.000   0.000   0.000   0.000    0.000    0.000   0.000    0.000   0.000   0.000   0.000   0.000   0.000    0.000    0.000      0.000    0.000   0.000    0.000     0.000    0.000      0.000   0.000
      9   0.000    0.000   0.000   0.000   0.000   0.000   0.000   0.000   0.000   0.000   0.000   0.000   0.000    0.000    0.000   0.000    0.000   0.000   0.000   0.000   0.000   0.000    0.000    0.000      0.000    0.000   0.000    0.000     0.000    0.000      0.000   0.000
    Sum   0.006    0.001   0.002   0.000   0.000   0.000   0.000   0.000   0.000   0.000   0.000   0.000   0.000    0.003    0.000   0.000    0.000   0.000   0.000   0.000   0.000   0.000    0.000    0.000      0.000    0.000   0.000    0.000     0.000    0.000      0.000   0.006


Summary
------------------------------------------------------------------------------------------------------------------------------
                  dt  Flu_Adv  Gra_Adv  Src_Adv  Che_Adv       SF   FB_Adv    FixUp     Flag   Refine MPI_Grid   Output      Aux       LB CorrSync      Par -MPI_Par    libyt         Sum
    Time      0.0006   0.0019   0.0000   0.0000   0.0000   0.0000   0.0000   0.0000   0.0000   0.0000   0.0034   0.0575   0.0755   0.0009   0.0000   0.0000   0.0000   0.0000      0.1399
    Frac      0.412%   1.393%   0.000%   0.000%   0.000%   0.000%   0.000%   0.000%   0.000%   0.000%   2.464%  41.075%  53.982%   0.655%   0.000%   0.000%   0.000%   0.000%     99.980%

==============================================================================================================================
==============================================================================================================================



Time : 7.5070154e-02 -> 7.6158127e-02,     Step :       69 ->       70

Main Loop
------------------------------------------------------------------------------------------------------------------------------
       Total    Integration       Output    Auxiliary    LoadBalance       CorrSync          libyt            Sum
      0.0943         0.0128       0.0205       0.0600         0.0009         0.0000         0.0000         0.0943


Integration Loop
------------------------------------------------------------------------------------------------------------------------------
     Lv   Total       dt Flu_Adv Gra_Adv Src_Adv Che_Adv      SF  FB_Adv   FixUp    Flag  Refine Buf_Rho Buf_Pot Buf_Flu1 Buf_Flu2 Buf_Ref Buf_Flux Buf_Res Buf_Che  Par_KD   Par_K Par_K-1 Par_2Sib -MPI_Sib -MPI_FaSib Par_2Son    -MPI Par_Coll -MPI_Real -MPI_Sib -MPI_FaSib     Sum
      0   0.013    0.001   0.009   0.000   0.000   0.000   0.000   0.000   0.000   0.000   0.000   0.000   0.000    0.003    0.000   0.000    0.000   0.000   0.000   0.000   0.000   0.000    0.000    0.000      0.000    0.000   0.000    0.000     0.000    0.000      0.000   0.013
      1   0.000    0.000   0.000   0.000   0.000   0.000   0.000   0.000   0.000   0.000   0.000   0.000   0.000    0.000    0.000   0.000    0.000   0.000   0.000   0.000   0.000   0.000    0.000    0.000      0.000    0.000   0.000    0.000     0.000    0.000      0.000   0.000
      2   0.000    0.000   0.000   0.000   0.000   0.000   0.000   0.000   0.000   0.000   0.000   0.000   0.000    0.000    0.000   0.000    0.000   0.000   0.000   0.000   0.000   0.000    0.000    0.000      0.000    0.000   0.000    0.000     0.000    0.000      0.000   0.000
      3   0.000    0.000   0.000   0.000   0.000   0.000   0.000   0.000   0.000   0.000   0.000   0.000   0.000    0.000    0.000   0.000    0.000   0.000   0.000   0.000   0.000   0.000    0.000    0.000      0.000    0.000   0.000    0.000     0.000    0.000      0.000   0.000
      4   0.000    0.000   0.000   0.000   0.000   0.000   0.000   0.000   0.000   0.000   0.000   0.000   0.000    0.000    0.000   0.000    0.000   0.000   0.000   0.000   0.000   0.000    0.000    0.000      0.000    0.000   0.000    0.000     0.000    0.000      0.000   0.000
      5   0.000    0.000   0.000   0.000   0.000   0.000   0.000   0.000   0.000   0.000   0.000   0.000   0.000    0.000    0.000   0.000    0.000   0.000   0.000   0.000   0.000   0.000    0.000    0.000      0.000    0.000   0.000    0.000     0.000    0.000      0.000   0.000
      6   0.000    0.000   0.000   0.000   0.000   0.000   0.000   0.000   0.000   0.000   0.000   0.000   0.000    0.000    0.000   0.000    0.000   0.000   0.000   0.000   0.000   0.000    0.000    0.000      0.000    0.000   0.000    0.000     0.000    0.000      0.000   0.000
      7   0.000    0.000   0.000   0.000   0.000   0.000   0.000   0.000   0.000   0.000   0.000   0.000   0.000    0.000    0.000   0.000    0.000   0.000   0.000   0.000   0.000   0.000    0.000    0.000      0.000    0.000   0.000    0.000     0.000    0.000      0.000   0.000
      8   0.000    0.000   0.000   0.000   0.000   0.000   0.000   0.000   0.000   0.000   0.000   0.000   0.000    0.000    0.000   0.000    0.000   0.000   0.000   0.000   0.000   0.000    0.000    0.000      0.000    0.000   0.000    0.000     0.000    0.000      0.000   0.000
      9   0.000    0.000   0.000   0.000   0.000   0.000   0.000   0.000   0.000   0.000   0.000   0.000   0.000    0.000    0.000   0.000    0.000   0.000   0.000   0.000   0.000   0.000    0.000    0.000      0.000    0.000   0.000    0.000     0.000    0.000      0.000   0.000
    Sum   0.013    0.001   0.009   0.000   0.000   0.000   0.000   0.000   0.000   0.000   0.000   0.000   0.000    0.003    0.000   0.000    0.000   0.000   0.000   0.000   0.000   0.000    0.000    0.000      0.000    0.000   0.000    0.000     0.000    0.000      0.000   0.013


Summary
------------------------------------------------------------------------------------------------------------------------------
                  dt  Flu_Adv  Gra_Adv  Src_Adv  Che_Adv       SF   FB_Adv    FixUp     Flag   Refine MPI_Grid   Output      Aux       LB CorrSync      Par -MPI_Par    libyt         Sum
    Time      0.0006   0.0091   0.0000   0.0000   0.0000   0.0000   0.0000   0.0000   0.0000   0.0000   0.0031   0.0205   0.0600   0.0009   0.0000   0.0000   0.0000   0.0000      0.0942
    Frac      0.609%   9.686%   0.000%   0.000%   0.000%   0.000%   0.000%   0.000%   0.000%   0.000%   3.250%  21.731%  63.694%   1.008%   0.000%   0.000%   0.000%   0.000%     99.978%

==============================================================================================================================
==============================================================================================================================



Time : 7.6158127e-02 -> 7.7246100e-02,     Step :       70 ->       71

Main Loop
------------------------------------------------------------------------------------------------------------------------------
       Total    Integration       Output    Auxiliary    LoadBalance       CorrSync          libyt            Sum
      0.1146         0.0121       0.0518       0.0498         0.0009         0.0000         0.0000         0.1146


Integration Loop
------------------------------------------------------------------------------------------------------------------------------
     Lv   Total       dt Flu_Adv Gra_Adv Src_Adv Che_Adv      SF  FB_Adv   FixUp    Flag  Refine Buf_Rho Buf_Pot Buf_Flu1 Buf_Flu2 Buf_Ref Buf_Flux Buf_Res Buf_Che  Par_KD   Par_K Par_K-1 Par_2Sib -MPI_Sib -MPI_FaSib Par_2Son    -MPI Par_Coll -MPI_Real -MPI_Sib -MPI_FaSib     Sum
      0   0.012    0.001   0.009   0.000   0.000   0.000   0.000   0.000   0.000   0.000   0.000   0.000   0.000    0.002    0.000   0.000    0.000   0.000   0.000   0.000   0.000   0.000    0.000    0.000      0.000    0.000   0.000    0.000     0.000    0.000      0.000   0.012
      1   0.000    0.000   0.000   0.000   0.000   0.000   0.000   0.000   0.000   0.000   0.000   0.000   0.000    0.000    0.000   0.000    0.000   0.000   0.000   0.000   0.000   0.000    0.000    0.000      0.000    0.000   0.000    0.000     0.000    0.000      0.000   0.000
      2   0.000    0.000   0.000   0.000   0.000   0.000   0.000   0.000   0.000   0.000   0.000   0.000   0.000    0.000    0.000   0.000    0.000   0.000   0.000   0.000   0.000   0.000    0.000    0.000      0.000    0.000   0.000    0.000     0.000    0.000      0.000   0.000
      3   0.000    0.000   0.000   0.000   0.000   0.000   0.000   0.000   0.000   0.000   0.000   0.000   0.000    0.000    0.000   0.000    0.000   0.000   0.000   0.000   0.000   0.000    0.000    0.000      0.000    0.000   0.000    0.000     0.000    0.000      0.000   0.000
      4   0.000    0.000   0.000   0.000   0.000   0.000   0.000   0.000   0.000   0.000   0.000   0.000   0.000    0.000    0.000   0.000    0.000   0.000   0.000   0.000   0.000   0.000    0.000    0.000      0.000    0.000   0.000    0.000     0.000    0.000      0.000   0.000
      5   0.000    0.000   0.000   0.000   0.000   0.000   0.000   0.000   0.000   0.000   0.000   0.000   0.000    0.000    0.000   0.000    0.000   0.000   0.000   0.000   0.000   0.000    0.000    0.000      0.000    0.000   0.000    0.000     0.000    0.000      0.000   0.000
      6   0.000    0.000   0.000   0.000   0.000   0.000   0.000   0.000   0.000   0.000   0.000   0.000   0.000    0.000    0.000   0.000    0.000   0.000   0.000   0.000   0.000   0.000    0.000    0.000      0.000    0.000   0.000    0.000     0.000    0.000      0.000   0.000
      7   0.000    0.000   0.000   0.000   0.000   0.000   0.000   0.000   0.000   0.000   0.000   0.000   0.000    0.000    0.000   0.000    0.000   0.000   0.000   0.000   0.000   0.000    0.000    0.000      0.000    0.000   0.000    0.000     0.000    0.000      0.000   0.000
      8   0.000    0.000   0.000   0.000   0.000   0.000   0.000   0.000   0.000   0.000   0.000   0.000   0.000    0.000    0.000   0.000    0.000   0.000   0.000   0.000   0.000   0.000    0.000    0.000      0.000    0.000   0.000    0.000     0.000    0.000      0.000   0.000
      9   0.000    0.000   0.000   0.000   0.000   0.000   0.000   0.000   0.000   0.000   0.000   0.000   0.000    0.000    0.000   0.000    0.000   0.000   0.000   0.000   0.000   0.000    0.000    0.000      0.000    0.000   0.000    0.000     0.000    0.000      0.000   0.000
    Sum   0.012    0.001   0.009   0.000   0.000   0.000   0.000   0.000   0.000   0.000   0.000   0.000   0.000    0.002    0.000   0.000    0.000   0.000   0.000   0.000   0.000   0.000    0.000    0.000      0.000    0.000   0.000    0.000     0.000    0.000      0.000   0.012


Summary
------------------------------------------------------------------------------------------------------------------------------
                  dt  Flu_Adv  Gra_Adv  Src_Adv  Che_Adv       SF   FB_Adv    FixUp     Flag   Refine MPI_Grid   Output      Aux       LB CorrSync      Par -MPI_Par    libyt         Sum
    Time      0.0006   0.0090   0.0000   0.0000   0.0000   0.0000   0.0000   0.0000   0.0000   0.0000   0.0025   0.0518   0.0498   0.0009   0.0000   0.0000   0.0000   0.0000      0.1146
    Frac      0.563%   7.868%   0.000%   0.000%   0.000%   0.000%   0.000%   0.000%   0.000%   0.000%   2.151%  45.205%  43.434%   0.768%   0.000%   0.000%   0.000%   0.000%     99.989%

==============================================================================================================================
==============================================================================================================================



Time : 7.7246100e-02 -> 7.8334074e-02,     Step :       71 ->       72

Main Loop
------------------------------------------------------------------------------------------------------------------------------
       Total    Integration       Output    Auxiliary    LoadBalance       CorrSync          libyt            Sum
      0.1001         0.0051       0.0313       0.0627         0.0010         0.0000         0.0000         0.1001


Integration Loop
------------------------------------------------------------------------------------------------------------------------------
     Lv   Total       dt Flu_Adv Gra_Adv Src_Adv Che_Adv      SF  FB_Adv   FixUp    Flag  Refine Buf_Rho Buf_Pot Buf_Flu1 Buf_Flu2 Buf_Ref Buf_Flux Buf_Res Buf_Che  Par_KD   Par_K Par_K-1 Par_2Sib -MPI_Sib -MPI_FaSib Par_2Son    -MPI Par_Coll -MPI_Real -MPI_Sib -MPI_FaSib     Sum
      0   0.005    0.001   0.001   0.000   0.000   0.000   0.000   0.000   0.000   0.000   0.000   0.000   0.000    0.002    0.000   0.000    0.000   0.000   0.000   0.000   0.000   0.000    0.000    0.000      0.000    0.000   0.000    0.000     0.000    0.000      0.000   0.005
      1   0.000    0.000   0.000   0.000   0.000   0.000   0.000   0.000   0.000   0.000   0.000   0.000   0.000    0.000    0.000   0.000    0.000   0.000   0.000   0.000   0.000   0.000    0.000    0.000      0.000    0.000   0.000    0.000     0.000    0.000      0.000   0.000
      2   0.000    0.000   0.000   0.000   0.000   0.000   0.000   0.000   0.000   0.000   0.000   0.000   0.000    0.000    0.000   0.000    0.000   0.000   0.000   0.000   0.000   0.000    0.000    0.000      0.000    0.000   0.000    0.000     0.000    0.000      0.000   0.000
      3   0.000    0.000   0.000   0.000   0.000   0.000   0.000   0.000   0.000   0.000   0.000   0.000   0.000    0.000    0.000   0.000    0.000   0.000   0.000   0.000   0.000   0.000    0.000    0.000      0.000    0.000   0.000    0.000     0.000    0.000      0.000   0.000
      4   0.000    0.000   0.000   0.000   0.000   0.000   0.000   0.000   0.000   0.000   0.000   0.000   0.000    0.000    0.000   0.000    0.000   0.000   0.000   0.000   0.000   0.000    0.000    0.000      0.000    0.000   0.000    0.000     0.000    0.000      0.000   0.000
      5   0.000    0.000   0.000   0.000   0.000   0.000   0.000   0.000   0.000   0.000   0.000   0.000   0.000    0.000    0.000   0.000    0.000   0.000   0.000   0.000   0.000   0.000    0.000    0.000      0.000    0.000   0.000    0.000     0.000    0.000      0.000   0.000
      6   0.000    0.000   0.000   0.000   0.000   0.000   0.000   0.000   0.000   0.000   0.000   0.000   0.000    0.000    0.000   0.000    0.000   0.000   0.000   0.000   0.000   0.000    0.000    0.000      0.000    0.000   0.000    0.000     0.000    0.000      0.000   0.000
      7   0.000    0.000   0.000   0.000   0.000   0.000   0.000   0.000   0.000   0.000   0.000   0.000   0.000    0.000    0.000   0.000    0.000   0.000   0.000   0.000   0.000   0.000    0.000    0.000      0.000    0.000   0.000    0.000     0.000    0.000      0.000   0.000
      8   0.000    0.000   0.000   0.000   0.000   0.000   0.000   0.000   0.000   0.000   0.000   0.000   0.000    0.000    0.000   0.000    0.000   0.000   0.000   0.000   0.000   0.000    0.000    0.000      0.000    0.000   0.000    0.000     0.000    0.000      0.000   0.000
      9   0.000    0.000   0.000   0.000   0.000   0.000   0.000   0.000   0.000   0.000   0.000   0.000   0.000    0.000    0.000   0.000    0.000   0.000   0.000   0.000   0.000   0.000    0.000    0.000      0.000    0.000   0.000    0.000     0.000    0.000      0.000   0.000
    Sum   0.005    0.001   0.001   0.000   0.000   0.000   0.000   0.000   0.000   0.000   0.000   0.000   0.000    0.002    0.000   0.000    0.000   0.000   0.000   0.000   0.000   0.000    0.000    0.000      0.000    0.000   0.000    0.000     0.000    0.000      0.000   0.005


Summary
------------------------------------------------------------------------------------------------------------------------------
                  dt  Flu_Adv  Gra_Adv  Src_Adv  Che_Adv       SF   FB_Adv    FixUp     Flag   Refine MPI_Grid   Output      Aux       LB CorrSync      Par -MPI_Par    libyt         Sum
    Time      0.0007   0.0015   0.0000   0.0000   0.0000   0.0000   0.0000   0.0000   0.0002   0.0003   0.0023   0.0313   0.0627   0.0010   0.0000   0.0000   0.0000   0.0000      0.1001
    Frac      0.728%   1.471%   0.000%   0.000%   0.000%   0.000%   0.000%   0.000%   0.226%   0.334%   2.317%  31.263%  62.612%   1.033%   0.000%   0.000%   0.000%   0.000%     99.984%

==============================================================================================================================
==============================================================================================================================



Time : 7.8334074e-02 -> 7.9422047e-02,     Step :       72 ->       73

Main Loop
------------------------------------------------------------------------------------------------------------------------------
       Total    Integration       Output    Auxiliary    LoadBalance       CorrSync          libyt            Sum
      0.1196         0.0125       0.0272       0.0789         0.0010         0.0000         0.0000         0.1196


Integration Loop
------------------------------------------------------------------------------------------------------------------------------
     Lv   Total       dt Flu_Adv Gra_Adv Src_Adv Che_Adv      SF  FB_Adv   FixUp    Flag  Refine Buf_Rho Buf_Pot Buf_Flu1 Buf_Flu2 Buf_Ref Buf_Flux Buf_Res Buf_Che  Par_KD   Par_K Par_K-1 Par_2Sib -MPI_Sib -MPI_FaSib Par_2Son    -MPI Par_Coll -MPI_Real -MPI_Sib -MPI_FaSib     Sum
      0   0.012    0.001   0.010   0.000   0.000   0.000   0.000   0.000   0.000   0.000   0.000   0.000   0.000    0.002    0.000   0.000    0.000   0.000   0.000   0.000   0.000   0.000    0.000    0.000      0.000    0.000   0.000    0.000     0.000    0.000      0.000   0.012
      1   0.000    0.000   0.000   0.000   0.000   0.000   0.000   0.000   0.000   0.000   0.000   0.000   0.000    0.000    0.000   0.000    0.000   0.000   0.000   0.000   0.000   0.000    0.000    0.000      0.000    0.000   0.000    0.000     0.000    0.000      0.000   0.000
      2   0.000    0.000   0.000   0.000   0.000   0.000   0.000   0.000   0.000   0.000   0.000   0.000   0.000    0.000    0.000   0.000    0.000   0.000   0.000   0.000   0.000   0.000    0.000    0.000      0.000    0.000   0.000    0.000     0.000    0.000      0.000   0.000
      3   0.000    0.000   0.000   0.000   0.000   0.000   0.000   0.000   0.000   0.000   0.000   0.000   0.000    0.000    0.000   0.000    0.000   0.000   0.000   0.000   0.000   0.000    0.000    0.000      0.000    0.000   0.000    0.000     0.000    0.000      0.000   0.000
      4   0.000    0.000   0.000   0.000   0.000   0.000   0.000   0.000   0.000   0.000   0.000   0.000   0.000    0.000    0.000   0.000    0.000   0.000   0.000   0.000   0.000   0.000    0.000    0.000      0.000    0.000   0.000    0.000     0.000    0.000      0.000   0.000
      5   0.000    0.000   0.000   0.000   0.000   0.000   0.000   0.000   0.000   0.000   0.000   0.000   0.000    0.000    0.000   0.000    0.000   0.000   0.000   0.000   0.000   0.000    0.000    0.000      0.000    0.000   0.000    0.000     0.000    0.000      0.000   0.000
      6   0.000    0.000   0.000   0.000   0.000   0.000   0.000   0.000   0.000   0.000   0.000   0.000   0.000    0.000    0.000   0.000    0.000   0.000   0.000   0.000   0.000   0.000    0.000    0.000      0.000    0.000   0.000    0.000     0.000    0.000      0.000   0.000
      7   0.000    0.000   0.000   0.000   0.000   0.000   0.000   0.000   0.000   0.000   0.000   0.000   0.000    0.000    0.000   0.000    0.000   0.000   0.000   0.000   0.000   0.000    0.000    0.000      0.000    0.000   0.000    0.000     0.000    0.000      0.000   0.000
      8   0.000    0.000   0.000   0.000   0.000   0.000   0.000   0.000   0.000   0.000   0.000   0.000   0.000    0.000    0.000   0.000    0.000   0.000   0.000   0.000   0.000   0.000    0.000    0.000      0.000    0.000   0.000    0.000     0.000    0.000      0.000   0.000
      9   0.000    0.000   0.000   0.000   0.000   0.000   0.000   0.000   0.000   0.000   0.000   0.000   0.000    0.000    0.000   0.000    0.000   0.000   0.000   0.000   0.000   0.000    0.000    0.000      0.000    0.000   0.000    0.000     0.000    0.000      0.000   0.000
    Sum   0.012    0.001   0.010   0.000   0.000   0.000   0.000   0.000   0.000   0.000   0.000   0.000   0.000    0.002    0.000   0.000    0.000   0.000   0.000   0.000   0.000   0.000    0.000    0.000      0.000    0.000   0.000    0.000     0.000    0.000      0.000   0.012


Summary
------------------------------------------------------------------------------------------------------------------------------
                  dt  Flu_Adv  Gra_Adv  Src_Adv  Che_Adv       SF   FB_Adv    FixUp     Flag   Refine MPI_Grid   Output      Aux       LB CorrSync      Par -MPI_Par    libyt         Sum
    Time      0.0006   0.0097   0.0000   0.0000   0.0000   0.0000   0.0000   0.0000   0.0000   0.0000   0.0022   0.0272   0.0789   0.0010   0.0000   0.0000   0.0000   0.0000      0.1196
    Frac      0.533%   8.069%   0.000%   0.000%   0.000%   0.000%   0.000%   0.000%   0.000%   0.000%   1.813%  22.739%  65.996%   0.839%   0.000%   0.000%   0.000%   0.000%     99.988%

==============================================================================================================================
==============================================================================================================================



Time : 7.9422047e-02 -> 8.0510020e-02,     Step :       73 ->       74

Main Loop
------------------------------------------------------------------------------------------------------------------------------
       Total    Integration       Output    Auxiliary    LoadBalance       CorrSync          libyt            Sum
      0.1649         0.0125       0.0503       0.1010         0.0010         0.0000         0.0000         0.1649


Integration Loop
------------------------------------------------------------------------------------------------------------------------------
     Lv   Total       dt Flu_Adv Gra_Adv Src_Adv Che_Adv      SF  FB_Adv   FixUp    Flag  Refine Buf_Rho Buf_Pot Buf_Flu1 Buf_Flu2 Buf_Ref Buf_Flux Buf_Res Buf_Che  Par_KD   Par_K Par_K-1 Par_2Sib -MPI_Sib -MPI_FaSib Par_2Son    -MPI Par_Coll -MPI_Real -MPI_Sib -MPI_FaSib     Sum
      0   0.013    0.001   0.009   0.000   0.000   0.000   0.000   0.000   0.000   0.000   0.000   0.000   0.000    0.002    0.000   0.000    0.000   0.000   0.000   0.000   0.000   0.000    0.000    0.000      0.000    0.000   0.000    0.000     0.000    0.000      0.000   0.013
      1   0.000    0.000   0.000   0.000   0.000   0.000   0.000   0.000   0.000   0.000   0.000   0.000   0.000    0.000    0.000   0.000    0.000   0.000   0.000   0.000   0.000   0.000    0.000    0.000      0.000    0.000   0.000    0.000     0.000    0.000      0.000   0.000
      2   0.000    0.000   0.000   0.000   0.000   0.000   0.000   0.000   0.000   0.000   0.000   0.000   0.000    0.000    0.000   0.000    0.000   0.000   0.000   0.000   0.000   0.000    0.000    0.000      0.000    0.000   0.000    0.000     0.000    0.000      0.000   0.000
      3   0.000    0.000   0.000   0.000   0.000   0.000   0.000   0.000   0.000   0.000   0.000   0.000   0.000    0.000    0.000   0.000    0.000   0.000   0.000   0.000   0.000   0.000    0.000    0.000      0.000    0.000   0.000    0.000     0.000    0.000      0.000   0.000
      4   0.000    0.000   0.000   0.000   0.000   0.000   0.000   0.000   0.000   0.000   0.000   0.000   0.000    0.000    0.000   0.000    0.000   0.000   0.000   0.000   0.000   0.000    0.000    0.000      0.000    0.000   0.000    0.000     0.000    0.000      0.000   0.000
      5   0.000    0.000   0.000   0.000   0.000   0.000   0.000   0.000   0.000   0.000   0.000   0.000   0.000    0.000    0.000   0.000    0.000   0.000   0.000   0.000   0.000   0.000    0.000    0.000      0.000    0.000   0.000    0.000     0.000    0.000      0.000   0.000
      6   0.000    0.000   0.000   0.000   0.000   0.000   0.000   0.000   0.000   0.000   0.000   0.000   0.000    0.000    0.000   0.000    0.000   0.000   0.000   0.000   0.000   0.000    0.000    0.000      0.000    0.000   0.000    0.000     0.000    0.000      0.000   0.000
      7   0.000    0.000   0.000   0.000   0.000   0.000   0.000   0.000   0.000   0.000   0.000   0.000   0.000    0.000    0.000   0.000    0.000   0.000   0.000   0.000   0.000   0.000    0.000    0.000      0.000    0.000   0.000    0.000     0.000    0.000      0.000   0.000
      8   0.000    0.000   0.000   0.000   0.000   0.000   0.000   0.000   0.000   0.000   0.000   0.000   0.000    0.000    0.000   0.000    0.000   0.000   0.000   0.000   0.000   0.000    0.000    0.000      0.000    0.000   0.000    0.000     0.000    0.000      0.000   0.000
      9   0.000    0.000   0.000   0.000   0.000   0.000   0.000   0.000   0.000   0.000   0.000   0.000   0.000    0.000    0.000   0.000    0.000   0.000   0.000   0.000   0.000   0.000    0.000    0.000      0.000    0.000   0.000    0.000     0.000    0.000      0.000   0.000
    Sum   0.013    0.001   0.009   0.000   0.000   0.000   0.000   0.000   0.000   0.000   0.000   0.000   0.000    0.002    0.000   0.000    0.000   0.000   0.000   0.000   0.000   0.000    0.000    0.000      0.000    0.000   0.000    0.000     0.000    0.000      0.000   0.013


Summary
------------------------------------------------------------------------------------------------------------------------------
                  dt  Flu_Adv  Gra_Adv  Src_Adv  Che_Adv       SF   FB_Adv    FixUp     Flag   Refine MPI_Grid   Output      Aux       LB CorrSync      Par -MPI_Par    libyt         Sum
    Time      0.0007   0.0094   0.0000   0.0000   0.0000   0.0000   0.0000   0.0000   0.0000   0.0000   0.0024   0.0503   0.1010   0.0010   0.0000   0.0000   0.0000   0.0000      0.1649
    Frac      0.425%   5.717%   0.000%   0.000%   0.000%   0.000%   0.000%   0.000%   0.000%   0.000%   1.441%  30.490%  61.290%   0.633%   0.000%   0.000%   0.000%   0.000%     99.995%

==============================================================================================================================
==============================================================================================================================



Time : 8.0510020e-02 -> 8.1597993e-02,     Step :       74 ->       75

Main Loop
------------------------------------------------------------------------------------------------------------------------------
       Total    Integration       Output    Auxiliary    LoadBalance       CorrSync          libyt            Sum
      0.0989         0.0121       0.0241       0.0617         0.0010         0.0000         0.0000         0.0989


Integration Loop
------------------------------------------------------------------------------------------------------------------------------
     Lv   Total       dt Flu_Adv Gra_Adv Src_Adv Che_Adv      SF  FB_Adv   FixUp    Flag  Refine Buf_Rho Buf_Pot Buf_Flu1 Buf_Flu2 Buf_Ref Buf_Flux Buf_Res Buf_Che  Par_KD   Par_K Par_K-1 Par_2Sib -MPI_Sib -MPI_FaSib Par_2Son    -MPI Par_Coll -MPI_Real -MPI_Sib -MPI_FaSib     Sum
      0   0.012    0.001   0.009   0.000   0.000   0.000   0.000   0.000   0.000   0.000   0.000   0.000   0.000    0.002    0.000   0.000    0.000   0.000   0.000   0.000   0.000   0.000    0.000    0.000      0.000    0.000   0.000    0.000     0.000    0.000      0.000   0.012
      1   0.000    0.000   0.000   0.000   0.000   0.000   0.000   0.000   0.000   0.000   0.000   0.000   0.000    0.000    0.000   0.000    0.000   0.000   0.000   0.000   0.000   0.000    0.000    0.000      0.000    0.000   0.000    0.000     0.000    0.000      0.000   0.000
      2   0.000    0.000   0.000   0.000   0.000   0.000   0.000   0.000   0.000   0.000   0.000   0.000   0.000    0.000    0.000   0.000    0.000   0.000   0.000   0.000   0.000   0.000    0.000    0.000      0.000    0.000   0.000    0.000     0.000    0.000      0.000   0.000
      3   0.000    0.000   0.000   0.000   0.000   0.000   0.000   0.000   0.000   0.000   0.000   0.000   0.000    0.000    0.000   0.000    0.000   0.000   0.000   0.000   0.000   0.000    0.000    0.000      0.000    0.000   0.000    0.000     0.000    0.000      0.000   0.000
      4   0.000    0.000   0.000   0.000   0.000   0.000   0.000   0.000   0.000   0.000   0.000   0.000   0.000    0.000    0.000   0.000    0.000   0.000   0.000   0.000   0.000   0.000    0.000    0.000      0.000    0.000   0.000    0.000     0.000    0.000      0.000   0.000
      5   0.000    0.000   0.000   0.000   0.000   0.000   0.000   0.000   0.000   0.000   0.000   0.000   0.000    0.000    0.000   0.000    0.000   0.000   0.000   0.000   0.000   0.000    0.000    0.000      0.000    0.000   0.000    0.000     0.000    0.000      0.000   0.000
      6   0.000    0.000   0.000   0.000   0.000   0.000   0.000   0.000   0.000   0.000   0.000   0.000   0.000    0.000    0.000   0.000    0.000   0.000   0.000   0.000   0.000   0.000    0.000    0.000      0.000    0.000   0.000    0.000     0.000    0.000      0.000   0.000
      7   0.000    0.000   0.000   0.000   0.000   0.000   0.000   0.000   0.000   0.000   0.000   0.000   0.000    0.000    0.000   0.000    0.000   0.000   0.000   0.000   0.000   0.000    0.000    0.000      0.000    0.000   0.000    0.000     0.000    0.000      0.000   0.000
      8   0.000    0.000   0.000   0.000   0.000   0.000   0.000   0.000   0.000   0.000   0.000   0.000   0.000    0.000    0.000   0.000    0.000   0.000   0.000   0.000   0.000   0.000    0.000    0.000      0.000    0.000   0.000    0.000     0.000    0.000      0.000   0.000
      9   0.000    0.000   0.000   0.000   0.000   0.000   0.000   0.000   0.000   0.000   0.000   0.000   0.000    0.000    0.000   0.000    0.000   0.000   0.000   0.000   0.000   0.000    0.000    0.000      0.000    0.000   0.000    0.000     0.000    0.000      0.000   0.000
    Sum   0.012    0.001   0.009   0.000   0.000   0.000   0.000   0.000   0.000   0.000   0.000   0.000   0.000    0.002    0.000   0.000    0.000   0.000   0.000   0.000   0.000   0.000    0.000    0.000      0.000    0.000   0.000    0.000     0.000    0.000      0.000   0.012


Summary
------------------------------------------------------------------------------------------------------------------------------
                  dt  Flu_Adv  Gra_Adv  Src_Adv  Che_Adv       SF   FB_Adv    FixUp     Flag   Refine MPI_Grid   Output      Aux       LB CorrSync      Par -MPI_Par    libyt         Sum
    Time      0.0010   0.0089   0.0000   0.0000   0.0000   0.0000   0.0000   0.0000   0.0000   0.0000   0.0023   0.0241   0.0617   0.0010   0.0000   0.0000   0.0000   0.0000      0.0989
    Frac      0.979%   8.965%   0.000%   0.000%   0.000%   0.000%   0.000%   0.000%   0.000%   0.000%   2.317%  24.341%  62.373%   1.014%   0.000%   0.000%   0.000%   0.000%     99.989%

==============================================================================================================================
==============================================================================================================================



Time : 8.1597993e-02 -> 8.2685967e-02,     Step :       75 ->       76

Main Loop
------------------------------------------------------------------------------------------------------------------------------
       Total    Integration       Output    Auxiliary    LoadBalance       CorrSync          libyt            Sum
      0.1530         0.0128       0.0270       0.1120         0.0011         0.0000         0.0000         0.1530


Integration Loop
------------------------------------------------------------------------------------------------------------------------------
     Lv   Total       dt Flu_Adv Gra_Adv Src_Adv Che_Adv      SF  FB_Adv   FixUp    Flag  Refine Buf_Rho Buf_Pot Buf_Flu1 Buf_Flu2 Buf_Ref Buf_Flux Buf_Res Buf_Che  Par_KD   Par_K Par_K-1 Par_2Sib -MPI_Sib -MPI_FaSib Par_2Son    -MPI Par_Coll -MPI_Real -MPI_Sib -MPI_FaSib     Sum
      0   0.013    0.001   0.009   0.000   0.000   0.000   0.000   0.000   0.000   0.000   0.000   0.000   0.000    0.002    0.000   0.000    0.000   0.000   0.000   0.000   0.000   0.000    0.000    0.000      0.000    0.000   0.000    0.000     0.000    0.000      0.000   0.013
      1   0.000    0.000   0.000   0.000   0.000   0.000   0.000   0.000   0.000   0.000   0.000   0.000   0.000    0.000    0.000   0.000    0.000   0.000   0.000   0.000   0.000   0.000    0.000    0.000      0.000    0.000   0.000    0.000     0.000    0.000      0.000   0.000
      2   0.000    0.000   0.000   0.000   0.000   0.000   0.000   0.000   0.000   0.000   0.000   0.000   0.000    0.000    0.000   0.000    0.000   0.000   0.000   0.000   0.000   0.000    0.000    0.000      0.000    0.000   0.000    0.000     0.000    0.000      0.000   0.000
      3   0.000    0.000   0.000   0.000   0.000   0.000   0.000   0.000   0.000   0.000   0.000   0.000   0.000    0.000    0.000   0.000    0.000   0.000   0.000   0.000   0.000   0.000    0.000    0.000      0.000    0.000   0.000    0.000     0.000    0.000      0.000   0.000
      4   0.000    0.000   0.000   0.000   0.000   0.000   0.000   0.000   0.000   0.000   0.000   0.000   0.000    0.000    0.000   0.000    0.000   0.000   0.000   0.000   0.000   0.000    0.000    0.000      0.000    0.000   0.000    0.000     0.000    0.000      0.000   0.000
      5   0.000    0.000   0.000   0.000   0.000   0.000   0.000   0.000   0.000   0.000   0.000   0.000   0.000    0.000    0.000   0.000    0.000   0.000   0.000   0.000   0.000   0.000    0.000    0.000      0.000    0.000   0.000    0.000     0.000    0.000      0.000   0.000
      6   0.000    0.000   0.000   0.000   0.000   0.000   0.000   0.000   0.000   0.000   0.000   0.000   0.000    0.000    0.000   0.000    0.000   0.000   0.000   0.000   0.000   0.000    0.000    0.000      0.000    0.000   0.000    0.000     0.000    0.000      0.000   0.000
      7   0.000    0.000   0.000   0.000   0.000   0.000   0.000   0.000   0.000   0.000   0.000   0.000   0.000    0.000    0.000   0.000    0.000   0.000   0.000   0.000   0.000   0.000    0.000    0.000      0.000    0.000   0.000    0.000     0.000    0.000      0.000   0.000
      8   0.000    0.000   0.000   0.000   0.000   0.000   0.000   0.000   0.000   0.000   0.000   0.000   0.000    0.000    0.000   0.000    0.000   0.000   0.000   0.000   0.000   0.000    0.000    0.000      0.000    0.000   0.000    0.000     0.000    0.000      0.000   0.000
      9   0.000    0.000   0.000   0.000   0.000   0.000   0.000   0.000   0.000   0.000   0.000   0.000   0.000    0.000    0.000   0.000    0.000   0.000   0.000   0.000   0.000   0.000    0.000    0.000      0.000    0.000   0.000    0.000     0.000    0.000      0.000   0.000
    Sum   0.013    0.001   0.009   0.000   0.000   0.000   0.000   0.000   0.000   0.000   0.000   0.000   0.000    0.002    0.000   0.000    0.000   0.000   0.000   0.000   0.000   0.000    0.000    0.000      0.000    0.000   0.000    0.000     0.000    0.000      0.000   0.013


Summary
------------------------------------------------------------------------------------------------------------------------------
                  dt  Flu_Adv  Gra_Adv  Src_Adv  Che_Adv       SF   FB_Adv    FixUp     Flag   Refine MPI_Grid   Output      Aux       LB CorrSync      Par -MPI_Par    libyt         Sum
    Time      0.0007   0.0090   0.0000   0.0000   0.0000   0.0000   0.0000   0.0000   0.0003   0.0004   0.0025   0.0270   0.1120   0.0011   0.0000   0.0000   0.0000   0.0000      0.1530
    Frac      0.427%   5.884%   0.000%   0.000%   0.000%   0.000%   0.000%   0.000%   0.188%   0.234%   1.657%  17.649%  73.219%   0.735%   0.000%   0.000%   0.000%   0.000%     99.993%

==============================================================================================================================
==============================================================================================================================



Time : 8.2685967e-02 -> 8.3773940e-02,     Step :       76 ->       77

Main Loop
------------------------------------------------------------------------------------------------------------------------------
       Total    Integration       Output    Auxiliary    LoadBalance       CorrSync          libyt            Sum
      0.1407         0.0124       0.0614       0.0659         0.0010         0.0000         0.0000         0.1407


Integration Loop
------------------------------------------------------------------------------------------------------------------------------
     Lv   Total       dt Flu_Adv Gra_Adv Src_Adv Che_Adv      SF  FB_Adv   FixUp    Flag  Refine Buf_Rho Buf_Pot Buf_Flu1 Buf_Flu2 Buf_Ref Buf_Flux Buf_Res Buf_Che  Par_KD   Par_K Par_K-1 Par_2Sib -MPI_Sib -MPI_FaSib Par_2Son    -MPI Par_Coll -MPI_Real -MPI_Sib -MPI_FaSib     Sum
      0   0.012    0.001   0.009   0.000   0.000   0.000   0.000   0.000   0.000   0.000   0.000   0.000   0.000    0.003    0.000   0.000    0.000   0.000   0.000   0.000   0.000   0.000    0.000    0.000      0.000    0.000   0.000    0.000     0.000    0.000      0.000   0.012
      1   0.000    0.000   0.000   0.000   0.000   0.000   0.000   0.000   0.000   0.000   0.000   0.000   0.000    0.000    0.000   0.000    0.000   0.000   0.000   0.000   0.000   0.000    0.000    0.000      0.000    0.000   0.000    0.000     0.000    0.000      0.000   0.000
      2   0.000    0.000   0.000   0.000   0.000   0.000   0.000   0.000   0.000   0.000   0.000   0.000   0.000    0.000    0.000   0.000    0.000   0.000   0.000   0.000   0.000   0.000    0.000    0.000      0.000    0.000   0.000    0.000     0.000    0.000      0.000   0.000
      3   0.000    0.000   0.000   0.000   0.000   0.000   0.000   0.000   0.000   0.000   0.000   0.000   0.000    0.000    0.000   0.000    0.000   0.000   0.000   0.000   0.000   0.000    0.000    0.000      0.000    0.000   0.000    0.000     0.000    0.000      0.000   0.000
      4   0.000    0.000   0.000   0.000   0.000   0.000   0.000   0.000   0.000   0.000   0.000   0.000   0.000    0.000    0.000   0.000    0.000   0.000   0.000   0.000   0.000   0.000    0.000    0.000      0.000    0.000   0.000    0.000     0.000    0.000      0.000   0.000
      5   0.000    0.000   0.000   0.000   0.000   0.000   0.000   0.000   0.000   0.000   0.000   0.000   0.000    0.000    0.000   0.000    0.000   0.000   0.000   0.000   0.000   0.000    0.000    0.000      0.000    0.000   0.000    0.000     0.000    0.000      0.000   0.000
      6   0.000    0.000   0.000   0.000   0.000   0.000   0.000   0.000   0.000   0.000   0.000   0.000   0.000    0.000    0.000   0.000    0.000   0.000   0.000   0.000   0.000   0.000    0.000    0.000      0.000    0.000   0.000    0.000     0.000    0.000      0.000   0.000
      7   0.000    0.000   0.000   0.000   0.000   0.000   0.000   0.000   0.000   0.000   0.000   0.000   0.000    0.000    0.000   0.000    0.000   0.000   0.000   0.000   0.000   0.000    0.000    0.000      0.000    0.000   0.000    0.000     0.000    0.000      0.000   0.000
      8   0.000    0.000   0.000   0.000   0.000   0.000   0.000   0.000   0.000   0.000   0.000   0.000   0.000    0.000    0.000   0.000    0.000   0.000   0.000   0.000   0.000   0.000    0.000    0.000      0.000    0.000   0.000    0.000     0.000    0.000      0.000   0.000
      9   0.000    0.000   0.000   0.000   0.000   0.000   0.000   0.000   0.000   0.000   0.000   0.000   0.000    0.000    0.000   0.000    0.000   0.000   0.000   0.000   0.000   0.000    0.000    0.000      0.000    0.000   0.000    0.000     0.000    0.000      0.000   0.000
    Sum   0.012    0.001   0.009   0.000   0.000   0.000   0.000   0.000   0.000   0.000   0.000   0.000   0.000    0.003    0.000   0.000    0.000   0.000   0.000   0.000   0.000   0.000    0.000    0.000      0.000    0.000   0.000    0.000     0.000    0.000      0.000   0.012


Summary
------------------------------------------------------------------------------------------------------------------------------
                  dt  Flu_Adv  Gra_Adv  Src_Adv  Che_Adv       SF   FB_Adv    FixUp     Flag   Refine MPI_Grid   Output      Aux       LB CorrSync      Par -MPI_Par    libyt         Sum
    Time      0.0008   0.0089   0.0000   0.0000   0.0000   0.0000   0.0000   0.0000   0.0000   0.0000   0.0026   0.0614   0.0659   0.0010   0.0000   0.0000   0.0000   0.0000      0.1407
    Frac      0.555%   6.348%   0.000%   0.000%   0.000%   0.000%   0.000%   0.000%   0.000%   0.000%   1.876%  43.658%  46.851%   0.704%   0.000%   0.000%   0.000%   0.000%     99.992%

==============================================================================================================================
==============================================================================================================================



Time : 8.3773940e-02 -> 8.4861913e-02,     Step :       77 ->       78

Main Loop
------------------------------------------------------------------------------------------------------------------------------
       Total    Integration       Output    Auxiliary    LoadBalance       CorrSync          libyt            Sum
      0.0964         0.0124       0.0303       0.0529         0.0008         0.0000         0.0000         0.0964


Integration Loop
------------------------------------------------------------------------------------------------------------------------------
     Lv   Total       dt Flu_Adv Gra_Adv Src_Adv Che_Adv      SF  FB_Adv   FixUp    Flag  Refine Buf_Rho Buf_Pot Buf_Flu1 Buf_Flu2 Buf_Ref Buf_Flux Buf_Res Buf_Che  Par_KD   Par_K Par_K-1 Par_2Sib -MPI_Sib -MPI_FaSib Par_2Son    -MPI Par_Coll -MPI_Real -MPI_Sib -MPI_FaSib     Sum
      0   0.012    0.001   0.009   0.000   0.000   0.000   0.000   0.000   0.000   0.000   0.000   0.000   0.000    0.002    0.000   0.000    0.000   0.000   0.000   0.000   0.000   0.000    0.000    0.000      0.000    0.000   0.000    0.000     0.000    0.000      0.000   0.012
      1   0.000    0.000   0.000   0.000   0.000   0.000   0.000   0.000   0.000   0.000   0.000   0.000   0.000    0.000    0.000   0.000    0.000   0.000   0.000   0.000   0.000   0.000    0.000    0.000      0.000    0.000   0.000    0.000     0.000    0.000      0.000   0.000
      2   0.000    0.000   0.000   0.000   0.000   0.000   0.000   0.000   0.000   0.000   0.000   0.000   0.000    0.000    0.000   0.000    0.000   0.000   0.000   0.000   0.000   0.000    0.000    0.000      0.000    0.000   0.000    0.000     0.000    0.000      0.000   0.000
      3   0.000    0.000   0.000   0.000   0.000   0.000   0.000   0.000   0.000   0.000   0.000   0.000   0.000    0.000    0.000   0.000    0.000   0.000   0.000   0.000   0.000   0.000    0.000    0.000      0.000    0.000   0.000    0.000     0.000    0.000      0.000   0.000
      4   0.000    0.000   0.000   0.000   0.000   0.000   0.000   0.000   0.000   0.000   0.000   0.000   0.000    0.000    0.000   0.000    0.000   0.000   0.000   0.000   0.000   0.000    0.000    0.000      0.000    0.000   0.000    0.000     0.000    0.000      0.000   0.000
      5   0.000    0.000   0.000   0.000   0.000   0.000   0.000   0.000   0.000   0.000   0.000   0.000   0.000    0.000    0.000   0.000    0.000   0.000   0.000   0.000   0.000   0.000    0.000    0.000      0.000    0.000   0.000    0.000     0.000    0.000      0.000   0.000
      6   0.000    0.000   0.000   0.000   0.000   0.000   0.000   0.000   0.000   0.000   0.000   0.000   0.000    0.000    0.000   0.000    0.000   0.000   0.000   0.000   0.000   0.000    0.000    0.000      0.000    0.000   0.000    0.000     0.000    0.000      0.000   0.000
      7   0.000    0.000   0.000   0.000   0.000   0.000   0.000   0.000   0.000   0.000   0.000   0.000   0.000    0.000    0.000   0.000    0.000   0.000   0.000   0.000   0.000   0.000    0.000    0.000      0.000    0.000   0.000    0.000     0.000    0.000      0.000   0.000
      8   0.000    0.000   0.000   0.000   0.000   0.000   0.000   0.000   0.000   0.000   0.000   0.000   0.000    0.000    0.000   0.000    0.000   0.000   0.000   0.000   0.000   0.000    0.000    0.000      0.000    0.000   0.000    0.000     0.000    0.000      0.000   0.000
      9   0.000    0.000   0.000   0.000   0.000   0.000   0.000   0.000   0.000   0.000   0.000   0.000   0.000    0.000    0.000   0.000    0.000   0.000   0.000   0.000   0.000   0.000    0.000    0.000      0.000    0.000   0.000    0.000     0.000    0.000      0.000   0.000
    Sum   0.012    0.001   0.009   0.000   0.000   0.000   0.000   0.000   0.000   0.000   0.000   0.000   0.000    0.002    0.000   0.000    0.000   0.000   0.000   0.000   0.000   0.000    0.000    0.000      0.000    0.000   0.000    0.000     0.000    0.000      0.000   0.012


Summary
------------------------------------------------------------------------------------------------------------------------------
                  dt  Flu_Adv  Gra_Adv  Src_Adv  Che_Adv       SF   FB_Adv    FixUp     Flag   Refine MPI_Grid   Output      Aux       LB CorrSync      Par -MPI_Par    libyt         Sum
    Time      0.0007   0.0092   0.0000   0.0000   0.0000   0.0000   0.0000   0.0000   0.0000   0.0000   0.0025   0.0303   0.0529   0.0008   0.0000   0.0000   0.0000   0.0000      0.0964
    Frac      0.707%   9.535%   0.000%   0.000%   0.000%   0.000%   0.000%   0.000%   0.000%   0.000%   2.584%  31.381%  54.898%   0.882%   0.000%   0.000%   0.000%   0.000%     99.989%

==============================================================================================================================
==============================================================================================================================



Time : 8.4861913e-02 -> 8.5949886e-02,     Step :       78 ->       79

Main Loop
------------------------------------------------------------------------------------------------------------------------------
       Total    Integration       Output    Auxiliary    LoadBalance       CorrSync          libyt            Sum
      0.0745         0.0048       0.0198       0.0490         0.0009         0.0000         0.0000         0.0745


Integration Loop
------------------------------------------------------------------------------------------------------------------------------
     Lv   Total       dt Flu_Adv Gra_Adv Src_Adv Che_Adv      SF  FB_Adv   FixUp    Flag  Refine Buf_Rho Buf_Pot Buf_Flu1 Buf_Flu2 Buf_Ref Buf_Flux Buf_Res Buf_Che  Par_KD   Par_K Par_K-1 Par_2Sib -MPI_Sib -MPI_FaSib Par_2Son    -MPI Par_Coll -MPI_Real -MPI_Sib -MPI_FaSib     Sum
      0   0.005    0.001   0.002   0.000   0.000   0.000   0.000   0.000   0.000   0.000   0.000   0.000   0.000    0.003    0.000   0.000    0.000   0.000   0.000   0.000   0.000   0.000    0.000    0.000      0.000    0.000   0.000    0.000     0.000    0.000      0.000   0.005
      1   0.000    0.000   0.000   0.000   0.000   0.000   0.000   0.000   0.000   0.000   0.000   0.000   0.000    0.000    0.000   0.000    0.000   0.000   0.000   0.000   0.000   0.000    0.000    0.000      0.000    0.000   0.000    0.000     0.000    0.000      0.000   0.000
      2   0.000    0.000   0.000   0.000   0.000   0.000   0.000   0.000   0.000   0.000   0.000   0.000   0.000    0.000    0.000   0.000    0.000   0.000   0.000   0.000   0.000   0.000    0.000    0.000      0.000    0.000   0.000    0.000     0.000    0.000      0.000   0.000
      3   0.000    0.000   0.000   0.000   0.000   0.000   0.000   0.000   0.000   0.000   0.000   0.000   0.000    0.000    0.000   0.000    0.000   0.000   0.000   0.000   0.000   0.000    0.000    0.000      0.000    0.000   0.000    0.000     0.000    0.000      0.000   0.000
      4   0.000    0.000   0.000   0.000   0.000   0.000   0.000   0.000   0.000   0.000   0.000   0.000   0.000    0.000    0.000   0.000    0.000   0.000   0.000   0.000   0.000   0.000    0.000    0.000      0.000    0.000   0.000    0.000     0.000    0.000      0.000   0.000
      5   0.000    0.000   0.000   0.000   0.000   0.000   0.000   0.000   0.000   0.000   0.000   0.000   0.000    0.000    0.000   0.000    0.000   0.000   0.000   0.000   0.000   0.000    0.000    0.000      0.000    0.000   0.000    0.000     0.000    0.000      0.000   0.000
      6   0.000    0.000   0.000   0.000   0.000   0.000   0.000   0.000   0.000   0.000   0.000   0.000   0.000    0.000    0.000   0.000    0.000   0.000   0.000   0.000   0.000   0.000    0.000    0.000      0.000    0.000   0.000    0.000     0.000    0.000      0.000   0.000
      7   0.000    0.000   0.000   0.000   0.000   0.000   0.000   0.000   0.000   0.000   0.000   0.000   0.000    0.000    0.000   0.000    0.000   0.000   0.000   0.000   0.000   0.000    0.000    0.000      0.000    0.000   0.000    0.000     0.000    0.000      0.000   0.000
      8   0.000    0.000   0.000   0.000   0.000   0.000   0.000   0.000   0.000   0.000   0.000   0.000   0.000    0.000    0.000   0.000    0.000   0.000   0.000   0.000   0.000   0.000    0.000    0.000      0.000    0.000   0.000    0.000     0.000    0.000      0.000   0.000
      9   0.000    0.000   0.000   0.000   0.000   0.000   0.000   0.000   0.000   0.000   0.000   0.000   0.000    0.000    0.000   0.000    0.000   0.000   0.000   0.000   0.000   0.000    0.000    0.000      0.000    0.000   0.000    0.000     0.000    0.000      0.000   0.000
    Sum   0.005    0.001   0.002   0.000   0.000   0.000   0.000   0.000   0.000   0.000   0.000   0.000   0.000    0.003    0.000   0.000    0.000   0.000   0.000   0.000   0.000   0.000    0.000    0.000      0.000    0.000   0.000    0.000     0.000    0.000      0.000   0.005


Summary
------------------------------------------------------------------------------------------------------------------------------
                  dt  Flu_Adv  Gra_Adv  Src_Adv  Che_Adv       SF   FB_Adv    FixUp     Flag   Refine MPI_Grid   Output      Aux       LB CorrSync      Par -MPI_Par    libyt         Sum
    Time      0.0006   0.0016   0.0000   0.0000   0.0000   0.0000   0.0000   0.0000   0.0000   0.0000   0.0026   0.0198   0.0490   0.0009   0.0000   0.0000   0.0000   0.0000      0.0745
    Frac      0.846%   2.090%   0.000%   0.000%   0.000%   0.000%   0.000%   0.000%   0.000%   0.000%   3.505%  26.603%  65.759%   1.176%   0.000%   0.000%   0.000%   0.000%     99.979%

==============================================================================================================================
==============================================================================================================================



Time : 8.5949886e-02 -> 8.7037860e-02,     Step :       79 ->       80

Main Loop
------------------------------------------------------------------------------------------------------------------------------
       Total    Integration       Output    Auxiliary    LoadBalance       CorrSync          libyt            Sum
      0.0831         0.0062       0.0251       0.0511         0.0007         0.0000         0.0000         0.0831


Integration Loop
------------------------------------------------------------------------------------------------------------------------------
     Lv   Total       dt Flu_Adv Gra_Adv Src_Adv Che_Adv      SF  FB_Adv   FixUp    Flag  Refine Buf_Rho Buf_Pot Buf_Flu1 Buf_Flu2 Buf_Ref Buf_Flux Buf_Res Buf_Che  Par_KD   Par_K Par_K-1 Par_2Sib -MPI_Sib -MPI_FaSib Par_2Son    -MPI Par_Coll -MPI_Real -MPI_Sib -MPI_FaSib     Sum
      0   0.006    0.001   0.002   0.000   0.000   0.000   0.000   0.000   0.000   0.000   0.000   0.000   0.000    0.003    0.000   0.000    0.000   0.000   0.000   0.000   0.000   0.000    0.000    0.000      0.000    0.000   0.000    0.000     0.000    0.000      0.000   0.006
      1   0.000    0.000   0.000   0.000   0.000   0.000   0.000   0.000   0.000   0.000   0.000   0.000   0.000    0.000    0.000   0.000    0.000   0.000   0.000   0.000   0.000   0.000    0.000    0.000      0.000    0.000   0.000    0.000     0.000    0.000      0.000   0.000
      2   0.000    0.000   0.000   0.000   0.000   0.000   0.000   0.000   0.000   0.000   0.000   0.000   0.000    0.000    0.000   0.000    0.000   0.000   0.000   0.000   0.000   0.000    0.000    0.000      0.000    0.000   0.000    0.000     0.000    0.000      0.000   0.000
      3   0.000    0.000   0.000   0.000   0.000   0.000   0.000   0.000   0.000   0.000   0.000   0.000   0.000    0.000    0.000   0.000    0.000   0.000   0.000   0.000   0.000   0.000    0.000    0.000      0.000    0.000   0.000    0.000     0.000    0.000      0.000   0.000
      4   0.000    0.000   0.000   0.000   0.000   0.000   0.000   0.000   0.000   0.000   0.000   0.000   0.000    0.000    0.000   0.000    0.000   0.000   0.000   0.000   0.000   0.000    0.000    0.000      0.000    0.000   0.000    0.000     0.000    0.000      0.000   0.000
      5   0.000    0.000   0.000   0.000   0.000   0.000   0.000   0.000   0.000   0.000   0.000   0.000   0.000    0.000    0.000   0.000    0.000   0.000   0.000   0.000   0.000   0.000    0.000    0.000      0.000    0.000   0.000    0.000     0.000    0.000      0.000   0.000
      6   0.000    0.000   0.000   0.000   0.000   0.000   0.000   0.000   0.000   0.000   0.000   0.000   0.000    0.000    0.000   0.000    0.000   0.000   0.000   0.000   0.000   0.000    0.000    0.000      0.000    0.000   0.000    0.000     0.000    0.000      0.000   0.000
      7   0.000    0.000   0.000   0.000   0.000   0.000   0.000   0.000   0.000   0.000   0.000   0.000   0.000    0.000    0.000   0.000    0.000   0.000   0.000   0.000   0.000   0.000    0.000    0.000      0.000    0.000   0.000    0.000     0.000    0.000      0.000   0.000
      8   0.000    0.000   0.000   0.000   0.000   0.000   0.000   0.000   0.000   0.000   0.000   0.000   0.000    0.000    0.000   0.000    0.000   0.000   0.000   0.000   0.000   0.000    0.000    0.000      0.000    0.000   0.000    0.000     0.000    0.000      0.000   0.000
      9   0.000    0.000   0.000   0.000   0.000   0.000   0.000   0.000   0.000   0.000   0.000   0.000   0.000    0.000    0.000   0.000    0.000   0.000   0.000   0.000   0.000   0.000    0.000    0.000      0.000    0.000   0.000    0.000     0.000    0.000      0.000   0.000
    Sum   0.006    0.001   0.002   0.000   0.000   0.000   0.000   0.000   0.000   0.000   0.000   0.000   0.000    0.003    0.000   0.000    0.000   0.000   0.000   0.000   0.000   0.000    0.000    0.000      0.000    0.000   0.000    0.000     0.000    0.000      0.000   0.006


Summary
------------------------------------------------------------------------------------------------------------------------------
                  dt  Flu_Adv  Gra_Adv  Src_Adv  Che_Adv       SF   FB_Adv    FixUp     Flag   Refine MPI_Grid   Output      Aux       LB CorrSync      Par -MPI_Par    libyt         Sum
    Time      0.0006   0.0017   0.0000   0.0000   0.0000   0.0000   0.0000   0.0000   0.0004   0.0004   0.0030   0.0251   0.0511   0.0007   0.0000   0.0000   0.0000   0.0000      0.0831
    Frac      0.737%   2.048%   0.000%   0.000%   0.000%   0.000%   0.000%   0.000%   0.490%   0.533%   3.601%  30.173%  61.493%   0.900%   0.000%   0.000%   0.000%   0.000%     99.975%

==============================================================================================================================
==============================================================================================================================



Time : 8.7037860e-02 -> 8.8125833e-02,     Step :       80 ->       81

Main Loop
------------------------------------------------------------------------------------------------------------------------------
       Total    Integration       Output    Auxiliary    LoadBalance       CorrSync          libyt            Sum
      0.0812         0.0055       0.0230       0.0516         0.0009         0.0000         0.0000         0.0811


Integration Loop
------------------------------------------------------------------------------------------------------------------------------
     Lv   Total       dt Flu_Adv Gra_Adv Src_Adv Che_Adv      SF  FB_Adv   FixUp    Flag  Refine Buf_Rho Buf_Pot Buf_Flu1 Buf_Flu2 Buf_Ref Buf_Flux Buf_Res Buf_Che  Par_KD   Par_K Par_K-1 Par_2Sib -MPI_Sib -MPI_FaSib Par_2Son    -MPI Par_Coll -MPI_Real -MPI_Sib -MPI_FaSib     Sum
      0   0.006    0.001   0.002   0.000   0.000   0.000   0.000   0.000   0.000   0.000   0.000   0.000   0.000    0.003    0.000   0.000    0.000   0.000   0.000   0.000   0.000   0.000    0.000    0.000      0.000    0.000   0.000    0.000     0.000    0.000      0.000   0.006
      1   0.000    0.000   0.000   0.000   0.000   0.000   0.000   0.000   0.000   0.000   0.000   0.000   0.000    0.000    0.000   0.000    0.000   0.000   0.000   0.000   0.000   0.000    0.000    0.000      0.000    0.000   0.000    0.000     0.000    0.000      0.000   0.000
      2   0.000    0.000   0.000   0.000   0.000   0.000   0.000   0.000   0.000   0.000   0.000   0.000   0.000    0.000    0.000   0.000    0.000   0.000   0.000   0.000   0.000   0.000    0.000    0.000      0.000    0.000   0.000    0.000     0.000    0.000      0.000   0.000
      3   0.000    0.000   0.000   0.000   0.000   0.000   0.000   0.000   0.000   0.000   0.000   0.000   0.000    0.000    0.000   0.000    0.000   0.000   0.000   0.000   0.000   0.000    0.000    0.000      0.000    0.000   0.000    0.000     0.000    0.000      0.000   0.000
      4   0.000    0.000   0.000   0.000   0.000   0.000   0.000   0.000   0.000   0.000   0.000   0.000   0.000    0.000    0.000   0.000    0.000   0.000   0.000   0.000   0.000   0.000    0.000    0.000      0.000    0.000   0.000    0.000     0.000    0.000      0.000   0.000
      5   0.000    0.000   0.000   0.000   0.000   0.000   0.000   0.000   0.000   0.000   0.000   0.000   0.000    0.000    0.000   0.000    0.000   0.000   0.000   0.000   0.000   0.000    0.000    0.000      0.000    0.000   0.000    0.000     0.000    0.000      0.000   0.000
      6   0.000    0.000   0.000   0.000   0.000   0.000   0.000   0.000   0.000   0.000   0.000   0.000   0.000    0.000    0.000   0.000    0.000   0.000   0.000   0.000   0.000   0.000    0.000    0.000      0.000    0.000   0.000    0.000     0.000    0.000      0.000   0.000
      7   0.000    0.000   0.000   0.000   0.000   0.000   0.000   0.000   0.000   0.000   0.000   0.000   0.000    0.000    0.000   0.000    0.000   0.000   0.000   0.000   0.000   0.000    0.000    0.000      0.000    0.000   0.000    0.000     0.000    0.000      0.000   0.000
      8   0.000    0.000   0.000   0.000   0.000   0.000   0.000   0.000   0.000   0.000   0.000   0.000   0.000    0.000    0.000   0.000    0.000   0.000   0.000   0.000   0.000   0.000    0.000    0.000      0.000    0.000   0.000    0.000     0.000    0.000      0.000   0.000
      9   0.000    0.000   0.000   0.000   0.000   0.000   0.000   0.000   0.000   0.000   0.000   0.000   0.000    0.000    0.000   0.000    0.000   0.000   0.000   0.000   0.000   0.000    0.000    0.000      0.000    0.000   0.000    0.000     0.000    0.000      0.000   0.000
    Sum   0.006    0.001   0.002   0.000   0.000   0.000   0.000   0.000   0.000   0.000   0.000   0.000   0.000    0.003    0.000   0.000    0.000   0.000   0.000   0.000   0.000   0.000    0.000    0.000      0.000    0.000   0.000    0.000     0.000    0.000      0.000   0.006


Summary
------------------------------------------------------------------------------------------------------------------------------
                  dt  Flu_Adv  Gra_Adv  Src_Adv  Che_Adv       SF   FB_Adv    FixUp     Flag   Refine MPI_Grid   Output      Aux       LB CorrSync      Par -MPI_Par    libyt         Sum
    Time      0.0006   0.0020   0.0000   0.0000   0.0000   0.0000   0.0000   0.0000   0.0000   0.0000   0.0029   0.0230   0.0516   0.0009   0.0000   0.0000   0.0000   0.0000      0.0811
    Frac      0.728%   2.465%   0.000%   0.000%   0.000%   0.000%   0.000%   0.000%   0.000%   0.000%   3.628%  28.355%  63.641%   1.162%   0.000%   0.000%   0.000%   0.000%     99.978%

==============================================================================================================================
==============================================================================================================================



Time : 8.8125833e-02 -> 8.9213806e-02,     Step :       81 ->       82

Main Loop
------------------------------------------------------------------------------------------------------------------------------
       Total    Integration       Output    Auxiliary    LoadBalance       CorrSync          libyt            Sum
      0.0734         0.0075       0.0197       0.0454         0.0009         0.0000         0.0000         0.0734


Integration Loop
------------------------------------------------------------------------------------------------------------------------------
     Lv   Total       dt Flu_Adv Gra_Adv Src_Adv Che_Adv      SF  FB_Adv   FixUp    Flag  Refine Buf_Rho Buf_Pot Buf_Flu1 Buf_Flu2 Buf_Ref Buf_Flux Buf_Res Buf_Che  Par_KD   Par_K Par_K-1 Par_2Sib -MPI_Sib -MPI_FaSib Par_2Son    -MPI Par_Coll -MPI_Real -MPI_Sib -MPI_FaSib     Sum
      0   0.007    0.001   0.004   0.000   0.000   0.000   0.000   0.000   0.000   0.000   0.000   0.000   0.000    0.003    0.000   0.000    0.000   0.000   0.000   0.000   0.000   0.000    0.000    0.000      0.000    0.000   0.000    0.000     0.000    0.000      0.000   0.007
      1   0.000    0.000   0.000   0.000   0.000   0.000   0.000   0.000   0.000   0.000   0.000   0.000   0.000    0.000    0.000   0.000    0.000   0.000   0.000   0.000   0.000   0.000    0.000    0.000      0.000    0.000   0.000    0.000     0.000    0.000      0.000   0.000
      2   0.000    0.000   0.000   0.000   0.000   0.000   0.000   0.000   0.000   0.000   0.000   0.000   0.000    0.000    0.000   0.000    0.000   0.000   0.000   0.000   0.000   0.000    0.000    0.000      0.000    0.000   0.000    0.000     0.000    0.000      0.000   0.000
      3   0.000    0.000   0.000   0.000   0.000   0.000   0.000   0.000   0.000   0.000   0.000   0.000   0.000    0.000    0.000   0.000    0.000   0.000   0.000   0.000   0.000   0.000    0.000    0.000      0.000    0.000   0.000    0.000     0.000    0.000      0.000   0.000
      4   0.000    0.000   0.000   0.000   0.000   0.000   0.000   0.000   0.000   0.000   0.000   0.000   0.000    0.000    0.000   0.000    0.000   0.000   0.000   0.000   0.000   0.000    0.000    0.000      0.000    0.000   0.000    0.000     0.000    0.000      0.000   0.000
      5   0.000    0.000   0.000   0.000   0.000   0.000   0.000   0.000   0.000   0.000   0.000   0.000   0.000    0.000    0.000   0.000    0.000   0.000   0.000   0.000   0.000   0.000    0.000    0.000      0.000    0.000   0.000    0.000     0.000    0.000      0.000   0.000
      6   0.000    0.000   0.000   0.000   0.000   0.000   0.000   0.000   0.000   0.000   0.000   0.000   0.000    0.000    0.000   0.000    0.000   0.000   0.000   0.000   0.000   0.000    0.000    0.000      0.000    0.000   0.000    0.000     0.000    0.000      0.000   0.000
      7   0.000    0.000   0.000   0.000   0.000   0.000   0.000   0.000   0.000   0.000   0.000   0.000   0.000    0.000    0.000   0.000    0.000   0.000   0.000   0.000   0.000   0.000    0.000    0.000      0.000    0.000   0.000    0.000     0.000    0.000      0.000   0.000
      8   0.000    0.000   0.000   0.000   0.000   0.000   0.000   0.000   0.000   0.000   0.000   0.000   0.000    0.000    0.000   0.000    0.000   0.000   0.000   0.000   0.000   0.000    0.000    0.000      0.000    0.000   0.000    0.000     0.000    0.000      0.000   0.000
      9   0.000    0.000   0.000   0.000   0.000   0.000   0.000   0.000   0.000   0.000   0.000   0.000   0.000    0.000    0.000   0.000    0.000   0.000   0.000   0.000   0.000   0.000    0.000    0.000      0.000    0.000   0.000    0.000     0.000    0.000      0.000   0.000
    Sum   0.007    0.001   0.004   0.000   0.000   0.000   0.000   0.000   0.000   0.000   0.000   0.000   0.000    0.003    0.000   0.000    0.000   0.000   0.000   0.000   0.000   0.000    0.000    0.000      0.000    0.000   0.000    0.000     0.000    0.000      0.000   0.007


Summary
------------------------------------------------------------------------------------------------------------------------------
                  dt  Flu_Adv  Gra_Adv  Src_Adv  Che_Adv       SF   FB_Adv    FixUp     Flag   Refine MPI_Grid   Output      Aux       LB CorrSync      Par -MPI_Par    libyt         Sum
    Time      0.0007   0.0038   0.0000   0.0000   0.0000   0.0000   0.0000   0.0000   0.0000   0.0000   0.0030   0.0197   0.0454   0.0009   0.0000   0.0000   0.0000   0.0000      0.0734
    Frac      0.944%   5.165%   0.000%   0.000%   0.000%   0.000%   0.000%   0.000%   0.000%   0.000%   4.064%  26.777%  61.838%   1.178%   0.000%   0.000%   0.000%   0.000%     99.966%

==============================================================================================================================
==============================================================================================================================



Time : 8.9213806e-02 -> 9.0301779e-02,     Step :       82 ->       83

Main Loop
------------------------------------------------------------------------------------------------------------------------------
       Total    Integration       Output    Auxiliary    LoadBalance       CorrSync          libyt            Sum
      0.0737         0.0065       0.0220       0.0443         0.0009         0.0000         0.0000         0.0737


Integration Loop
------------------------------------------------------------------------------------------------------------------------------
     Lv   Total       dt Flu_Adv Gra_Adv Src_Adv Che_Adv      SF  FB_Adv   FixUp    Flag  Refine Buf_Rho Buf_Pot Buf_Flu1 Buf_Flu2 Buf_Ref Buf_Flux Buf_Res Buf_Che  Par_KD   Par_K Par_K-1 Par_2Sib -MPI_Sib -MPI_FaSib Par_2Son    -MPI Par_Coll -MPI_Real -MPI_Sib -MPI_FaSib     Sum
      0   0.007    0.001   0.003   0.000   0.000   0.000   0.000   0.000   0.000   0.000   0.000   0.000   0.000    0.002    0.000   0.000    0.000   0.000   0.000   0.000   0.000   0.000    0.000    0.000      0.000    0.000   0.000    0.000     0.000    0.000      0.000   0.007
      1   0.000    0.000   0.000   0.000   0.000   0.000   0.000   0.000   0.000   0.000   0.000   0.000   0.000    0.000    0.000   0.000    0.000   0.000   0.000   0.000   0.000   0.000    0.000    0.000      0.000    0.000   0.000    0.000     0.000    0.000      0.000   0.000
      2   0.000    0.000   0.000   0.000   0.000   0.000   0.000   0.000   0.000   0.000   0.000   0.000   0.000    0.000    0.000   0.000    0.000   0.000   0.000   0.000   0.000   0.000    0.000    0.000      0.000    0.000   0.000    0.000     0.000    0.000      0.000   0.000
      3   0.000    0.000   0.000   0.000   0.000   0.000   0.000   0.000   0.000   0.000   0.000   0.000   0.000    0.000    0.000   0.000    0.000   0.000   0.000   0.000   0.000   0.000    0.000    0.000      0.000    0.000   0.000    0.000     0.000    0.000      0.000   0.000
      4   0.000    0.000   0.000   0.000   0.000   0.000   0.000   0.000   0.000   0.000   0.000   0.000   0.000    0.000    0.000   0.000    0.000   0.000   0.000   0.000   0.000   0.000    0.000    0.000      0.000    0.000   0.000    0.000     0.000    0.000      0.000   0.000
      5   0.000    0.000   0.000   0.000   0.000   0.000   0.000   0.000   0.000   0.000   0.000   0.000   0.000    0.000    0.000   0.000    0.000   0.000   0.000   0.000   0.000   0.000    0.000    0.000      0.000    0.000   0.000    0.000     0.000    0.000      0.000   0.000
      6   0.000    0.000   0.000   0.000   0.000   0.000   0.000   0.000   0.000   0.000   0.000   0.000   0.000    0.000    0.000   0.000    0.000   0.000   0.000   0.000   0.000   0.000    0.000    0.000      0.000    0.000   0.000    0.000     0.000    0.000      0.000   0.000
      7   0.000    0.000   0.000   0.000   0.000   0.000   0.000   0.000   0.000   0.000   0.000   0.000   0.000    0.000    0.000   0.000    0.000   0.000   0.000   0.000   0.000   0.000    0.000    0.000      0.000    0.000   0.000    0.000     0.000    0.000      0.000   0.000
      8   0.000    0.000   0.000   0.000   0.000   0.000   0.000   0.000   0.000   0.000   0.000   0.000   0.000    0.000    0.000   0.000    0.000   0.000   0.000   0.000   0.000   0.000    0.000    0.000      0.000    0.000   0.000    0.000     0.000    0.000      0.000   0.000
      9   0.000    0.000   0.000   0.000   0.000   0.000   0.000   0.000   0.000   0.000   0.000   0.000   0.000    0.000    0.000   0.000    0.000   0.000   0.000   0.000   0.000   0.000    0.000    0.000      0.000    0.000   0.000    0.000     0.000    0.000      0.000   0.000
    Sum   0.007    0.001   0.003   0.000   0.000   0.000   0.000   0.000   0.000   0.000   0.000   0.000   0.000    0.002    0.000   0.000    0.000   0.000   0.000   0.000   0.000   0.000    0.000    0.000      0.000    0.000   0.000    0.000     0.000    0.000      0.000   0.007


Summary
------------------------------------------------------------------------------------------------------------------------------
                  dt  Flu_Adv  Gra_Adv  Src_Adv  Che_Adv       SF   FB_Adv    FixUp     Flag   Refine MPI_Grid   Output      Aux       LB CorrSync      Par -MPI_Par    libyt         Sum
    Time      0.0007   0.0034   0.0000   0.0000   0.0000   0.0000   0.0000   0.0000   0.0000   0.0000   0.0025   0.0220   0.0443   0.0009   0.0000   0.0000   0.0000   0.0000      0.0737
    Frac      0.886%   4.620%   0.000%   0.000%   0.000%   0.000%   0.000%   0.000%   0.000%   0.000%   3.336%  29.805%  60.109%   1.217%   0.000%   0.000%   0.000%   0.000%     99.972%

==============================================================================================================================
==============================================================================================================================



Time : 9.0301779e-02 -> 9.1389752e-02,     Step :       83 ->       84

Main Loop
------------------------------------------------------------------------------------------------------------------------------
       Total    Integration       Output    Auxiliary    LoadBalance       CorrSync          libyt            Sum
      0.0836         0.0068       0.0247       0.0511         0.0010         0.0000         0.0000         0.0836


Integration Loop
------------------------------------------------------------------------------------------------------------------------------
     Lv   Total       dt Flu_Adv Gra_Adv Src_Adv Che_Adv      SF  FB_Adv   FixUp    Flag  Refine Buf_Rho Buf_Pot Buf_Flu1 Buf_Flu2 Buf_Ref Buf_Flux Buf_Res Buf_Che  Par_KD   Par_K Par_K-1 Par_2Sib -MPI_Sib -MPI_FaSib Par_2Son    -MPI Par_Coll -MPI_Real -MPI_Sib -MPI_FaSib     Sum
      0   0.007    0.001   0.002   0.000   0.000   0.000   0.000   0.000   0.000   0.000   0.000   0.000   0.000    0.003    0.000   0.000    0.000   0.000   0.000   0.000   0.000   0.000    0.000    0.000      0.000    0.000   0.000    0.000     0.000    0.000      0.000   0.007
      1   0.000    0.000   0.000   0.000   0.000   0.000   0.000   0.000   0.000   0.000   0.000   0.000   0.000    0.000    0.000   0.000    0.000   0.000   0.000   0.000   0.000   0.000    0.000    0.000      0.000    0.000   0.000    0.000     0.000    0.000      0.000   0.000
      2   0.000    0.000   0.000   0.000   0.000   0.000   0.000   0.000   0.000   0.000   0.000   0.000   0.000    0.000    0.000   0.000    0.000   0.000   0.000   0.000   0.000   0.000    0.000    0.000      0.000    0.000   0.000    0.000     0.000    0.000      0.000   0.000
      3   0.000    0.000   0.000   0.000   0.000   0.000   0.000   0.000   0.000   0.000   0.000   0.000   0.000    0.000    0.000   0.000    0.000   0.000   0.000   0.000   0.000   0.000    0.000    0.000      0.000    0.000   0.000    0.000     0.000    0.000      0.000   0.000
      4   0.000    0.000   0.000   0.000   0.000   0.000   0.000   0.000   0.000   0.000   0.000   0.000   0.000    0.000    0.000   0.000    0.000   0.000   0.000   0.000   0.000   0.000    0.000    0.000      0.000    0.000   0.000    0.000     0.000    0.000      0.000   0.000
      5   0.000    0.000   0.000   0.000   0.000   0.000   0.000   0.000   0.000   0.000   0.000   0.000   0.000    0.000    0.000   0.000    0.000   0.000   0.000   0.000   0.000   0.000    0.000    0.000      0.000    0.000   0.000    0.000     0.000    0.000      0.000   0.000
      6   0.000    0.000   0.000   0.000   0.000   0.000   0.000   0.000   0.000   0.000   0.000   0.000   0.000    0.000    0.000   0.000    0.000   0.000   0.000   0.000   0.000   0.000    0.000    0.000      0.000    0.000   0.000    0.000     0.000    0.000      0.000   0.000
      7   0.000    0.000   0.000   0.000   0.000   0.000   0.000   0.000   0.000   0.000   0.000   0.000   0.000    0.000    0.000   0.000    0.000   0.000   0.000   0.000   0.000   0.000    0.000    0.000      0.000    0.000   0.000    0.000     0.000    0.000      0.000   0.000
      8   0.000    0.000   0.000   0.000   0.000   0.000   0.000   0.000   0.000   0.000   0.000   0.000   0.000    0.000    0.000   0.000    0.000   0.000   0.000   0.000   0.000   0.000    0.000    0.000      0.000    0.000   0.000    0.000     0.000    0.000      0.000   0.000
      9   0.000    0.000   0.000   0.000   0.000   0.000   0.000   0.000   0.000   0.000   0.000   0.000   0.000    0.000    0.000   0.000    0.000   0.000   0.000   0.000   0.000   0.000    0.000    0.000      0.000    0.000   0.000    0.000     0.000    0.000      0.000   0.000
    Sum   0.007    0.001   0.002   0.000   0.000   0.000   0.000   0.000   0.000   0.000   0.000   0.000   0.000    0.003    0.000   0.000    0.000   0.000   0.000   0.000   0.000   0.000    0.000    0.000      0.000    0.000   0.000    0.000     0.000    0.000      0.000   0.007


Summary
------------------------------------------------------------------------------------------------------------------------------
                  dt  Flu_Adv  Gra_Adv  Src_Adv  Che_Adv       SF   FB_Adv    FixUp     Flag   Refine MPI_Grid   Output      Aux       LB CorrSync      Par -MPI_Par    libyt         Sum
    Time      0.0007   0.0021   0.0000   0.0000   0.0000   0.0000   0.0000   0.0000   0.0003   0.0004   0.0033   0.0247   0.0511   0.0010   0.0000   0.0000   0.0000   0.0000      0.0836
    Frac      0.803%   2.560%   0.000%   0.000%   0.000%   0.000%   0.000%   0.000%   0.401%   0.479%   3.900%  29.584%  61.111%   1.137%   0.000%   0.000%   0.000%   0.000%     99.976%

==============================================================================================================================
==============================================================================================================================



Time : 9.1389752e-02 -> 9.2477726e-02,     Step :       84 ->       85

Main Loop
------------------------------------------------------------------------------------------------------------------------------
       Total    Integration       Output    Auxiliary    LoadBalance       CorrSync          libyt            Sum
      0.0849         0.0127       0.0197       0.0514         0.0010         0.0000         0.0000         0.0849


Integration Loop
------------------------------------------------------------------------------------------------------------------------------
     Lv   Total       dt Flu_Adv Gra_Adv Src_Adv Che_Adv      SF  FB_Adv   FixUp    Flag  Refine Buf_Rho Buf_Pot Buf_Flu1 Buf_Flu2 Buf_Ref Buf_Flux Buf_Res Buf_Che  Par_KD   Par_K Par_K-1 Par_2Sib -MPI_Sib -MPI_FaSib Par_2Son    -MPI Par_Coll -MPI_Real -MPI_Sib -MPI_FaSib     Sum
      0   0.013    0.001   0.009   0.000   0.000   0.000   0.000   0.000   0.000   0.000   0.000   0.000   0.000    0.003    0.000   0.000    0.000   0.000   0.000   0.000   0.000   0.000    0.000    0.000      0.000    0.000   0.000    0.000     0.000    0.000      0.000   0.013
      1   0.000    0.000   0.000   0.000   0.000   0.000   0.000   0.000   0.000   0.000   0.000   0.000   0.000    0.000    0.000   0.000    0.000   0.000   0.000   0.000   0.000   0.000    0.000    0.000      0.000    0.000   0.000    0.000     0.000    0.000      0.000   0.000
      2   0.000    0.000   0.000   0.000   0.000   0.000   0.000   0.000   0.000   0.000   0.000   0.000   0.000    0.000    0.000   0.000    0.000   0.000   0.000   0.000   0.000   0.000    0.000    0.000      0.000    0.000   0.000    0.000     0.000    0.000      0.000   0.000
      3   0.000    0.000   0.000   0.000   0.000   0.000   0.000   0.000   0.000   0.000   0.000   0.000   0.000    0.000    0.000   0.000    0.000   0.000   0.000   0.000   0.000   0.000    0.000    0.000      0.000    0.000   0.000    0.000     0.000    0.000      0.000   0.000
      4   0.000    0.000   0.000   0.000   0.000   0.000   0.000   0.000   0.000   0.000   0.000   0.000   0.000    0.000    0.000   0.000    0.000   0.000   0.000   0.000   0.000   0.000    0.000    0.000      0.000    0.000   0.000    0.000     0.000    0.000      0.000   0.000
      5   0.000    0.000   0.000   0.000   0.000   0.000   0.000   0.000   0.000   0.000   0.000   0.000   0.000    0.000    0.000   0.000    0.000   0.000   0.000   0.000   0.000   0.000    0.000    0.000      0.000    0.000   0.000    0.000     0.000    0.000      0.000   0.000
      6   0.000    0.000   0.000   0.000   0.000   0.000   0.000   0.000   0.000   0.000   0.000   0.000   0.000    0.000    0.000   0.000    0.000   0.000   0.000   0.000   0.000   0.000    0.000    0.000      0.000    0.000   0.000    0.000     0.000    0.000      0.000   0.000
      7   0.000    0.000   0.000   0.000   0.000   0.000   0.000   0.000   0.000   0.000   0.000   0.000   0.000    0.000    0.000   0.000    0.000   0.000   0.000   0.000   0.000   0.000    0.000    0.000      0.000    0.000   0.000    0.000     0.000    0.000      0.000   0.000
      8   0.000    0.000   0.000   0.000   0.000   0.000   0.000   0.000   0.000   0.000   0.000   0.000   0.000    0.000    0.000   0.000    0.000   0.000   0.000   0.000   0.000   0.000    0.000    0.000      0.000    0.000   0.000    0.000     0.000    0.000      0.000   0.000
      9   0.000    0.000   0.000   0.000   0.000   0.000   0.000   0.000   0.000   0.000   0.000   0.000   0.000    0.000    0.000   0.000    0.000   0.000   0.000   0.000   0.000   0.000    0.000    0.000      0.000    0.000   0.000    0.000     0.000    0.000      0.000   0.000
    Sum   0.013    0.001   0.009   0.000   0.000   0.000   0.000   0.000   0.000   0.000   0.000   0.000   0.000    0.003    0.000   0.000    0.000   0.000   0.000   0.000   0.000   0.000    0.000    0.000      0.000    0.000   0.000    0.000     0.000    0.000      0.000   0.013


Summary
------------------------------------------------------------------------------------------------------------------------------
                  dt  Flu_Adv  Gra_Adv  Src_Adv  Che_Adv       SF   FB_Adv    FixUp     Flag   Refine MPI_Grid   Output      Aux       LB CorrSync      Par -MPI_Par    libyt         Sum
    Time      0.0006   0.0093   0.0000   0.0000   0.0000   0.0000   0.0000   0.0000   0.0000   0.0000   0.0028   0.0197   0.0514   0.0010   0.0000   0.0000   0.0000   0.0000      0.0849
    Frac      0.745%  10.923%   0.000%   0.000%   0.000%   0.000%   0.000%   0.000%   0.000%   0.000%   3.294%  23.216%  60.572%   1.227%   0.000%   0.000%   0.000%   0.000%     99.976%

==============================================================================================================================
==============================================================================================================================



Time : 9.2477726e-02 -> 9.3565699e-02,     Step :       85 ->       86

Main Loop
------------------------------------------------------------------------------------------------------------------------------
       Total    Integration       Output    Auxiliary    LoadBalance       CorrSync          libyt            Sum
      0.0839         0.0080       0.0234       0.0514         0.0010         0.0000         0.0000         0.0839


Integration Loop
------------------------------------------------------------------------------------------------------------------------------
     Lv   Total       dt Flu_Adv Gra_Adv Src_Adv Che_Adv      SF  FB_Adv   FixUp    Flag  Refine Buf_Rho Buf_Pot Buf_Flu1 Buf_Flu2 Buf_Ref Buf_Flux Buf_Res Buf_Che  Par_KD   Par_K Par_K-1 Par_2Sib -MPI_Sib -MPI_FaSib Par_2Son    -MPI Par_Coll -MPI_Real -MPI_Sib -MPI_FaSib     Sum
      0   0.008    0.001   0.004   0.000   0.000   0.000   0.000   0.000   0.000   0.000   0.000   0.000   0.000    0.003    0.000   0.000    0.000   0.000   0.000   0.000   0.000   0.000    0.000    0.000      0.000    0.000   0.000    0.000     0.000    0.000      0.000   0.008
      1   0.000    0.000   0.000   0.000   0.000   0.000   0.000   0.000   0.000   0.000   0.000   0.000   0.000    0.000    0.000   0.000    0.000   0.000   0.000   0.000   0.000   0.000    0.000    0.000      0.000    0.000   0.000    0.000     0.000    0.000      0.000   0.000
      2   0.000    0.000   0.000   0.000   0.000   0.000   0.000   0.000   0.000   0.000   0.000   0.000   0.000    0.000    0.000   0.000    0.000   0.000   0.000   0.000   0.000   0.000    0.000    0.000      0.000    0.000   0.000    0.000     0.000    0.000      0.000   0.000
      3   0.000    0.000   0.000   0.000   0.000   0.000   0.000   0.000   0.000   0.000   0.000   0.000   0.000    0.000    0.000   0.000    0.000   0.000   0.000   0.000   0.000   0.000    0.000    0.000      0.000    0.000   0.000    0.000     0.000    0.000      0.000   0.000
      4   0.000    0.000   0.000   0.000   0.000   0.000   0.000   0.000   0.000   0.000   0.000   0.000   0.000    0.000    0.000   0.000    0.000   0.000   0.000   0.000   0.000   0.000    0.000    0.000      0.000    0.000   0.000    0.000     0.000    0.000      0.000   0.000
      5   0.000    0.000   0.000   0.000   0.000   0.000   0.000   0.000   0.000   0.000   0.000   0.000   0.000    0.000    0.000   0.000    0.000   0.000   0.000   0.000   0.000   0.000    0.000    0.000      0.000    0.000   0.000    0.000     0.000    0.000      0.000   0.000
      6   0.000    0.000   0.000   0.000   0.000   0.000   0.000   0.000   0.000   0.000   0.000   0.000   0.000    0.000    0.000   0.000    0.000   0.000   0.000   0.000   0.000   0.000    0.000    0.000      0.000    0.000   0.000    0.000     0.000    0.000      0.000   0.000
      7   0.000    0.000   0.000   0.000   0.000   0.000   0.000   0.000   0.000   0.000   0.000   0.000   0.000    0.000    0.000   0.000    0.000   0.000   0.000   0.000   0.000   0.000    0.000    0.000      0.000    0.000   0.000    0.000     0.000    0.000      0.000   0.000
      8   0.000    0.000   0.000   0.000   0.000   0.000   0.000   0.000   0.000   0.000   0.000   0.000   0.000    0.000    0.000   0.000    0.000   0.000   0.000   0.000   0.000   0.000    0.000    0.000      0.000    0.000   0.000    0.000     0.000    0.000      0.000   0.000
      9   0.000    0.000   0.000   0.000   0.000   0.000   0.000   0.000   0.000   0.000   0.000   0.000   0.000    0.000    0.000   0.000    0.000   0.000   0.000   0.000   0.000   0.000    0.000    0.000      0.000    0.000   0.000    0.000     0.000    0.000      0.000   0.000
    Sum   0.008    0.001   0.004   0.000   0.000   0.000   0.000   0.000   0.000   0.000   0.000   0.000   0.000    0.003    0.000   0.000    0.000   0.000   0.000   0.000   0.000   0.000    0.000    0.000      0.000    0.000   0.000    0.000     0.000    0.000      0.000   0.008


Summary
------------------------------------------------------------------------------------------------------------------------------
                  dt  Flu_Adv  Gra_Adv  Src_Adv  Che_Adv       SF   FB_Adv    FixUp     Flag   Refine MPI_Grid   Output      Aux       LB CorrSync      Par -MPI_Par    libyt         Sum
    Time      0.0006   0.0042   0.0000   0.0000   0.0000   0.0000   0.0000   0.0000   0.0000   0.0000   0.0032   0.0234   0.0514   0.0010   0.0000   0.0000   0.0000   0.0000      0.0839
    Frac      0.742%   4.991%   0.000%   0.000%   0.000%   0.000%   0.000%   0.000%   0.000%   0.000%   3.840%  27.899%  61.341%   1.165%   0.000%   0.000%   0.000%   0.000%     99.977%

==============================================================================================================================
==============================================================================================================================



Time : 9.3565699e-02 -> 9.4653672e-02,     Step :       86 ->       87

Main Loop
------------------------------------------------------------------------------------------------------------------------------
       Total    Integration       Output    Auxiliary    LoadBalance       CorrSync          libyt            Sum
      0.1088         0.0147       0.0271       0.0661         0.0009         0.0000         0.0000         0.1088


Integration Loop
------------------------------------------------------------------------------------------------------------------------------
     Lv   Total       dt Flu_Adv Gra_Adv Src_Adv Che_Adv      SF  FB_Adv   FixUp    Flag  Refine Buf_Rho Buf_Pot Buf_Flu1 Buf_Flu2 Buf_Ref Buf_Flux Buf_Res Buf_Che  Par_KD   Par_K Par_K-1 Par_2Sib -MPI_Sib -MPI_FaSib Par_2Son    -MPI Par_Coll -MPI_Real -MPI_Sib -MPI_FaSib     Sum
      0   0.015    0.001   0.008   0.000   0.000   0.000   0.000   0.000   0.000   0.000   0.000   0.000   0.000    0.005    0.000   0.000    0.000   0.000   0.000   0.000   0.000   0.000    0.000    0.000      0.000    0.000   0.000    0.000     0.000    0.000      0.000   0.015
      1   0.000    0.000   0.000   0.000   0.000   0.000   0.000   0.000   0.000   0.000   0.000   0.000   0.000    0.000    0.000   0.000    0.000   0.000   0.000   0.000   0.000   0.000    0.000    0.000      0.000    0.000   0.000    0.000     0.000    0.000      0.000   0.000
      2   0.000    0.000   0.000   0.000   0.000   0.000   0.000   0.000   0.000   0.000   0.000   0.000   0.000    0.000    0.000   0.000    0.000   0.000   0.000   0.000   0.000   0.000    0.000    0.000      0.000    0.000   0.000    0.000     0.000    0.000      0.000   0.000
      3   0.000    0.000   0.000   0.000   0.000   0.000   0.000   0.000   0.000   0.000   0.000   0.000   0.000    0.000    0.000   0.000    0.000   0.000   0.000   0.000   0.000   0.000    0.000    0.000      0.000    0.000   0.000    0.000     0.000    0.000      0.000   0.000
      4   0.000    0.000   0.000   0.000   0.000   0.000   0.000   0.000   0.000   0.000   0.000   0.000   0.000    0.000    0.000   0.000    0.000   0.000   0.000   0.000   0.000   0.000    0.000    0.000      0.000    0.000   0.000    0.000     0.000    0.000      0.000   0.000
      5   0.000    0.000   0.000   0.000   0.000   0.000   0.000   0.000   0.000   0.000   0.000   0.000   0.000    0.000    0.000   0.000    0.000   0.000   0.000   0.000   0.000   0.000    0.000    0.000      0.000    0.000   0.000    0.000     0.000    0.000      0.000   0.000
      6   0.000    0.000   0.000   0.000   0.000   0.000   0.000   0.000   0.000   0.000   0.000   0.000   0.000    0.000    0.000   0.000    0.000   0.000   0.000   0.000   0.000   0.000    0.000    0.000      0.000    0.000   0.000    0.000     0.000    0.000      0.000   0.000
      7   0.000    0.000   0.000   0.000   0.000   0.000   0.000   0.000   0.000   0.000   0.000   0.000   0.000    0.000    0.000   0.000    0.000   0.000   0.000   0.000   0.000   0.000    0.000    0.000      0.000    0.000   0.000    0.000     0.000    0.000      0.000   0.000
      8   0.000    0.000   0.000   0.000   0.000   0.000   0.000   0.000   0.000   0.000   0.000   0.000   0.000    0.000    0.000   0.000    0.000   0.000   0.000   0.000   0.000   0.000    0.000    0.000      0.000    0.000   0.000    0.000     0.000    0.000      0.000   0.000
      9   0.000    0.000   0.000   0.000   0.000   0.000   0.000   0.000   0.000   0.000   0.000   0.000   0.000    0.000    0.000   0.000    0.000   0.000   0.000   0.000   0.000   0.000    0.000    0.000      0.000    0.000   0.000    0.000     0.000    0.000      0.000   0.000
    Sum   0.015    0.001   0.008   0.000   0.000   0.000   0.000   0.000   0.000   0.000   0.000   0.000   0.000    0.005    0.000   0.000    0.000   0.000   0.000   0.000   0.000   0.000    0.000    0.000      0.000    0.000   0.000    0.000     0.000    0.000      0.000   0.015


Summary
------------------------------------------------------------------------------------------------------------------------------
                  dt  Flu_Adv  Gra_Adv  Src_Adv  Che_Adv       SF   FB_Adv    FixUp     Flag   Refine MPI_Grid   Output      Aux       LB CorrSync      Par -MPI_Par    libyt         Sum
    Time      0.0012   0.0080   0.0000   0.0000   0.0000   0.0000   0.0000   0.0000   0.0000   0.0000   0.0054   0.0271   0.0661   0.0009   0.0000   0.0000   0.0000   0.0000      0.1087
    Frac      1.148%   7.354%   0.000%   0.000%   0.000%   0.000%   0.000%   0.000%   0.000%   0.000%   4.960%  24.890%  60.805%   0.819%   0.000%   0.000%   0.000%   0.000%     99.977%

==============================================================================================================================
==============================================================================================================================



Time : 9.4653672e-02 -> 9.5741645e-02,     Step :       87 ->       88

Main Loop
------------------------------------------------------------------------------------------------------------------------------
       Total    Integration       Output    Auxiliary    LoadBalance       CorrSync          libyt            Sum
      0.0739         0.0076       0.0202       0.0452         0.0010         0.0000         0.0000         0.0739


Integration Loop
------------------------------------------------------------------------------------------------------------------------------
     Lv   Total       dt Flu_Adv Gra_Adv Src_Adv Che_Adv      SF  FB_Adv   FixUp    Flag  Refine Buf_Rho Buf_Pot Buf_Flu1 Buf_Flu2 Buf_Ref Buf_Flux Buf_Res Buf_Che  Par_KD   Par_K Par_K-1 Par_2Sib -MPI_Sib -MPI_FaSib Par_2Son    -MPI Par_Coll -MPI_Real -MPI_Sib -MPI_FaSib     Sum
      0   0.008    0.001   0.003   0.000   0.000   0.000   0.000   0.000   0.000   0.000   0.001   0.000   0.000    0.003    0.000   0.000    0.000   0.000   0.000   0.000   0.000   0.000    0.000    0.000      0.000    0.000   0.000    0.000     0.000    0.000      0.000   0.008
      1   0.000    0.000   0.000   0.000   0.000   0.000   0.000   0.000   0.000   0.000   0.000   0.000   0.000    0.000    0.000   0.000    0.000   0.000   0.000   0.000   0.000   0.000    0.000    0.000      0.000    0.000   0.000    0.000     0.000    0.000      0.000   0.000
      2   0.000    0.000   0.000   0.000   0.000   0.000   0.000   0.000   0.000   0.000   0.000   0.000   0.000    0.000    0.000   0.000    0.000   0.000   0.000   0.000   0.000   0.000    0.000    0.000      0.000    0.000   0.000    0.000     0.000    0.000      0.000   0.000
      3   0.000    0.000   0.000   0.000   0.000   0.000   0.000   0.000   0.000   0.000   0.000   0.000   0.000    0.000    0.000   0.000    0.000   0.000   0.000   0.000   0.000   0.000    0.000    0.000      0.000    0.000   0.000    0.000     0.000    0.000      0.000   0.000
      4   0.000    0.000   0.000   0.000   0.000   0.000   0.000   0.000   0.000   0.000   0.000   0.000   0.000    0.000    0.000   0.000    0.000   0.000   0.000   0.000   0.000   0.000    0.000    0.000      0.000    0.000   0.000    0.000     0.000    0.000      0.000   0.000
      5   0.000    0.000   0.000   0.000   0.000   0.000   0.000   0.000   0.000   0.000   0.000   0.000   0.000    0.000    0.000   0.000    0.000   0.000   0.000   0.000   0.000   0.000    0.000    0.000      0.000    0.000   0.000    0.000     0.000    0.000      0.000   0.000
      6   0.000    0.000   0.000   0.000   0.000   0.000   0.000   0.000   0.000   0.000   0.000   0.000   0.000    0.000    0.000   0.000    0.000   0.000   0.000   0.000   0.000   0.000    0.000    0.000      0.000    0.000   0.000    0.000     0.000    0.000      0.000   0.000
      7   0.000    0.000   0.000   0.000   0.000   0.000   0.000   0.000   0.000   0.000   0.000   0.000   0.000    0.000    0.000   0.000    0.000   0.000   0.000   0.000   0.000   0.000    0.000    0.000      0.000    0.000   0.000    0.000     0.000    0.000      0.000   0.000
      8   0.000    0.000   0.000   0.000   0.000   0.000   0.000   0.000   0.000   0.000   0.000   0.000   0.000    0.000    0.000   0.000    0.000   0.000   0.000   0.000   0.000   0.000    0.000    0.000      0.000    0.000   0.000    0.000     0.000    0.000      0.000   0.000
      9   0.000    0.000   0.000   0.000   0.000   0.000   0.000   0.000   0.000   0.000   0.000   0.000   0.000    0.000    0.000   0.000    0.000   0.000   0.000   0.000   0.000   0.000    0.000    0.000      0.000    0.000   0.000    0.000     0.000    0.000      0.000   0.000
    Sum   0.008    0.001   0.003   0.000   0.000   0.000   0.000   0.000   0.000   0.000   0.001   0.000   0.000    0.003    0.000   0.000    0.000   0.000   0.000   0.000   0.000   0.000    0.000    0.000      0.000    0.000   0.000    0.000     0.000    0.000      0.000   0.008


Summary
------------------------------------------------------------------------------------------------------------------------------
                  dt  Flu_Adv  Gra_Adv  Src_Adv  Che_Adv       SF   FB_Adv    FixUp     Flag   Refine MPI_Grid   Output      Aux       LB CorrSync      Par -MPI_Par    libyt         Sum
    Time      0.0007   0.0026   0.0000   0.0000   0.0000   0.0000   0.0000   0.0000   0.0003   0.0006   0.0033   0.0202   0.0452   0.0010   0.0000   0.0000   0.0000   0.0000      0.0739
    Frac      0.982%   3.555%   0.000%   0.000%   0.000%   0.000%   0.000%   0.000%   0.440%   0.788%   4.483%  27.281%  61.092%   1.356%   0.000%   0.000%   0.000%   0.000%     99.977%

==============================================================================================================================
==============================================================================================================================



Time : 9.5741645e-02 -> 9.6829619e-02,     Step :       88 ->       89

Main Loop
------------------------------------------------------------------------------------------------------------------------------
       Total    Integration       Output    Auxiliary    LoadBalance       CorrSync          libyt            Sum
      0.1140         0.0050       0.0288       0.0792         0.0010         0.0000         0.0000         0.1140


Integration Loop
------------------------------------------------------------------------------------------------------------------------------
     Lv   Total       dt Flu_Adv Gra_Adv Src_Adv Che_Adv      SF  FB_Adv   FixUp    Flag  Refine Buf_Rho Buf_Pot Buf_Flu1 Buf_Flu2 Buf_Ref Buf_Flux Buf_Res Buf_Che  Par_KD   Par_K Par_K-1 Par_2Sib -MPI_Sib -MPI_FaSib Par_2Son    -MPI Par_Coll -MPI_Real -MPI_Sib -MPI_FaSib     Sum
      0   0.005    0.001   0.002   0.000   0.000   0.000   0.000   0.000   0.000   0.000   0.000   0.000   0.000    0.003    0.000   0.000    0.000   0.000   0.000   0.000   0.000   0.000    0.000    0.000      0.000    0.000   0.000    0.000     0.000    0.000      0.000   0.005
      1   0.000    0.000   0.000   0.000   0.000   0.000   0.000   0.000   0.000   0.000   0.000   0.000   0.000    0.000    0.000   0.000    0.000   0.000   0.000   0.000   0.000   0.000    0.000    0.000      0.000    0.000   0.000    0.000     0.000    0.000      0.000   0.000
      2   0.000    0.000   0.000   0.000   0.000   0.000   0.000   0.000   0.000   0.000   0.000   0.000   0.000    0.000    0.000   0.000    0.000   0.000   0.000   0.000   0.000   0.000    0.000    0.000      0.000    0.000   0.000    0.000     0.000    0.000      0.000   0.000
      3   0.000    0.000   0.000   0.000   0.000   0.000   0.000   0.000   0.000   0.000   0.000   0.000   0.000    0.000    0.000   0.000    0.000   0.000   0.000   0.000   0.000   0.000    0.000    0.000      0.000    0.000   0.000    0.000     0.000    0.000      0.000   0.000
      4   0.000    0.000   0.000   0.000   0.000   0.000   0.000   0.000   0.000   0.000   0.000   0.000   0.000    0.000    0.000   0.000    0.000   0.000   0.000   0.000   0.000   0.000    0.000    0.000      0.000    0.000   0.000    0.000     0.000    0.000      0.000   0.000
      5   0.000    0.000   0.000   0.000   0.000   0.000   0.000   0.000   0.000   0.000   0.000   0.000   0.000    0.000    0.000   0.000    0.000   0.000   0.000   0.000   0.000   0.000    0.000    0.000      0.000    0.000   0.000    0.000     0.000    0.000      0.000   0.000
      6   0.000    0.000   0.000   0.000   0.000   0.000   0.000   0.000   0.000   0.000   0.000   0.000   0.000    0.000    0.000   0.000    0.000   0.000   0.000   0.000   0.000   0.000    0.000    0.000      0.000    0.000   0.000    0.000     0.000    0.000      0.000   0.000
      7   0.000    0.000   0.000   0.000   0.000   0.000   0.000   0.000   0.000   0.000   0.000   0.000   0.000    0.000    0.000   0.000    0.000   0.000   0.000   0.000   0.000   0.000    0.000    0.000      0.000    0.000   0.000    0.000     0.000    0.000      0.000   0.000
      8   0.000    0.000   0.000   0.000   0.000   0.000   0.000   0.000   0.000   0.000   0.000   0.000   0.000    0.000    0.000   0.000    0.000   0.000   0.000   0.000   0.000   0.000    0.000    0.000      0.000    0.000   0.000    0.000     0.000    0.000      0.000   0.000
      9   0.000    0.000   0.000   0.000   0.000   0.000   0.000   0.000   0.000   0.000   0.000   0.000   0.000    0.000    0.000   0.000    0.000   0.000   0.000   0.000   0.000   0.000    0.000    0.000      0.000    0.000   0.000    0.000     0.000    0.000      0.000   0.000
    Sum   0.005    0.001   0.002   0.000   0.000   0.000   0.000   0.000   0.000   0.000   0.000   0.000   0.000    0.003    0.000   0.000    0.000   0.000   0.000   0.000   0.000   0.000    0.000    0.000      0.000    0.000   0.000    0.000     0.000    0.000      0.000   0.005


Summary
------------------------------------------------------------------------------------------------------------------------------
                  dt  Flu_Adv  Gra_Adv  Src_Adv  Che_Adv       SF   FB_Adv    FixUp     Flag   Refine MPI_Grid   Output      Aux       LB CorrSync      Par -MPI_Par    libyt         Sum
    Time      0.0006   0.0016   0.0000   0.0000   0.0000   0.0000   0.0000   0.0000   0.0000   0.0000   0.0027   0.0288   0.0792   0.0010   0.0000   0.0000   0.0000   0.0000      0.1140
    Frac      0.548%   1.446%   0.000%   0.000%   0.000%   0.000%   0.000%   0.000%   0.000%   0.000%   2.395%  25.262%  69.445%   0.887%   0.000%   0.000%   0.000%   0.000%     99.983%

==============================================================================================================================
==============================================================================================================================



Time : 9.6829619e-02 -> 9.7917592e-02,     Step :       89 ->       90

Main Loop
------------------------------------------------------------------------------------------------------------------------------
       Total    Integration       Output    Auxiliary    LoadBalance       CorrSync          libyt            Sum
      0.0920         0.0133       0.0271       0.0507         0.0009         0.0000         0.0000         0.0920


Integration Loop
------------------------------------------------------------------------------------------------------------------------------
     Lv   Total       dt Flu_Adv Gra_Adv Src_Adv Che_Adv      SF  FB_Adv   FixUp    Flag  Refine Buf_Rho Buf_Pot Buf_Flu1 Buf_Flu2 Buf_Ref Buf_Flux Buf_Res Buf_Che  Par_KD   Par_K Par_K-1 Par_2Sib -MPI_Sib -MPI_FaSib Par_2Son    -MPI Par_Coll -MPI_Real -MPI_Sib -MPI_FaSib     Sum
      0   0.013    0.001   0.010   0.000   0.000   0.000   0.000   0.000   0.000   0.000   0.000   0.000   0.000    0.003    0.000   0.000    0.000   0.000   0.000   0.000   0.000   0.000    0.000    0.000      0.000    0.000   0.000    0.000     0.000    0.000      0.000   0.013
      1   0.000    0.000   0.000   0.000   0.000   0.000   0.000   0.000   0.000   0.000   0.000   0.000   0.000    0.000    0.000   0.000    0.000   0.000   0.000   0.000   0.000   0.000    0.000    0.000      0.000    0.000   0.000    0.000     0.000    0.000      0.000   0.000
      2   0.000    0.000   0.000   0.000   0.000   0.000   0.000   0.000   0.000   0.000   0.000   0.000   0.000    0.000    0.000   0.000    0.000   0.000   0.000   0.000   0.000   0.000    0.000    0.000      0.000    0.000   0.000    0.000     0.000    0.000      0.000   0.000
      3   0.000    0.000   0.000   0.000   0.000   0.000   0.000   0.000   0.000   0.000   0.000   0.000   0.000    0.000    0.000   0.000    0.000   0.000   0.000   0.000   0.000   0.000    0.000    0.000      0.000    0.000   0.000    0.000     0.000    0.000      0.000   0.000
      4   0.000    0.000   0.000   0.000   0.000   0.000   0.000   0.000   0.000   0.000   0.000   0.000   0.000    0.000    0.000   0.000    0.000   0.000   0.000   0.000   0.000   0.000    0.000    0.000      0.000    0.000   0.000    0.000     0.000    0.000      0.000   0.000
      5   0.000    0.000   0.000   0.000   0.000   0.000   0.000   0.000   0.000   0.000   0.000   0.000   0.000    0.000    0.000   0.000    0.000   0.000   0.000   0.000   0.000   0.000    0.000    0.000      0.000    0.000   0.000    0.000     0.000    0.000      0.000   0.000
      6   0.000    0.000   0.000   0.000   0.000   0.000   0.000   0.000   0.000   0.000   0.000   0.000   0.000    0.000    0.000   0.000    0.000   0.000   0.000   0.000   0.000   0.000    0.000    0.000      0.000    0.000   0.000    0.000     0.000    0.000      0.000   0.000
      7   0.000    0.000   0.000   0.000   0.000   0.000   0.000   0.000   0.000   0.000   0.000   0.000   0.000    0.000    0.000   0.000    0.000   0.000   0.000   0.000   0.000   0.000    0.000    0.000      0.000    0.000   0.000    0.000     0.000    0.000      0.000   0.000
      8   0.000    0.000   0.000   0.000   0.000   0.000   0.000   0.000   0.000   0.000   0.000   0.000   0.000    0.000    0.000   0.000    0.000   0.000   0.000   0.000   0.000   0.000    0.000    0.000      0.000    0.000   0.000    0.000     0.000    0.000      0.000   0.000
      9   0.000    0.000   0.000   0.000   0.000   0.000   0.000   0.000   0.000   0.000   0.000   0.000   0.000    0.000    0.000   0.000    0.000   0.000   0.000   0.000   0.000   0.000    0.000    0.000      0.000    0.000   0.000    0.000     0.000    0.000      0.000   0.000
    Sum   0.013    0.001   0.010   0.000   0.000   0.000   0.000   0.000   0.000   0.000   0.000   0.000   0.000    0.003    0.000   0.000    0.000   0.000   0.000   0.000   0.000   0.000    0.000    0.000      0.000    0.000   0.000    0.000     0.000    0.000      0.000   0.013


Summary
------------------------------------------------------------------------------------------------------------------------------
                  dt  Flu_Adv  Gra_Adv  Src_Adv  Che_Adv       SF   FB_Adv    FixUp     Flag   Refine MPI_Grid   Output      Aux       LB CorrSync      Par -MPI_Par    libyt         Sum
    Time      0.0007   0.0100   0.0000   0.0000   0.0000   0.0000   0.0000   0.0000   0.0000   0.0000   0.0026   0.0271   0.0507   0.0009   0.0000   0.0000   0.0000   0.0000      0.0920
    Frac      0.737%  10.836%   0.000%   0.000%   0.000%   0.000%   0.000%   0.000%   0.000%   0.000%   2.858%  29.427%  55.094%   1.030%   0.000%   0.000%   0.000%   0.000%     99.982%

==============================================================================================================================
==============================================================================================================================



Time : 9.7917592e-02 -> 9.9005565e-02,     Step :       90 ->       91

Main Loop
------------------------------------------------------------------------------------------------------------------------------
       Total    Integration       Output    Auxiliary    LoadBalance       CorrSync          libyt            Sum
      0.1873         0.0132       0.0278       0.1454         0.0009         0.0000         0.0000         0.1873


Integration Loop
------------------------------------------------------------------------------------------------------------------------------
     Lv   Total       dt Flu_Adv Gra_Adv Src_Adv Che_Adv      SF  FB_Adv   FixUp    Flag  Refine Buf_Rho Buf_Pot Buf_Flu1 Buf_Flu2 Buf_Ref Buf_Flux Buf_Res Buf_Che  Par_KD   Par_K Par_K-1 Par_2Sib -MPI_Sib -MPI_FaSib Par_2Son    -MPI Par_Coll -MPI_Real -MPI_Sib -MPI_FaSib     Sum
      0   0.013    0.001   0.010   0.000   0.000   0.000   0.000   0.000   0.000   0.000   0.000   0.000   0.000    0.003    0.000   0.000    0.000   0.000   0.000   0.000   0.000   0.000    0.000    0.000      0.000    0.000   0.000    0.000     0.000    0.000      0.000   0.013
      1   0.000    0.000   0.000   0.000   0.000   0.000   0.000   0.000   0.000   0.000   0.000   0.000   0.000    0.000    0.000   0.000    0.000   0.000   0.000   0.000   0.000   0.000    0.000    0.000      0.000    0.000   0.000    0.000     0.000    0.000      0.000   0.000
      2   0.000    0.000   0.000   0.000   0.000   0.000   0.000   0.000   0.000   0.000   0.000   0.000   0.000    0.000    0.000   0.000    0.000   0.000   0.000   0.000   0.000   0.000    0.000    0.000      0.000    0.000   0.000    0.000     0.000    0.000      0.000   0.000
      3   0.000    0.000   0.000   0.000   0.000   0.000   0.000   0.000   0.000   0.000   0.000   0.000   0.000    0.000    0.000   0.000    0.000   0.000   0.000   0.000   0.000   0.000    0.000    0.000      0.000    0.000   0.000    0.000     0.000    0.000      0.000   0.000
      4   0.000    0.000   0.000   0.000   0.000   0.000   0.000   0.000   0.000   0.000   0.000   0.000   0.000    0.000    0.000   0.000    0.000   0.000   0.000   0.000   0.000   0.000    0.000    0.000      0.000    0.000   0.000    0.000     0.000    0.000      0.000   0.000
      5   0.000    0.000   0.000   0.000   0.000   0.000   0.000   0.000   0.000   0.000   0.000   0.000   0.000    0.000    0.000   0.000    0.000   0.000   0.000   0.000   0.000   0.000    0.000    0.000      0.000    0.000   0.000    0.000     0.000    0.000      0.000   0.000
      6   0.000    0.000   0.000   0.000   0.000   0.000   0.000   0.000   0.000   0.000   0.000   0.000   0.000    0.000    0.000   0.000    0.000   0.000   0.000   0.000   0.000   0.000    0.000    0.000      0.000    0.000   0.000    0.000     0.000    0.000      0.000   0.000
      7   0.000    0.000   0.000   0.000   0.000   0.000   0.000   0.000   0.000   0.000   0.000   0.000   0.000    0.000    0.000   0.000    0.000   0.000   0.000   0.000   0.000   0.000    0.000    0.000      0.000    0.000   0.000    0.000     0.000    0.000      0.000   0.000
      8   0.000    0.000   0.000   0.000   0.000   0.000   0.000   0.000   0.000   0.000   0.000   0.000   0.000    0.000    0.000   0.000    0.000   0.000   0.000   0.000   0.000   0.000    0.000    0.000      0.000    0.000   0.000    0.000     0.000    0.000      0.000   0.000
      9   0.000    0.000   0.000   0.000   0.000   0.000   0.000   0.000   0.000   0.000   0.000   0.000   0.000    0.000    0.000   0.000    0.000   0.000   0.000   0.000   0.000   0.000    0.000    0.000      0.000    0.000   0.000    0.000     0.000    0.000      0.000   0.000
    Sum   0.013    0.001   0.010   0.000   0.000   0.000   0.000   0.000   0.000   0.000   0.000   0.000   0.000    0.003    0.000   0.000    0.000   0.000   0.000   0.000   0.000   0.000    0.000    0.000      0.000    0.000   0.000    0.000     0.000    0.000      0.000   0.013


Summary
------------------------------------------------------------------------------------------------------------------------------
                  dt  Flu_Adv  Gra_Adv  Src_Adv  Che_Adv       SF   FB_Adv    FixUp     Flag   Refine MPI_Grid   Output      Aux       LB CorrSync      Par -MPI_Par    libyt         Sum
    Time      0.0006   0.0098   0.0000   0.0000   0.0000   0.0000   0.0000   0.0000   0.0000   0.0000   0.0027   0.0278   0.1454   0.0009   0.0000   0.0000   0.0000   0.0000      0.1873
    Frac      0.345%   5.243%   0.000%   0.000%   0.000%   0.000%   0.000%   0.000%   0.000%   0.000%   1.461%  14.830%  77.620%   0.490%   0.000%   0.000%   0.000%   0.000%     99.989%

==============================================================================================================================
==============================================================================================================================



Time : 9.9005565e-02 -> 1.0009354e-01,     Step :       91 ->       92

Main Loop
------------------------------------------------------------------------------------------------------------------------------
       Total    Integration       Output    Auxiliary    LoadBalance       CorrSync          libyt            Sum
      0.1288         0.0282       0.0222       0.0774         0.0010         0.0000         0.0000         0.1288


Integration Loop
------------------------------------------------------------------------------------------------------------------------------
     Lv   Total       dt Flu_Adv Gra_Adv Src_Adv Che_Adv      SF  FB_Adv   FixUp    Flag  Refine Buf_Rho Buf_Pot Buf_Flu1 Buf_Flu2 Buf_Ref Buf_Flux Buf_Res Buf_Che  Par_KD   Par_K Par_K-1 Par_2Sib -MPI_Sib -MPI_FaSib Par_2Son    -MPI Par_Coll -MPI_Real -MPI_Sib -MPI_FaSib     Sum
      0   0.028    0.001   0.017   0.000   0.000   0.000   0.000   0.000   0.000   0.007   0.000   0.000   0.000    0.003    0.000   0.000    0.000   0.000   0.000   0.000   0.000   0.000    0.000    0.000      0.000    0.000   0.000    0.000     0.000    0.000      0.000   0.028
      1   0.000    0.000   0.000   0.000   0.000   0.000   0.000   0.000   0.000   0.000   0.000   0.000   0.000    0.000    0.000   0.000    0.000   0.000   0.000   0.000   0.000   0.000    0.000    0.000      0.000    0.000   0.000    0.000     0.000    0.000      0.000   0.000
      2   0.000    0.000   0.000   0.000   0.000   0.000   0.000   0.000   0.000   0.000   0.000   0.000   0.000    0.000    0.000   0.000    0.000   0.000   0.000   0.000   0.000   0.000    0.000    0.000      0.000    0.000   0.000    0.000     0.000    0.000      0.000   0.000
      3   0.000    0.000   0.000   0.000   0.000   0.000   0.000   0.000   0.000   0.000   0.000   0.000   0.000    0.000    0.000   0.000    0.000   0.000   0.000   0.000   0.000   0.000    0.000    0.000      0.000    0.000   0.000    0.000     0.000    0.000      0.000   0.000
      4   0.000    0.000   0.000   0.000   0.000   0.000   0.000   0.000   0.000   0.000   0.000   0.000   0.000    0.000    0.000   0.000    0.000   0.000   0.000   0.000   0.000   0.000    0.000    0.000      0.000    0.000   0.000    0.000     0.000    0.000      0.000   0.000
      5   0.000    0.000   0.000   0.000   0.000   0.000   0.000   0.000   0.000   0.000   0.000   0.000   0.000    0.000    0.000   0.000    0.000   0.000   0.000   0.000   0.000   0.000    0.000    0.000      0.000    0.000   0.000    0.000     0.000    0.000      0.000   0.000
      6   0.000    0.000   0.000   0.000   0.000   0.000   0.000   0.000   0.000   0.000   0.000   0.000   0.000    0.000    0.000   0.000    0.000   0.000   0.000   0.000   0.000   0.000    0.000    0.000      0.000    0.000   0.000    0.000     0.000    0.000      0.000   0.000
      7   0.000    0.000   0.000   0.000   0.000   0.000   0.000   0.000   0.000   0.000   0.000   0.000   0.000    0.000    0.000   0.000    0.000   0.000   0.000   0.000   0.000   0.000    0.000    0.000      0.000    0.000   0.000    0.000     0.000    0.000      0.000   0.000
      8   0.000    0.000   0.000   0.000   0.000   0.000   0.000   0.000   0.000   0.000   0.000   0.000   0.000    0.000    0.000   0.000    0.000   0.000   0.000   0.000   0.000   0.000    0.000    0.000      0.000    0.000   0.000    0.000     0.000    0.000      0.000   0.000
      9   0.000    0.000   0.000   0.000   0.000   0.000   0.000   0.000   0.000   0.000   0.000   0.000   0.000    0.000    0.000   0.000    0.000   0.000   0.000   0.000   0.000   0.000    0.000    0.000      0.000    0.000   0.000    0.000     0.000    0.000      0.000   0.000
    Sum   0.028    0.001   0.017   0.000   0.000   0.000   0.000   0.000   0.000   0.007   0.000   0.000   0.000    0.003    0.000   0.000    0.000   0.000   0.000   0.000   0.000   0.000    0.000    0.000      0.000    0.000   0.000    0.000     0.000    0.000      0.000   0.028


Summary
------------------------------------------------------------------------------------------------------------------------------
                  dt  Flu_Adv  Gra_Adv  Src_Adv  Che_Adv       SF   FB_Adv    FixUp     Flag   Refine MPI_Grid   Output      Aux       LB CorrSync      Par -MPI_Par    libyt         Sum
    Time      0.0008   0.0167   0.0000   0.0000   0.0000   0.0000   0.0000   0.0000   0.0072   0.0005   0.0030   0.0222   0.0774   0.0010   0.0000   0.0000   0.0000   0.0000      0.1288
    Frac      0.593%  12.972%   0.000%   0.000%   0.000%   0.000%   0.000%   0.000%   5.626%   0.376%   2.352%  17.219%  60.102%   0.745%   0.000%   0.000%   0.000%   0.000%     99.984%

==============================================================================================================================
==============================================================================================================================



Time : 1.0009354e-01 -> 1.0118151e-01,     Step :       92 ->       93

Main Loop
------------------------------------------------------------------------------------------------------------------------------
       Total    Integration       Output    Auxiliary    LoadBalance       CorrSync          libyt            Sum
      0.1422         0.0117       0.0374       0.0909         0.0021         0.0000         0.0000         0.1422


Integration Loop
------------------------------------------------------------------------------------------------------------------------------
     Lv   Total       dt Flu_Adv Gra_Adv Src_Adv Che_Adv      SF  FB_Adv   FixUp    Flag  Refine Buf_Rho Buf_Pot Buf_Flu1 Buf_Flu2 Buf_Ref Buf_Flux Buf_Res Buf_Che  Par_KD   Par_K Par_K-1 Par_2Sib -MPI_Sib -MPI_FaSib Par_2Son    -MPI Par_Coll -MPI_Real -MPI_Sib -MPI_FaSib     Sum
      0   0.012    0.001   0.009   0.000   0.000   0.000   0.000   0.000   0.000   0.000   0.000   0.000   0.000    0.002    0.000   0.000    0.000   0.000   0.000   0.000   0.000   0.000    0.000    0.000      0.000    0.000   0.000    0.000     0.000    0.000      0.000   0.012
      1   0.000    0.000   0.000   0.000   0.000   0.000   0.000   0.000   0.000   0.000   0.000   0.000   0.000    0.000    0.000   0.000    0.000   0.000   0.000   0.000   0.000   0.000    0.000    0.000      0.000    0.000   0.000    0.000     0.000    0.000      0.000   0.000
      2   0.000    0.000   0.000   0.000   0.000   0.000   0.000   0.000   0.000   0.000   0.000   0.000   0.000    0.000    0.000   0.000    0.000   0.000   0.000   0.000   0.000   0.000    0.000    0.000      0.000    0.000   0.000    0.000     0.000    0.000      0.000   0.000
      3   0.000    0.000   0.000   0.000   0.000   0.000   0.000   0.000   0.000   0.000   0.000   0.000   0.000    0.000    0.000   0.000    0.000   0.000   0.000   0.000   0.000   0.000    0.000    0.000      0.000    0.000   0.000    0.000     0.000    0.000      0.000   0.000
      4   0.000    0.000   0.000   0.000   0.000   0.000   0.000   0.000   0.000   0.000   0.000   0.000   0.000    0.000    0.000   0.000    0.000   0.000   0.000   0.000   0.000   0.000    0.000    0.000      0.000    0.000   0.000    0.000     0.000    0.000      0.000   0.000
      5   0.000    0.000   0.000   0.000   0.000   0.000   0.000   0.000   0.000   0.000   0.000   0.000   0.000    0.000    0.000   0.000    0.000   0.000   0.000   0.000   0.000   0.000    0.000    0.000      0.000    0.000   0.000    0.000     0.000    0.000      0.000   0.000
      6   0.000    0.000   0.000   0.000   0.000   0.000   0.000   0.000   0.000   0.000   0.000   0.000   0.000    0.000    0.000   0.000    0.000   0.000   0.000   0.000   0.000   0.000    0.000    0.000      0.000    0.000   0.000    0.000     0.000    0.000      0.000   0.000
      7   0.000    0.000   0.000   0.000   0.000   0.000   0.000   0.000   0.000   0.000   0.000   0.000   0.000    0.000    0.000   0.000    0.000   0.000   0.000   0.000   0.000   0.000    0.000    0.000      0.000    0.000   0.000    0.000     0.000    0.000      0.000   0.000
      8   0.000    0.000   0.000   0.000   0.000   0.000   0.000   0.000   0.000   0.000   0.000   0.000   0.000    0.000    0.000   0.000    0.000   0.000   0.000   0.000   0.000   0.000    0.000    0.000      0.000    0.000   0.000    0.000     0.000    0.000      0.000   0.000
      9   0.000    0.000   0.000   0.000   0.000   0.000   0.000   0.000   0.000   0.000   0.000   0.000   0.000    0.000    0.000   0.000    0.000   0.000   0.000   0.000   0.000   0.000    0.000    0.000      0.000    0.000   0.000    0.000     0.000    0.000      0.000   0.000
    Sum   0.012    0.001   0.009   0.000   0.000   0.000   0.000   0.000   0.000   0.000   0.000   0.000   0.000    0.002    0.000   0.000    0.000   0.000   0.000   0.000   0.000   0.000    0.000    0.000      0.000    0.000   0.000    0.000     0.000    0.000      0.000   0.012


Summary
------------------------------------------------------------------------------------------------------------------------------
                  dt  Flu_Adv  Gra_Adv  Src_Adv  Che_Adv       SF   FB_Adv    FixUp     Flag   Refine MPI_Grid   Output      Aux       LB CorrSync      Par -MPI_Par    libyt         Sum
    Time      0.0006   0.0089   0.0000   0.0000   0.0000   0.0000   0.0000   0.0000   0.0000   0.0000   0.0021   0.0374   0.0909   0.0021   0.0000   0.0000   0.0000   0.0000      0.1422
    Frac      0.452%   6.287%   0.000%   0.000%   0.000%   0.000%   0.000%   0.000%   0.000%   0.000%   1.478%  26.330%  63.942%   1.499%   0.000%   0.000%   0.000%   0.000%     99.989%

==============================================================================================================================
==============================================================================================================================



Time : 1.0118151e-01 -> 1.0226948e-01,     Step :       93 ->       94

Main Loop
------------------------------------------------------------------------------------------------------------------------------
       Total    Integration       Output    Auxiliary    LoadBalance       CorrSync          libyt            Sum
      0.1174         0.0121       0.0487       0.0557         0.0009         0.0000         0.0000         0.1174


Integration Loop
------------------------------------------------------------------------------------------------------------------------------
     Lv   Total       dt Flu_Adv Gra_Adv Src_Adv Che_Adv      SF  FB_Adv   FixUp    Flag  Refine Buf_Rho Buf_Pot Buf_Flu1 Buf_Flu2 Buf_Ref Buf_Flux Buf_Res Buf_Che  Par_KD   Par_K Par_K-1 Par_2Sib -MPI_Sib -MPI_FaSib Par_2Son    -MPI Par_Coll -MPI_Real -MPI_Sib -MPI_FaSib     Sum
      0   0.012    0.001   0.009   0.000   0.000   0.000   0.000   0.000   0.000   0.000   0.000   0.000   0.000    0.002    0.000   0.000    0.000   0.000   0.000   0.000   0.000   0.000    0.000    0.000      0.000    0.000   0.000    0.000     0.000    0.000      0.000   0.012
      1   0.000    0.000   0.000   0.000   0.000   0.000   0.000   0.000   0.000   0.000   0.000   0.000   0.000    0.000    0.000   0.000    0.000   0.000   0.000   0.000   0.000   0.000    0.000    0.000      0.000    0.000   0.000    0.000     0.000    0.000      0.000   0.000
      2   0.000    0.000   0.000   0.000   0.000   0.000   0.000   0.000   0.000   0.000   0.000   0.000   0.000    0.000    0.000   0.000    0.000   0.000   0.000   0.000   0.000   0.000    0.000    0.000      0.000    0.000   0.000    0.000     0.000    0.000      0.000   0.000
      3   0.000    0.000   0.000   0.000   0.000   0.000   0.000   0.000   0.000   0.000   0.000   0.000   0.000    0.000    0.000   0.000    0.000   0.000   0.000   0.000   0.000   0.000    0.000    0.000      0.000    0.000   0.000    0.000     0.000    0.000      0.000   0.000
      4   0.000    0.000   0.000   0.000   0.000   0.000   0.000   0.000   0.000   0.000   0.000   0.000   0.000    0.000    0.000   0.000    0.000   0.000   0.000   0.000   0.000   0.000    0.000    0.000      0.000    0.000   0.000    0.000     0.000    0.000      0.000   0.000
      5   0.000    0.000   0.000   0.000   0.000   0.000   0.000   0.000   0.000   0.000   0.000   0.000   0.000    0.000    0.000   0.000    0.000   0.000   0.000   0.000   0.000   0.000    0.000    0.000      0.000    0.000   0.000    0.000     0.000    0.000      0.000   0.000
      6   0.000    0.000   0.000   0.000   0.000   0.000   0.000   0.000   0.000   0.000   0.000   0.000   0.000    0.000    0.000   0.000    0.000   0.000   0.000   0.000   0.000   0.000    0.000    0.000      0.000    0.000   0.000    0.000     0.000    0.000      0.000   0.000
      7   0.000    0.000   0.000   0.000   0.000   0.000   0.000   0.000   0.000   0.000   0.000   0.000   0.000    0.000    0.000   0.000    0.000   0.000   0.000   0.000   0.000   0.000    0.000    0.000      0.000    0.000   0.000    0.000     0.000    0.000      0.000   0.000
      8   0.000    0.000   0.000   0.000   0.000   0.000   0.000   0.000   0.000   0.000   0.000   0.000   0.000    0.000    0.000   0.000    0.000   0.000   0.000   0.000   0.000   0.000    0.000    0.000      0.000    0.000   0.000    0.000     0.000    0.000      0.000   0.000
      9   0.000    0.000   0.000   0.000   0.000   0.000   0.000   0.000   0.000   0.000   0.000   0.000   0.000    0.000    0.000   0.000    0.000   0.000   0.000   0.000   0.000   0.000    0.000    0.000      0.000    0.000   0.000    0.000     0.000    0.000      0.000   0.000
    Sum   0.012    0.001   0.009   0.000   0.000   0.000   0.000   0.000   0.000   0.000   0.000   0.000   0.000    0.002    0.000   0.000    0.000   0.000   0.000   0.000   0.000   0.000    0.000    0.000      0.000    0.000   0.000    0.000     0.000    0.000      0.000   0.012


Summary
------------------------------------------------------------------------------------------------------------------------------
                  dt  Flu_Adv  Gra_Adv  Src_Adv  Che_Adv       SF   FB_Adv    FixUp     Flag   Refine MPI_Grid   Output      Aux       LB CorrSync      Par -MPI_Par    libyt         Sum
    Time      0.0006   0.0092   0.0000   0.0000   0.0000   0.0000   0.0000   0.0000   0.0000   0.0000   0.0023   0.0487   0.0557   0.0009   0.0000   0.0000   0.0000   0.0000      0.1174
    Frac      0.525%   7.821%   0.000%   0.000%   0.000%   0.000%   0.000%   0.000%   0.000%   0.000%   1.965%  41.465%  47.449%   0.759%   0.000%   0.000%   0.000%   0.000%     99.984%

==============================================================================================================================
==============================================================================================================================



Time : 1.0226948e-01 -> 1.0335746e-01,     Step :       94 ->       95

Main Loop
------------------------------------------------------------------------------------------------------------------------------
       Total    Integration       Output    Auxiliary    LoadBalance       CorrSync          libyt            Sum
      0.1616         0.0068       0.0512       0.1026         0.0009         0.0000         0.0000         0.1616


Integration Loop
------------------------------------------------------------------------------------------------------------------------------
     Lv   Total       dt Flu_Adv Gra_Adv Src_Adv Che_Adv      SF  FB_Adv   FixUp    Flag  Refine Buf_Rho Buf_Pot Buf_Flu1 Buf_Flu2 Buf_Ref Buf_Flux Buf_Res Buf_Che  Par_KD   Par_K Par_K-1 Par_2Sib -MPI_Sib -MPI_FaSib Par_2Son    -MPI Par_Coll -MPI_Real -MPI_Sib -MPI_FaSib     Sum
      0   0.007    0.001   0.003   0.000   0.000   0.000   0.000   0.000   0.000   0.000   0.000   0.000   0.000    0.003    0.000   0.000    0.000   0.000   0.000   0.000   0.000   0.000    0.000    0.000      0.000    0.000   0.000    0.000     0.000    0.000      0.000   0.007
      1   0.000    0.000   0.000   0.000   0.000   0.000   0.000   0.000   0.000   0.000   0.000   0.000   0.000    0.000    0.000   0.000    0.000   0.000   0.000   0.000   0.000   0.000    0.000    0.000      0.000    0.000   0.000    0.000     0.000    0.000      0.000   0.000
      2   0.000    0.000   0.000   0.000   0.000   0.000   0.000   0.000   0.000   0.000   0.000   0.000   0.000    0.000    0.000   0.000    0.000   0.000   0.000   0.000   0.000   0.000    0.000    0.000      0.000    0.000   0.000    0.000     0.000    0.000      0.000   0.000
      3   0.000    0.000   0.000   0.000   0.000   0.000   0.000   0.000   0.000   0.000   0.000   0.000   0.000    0.000    0.000   0.000    0.000   0.000   0.000   0.000   0.000   0.000    0.000    0.000      0.000    0.000   0.000    0.000     0.000    0.000      0.000   0.000
      4   0.000    0.000   0.000   0.000   0.000   0.000   0.000   0.000   0.000   0.000   0.000   0.000   0.000    0.000    0.000   0.000    0.000   0.000   0.000   0.000   0.000   0.000    0.000    0.000      0.000    0.000   0.000    0.000     0.000    0.000      0.000   0.000
      5   0.000    0.000   0.000   0.000   0.000   0.000   0.000   0.000   0.000   0.000   0.000   0.000   0.000    0.000    0.000   0.000    0.000   0.000   0.000   0.000   0.000   0.000    0.000    0.000      0.000    0.000   0.000    0.000     0.000    0.000      0.000   0.000
      6   0.000    0.000   0.000   0.000   0.000   0.000   0.000   0.000   0.000   0.000   0.000   0.000   0.000    0.000    0.000   0.000    0.000   0.000   0.000   0.000   0.000   0.000    0.000    0.000      0.000    0.000   0.000    0.000     0.000    0.000      0.000   0.000
      7   0.000    0.000   0.000   0.000   0.000   0.000   0.000   0.000   0.000   0.000   0.000   0.000   0.000    0.000    0.000   0.000    0.000   0.000   0.000   0.000   0.000   0.000    0.000    0.000      0.000    0.000   0.000    0.000     0.000    0.000      0.000   0.000
      8   0.000    0.000   0.000   0.000   0.000   0.000   0.000   0.000   0.000   0.000   0.000   0.000   0.000    0.000    0.000   0.000    0.000   0.000   0.000   0.000   0.000   0.000    0.000    0.000      0.000    0.000   0.000    0.000     0.000    0.000      0.000   0.000
      9   0.000    0.000   0.000   0.000   0.000   0.000   0.000   0.000   0.000   0.000   0.000   0.000   0.000    0.000    0.000   0.000    0.000   0.000   0.000   0.000   0.000   0.000    0.000    0.000      0.000    0.000   0.000    0.000     0.000    0.000      0.000   0.000
    Sum   0.007    0.001   0.003   0.000   0.000   0.000   0.000   0.000   0.000   0.000   0.000   0.000   0.000    0.003    0.000   0.000    0.000   0.000   0.000   0.000   0.000   0.000    0.000    0.000      0.000    0.000   0.000    0.000     0.000    0.000      0.000   0.007


Summary
------------------------------------------------------------------------------------------------------------------------------
                  dt  Flu_Adv  Gra_Adv  Src_Adv  Che_Adv       SF   FB_Adv    FixUp     Flag   Refine MPI_Grid   Output      Aux       LB CorrSync      Par -MPI_Par    libyt         Sum
    Time      0.0006   0.0029   0.0000   0.0000   0.0000   0.0000   0.0000   0.0000   0.0000   0.0000   0.0034   0.0512   0.1026   0.0009   0.0000   0.0000   0.0000   0.0000      0.1616
    Frac      0.368%   1.777%   0.000%   0.000%   0.000%   0.000%   0.000%   0.000%   0.000%   0.000%   2.080%  31.674%  63.503%   0.585%   0.000%   0.000%   0.000%   0.000%     99.989%

==============================================================================================================================
==============================================================================================================================



Time : 1.0335746e-01 -> 1.0444543e-01,     Step :       95 ->       96

Main Loop
------------------------------------------------------------------------------------------------------------------------------
       Total    Integration       Output    Auxiliary    LoadBalance       CorrSync          libyt            Sum
      0.1721         0.0141       0.0415       0.1156         0.0009         0.0000         0.0000         0.1721


Integration Loop
------------------------------------------------------------------------------------------------------------------------------
     Lv   Total       dt Flu_Adv Gra_Adv Src_Adv Che_Adv      SF  FB_Adv   FixUp    Flag  Refine Buf_Rho Buf_Pot Buf_Flu1 Buf_Flu2 Buf_Ref Buf_Flux Buf_Res Buf_Che  Par_KD   Par_K Par_K-1 Par_2Sib -MPI_Sib -MPI_FaSib Par_2Son    -MPI Par_Coll -MPI_Real -MPI_Sib -MPI_FaSib     Sum
      0   0.014    0.001   0.010   0.000   0.000   0.000   0.000   0.000   0.000   0.000   0.000   0.000   0.000    0.003    0.000   0.000    0.000   0.000   0.000   0.000   0.000   0.000    0.000    0.000      0.000    0.000   0.000    0.000     0.000    0.000      0.000   0.014
      1   0.000    0.000   0.000   0.000   0.000   0.000   0.000   0.000   0.000   0.000   0.000   0.000   0.000    0.000    0.000   0.000    0.000   0.000   0.000   0.000   0.000   0.000    0.000    0.000      0.000    0.000   0.000    0.000     0.000    0.000      0.000   0.000
      2   0.000    0.000   0.000   0.000   0.000   0.000   0.000   0.000   0.000   0.000   0.000   0.000   0.000    0.000    0.000   0.000    0.000   0.000   0.000   0.000   0.000   0.000    0.000    0.000      0.000    0.000   0.000    0.000     0.000    0.000      0.000   0.000
      3   0.000    0.000   0.000   0.000   0.000   0.000   0.000   0.000   0.000   0.000   0.000   0.000   0.000    0.000    0.000   0.000    0.000   0.000   0.000   0.000   0.000   0.000    0.000    0.000      0.000    0.000   0.000    0.000     0.000    0.000      0.000   0.000
      4   0.000    0.000   0.000   0.000   0.000   0.000   0.000   0.000   0.000   0.000   0.000   0.000   0.000    0.000    0.000   0.000    0.000   0.000   0.000   0.000   0.000   0.000    0.000    0.000      0.000    0.000   0.000    0.000     0.000    0.000      0.000   0.000
      5   0.000    0.000   0.000   0.000   0.000   0.000   0.000   0.000   0.000   0.000   0.000   0.000   0.000    0.000    0.000   0.000    0.000   0.000   0.000   0.000   0.000   0.000    0.000    0.000      0.000    0.000   0.000    0.000     0.000    0.000      0.000   0.000
      6   0.000    0.000   0.000   0.000   0.000   0.000   0.000   0.000   0.000   0.000   0.000   0.000   0.000    0.000    0.000   0.000    0.000   0.000   0.000   0.000   0.000   0.000    0.000    0.000      0.000    0.000   0.000    0.000     0.000    0.000      0.000   0.000
      7   0.000    0.000   0.000   0.000   0.000   0.000   0.000   0.000   0.000   0.000   0.000   0.000   0.000    0.000    0.000   0.000    0.000   0.000   0.000   0.000   0.000   0.000    0.000    0.000      0.000    0.000   0.000    0.000     0.000    0.000      0.000   0.000
      8   0.000    0.000   0.000   0.000   0.000   0.000   0.000   0.000   0.000   0.000   0.000   0.000   0.000    0.000    0.000   0.000    0.000   0.000   0.000   0.000   0.000   0.000    0.000    0.000      0.000    0.000   0.000    0.000     0.000    0.000      0.000   0.000
      9   0.000    0.000   0.000   0.000   0.000   0.000   0.000   0.000   0.000   0.000   0.000   0.000   0.000    0.000    0.000   0.000    0.000   0.000   0.000   0.000   0.000   0.000    0.000    0.000      0.000    0.000   0.000    0.000     0.000    0.000      0.000   0.000
    Sum   0.014    0.001   0.010   0.000   0.000   0.000   0.000   0.000   0.000   0.000   0.000   0.000   0.000    0.003    0.000   0.000    0.000   0.000   0.000   0.000   0.000   0.000    0.000    0.000      0.000    0.000   0.000    0.000     0.000    0.000      0.000   0.014


Summary
------------------------------------------------------------------------------------------------------------------------------
                  dt  Flu_Adv  Gra_Adv  Src_Adv  Che_Adv       SF   FB_Adv    FixUp     Flag   Refine MPI_Grid   Output      Aux       LB CorrSync      Par -MPI_Par    libyt         Sum
    Time      0.0007   0.0097   0.0000   0.0000   0.0000   0.0000   0.0000   0.0000   0.0002   0.0004   0.0031   0.0415   0.1156   0.0009   0.0000   0.0000   0.0000   0.0000      0.1721
    Frac      0.426%   5.616%   0.000%   0.000%   0.000%   0.000%   0.000%   0.000%   0.144%   0.208%   1.776%  24.134%  67.174%   0.513%   0.000%   0.000%   0.000%   0.000%     99.991%

==============================================================================================================================
==============================================================================================================================



Time : 1.0444543e-01 -> 1.0553340e-01,     Step :       96 ->       97

Main Loop
------------------------------------------------------------------------------------------------------------------------------
       Total    Integration       Output    Auxiliary    LoadBalance       CorrSync          libyt            Sum
      0.1664         0.0120       0.0459       0.1075         0.0010         0.0000         0.0000         0.1664


Integration Loop
------------------------------------------------------------------------------------------------------------------------------
     Lv   Total       dt Flu_Adv Gra_Adv Src_Adv Che_Adv      SF  FB_Adv   FixUp    Flag  Refine Buf_Rho Buf_Pot Buf_Flu1 Buf_Flu2 Buf_Ref Buf_Flux Buf_Res Buf_Che  Par_KD   Par_K Par_K-1 Par_2Sib -MPI_Sib -MPI_FaSib Par_2Son    -MPI Par_Coll -MPI_Real -MPI_Sib -MPI_FaSib     Sum
      0   0.012    0.001   0.009   0.000   0.000   0.000   0.000   0.000   0.000   0.000   0.000   0.000   0.000    0.002    0.000   0.000    0.000   0.000   0.000   0.000   0.000   0.000    0.000    0.000      0.000    0.000   0.000    0.000     0.000    0.000      0.000   0.012
      1   0.000    0.000   0.000   0.000   0.000   0.000   0.000   0.000   0.000   0.000   0.000   0.000   0.000    0.000    0.000   0.000    0.000   0.000   0.000   0.000   0.000   0.000    0.000    0.000      0.000    0.000   0.000    0.000     0.000    0.000      0.000   0.000
      2   0.000    0.000   0.000   0.000   0.000   0.000   0.000   0.000   0.000   0.000   0.000   0.000   0.000    0.000    0.000   0.000    0.000   0.000   0.000   0.000   0.000   0.000    0.000    0.000      0.000    0.000   0.000    0.000     0.000    0.000      0.000   0.000
      3   0.000    0.000   0.000   0.000   0.000   0.000   0.000   0.000   0.000   0.000   0.000   0.000   0.000    0.000    0.000   0.000    0.000   0.000   0.000   0.000   0.000   0.000    0.000    0.000      0.000    0.000   0.000    0.000     0.000    0.000      0.000   0.000
      4   0.000    0.000   0.000   0.000   0.000   0.000   0.000   0.000   0.000   0.000   0.000   0.000   0.000    0.000    0.000   0.000    0.000   0.000   0.000   0.000   0.000   0.000    0.000    0.000      0.000    0.000   0.000    0.000     0.000    0.000      0.000   0.000
      5   0.000    0.000   0.000   0.000   0.000   0.000   0.000   0.000   0.000   0.000   0.000   0.000   0.000    0.000    0.000   0.000    0.000   0.000   0.000   0.000   0.000   0.000    0.000    0.000      0.000    0.000   0.000    0.000     0.000    0.000      0.000   0.000
      6   0.000    0.000   0.000   0.000   0.000   0.000   0.000   0.000   0.000   0.000   0.000   0.000   0.000    0.000    0.000   0.000    0.000   0.000   0.000   0.000   0.000   0.000    0.000    0.000      0.000    0.000   0.000    0.000     0.000    0.000      0.000   0.000
      7   0.000    0.000   0.000   0.000   0.000   0.000   0.000   0.000   0.000   0.000   0.000   0.000   0.000    0.000    0.000   0.000    0.000   0.000   0.000   0.000   0.000   0.000    0.000    0.000      0.000    0.000   0.000    0.000     0.000    0.000      0.000   0.000
      8   0.000    0.000   0.000   0.000   0.000   0.000   0.000   0.000   0.000   0.000   0.000   0.000   0.000    0.000    0.000   0.000    0.000   0.000   0.000   0.000   0.000   0.000    0.000    0.000      0.000    0.000   0.000    0.000     0.000    0.000      0.000   0.000
      9   0.000    0.000   0.000   0.000   0.000   0.000   0.000   0.000   0.000   0.000   0.000   0.000   0.000    0.000    0.000   0.000    0.000   0.000   0.000   0.000   0.000   0.000    0.000    0.000      0.000    0.000   0.000    0.000     0.000    0.000      0.000   0.000
    Sum   0.012    0.001   0.009   0.000   0.000   0.000   0.000   0.000   0.000   0.000   0.000   0.000   0.000    0.002    0.000   0.000    0.000   0.000   0.000   0.000   0.000   0.000    0.000    0.000      0.000    0.000   0.000    0.000     0.000    0.000      0.000   0.012


Summary
------------------------------------------------------------------------------------------------------------------------------
                  dt  Flu_Adv  Gra_Adv  Src_Adv  Che_Adv       SF   FB_Adv    FixUp     Flag   Refine MPI_Grid   Output      Aux       LB CorrSync      Par -MPI_Par    libyt         Sum
    Time      0.0006   0.0089   0.0000   0.0000   0.0000   0.0000   0.0000   0.0000   0.0000   0.0000   0.0025   0.0459   0.1075   0.0010   0.0000   0.0000   0.0000   0.0000      0.1663
    Frac      0.383%   5.372%   0.000%   0.000%   0.000%   0.000%   0.000%   0.000%   0.000%   0.000%   1.477%  27.562%  64.598%   0.596%   0.000%   0.000%   0.000%   0.000%     99.990%

==============================================================================================================================
==============================================================================================================================



Time : 1.0553340e-01 -> 1.0662138e-01,     Step :       97 ->       98

Main Loop
------------------------------------------------------------------------------------------------------------------------------
       Total    Integration       Output    Auxiliary    LoadBalance       CorrSync          libyt            Sum
      0.1464         0.0124       0.0607       0.0724         0.0009         0.0000         0.0000         0.1464


Integration Loop
------------------------------------------------------------------------------------------------------------------------------
     Lv   Total       dt Flu_Adv Gra_Adv Src_Adv Che_Adv      SF  FB_Adv   FixUp    Flag  Refine Buf_Rho Buf_Pot Buf_Flu1 Buf_Flu2 Buf_Ref Buf_Flux Buf_Res Buf_Che  Par_KD   Par_K Par_K-1 Par_2Sib -MPI_Sib -MPI_FaSib Par_2Son    -MPI Par_Coll -MPI_Real -MPI_Sib -MPI_FaSib     Sum
      0   0.012    0.001   0.009   0.000   0.000   0.000   0.000   0.000   0.000   0.000   0.000   0.000   0.000    0.003    0.000   0.000    0.000   0.000   0.000   0.000   0.000   0.000    0.000    0.000      0.000    0.000   0.000    0.000     0.000    0.000      0.000   0.012
      1   0.000    0.000   0.000   0.000   0.000   0.000   0.000   0.000   0.000   0.000   0.000   0.000   0.000    0.000    0.000   0.000    0.000   0.000   0.000   0.000   0.000   0.000    0.000    0.000      0.000    0.000   0.000    0.000     0.000    0.000      0.000   0.000
      2   0.000    0.000   0.000   0.000   0.000   0.000   0.000   0.000   0.000   0.000   0.000   0.000   0.000    0.000    0.000   0.000    0.000   0.000   0.000   0.000   0.000   0.000    0.000    0.000      0.000    0.000   0.000    0.000     0.000    0.000      0.000   0.000
      3   0.000    0.000   0.000   0.000   0.000   0.000   0.000   0.000   0.000   0.000   0.000   0.000   0.000    0.000    0.000   0.000    0.000   0.000   0.000   0.000   0.000   0.000    0.000    0.000      0.000    0.000   0.000    0.000     0.000    0.000      0.000   0.000
      4   0.000    0.000   0.000   0.000   0.000   0.000   0.000   0.000   0.000   0.000   0.000   0.000   0.000    0.000    0.000   0.000    0.000   0.000   0.000   0.000   0.000   0.000    0.000    0.000      0.000    0.000   0.000    0.000     0.000    0.000      0.000   0.000
      5   0.000    0.000   0.000   0.000   0.000   0.000   0.000   0.000   0.000   0.000   0.000   0.000   0.000    0.000    0.000   0.000    0.000   0.000   0.000   0.000   0.000   0.000    0.000    0.000      0.000    0.000   0.000    0.000     0.000    0.000      0.000   0.000
      6   0.000    0.000   0.000   0.000   0.000   0.000   0.000   0.000   0.000   0.000   0.000   0.000   0.000    0.000    0.000   0.000    0.000   0.000   0.000   0.000   0.000   0.000    0.000    0.000      0.000    0.000   0.000    0.000     0.000    0.000      0.000   0.000
      7   0.000    0.000   0.000   0.000   0.000   0.000   0.000   0.000   0.000   0.000   0.000   0.000   0.000    0.000    0.000   0.000    0.000   0.000   0.000   0.000   0.000   0.000    0.000    0.000      0.000    0.000   0.000    0.000     0.000    0.000      0.000   0.000
      8   0.000    0.000   0.000   0.000   0.000   0.000   0.000   0.000   0.000   0.000   0.000   0.000   0.000    0.000    0.000   0.000    0.000   0.000   0.000   0.000   0.000   0.000    0.000    0.000      0.000    0.000   0.000    0.000     0.000    0.000      0.000   0.000
      9   0.000    0.000   0.000   0.000   0.000   0.000   0.000   0.000   0.000   0.000   0.000   0.000   0.000    0.000    0.000   0.000    0.000   0.000   0.000   0.000   0.000   0.000    0.000    0.000      0.000    0.000   0.000    0.000     0.000    0.000      0.000   0.000
    Sum   0.012    0.001   0.009   0.000   0.000   0.000   0.000   0.000   0.000   0.000   0.000   0.000   0.000    0.003    0.000   0.000    0.000   0.000   0.000   0.000   0.000   0.000    0.000    0.000      0.000    0.000   0.000    0.000     0.000    0.000      0.000   0.012


Summary
------------------------------------------------------------------------------------------------------------------------------
                  dt  Flu_Adv  Gra_Adv  Src_Adv  Che_Adv       SF   FB_Adv    FixUp     Flag   Refine MPI_Grid   Output      Aux       LB CorrSync      Par -MPI_Par    libyt         Sum
    Time      0.0006   0.0088   0.0000   0.0000   0.0000   0.0000   0.0000   0.0000   0.0000   0.0000   0.0030   0.0607   0.0724   0.0009   0.0000   0.0000   0.0000   0.0000      0.1464
    Frac      0.393%   5.984%   0.000%   0.000%   0.000%   0.000%   0.000%   0.000%   0.000%   0.000%   2.049%  41.459%  49.455%   0.648%   0.000%   0.000%   0.000%   0.000%     99.988%

==============================================================================================================================
==============================================================================================================================



Time : 1.0662138e-01 -> 1.0770935e-01,     Step :       98 ->       99

Main Loop
------------------------------------------------------------------------------------------------------------------------------
       Total    Integration       Output    Auxiliary    LoadBalance       CorrSync          libyt            Sum
      0.1375         0.0047       0.0319       0.1000         0.0009         0.0000         0.0000         0.1375


Integration Loop
------------------------------------------------------------------------------------------------------------------------------
     Lv   Total       dt Flu_Adv Gra_Adv Src_Adv Che_Adv      SF  FB_Adv   FixUp    Flag  Refine Buf_Rho Buf_Pot Buf_Flu1 Buf_Flu2 Buf_Ref Buf_Flux Buf_Res Buf_Che  Par_KD   Par_K Par_K-1 Par_2Sib -MPI_Sib -MPI_FaSib Par_2Son    -MPI Par_Coll -MPI_Real -MPI_Sib -MPI_FaSib     Sum
      0   0.005    0.001   0.001   0.000   0.000   0.000   0.000   0.000   0.000   0.000   0.000   0.000   0.000    0.003    0.000   0.000    0.000   0.000   0.000   0.000   0.000   0.000    0.000    0.000      0.000    0.000   0.000    0.000     0.000    0.000      0.000   0.005
      1   0.000    0.000   0.000   0.000   0.000   0.000   0.000   0.000   0.000   0.000   0.000   0.000   0.000    0.000    0.000   0.000    0.000   0.000   0.000   0.000   0.000   0.000    0.000    0.000      0.000    0.000   0.000    0.000     0.000    0.000      0.000   0.000
      2   0.000    0.000   0.000   0.000   0.000   0.000   0.000   0.000   0.000   0.000   0.000   0.000   0.000    0.000    0.000   0.000    0.000   0.000   0.000   0.000   0.000   0.000    0.000    0.000      0.000    0.000   0.000    0.000     0.000    0.000      0.000   0.000
      3   0.000    0.000   0.000   0.000   0.000   0.000   0.000   0.000   0.000   0.000   0.000   0.000   0.000    0.000    0.000   0.000    0.000   0.000   0.000   0.000   0.000   0.000    0.000    0.000      0.000    0.000   0.000    0.000     0.000    0.000      0.000   0.000
      4   0.000    0.000   0.000   0.000   0.000   0.000   0.000   0.000   0.000   0.000   0.000   0.000   0.000    0.000    0.000   0.000    0.000   0.000   0.000   0.000   0.000   0.000    0.000    0.000      0.000    0.000   0.000    0.000     0.000    0.000      0.000   0.000
      5   0.000    0.000   0.000   0.000   0.000   0.000   0.000   0.000   0.000   0.000   0.000   0.000   0.000    0.000    0.000   0.000    0.000   0.000   0.000   0.000   0.000   0.000    0.000    0.000      0.000    0.000   0.000    0.000     0.000    0.000      0.000   0.000
      6   0.000    0.000   0.000   0.000   0.000   0.000   0.000   0.000   0.000   0.000   0.000   0.000   0.000    0.000    0.000   0.000    0.000   0.000   0.000   0.000   0.000   0.000    0.000    0.000      0.000    0.000   0.000    0.000     0.000    0.000      0.000   0.000
      7   0.000    0.000   0.000   0.000   0.000   0.000   0.000   0.000   0.000   0.000   0.000   0.000   0.000    0.000    0.000   0.000    0.000   0.000   0.000   0.000   0.000   0.000    0.000    0.000      0.000    0.000   0.000    0.000     0.000    0.000      0.000   0.000
      8   0.000    0.000   0.000   0.000   0.000   0.000   0.000   0.000   0.000   0.000   0.000   0.000   0.000    0.000    0.000   0.000    0.000   0.000   0.000   0.000   0.000   0.000    0.000    0.000      0.000    0.000   0.000    0.000     0.000    0.000      0.000   0.000
      9   0.000    0.000   0.000   0.000   0.000   0.000   0.000   0.000   0.000   0.000   0.000   0.000   0.000    0.000    0.000   0.000    0.000   0.000   0.000   0.000   0.000   0.000    0.000    0.000      0.000    0.000   0.000    0.000     0.000    0.000      0.000   0.000
    Sum   0.005    0.001   0.001   0.000   0.000   0.000   0.000   0.000   0.000   0.000   0.000   0.000   0.000    0.003    0.000   0.000    0.000   0.000   0.000   0.000   0.000   0.000    0.000    0.000      0.000    0.000   0.000    0.000     0.000    0.000      0.000   0.005


Summary
------------------------------------------------------------------------------------------------------------------------------
                  dt  Flu_Adv  Gra_Adv  Src_Adv  Che_Adv       SF   FB_Adv    FixUp     Flag   Refine MPI_Grid   Output      Aux       LB CorrSync      Par -MPI_Par    libyt         Sum
    Time      0.0007   0.0015   0.0000   0.0000   0.0000   0.0000   0.0000   0.0000   0.0000   0.0000   0.0026   0.0319   0.1000   0.0009   0.0000   0.0000   0.0000   0.0000      0.1375
    Frac      0.476%   1.088%   0.000%   0.000%   0.000%   0.000%   0.000%   0.000%   0.000%   0.000%   1.861%  23.188%  72.756%   0.619%   0.000%   0.000%   0.000%   0.000%     99.988%

==============================================================================================================================
==============================================================================================================================



Time : 1.0770935e-01 -> 1.0879732e-01,     Step :       99 ->      100

Main Loop
------------------------------------------------------------------------------------------------------------------------------
       Total    Integration       Output    Auxiliary    LoadBalance       CorrSync          libyt            Sum
      0.1662         0.0304       0.0646       0.0703         0.0009         0.0000         0.0000         0.1662


Integration Loop
------------------------------------------------------------------------------------------------------------------------------
     Lv   Total       dt Flu_Adv Gra_Adv Src_Adv Che_Adv      SF  FB_Adv   FixUp    Flag  Refine Buf_Rho Buf_Pot Buf_Flu1 Buf_Flu2 Buf_Ref Buf_Flux Buf_Res Buf_Che  Par_KD   Par_K Par_K-1 Par_2Sib -MPI_Sib -MPI_FaSib Par_2Son    -MPI Par_Coll -MPI_Real -MPI_Sib -MPI_FaSib     Sum
      0   0.030    0.001   0.009   0.000   0.000   0.000   0.000   0.000   0.000   0.000   0.000   0.000   0.000    0.020    0.000   0.000    0.000   0.000   0.000   0.000   0.000   0.000    0.000    0.000      0.000    0.000   0.000    0.000     0.000    0.000      0.000   0.030
      1   0.000    0.000   0.000   0.000   0.000   0.000   0.000   0.000   0.000   0.000   0.000   0.000   0.000    0.000    0.000   0.000    0.000   0.000   0.000   0.000   0.000   0.000    0.000    0.000      0.000    0.000   0.000    0.000     0.000    0.000      0.000   0.000
      2   0.000    0.000   0.000   0.000   0.000   0.000   0.000   0.000   0.000   0.000   0.000   0.000   0.000    0.000    0.000   0.000    0.000   0.000   0.000   0.000   0.000   0.000    0.000    0.000      0.000    0.000   0.000    0.000     0.000    0.000      0.000   0.000
      3   0.000    0.000   0.000   0.000   0.000   0.000   0.000   0.000   0.000   0.000   0.000   0.000   0.000    0.000    0.000   0.000    0.000   0.000   0.000   0.000   0.000   0.000    0.000    0.000      0.000    0.000   0.000    0.000     0.000    0.000      0.000   0.000
      4   0.000    0.000   0.000   0.000   0.000   0.000   0.000   0.000   0.000   0.000   0.000   0.000   0.000    0.000    0.000   0.000    0.000   0.000   0.000   0.000   0.000   0.000    0.000    0.000      0.000    0.000   0.000    0.000     0.000    0.000      0.000   0.000
      5   0.000    0.000   0.000   0.000   0.000   0.000   0.000   0.000   0.000   0.000   0.000   0.000   0.000    0.000    0.000   0.000    0.000   0.000   0.000   0.000   0.000   0.000    0.000    0.000      0.000    0.000   0.000    0.000     0.000    0.000      0.000   0.000
      6   0.000    0.000   0.000   0.000   0.000   0.000   0.000   0.000   0.000   0.000   0.000   0.000   0.000    0.000    0.000   0.000    0.000   0.000   0.000   0.000   0.000   0.000    0.000    0.000      0.000    0.000   0.000    0.000     0.000    0.000      0.000   0.000
      7   0.000    0.000   0.000   0.000   0.000   0.000   0.000   0.000   0.000   0.000   0.000   0.000   0.000    0.000    0.000   0.000    0.000   0.000   0.000   0.000   0.000   0.000    0.000    0.000      0.000    0.000   0.000    0.000     0.000    0.000      0.000   0.000
      8   0.000    0.000   0.000   0.000   0.000   0.000   0.000   0.000   0.000   0.000   0.000   0.000   0.000    0.000    0.000   0.000    0.000   0.000   0.000   0.000   0.000   0.000    0.000    0.000      0.000    0.000   0.000    0.000     0.000    0.000      0.000   0.000
      9   0.000    0.000   0.000   0.000   0.000   0.000   0.000   0.000   0.000   0.000   0.000   0.000   0.000    0.000    0.000   0.000    0.000   0.000   0.000   0.000   0.000   0.000    0.000    0.000      0.000    0.000   0.000    0.000     0.000    0.000      0.000   0.000
    Sum   0.030    0.001   0.009   0.000   0.000   0.000   0.000   0.000   0.000   0.000   0.000   0.000   0.000    0.020    0.000   0.000    0.000   0.000   0.000   0.000   0.000   0.000    0.000    0.000      0.000    0.000   0.000    0.000     0.000    0.000      0.000   0.030


Summary
------------------------------------------------------------------------------------------------------------------------------
                  dt  Flu_Adv  Gra_Adv  Src_Adv  Che_Adv       SF   FB_Adv    FixUp     Flag   Refine MPI_Grid   Output      Aux       LB CorrSync      Par -MPI_Par    libyt         Sum
    Time      0.0006   0.0090   0.0000   0.0000   0.0000   0.0000   0.0000   0.0000   0.0004   0.0005   0.0198   0.0646   0.0703   0.0009   0.0000   0.0000   0.0000   0.0000      0.1662
    Frac      0.349%   5.432%   0.000%   0.000%   0.000%   0.000%   0.000%   0.000%   0.265%   0.280%  11.930%  38.886%  42.294%   0.552%   0.000%   0.000%   0.000%   0.000%     99.989%

==============================================================================================================================
==============================================================================================================================



******************************************************************************************************************************
*************                                     Accumulated timing results                                     *************
******************************************************************************************************************************
Total Number of Steps : 100
Final Physical Time   : 1.0879732e-01
Total Simulation Time : 12.964697 sec
Timing Diagnosis      :
------------------------------------------------------------------------------------------------------------------------------
                dt  Flu_Adv  Gra_Adv  Src_Adv  Che_Adv       SF   FB_Adv    FixUp     Flag   Refine MPI_Grid   Output      Aux       LB CorrSync      Par -MPI_Par    libyt     Init    Other      Sum
    Time      0.07     0.84     0.00     0.00     0.00     0.00     0.00     0.00     0.02     0.02     0.35     3.29     7.49     0.11     0.00     0.00     0.00     0.00     0.47     0.30    12.96
    Frac    0.546%   6.456%   0.000%   0.000%   0.000%   0.000%   0.000%   0.000%   0.141%   0.126%   2.731%  25.408%  57.800%   0.812%   0.000%   0.000%   0.000%   0.000%   3.663%   2.302%  99.984%
******************************************************************************************************************************


