# dt         : calculate time-step
# Flu_Adv    : evolve fluid variables
# Gra_Adv    : calculate gravitational potential and acceleration
# Src_Adv    : Source terms
# Che_Adv    : Grackle cooling and chemistry library
# SF         : Star formation
# FB_Adv     : Feedback
# FixUp      : use fine-grid data to correct coarse-grid data
# Flag       : check refinement criteria
# Refine     : allocate/remove patches on a higher level
# Buf_Rho    : MPI for exchanging density for the Poisson solver
# Buf_Pot    : MPI for exchanging potential
# Buf_Flu1   : MPI for exchanging fluid data after advance
# Buf_Flu2   : MPI for exchanging fluid data after fix-up
# Buf_Ref    : MPI for exchanging fluid data and potential after grid refinement
# Buf_Flux   : MPI for exchanging fluxes across coarse-fine boundaries
# Buf_Res    : MPI for exchanging restricted fluid data in the father buffer patches (LOAD_BALANCE only)
# Buf_Che    : MPI for exchanging fluid data after calling Grackle
# Par_KD     : kick-drift for particles
# Par_K      : last kick for particles staying at the same level
# Par_K-1    : last kick for particles entering coarser grids
# Par_2Sib   : pass particles to sibling patches after drift
# -MPI_Sib   : MPI for exchanging particles staying at the same level after drift (included in Par_2Sib)
# -MPI_FaSib : MPI for exchanging particles entering coarser grids after drift (included in Par_2Sib)
# Par_2Son   : pass particles to son patches after the last kick
# -MPI       : MPI for exchanging particles after the last kick (included in Par_2Son)
# Par_Coll   : collect particles from finer grids for the Poisson solver
# -MPI_Real  : MPI for collecting particles from leaf patches in other ranks (included in Par_Coll)
# -MPI_Sib   : MPI for collecting particles to sibling buffer patches (included in Par_Coll)
# -MPI_FaSib : MPI for collecting particles to father-sibling buffer patches (included in Par_Coll)
#-----------------------------------------------------------------------------------------------------------------------------

Time : 0.0000000e+00 -> 6.7998328e-05,     Step :        0 ->        1

Main Loop
------------------------------------------------------------------------------------------------------------------------------
       Total    Integration       Output    Auxiliary    LoadBalance       CorrSync          libyt            Sum
      0.0241         0.0084       0.0039       0.0113         0.0005         0.0000         0.0000         0.0241


Integration Loop
------------------------------------------------------------------------------------------------------------------------------
     Lv   Total       dt Flu_Adv Gra_Adv Src_Adv Che_Adv      SF  FB_Adv   FixUp    Flag  Refine Buf_Rho Buf_Pot Buf_Flu1 Buf_Flu2 Buf_Ref Buf_Flux Buf_Res Buf_Che  Par_KD   Par_K Par_K-1 Par_2Sib -MPI_Sib -MPI_FaSib Par_2Son    -MPI Par_Coll -MPI_Real -MPI_Sib -MPI_FaSib     Sum
      0   0.008    0.001   0.006   0.000   0.000   0.000   0.000   0.000   0.000   0.000   0.000   0.000   0.000    0.002    0.000   0.000    0.000   0.000   0.000   0.000   0.000   0.000    0.000    0.000      0.000    0.000   0.000    0.000     0.000    0.000      0.000   0.008
      1   0.000    0.000   0.000   0.000   0.000   0.000   0.000   0.000   0.000   0.000   0.000   0.000   0.000    0.000    0.000   0.000    0.000   0.000   0.000   0.000   0.000   0.000    0.000    0.000      0.000    0.000   0.000    0.000     0.000    0.000      0.000   0.000
      2   0.000    0.000   0.000   0.000   0.000   0.000   0.000   0.000   0.000   0.000   0.000   0.000   0.000    0.000    0.000   0.000    0.000   0.000   0.000   0.000   0.000   0.000    0.000    0.000      0.000    0.000   0.000    0.000     0.000    0.000      0.000   0.000
      3   0.000    0.000   0.000   0.000   0.000   0.000   0.000   0.000   0.000   0.000   0.000   0.000   0.000    0.000    0.000   0.000    0.000   0.000   0.000   0.000   0.000   0.000    0.000    0.000      0.000    0.000   0.000    0.000     0.000    0.000      0.000   0.000
      4   0.000    0.000   0.000   0.000   0.000   0.000   0.000   0.000   0.000   0.000   0.000   0.000   0.000    0.000    0.000   0.000    0.000   0.000   0.000   0.000   0.000   0.000    0.000    0.000      0.000    0.000   0.000    0.000     0.000    0.000      0.000   0.000
      5   0.000    0.000   0.000   0.000   0.000   0.000   0.000   0.000   0.000   0.000   0.000   0.000   0.000    0.000    0.000   0.000    0.000   0.000   0.000   0.000   0.000   0.000    0.000    0.000      0.000    0.000   0.000    0.000     0.000    0.000      0.000   0.000
      6   0.000    0.000   0.000   0.000   0.000   0.000   0.000   0.000   0.000   0.000   0.000   0.000   0.000    0.000    0.000   0.000    0.000   0.000   0.000   0.000   0.000   0.000    0.000    0.000      0.000    0.000   0.000    0.000     0.000    0.000      0.000   0.000
      7   0.000    0.000   0.000   0.000   0.000   0.000   0.000   0.000   0.000   0.000   0.000   0.000   0.000    0.000    0.000   0.000    0.000   0.000   0.000   0.000   0.000   0.000    0.000    0.000      0.000    0.000   0.000    0.000     0.000    0.000      0.000   0.000
      8   0.000    0.000   0.000   0.000   0.000   0.000   0.000   0.000   0.000   0.000   0.000   0.000   0.000    0.000    0.000   0.000    0.000   0.000   0.000   0.000   0.000   0.000    0.000    0.000      0.000    0.000   0.000    0.000     0.000    0.000      0.000   0.000
      9   0.000    0.000   0.000   0.000   0.000   0.000   0.000   0.000   0.000   0.000   0.000   0.000   0.000    0.000    0.000   0.000    0.000   0.000   0.000   0.000   0.000   0.000    0.000    0.000      0.000    0.000   0.000    0.000     0.000    0.000      0.000   0.000
    Sum   0.008    0.001   0.006   0.000   0.000   0.000   0.000   0.000   0.000   0.000   0.000   0.000   0.000    0.002    0.000   0.000    0.000   0.000   0.000   0.000   0.000   0.000    0.000    0.000      0.000    0.000   0.000    0.000     0.000    0.000      0.000   0.008


Summary
------------------------------------------------------------------------------------------------------------------------------
                  dt  Flu_Adv  Gra_Adv  Src_Adv  Che_Adv       SF   FB_Adv    FixUp     Flag   Refine MPI_Grid   Output      Aux       LB CorrSync      Par -MPI_Par    libyt         Sum
    Time      0.0007   0.0056   0.0000   0.0000   0.0000   0.0000   0.0000   0.0000   0.0000   0.0000   0.0021   0.0039   0.0113   0.0005   0.0000   0.0000   0.0000   0.0000      0.0241
    Frac      3.070%  23.419%   0.000%   0.000%   0.000%   0.000%   0.000%   0.000%   0.000%   0.000%   8.554%  16.153%  46.780%   2.015%   0.000%   0.000%   0.000%   0.000%     99.992%

==============================================================================================================================
==============================================================================================================================



Time : 6.7998328e-05 -> 1.3599666e-04,     Step :        1 ->        2

Main Loop
------------------------------------------------------------------------------------------------------------------------------
       Total    Integration       Output    Auxiliary    LoadBalance       CorrSync          libyt            Sum
      0.0189         0.0053       0.0039       0.0092         0.0005         0.0000         0.0000         0.0189


Integration Loop
------------------------------------------------------------------------------------------------------------------------------
     Lv   Total       dt Flu_Adv Gra_Adv Src_Adv Che_Adv      SF  FB_Adv   FixUp    Flag  Refine Buf_Rho Buf_Pot Buf_Flu1 Buf_Flu2 Buf_Ref Buf_Flux Buf_Res Buf_Che  Par_KD   Par_K Par_K-1 Par_2Sib -MPI_Sib -MPI_FaSib Par_2Son    -MPI Par_Coll -MPI_Real -MPI_Sib -MPI_FaSib     Sum
      0   0.005    0.000   0.004   0.000   0.000   0.000   0.000   0.000   0.000   0.000   0.000   0.000   0.000    0.001    0.000   0.000    0.000   0.000   0.000   0.000   0.000   0.000    0.000    0.000      0.000    0.000   0.000    0.000     0.000    0.000      0.000   0.005
      1   0.000    0.000   0.000   0.000   0.000   0.000   0.000   0.000   0.000   0.000   0.000   0.000   0.000    0.000    0.000   0.000    0.000   0.000   0.000   0.000   0.000   0.000    0.000    0.000      0.000    0.000   0.000    0.000     0.000    0.000      0.000   0.000
      2   0.000    0.000   0.000   0.000   0.000   0.000   0.000   0.000   0.000   0.000   0.000   0.000   0.000    0.000    0.000   0.000    0.000   0.000   0.000   0.000   0.000   0.000    0.000    0.000      0.000    0.000   0.000    0.000     0.000    0.000      0.000   0.000
      3   0.000    0.000   0.000   0.000   0.000   0.000   0.000   0.000   0.000   0.000   0.000   0.000   0.000    0.000    0.000   0.000    0.000   0.000   0.000   0.000   0.000   0.000    0.000    0.000      0.000    0.000   0.000    0.000     0.000    0.000      0.000   0.000
      4   0.000    0.000   0.000   0.000   0.000   0.000   0.000   0.000   0.000   0.000   0.000   0.000   0.000    0.000    0.000   0.000    0.000   0.000   0.000   0.000   0.000   0.000    0.000    0.000      0.000    0.000   0.000    0.000     0.000    0.000      0.000   0.000
      5   0.000    0.000   0.000   0.000   0.000   0.000   0.000   0.000   0.000   0.000   0.000   0.000   0.000    0.000    0.000   0.000    0.000   0.000   0.000   0.000   0.000   0.000    0.000    0.000      0.000    0.000   0.000    0.000     0.000    0.000      0.000   0.000
      6   0.000    0.000   0.000   0.000   0.000   0.000   0.000   0.000   0.000   0.000   0.000   0.000   0.000    0.000    0.000   0.000    0.000   0.000   0.000   0.000   0.000   0.000    0.000    0.000      0.000    0.000   0.000    0.000     0.000    0.000      0.000   0.000
      7   0.000    0.000   0.000   0.000   0.000   0.000   0.000   0.000   0.000   0.000   0.000   0.000   0.000    0.000    0.000   0.000    0.000   0.000   0.000   0.000   0.000   0.000    0.000    0.000      0.000    0.000   0.000    0.000     0.000    0.000      0.000   0.000
      8   0.000    0.000   0.000   0.000   0.000   0.000   0.000   0.000   0.000   0.000   0.000   0.000   0.000    0.000    0.000   0.000    0.000   0.000   0.000   0.000   0.000   0.000    0.000    0.000      0.000    0.000   0.000    0.000     0.000    0.000      0.000   0.000
      9   0.000    0.000   0.000   0.000   0.000   0.000   0.000   0.000   0.000   0.000   0.000   0.000   0.000    0.000    0.000   0.000    0.000   0.000   0.000   0.000   0.000   0.000    0.000    0.000      0.000    0.000   0.000    0.000     0.000    0.000      0.000   0.000
    Sum   0.005    0.000   0.004   0.000   0.000   0.000   0.000   0.000   0.000   0.000   0.000   0.000   0.000    0.001    0.000   0.000    0.000   0.000   0.000   0.000   0.000   0.000    0.000    0.000      0.000    0.000   0.000    0.000     0.000    0.000      0.000   0.005


Summary
------------------------------------------------------------------------------------------------------------------------------
                  dt  Flu_Adv  Gra_Adv  Src_Adv  Che_Adv       SF   FB_Adv    FixUp     Flag   Refine MPI_Grid   Output      Aux       LB CorrSync      Par -MPI_Par    libyt         Sum
    Time      0.0005   0.0037   0.0000   0.0000   0.0000   0.0000   0.0000   0.0000   0.0000   0.0000   0.0012   0.0039   0.0092   0.0005   0.0000   0.0000   0.0000   0.0000      0.0189
    Frac      2.453%  19.541%   0.000%   0.000%   0.000%   0.000%   0.000%   0.000%   0.000%   0.000%   6.207%  20.477%  48.409%   2.908%   0.000%   0.000%   0.000%   0.000%     99.995%

==============================================================================================================================
==============================================================================================================================



Time : 1.3599666e-04 -> 2.0399498e-04,     Step :        2 ->        3

Main Loop
------------------------------------------------------------------------------------------------------------------------------
       Total    Integration       Output    Auxiliary    LoadBalance       CorrSync          libyt            Sum
      0.0176         0.0054       0.0021       0.0094         0.0006         0.0000         0.0000         0.0176


Integration Loop
------------------------------------------------------------------------------------------------------------------------------
     Lv   Total       dt Flu_Adv Gra_Adv Src_Adv Che_Adv      SF  FB_Adv   FixUp    Flag  Refine Buf_Rho Buf_Pot Buf_Flu1 Buf_Flu2 Buf_Ref Buf_Flux Buf_Res Buf_Che  Par_KD   Par_K Par_K-1 Par_2Sib -MPI_Sib -MPI_FaSib Par_2Son    -MPI Par_Coll -MPI_Real -MPI_Sib -MPI_FaSib     Sum
      0   0.005    0.001   0.004   0.000   0.000   0.000   0.000   0.000   0.000   0.000   0.000   0.000   0.000    0.001    0.000   0.000    0.000   0.000   0.000   0.000   0.000   0.000    0.000    0.000      0.000    0.000   0.000    0.000     0.000    0.000      0.000   0.005
      1   0.000    0.000   0.000   0.000   0.000   0.000   0.000   0.000   0.000   0.000   0.000   0.000   0.000    0.000    0.000   0.000    0.000   0.000   0.000   0.000   0.000   0.000    0.000    0.000      0.000    0.000   0.000    0.000     0.000    0.000      0.000   0.000
      2   0.000    0.000   0.000   0.000   0.000   0.000   0.000   0.000   0.000   0.000   0.000   0.000   0.000    0.000    0.000   0.000    0.000   0.000   0.000   0.000   0.000   0.000    0.000    0.000      0.000    0.000   0.000    0.000     0.000    0.000      0.000   0.000
      3   0.000    0.000   0.000   0.000   0.000   0.000   0.000   0.000   0.000   0.000   0.000   0.000   0.000    0.000    0.000   0.000    0.000   0.000   0.000   0.000   0.000   0.000    0.000    0.000      0.000    0.000   0.000    0.000     0.000    0.000      0.000   0.000
      4   0.000    0.000   0.000   0.000   0.000   0.000   0.000   0.000   0.000   0.000   0.000   0.000   0.000    0.000    0.000   0.000    0.000   0.000   0.000   0.000   0.000   0.000    0.000    0.000      0.000    0.000   0.000    0.000     0.000    0.000      0.000   0.000
      5   0.000    0.000   0.000   0.000   0.000   0.000   0.000   0.000   0.000   0.000   0.000   0.000   0.000    0.000    0.000   0.000    0.000   0.000   0.000   0.000   0.000   0.000    0.000    0.000      0.000    0.000   0.000    0.000     0.000    0.000      0.000   0.000
      6   0.000    0.000   0.000   0.000   0.000   0.000   0.000   0.000   0.000   0.000   0.000   0.000   0.000    0.000    0.000   0.000    0.000   0.000   0.000   0.000   0.000   0.000    0.000    0.000      0.000    0.000   0.000    0.000     0.000    0.000      0.000   0.000
      7   0.000    0.000   0.000   0.000   0.000   0.000   0.000   0.000   0.000   0.000   0.000   0.000   0.000    0.000    0.000   0.000    0.000   0.000   0.000   0.000   0.000   0.000    0.000    0.000      0.000    0.000   0.000    0.000     0.000    0.000      0.000   0.000
      8   0.000    0.000   0.000   0.000   0.000   0.000   0.000   0.000   0.000   0.000   0.000   0.000   0.000    0.000    0.000   0.000    0.000   0.000   0.000   0.000   0.000   0.000    0.000    0.000      0.000    0.000   0.000    0.000     0.000    0.000      0.000   0.000
      9   0.000    0.000   0.000   0.000   0.000   0.000   0.000   0.000   0.000   0.000   0.000   0.000   0.000    0.000    0.000   0.000    0.000   0.000   0.000   0.000   0.000   0.000    0.000    0.000      0.000    0.000   0.000    0.000     0.000    0.000      0.000   0.000
    Sum   0.005    0.001   0.004   0.000   0.000   0.000   0.000   0.000   0.000   0.000   0.000   0.000   0.000    0.001    0.000   0.000    0.000   0.000   0.000   0.000   0.000   0.000    0.000    0.000      0.000    0.000   0.000    0.000     0.000    0.000      0.000   0.005


Summary
------------------------------------------------------------------------------------------------------------------------------
                  dt  Flu_Adv  Gra_Adv  Src_Adv  Che_Adv       SF   FB_Adv    FixUp     Flag   Refine MPI_Grid   Output      Aux       LB CorrSync      Par -MPI_Par    libyt         Sum
    Time      0.0005   0.0038   0.0000   0.0000   0.0000   0.0000   0.0000   0.0000   0.0000   0.0000   0.0012   0.0021   0.0094   0.0006   0.0000   0.0000   0.0000   0.0000      0.0176
    Frac      2.871%  21.410%   0.000%   0.000%   0.000%   0.000%   0.000%   0.000%   0.000%   0.000%   6.583%  11.995%  53.559%   3.570%   0.000%   0.000%   0.000%   0.000%     99.989%

==============================================================================================================================
==============================================================================================================================



Time : 2.0399498e-04 -> 2.7199331e-04,     Step :        3 ->        4

Main Loop
------------------------------------------------------------------------------------------------------------------------------
       Total    Integration       Output    Auxiliary    LoadBalance       CorrSync          libyt            Sum
      0.0187         0.0061       0.0022       0.0097         0.0007         0.0000         0.0000         0.0187


Integration Loop
------------------------------------------------------------------------------------------------------------------------------
     Lv   Total       dt Flu_Adv Gra_Adv Src_Adv Che_Adv      SF  FB_Adv   FixUp    Flag  Refine Buf_Rho Buf_Pot Buf_Flu1 Buf_Flu2 Buf_Ref Buf_Flux Buf_Res Buf_Che  Par_KD   Par_K Par_K-1 Par_2Sib -MPI_Sib -MPI_FaSib Par_2Son    -MPI Par_Coll -MPI_Real -MPI_Sib -MPI_FaSib     Sum
      0   0.006    0.000   0.004   0.000   0.000   0.000   0.000   0.000   0.000   0.000   0.000   0.000   0.000    0.001    0.000   0.000    0.000   0.000   0.000   0.000   0.000   0.000    0.000    0.000      0.000    0.000   0.000    0.000     0.000    0.000      0.000   0.006
      1   0.000    0.000   0.000   0.000   0.000   0.000   0.000   0.000   0.000   0.000   0.000   0.000   0.000    0.000    0.000   0.000    0.000   0.000   0.000   0.000   0.000   0.000    0.000    0.000      0.000    0.000   0.000    0.000     0.000    0.000      0.000   0.000
      2   0.000    0.000   0.000   0.000   0.000   0.000   0.000   0.000   0.000   0.000   0.000   0.000   0.000    0.000    0.000   0.000    0.000   0.000   0.000   0.000   0.000   0.000    0.000    0.000      0.000    0.000   0.000    0.000     0.000    0.000      0.000   0.000
      3   0.000    0.000   0.000   0.000   0.000   0.000   0.000   0.000   0.000   0.000   0.000   0.000   0.000    0.000    0.000   0.000    0.000   0.000   0.000   0.000   0.000   0.000    0.000    0.000      0.000    0.000   0.000    0.000     0.000    0.000      0.000   0.000
      4   0.000    0.000   0.000   0.000   0.000   0.000   0.000   0.000   0.000   0.000   0.000   0.000   0.000    0.000    0.000   0.000    0.000   0.000   0.000   0.000   0.000   0.000    0.000    0.000      0.000    0.000   0.000    0.000     0.000    0.000      0.000   0.000
      5   0.000    0.000   0.000   0.000   0.000   0.000   0.000   0.000   0.000   0.000   0.000   0.000   0.000    0.000    0.000   0.000    0.000   0.000   0.000   0.000   0.000   0.000    0.000    0.000      0.000    0.000   0.000    0.000     0.000    0.000      0.000   0.000
      6   0.000    0.000   0.000   0.000   0.000   0.000   0.000   0.000   0.000   0.000   0.000   0.000   0.000    0.000    0.000   0.000    0.000   0.000   0.000   0.000   0.000   0.000    0.000    0.000      0.000    0.000   0.000    0.000     0.000    0.000      0.000   0.000
      7   0.000    0.000   0.000   0.000   0.000   0.000   0.000   0.000   0.000   0.000   0.000   0.000   0.000    0.000    0.000   0.000    0.000   0.000   0.000   0.000   0.000   0.000    0.000    0.000      0.000    0.000   0.000    0.000     0.000    0.000      0.000   0.000
      8   0.000    0.000   0.000   0.000   0.000   0.000   0.000   0.000   0.000   0.000   0.000   0.000   0.000    0.000    0.000   0.000    0.000   0.000   0.000   0.000   0.000   0.000    0.000    0.000      0.000    0.000   0.000    0.000     0.000    0.000      0.000   0.000
      9   0.000    0.000   0.000   0.000   0.000   0.000   0.000   0.000   0.000   0.000   0.000   0.000   0.000    0.000    0.000   0.000    0.000   0.000   0.000   0.000   0.000   0.000    0.000    0.000      0.000    0.000   0.000    0.000     0.000    0.000      0.000   0.000
    Sum   0.006    0.000   0.004   0.000   0.000   0.000   0.000   0.000   0.000   0.000   0.000   0.000   0.000    0.001    0.000   0.000    0.000   0.000   0.000   0.000   0.000   0.000    0.000    0.000      0.000    0.000   0.000    0.000     0.000    0.000      0.000   0.006


Summary
------------------------------------------------------------------------------------------------------------------------------
                  dt  Flu_Adv  Gra_Adv  Src_Adv  Che_Adv       SF   FB_Adv    FixUp     Flag   Refine MPI_Grid   Output      Aux       LB CorrSync      Par -MPI_Par    libyt         Sum
    Time      0.0005   0.0039   0.0000   0.0000   0.0000   0.0000   0.0000   0.0000   0.0003   0.0003   0.0012   0.0022   0.0097   0.0007   0.0000   0.0000   0.0000   0.0000      0.0187
    Frac      2.467%  20.836%   0.000%   0.000%   0.000%   0.000%   0.000%   0.000%   1.493%   1.675%   6.276%  11.772%  51.993%   3.483%   0.000%   0.000%   0.000%   0.000%     99.995%

==============================================================================================================================
==============================================================================================================================



Time : 2.7199331e-04 -> 3.3999164e-04,     Step :        4 ->        5

Main Loop
------------------------------------------------------------------------------------------------------------------------------
       Total    Integration       Output    Auxiliary    LoadBalance       CorrSync          libyt            Sum
      0.0179         0.0062       0.0021       0.0089         0.0007         0.0000         0.0000         0.0179


Integration Loop
------------------------------------------------------------------------------------------------------------------------------
     Lv   Total       dt Flu_Adv Gra_Adv Src_Adv Che_Adv      SF  FB_Adv   FixUp    Flag  Refine Buf_Rho Buf_Pot Buf_Flu1 Buf_Flu2 Buf_Ref Buf_Flux Buf_Res Buf_Che  Par_KD   Par_K Par_K-1 Par_2Sib -MPI_Sib -MPI_FaSib Par_2Son    -MPI Par_Coll -MPI_Real -MPI_Sib -MPI_FaSib     Sum
      0   0.006    0.000   0.005   0.000   0.000   0.000   0.000   0.000   0.000   0.000   0.000   0.000   0.000    0.001    0.000   0.000    0.000   0.000   0.000   0.000   0.000   0.000    0.000    0.000      0.000    0.000   0.000    0.000     0.000    0.000      0.000   0.006
      1   0.000    0.000   0.000   0.000   0.000   0.000   0.000   0.000   0.000   0.000   0.000   0.000   0.000    0.000    0.000   0.000    0.000   0.000   0.000   0.000   0.000   0.000    0.000    0.000      0.000    0.000   0.000    0.000     0.000    0.000      0.000   0.000
      2   0.000    0.000   0.000   0.000   0.000   0.000   0.000   0.000   0.000   0.000   0.000   0.000   0.000    0.000    0.000   0.000    0.000   0.000   0.000   0.000   0.000   0.000    0.000    0.000      0.000    0.000   0.000    0.000     0.000    0.000      0.000   0.000
      3   0.000    0.000   0.000   0.000   0.000   0.000   0.000   0.000   0.000   0.000   0.000   0.000   0.000    0.000    0.000   0.000    0.000   0.000   0.000   0.000   0.000   0.000    0.000    0.000      0.000    0.000   0.000    0.000     0.000    0.000      0.000   0.000
      4   0.000    0.000   0.000   0.000   0.000   0.000   0.000   0.000   0.000   0.000   0.000   0.000   0.000    0.000    0.000   0.000    0.000   0.000   0.000   0.000   0.000   0.000    0.000    0.000      0.000    0.000   0.000    0.000     0.000    0.000      0.000   0.000
      5   0.000    0.000   0.000   0.000   0.000   0.000   0.000   0.000   0.000   0.000   0.000   0.000   0.000    0.000    0.000   0.000    0.000   0.000   0.000   0.000   0.000   0.000    0.000    0.000      0.000    0.000   0.000    0.000     0.000    0.000      0.000   0.000
      6   0.000    0.000   0.000   0.000   0.000   0.000   0.000   0.000   0.000   0.000   0.000   0.000   0.000    0.000    0.000   0.000    0.000   0.000   0.000   0.000   0.000   0.000    0.000    0.000      0.000    0.000   0.000    0.000     0.000    0.000      0.000   0.000
      7   0.000    0.000   0.000   0.000   0.000   0.000   0.000   0.000   0.000   0.000   0.000   0.000   0.000    0.000    0.000   0.000    0.000   0.000   0.000   0.000   0.000   0.000    0.000    0.000      0.000    0.000   0.000    0.000     0.000    0.000      0.000   0.000
      8   0.000    0.000   0.000   0.000   0.000   0.000   0.000   0.000   0.000   0.000   0.000   0.000   0.000    0.000    0.000   0.000    0.000   0.000   0.000   0.000   0.000   0.000    0.000    0.000      0.000    0.000   0.000    0.000     0.000    0.000      0.000   0.000
      9   0.000    0.000   0.000   0.000   0.000   0.000   0.000   0.000   0.000   0.000   0.000   0.000   0.000    0.000    0.000   0.000    0.000   0.000   0.000   0.000   0.000   0.000    0.000    0.000      0.000    0.000   0.000    0.000     0.000    0.000      0.000   0.000
    Sum   0.006    0.000   0.005   0.000   0.000   0.000   0.000   0.000   0.000   0.000   0.000   0.000   0.000    0.001    0.000   0.000    0.000   0.000   0.000   0.000   0.000   0.000    0.000    0.000      0.000    0.000   0.000    0.000     0.000    0.000      0.000   0.006


Summary
------------------------------------------------------------------------------------------------------------------------------
                  dt  Flu_Adv  Gra_Adv  Src_Adv  Che_Adv       SF   FB_Adv    FixUp     Flag   Refine MPI_Grid   Output      Aux       LB CorrSync      Par -MPI_Par    libyt         Sum
    Time      0.0005   0.0046   0.0000   0.0000   0.0000   0.0000   0.0000   0.0000   0.0000   0.0000   0.0012   0.0021   0.0089   0.0007   0.0000   0.0000   0.0000   0.0000      0.0179
    Frac      2.523%  25.497%   0.000%   0.000%   0.000%   0.000%   0.000%   0.000%   0.000%   0.000%   6.614%  11.448%  49.944%   3.969%   0.000%   0.000%   0.000%   0.000%     99.994%

==============================================================================================================================
==============================================================================================================================



Time : 3.3999164e-04 -> 4.0798997e-04,     Step :        5 ->        6

Main Loop
------------------------------------------------------------------------------------------------------------------------------
       Total    Integration       Output    Auxiliary    LoadBalance       CorrSync          libyt            Sum
      0.0180         0.0061       0.0021       0.0091         0.0007         0.0000         0.0000         0.0180


Integration Loop
------------------------------------------------------------------------------------------------------------------------------
     Lv   Total       dt Flu_Adv Gra_Adv Src_Adv Che_Adv      SF  FB_Adv   FixUp    Flag  Refine Buf_Rho Buf_Pot Buf_Flu1 Buf_Flu2 Buf_Ref Buf_Flux Buf_Res Buf_Che  Par_KD   Par_K Par_K-1 Par_2Sib -MPI_Sib -MPI_FaSib Par_2Son    -MPI Par_Coll -MPI_Real -MPI_Sib -MPI_FaSib     Sum
      0   0.006    0.001   0.004   0.000   0.000   0.000   0.000   0.000   0.000   0.000   0.000   0.000   0.000    0.001    0.000   0.000    0.000   0.000   0.000   0.000   0.000   0.000    0.000    0.000      0.000    0.000   0.000    0.000     0.000    0.000      0.000   0.006
      1   0.000    0.000   0.000   0.000   0.000   0.000   0.000   0.000   0.000   0.000   0.000   0.000   0.000    0.000    0.000   0.000    0.000   0.000   0.000   0.000   0.000   0.000    0.000    0.000      0.000    0.000   0.000    0.000     0.000    0.000      0.000   0.000
      2   0.000    0.000   0.000   0.000   0.000   0.000   0.000   0.000   0.000   0.000   0.000   0.000   0.000    0.000    0.000   0.000    0.000   0.000   0.000   0.000   0.000   0.000    0.000    0.000      0.000    0.000   0.000    0.000     0.000    0.000      0.000   0.000
      3   0.000    0.000   0.000   0.000   0.000   0.000   0.000   0.000   0.000   0.000   0.000   0.000   0.000    0.000    0.000   0.000    0.000   0.000   0.000   0.000   0.000   0.000    0.000    0.000      0.000    0.000   0.000    0.000     0.000    0.000      0.000   0.000
      4   0.000    0.000   0.000   0.000   0.000   0.000   0.000   0.000   0.000   0.000   0.000   0.000   0.000    0.000    0.000   0.000    0.000   0.000   0.000   0.000   0.000   0.000    0.000    0.000      0.000    0.000   0.000    0.000     0.000    0.000      0.000   0.000
      5   0.000    0.000   0.000   0.000   0.000   0.000   0.000   0.000   0.000   0.000   0.000   0.000   0.000    0.000    0.000   0.000    0.000   0.000   0.000   0.000   0.000   0.000    0.000    0.000      0.000    0.000   0.000    0.000     0.000    0.000      0.000   0.000
      6   0.000    0.000   0.000   0.000   0.000   0.000   0.000   0.000   0.000   0.000   0.000   0.000   0.000    0.000    0.000   0.000    0.000   0.000   0.000   0.000   0.000   0.000    0.000    0.000      0.000    0.000   0.000    0.000     0.000    0.000      0.000   0.000
      7   0.000    0.000   0.000   0.000   0.000   0.000   0.000   0.000   0.000   0.000   0.000   0.000   0.000    0.000    0.000   0.000    0.000   0.000   0.000   0.000   0.000   0.000    0.000    0.000      0.000    0.000   0.000    0.000     0.000    0.000      0.000   0.000
      8   0.000    0.000   0.000   0.000   0.000   0.000   0.000   0.000   0.000   0.000   0.000   0.000   0.000    0.000    0.000   0.000    0.000   0.000   0.000   0.000   0.000   0.000    0.000    0.000      0.000    0.000   0.000    0.000     0.000    0.000      0.000   0.000
      9   0.000    0.000   0.000   0.000   0.000   0.000   0.000   0.000   0.000   0.000   0.000   0.000   0.000    0.000    0.000   0.000    0.000   0.000   0.000   0.000   0.000   0.000    0.000    0.000      0.000    0.000   0.000    0.000     0.000    0.000      0.000   0.000
    Sum   0.006    0.001   0.004   0.000   0.000   0.000   0.000   0.000   0.000   0.000   0.000   0.000   0.000    0.001    0.000   0.000    0.000   0.000   0.000   0.000   0.000   0.000    0.000    0.000      0.000    0.000   0.000    0.000     0.000    0.000      0.000   0.006


Summary
------------------------------------------------------------------------------------------------------------------------------
                  dt  Flu_Adv  Gra_Adv  Src_Adv  Che_Adv       SF   FB_Adv    FixUp     Flag   Refine MPI_Grid   Output      Aux       LB CorrSync      Par -MPI_Par    libyt         Sum
    Time      0.0006   0.0042   0.0000   0.0000   0.0000   0.0000   0.0000   0.0000   0.0000   0.0000   0.0012   0.0021   0.0091   0.0007   0.0000   0.0000   0.0000   0.0000      0.0180
    Frac      3.598%  23.472%   0.000%   0.000%   0.000%   0.000%   0.000%   0.000%   0.000%   0.000%   6.630%  11.755%  50.608%   3.931%   0.000%   0.000%   0.000%   0.000%     99.994%

==============================================================================================================================
==============================================================================================================================



Time : 4.0798997e-04 -> 4.7598829e-04,     Step :        6 ->        7

Main Loop
------------------------------------------------------------------------------------------------------------------------------
       Total    Integration       Output    Auxiliary    LoadBalance       CorrSync          libyt            Sum
      0.0171         0.0056       0.0029       0.0079         0.0006         0.0000         0.0000         0.0171


Integration Loop
------------------------------------------------------------------------------------------------------------------------------
     Lv   Total       dt Flu_Adv Gra_Adv Src_Adv Che_Adv      SF  FB_Adv   FixUp    Flag  Refine Buf_Rho Buf_Pot Buf_Flu1 Buf_Flu2 Buf_Ref Buf_Flux Buf_Res Buf_Che  Par_KD   Par_K Par_K-1 Par_2Sib -MPI_Sib -MPI_FaSib Par_2Son    -MPI Par_Coll -MPI_Real -MPI_Sib -MPI_FaSib     Sum
      0   0.006    0.001   0.004   0.000   0.000   0.000   0.000   0.000   0.000   0.000   0.000   0.000   0.000    0.001    0.000   0.000    0.000   0.000   0.000   0.000   0.000   0.000    0.000    0.000      0.000    0.000   0.000    0.000     0.000    0.000      0.000   0.006
      1   0.000    0.000   0.000   0.000   0.000   0.000   0.000   0.000   0.000   0.000   0.000   0.000   0.000    0.000    0.000   0.000    0.000   0.000   0.000   0.000   0.000   0.000    0.000    0.000      0.000    0.000   0.000    0.000     0.000    0.000      0.000   0.000
      2   0.000    0.000   0.000   0.000   0.000   0.000   0.000   0.000   0.000   0.000   0.000   0.000   0.000    0.000    0.000   0.000    0.000   0.000   0.000   0.000   0.000   0.000    0.000    0.000      0.000    0.000   0.000    0.000     0.000    0.000      0.000   0.000
      3   0.000    0.000   0.000   0.000   0.000   0.000   0.000   0.000   0.000   0.000   0.000   0.000   0.000    0.000    0.000   0.000    0.000   0.000   0.000   0.000   0.000   0.000    0.000    0.000      0.000    0.000   0.000    0.000     0.000    0.000      0.000   0.000
      4   0.000    0.000   0.000   0.000   0.000   0.000   0.000   0.000   0.000   0.000   0.000   0.000   0.000    0.000    0.000   0.000    0.000   0.000   0.000   0.000   0.000   0.000    0.000    0.000      0.000    0.000   0.000    0.000     0.000    0.000      0.000   0.000
      5   0.000    0.000   0.000   0.000   0.000   0.000   0.000   0.000   0.000   0.000   0.000   0.000   0.000    0.000    0.000   0.000    0.000   0.000   0.000   0.000   0.000   0.000    0.000    0.000      0.000    0.000   0.000    0.000     0.000    0.000      0.000   0.000
      6   0.000    0.000   0.000   0.000   0.000   0.000   0.000   0.000   0.000   0.000   0.000   0.000   0.000    0.000    0.000   0.000    0.000   0.000   0.000   0.000   0.000   0.000    0.000    0.000      0.000    0.000   0.000    0.000     0.000    0.000      0.000   0.000
      7   0.000    0.000   0.000   0.000   0.000   0.000   0.000   0.000   0.000   0.000   0.000   0.000   0.000    0.000    0.000   0.000    0.000   0.000   0.000   0.000   0.000   0.000    0.000    0.000      0.000    0.000   0.000    0.000     0.000    0.000      0.000   0.000
      8   0.000    0.000   0.000   0.000   0.000   0.000   0.000   0.000   0.000   0.000   0.000   0.000   0.000    0.000    0.000   0.000    0.000   0.000   0.000   0.000   0.000   0.000    0.000    0.000      0.000    0.000   0.000    0.000     0.000    0.000      0.000   0.000
      9   0.000    0.000   0.000   0.000   0.000   0.000   0.000   0.000   0.000   0.000   0.000   0.000   0.000    0.000    0.000   0.000    0.000   0.000   0.000   0.000   0.000   0.000    0.000    0.000      0.000    0.000   0.000    0.000     0.000    0.000      0.000   0.000
    Sum   0.006    0.001   0.004   0.000   0.000   0.000   0.000   0.000   0.000   0.000   0.000   0.000   0.000    0.001    0.000   0.000    0.000   0.000   0.000   0.000   0.000   0.000    0.000    0.000      0.000    0.000   0.000    0.000     0.000    0.000      0.000   0.006


Summary
------------------------------------------------------------------------------------------------------------------------------
                  dt  Flu_Adv  Gra_Adv  Src_Adv  Che_Adv       SF   FB_Adv    FixUp     Flag   Refine MPI_Grid   Output      Aux       LB CorrSync      Par -MPI_Par    libyt         Sum
    Time      0.0006   0.0039   0.0000   0.0000   0.0000   0.0000   0.0000   0.0000   0.0000   0.0000   0.0012   0.0029   0.0079   0.0006   0.0000   0.0000   0.0000   0.0000      0.0171
    Frac      3.401%  22.667%   0.000%   0.000%   0.000%   0.000%   0.000%   0.000%   0.000%   0.000%   6.972%  16.749%  46.458%   3.752%   0.000%   0.000%   0.000%   0.000%    100.000%

==============================================================================================================================
==============================================================================================================================



Time : 4.7598829e-04 -> 5.4398662e-04,     Step :        7 ->        8

Main Loop
------------------------------------------------------------------------------------------------------------------------------
       Total    Integration       Output    Auxiliary    LoadBalance       CorrSync          libyt            Sum
      0.0185         0.0063       0.0028       0.0088         0.0006         0.0000         0.0000         0.0185


Integration Loop
------------------------------------------------------------------------------------------------------------------------------
     Lv   Total       dt Flu_Adv Gra_Adv Src_Adv Che_Adv      SF  FB_Adv   FixUp    Flag  Refine Buf_Rho Buf_Pot Buf_Flu1 Buf_Flu2 Buf_Ref Buf_Flux Buf_Res Buf_Che  Par_KD   Par_K Par_K-1 Par_2Sib -MPI_Sib -MPI_FaSib Par_2Son    -MPI Par_Coll -MPI_Real -MPI_Sib -MPI_FaSib     Sum
      0   0.006    0.001   0.004   0.000   0.000   0.000   0.000   0.000   0.000   0.000   0.000   0.000   0.000    0.001    0.000   0.000    0.000   0.000   0.000   0.000   0.000   0.000    0.000    0.000      0.000    0.000   0.000    0.000     0.000    0.000      0.000   0.006
      1   0.000    0.000   0.000   0.000   0.000   0.000   0.000   0.000   0.000   0.000   0.000   0.000   0.000    0.000    0.000   0.000    0.000   0.000   0.000   0.000   0.000   0.000    0.000    0.000      0.000    0.000   0.000    0.000     0.000    0.000      0.000   0.000
      2   0.000    0.000   0.000   0.000   0.000   0.000   0.000   0.000   0.000   0.000   0.000   0.000   0.000    0.000    0.000   0.000    0.000   0.000   0.000   0.000   0.000   0.000    0.000    0.000      0.000    0.000   0.000    0.000     0.000    0.000      0.000   0.000
      3   0.000    0.000   0.000   0.000   0.000   0.000   0.000   0.000   0.000   0.000   0.000   0.000   0.000    0.000    0.000   0.000    0.000   0.000   0.000   0.000   0.000   0.000    0.000    0.000      0.000    0.000   0.000    0.000     0.000    0.000      0.000   0.000
      4   0.000    0.000   0.000   0.000   0.000   0.000   0.000   0.000   0.000   0.000   0.000   0.000   0.000    0.000    0.000   0.000    0.000   0.000   0.000   0.000   0.000   0.000    0.000    0.000      0.000    0.000   0.000    0.000     0.000    0.000      0.000   0.000
      5   0.000    0.000   0.000   0.000   0.000   0.000   0.000   0.000   0.000   0.000   0.000   0.000   0.000    0.000    0.000   0.000    0.000   0.000   0.000   0.000   0.000   0.000    0.000    0.000      0.000    0.000   0.000    0.000     0.000    0.000      0.000   0.000
      6   0.000    0.000   0.000   0.000   0.000   0.000   0.000   0.000   0.000   0.000   0.000   0.000   0.000    0.000    0.000   0.000    0.000   0.000   0.000   0.000   0.000   0.000    0.000    0.000      0.000    0.000   0.000    0.000     0.000    0.000      0.000   0.000
      7   0.000    0.000   0.000   0.000   0.000   0.000   0.000   0.000   0.000   0.000   0.000   0.000   0.000    0.000    0.000   0.000    0.000   0.000   0.000   0.000   0.000   0.000    0.000    0.000      0.000    0.000   0.000    0.000     0.000    0.000      0.000   0.000
      8   0.000    0.000   0.000   0.000   0.000   0.000   0.000   0.000   0.000   0.000   0.000   0.000   0.000    0.000    0.000   0.000    0.000   0.000   0.000   0.000   0.000   0.000    0.000    0.000      0.000    0.000   0.000    0.000     0.000    0.000      0.000   0.000
      9   0.000    0.000   0.000   0.000   0.000   0.000   0.000   0.000   0.000   0.000   0.000   0.000   0.000    0.000    0.000   0.000    0.000   0.000   0.000   0.000   0.000   0.000    0.000    0.000      0.000    0.000   0.000    0.000     0.000    0.000      0.000   0.000
    Sum   0.006    0.001   0.004   0.000   0.000   0.000   0.000   0.000   0.000   0.000   0.000   0.000   0.000    0.001    0.000   0.000    0.000   0.000   0.000   0.000   0.000   0.000    0.000    0.000      0.000    0.000   0.000    0.000     0.000    0.000      0.000   0.006


Summary
------------------------------------------------------------------------------------------------------------------------------
                  dt  Flu_Adv  Gra_Adv  Src_Adv  Che_Adv       SF   FB_Adv    FixUp     Flag   Refine MPI_Grid   Output      Aux       LB CorrSync      Par -MPI_Par    libyt         Sum
    Time      0.0006   0.0040   0.0000   0.0000   0.0000   0.0000   0.0000   0.0000   0.0002   0.0003   0.0012   0.0028   0.0088   0.0006   0.0000   0.0000   0.0000   0.0000      0.0185
    Frac      3.346%  21.690%   0.000%   0.000%   0.000%   0.000%   0.000%   0.000%   1.049%   1.600%   6.466%  15.273%  47.348%   3.217%   0.000%   0.000%   0.000%   0.000%     99.989%

==============================================================================================================================
==============================================================================================================================



Time : 5.4398662e-04 -> 6.1198495e-04,     Step :        8 ->        9

Main Loop
------------------------------------------------------------------------------------------------------------------------------
       Total    Integration       Output    Auxiliary    LoadBalance       CorrSync          libyt            Sum
      0.0168         0.0059       0.0023       0.0081         0.0006         0.0000         0.0000         0.0168


Integration Loop
------------------------------------------------------------------------------------------------------------------------------
     Lv   Total       dt Flu_Adv Gra_Adv Src_Adv Che_Adv      SF  FB_Adv   FixUp    Flag  Refine Buf_Rho Buf_Pot Buf_Flu1 Buf_Flu2 Buf_Ref Buf_Flux Buf_Res Buf_Che  Par_KD   Par_K Par_K-1 Par_2Sib -MPI_Sib -MPI_FaSib Par_2Son    -MPI Par_Coll -MPI_Real -MPI_Sib -MPI_FaSib     Sum
      0   0.006    0.001   0.004   0.000   0.000   0.000   0.000   0.000   0.000   0.000   0.000   0.000   0.000    0.001    0.000   0.000    0.000   0.000   0.000   0.000   0.000   0.000    0.000    0.000      0.000    0.000   0.000    0.000     0.000    0.000      0.000   0.006
      1   0.000    0.000   0.000   0.000   0.000   0.000   0.000   0.000   0.000   0.000   0.000   0.000   0.000    0.000    0.000   0.000    0.000   0.000   0.000   0.000   0.000   0.000    0.000    0.000      0.000    0.000   0.000    0.000     0.000    0.000      0.000   0.000
      2   0.000    0.000   0.000   0.000   0.000   0.000   0.000   0.000   0.000   0.000   0.000   0.000   0.000    0.000    0.000   0.000    0.000   0.000   0.000   0.000   0.000   0.000    0.000    0.000      0.000    0.000   0.000    0.000     0.000    0.000      0.000   0.000
      3   0.000    0.000   0.000   0.000   0.000   0.000   0.000   0.000   0.000   0.000   0.000   0.000   0.000    0.000    0.000   0.000    0.000   0.000   0.000   0.000   0.000   0.000    0.000    0.000      0.000    0.000   0.000    0.000     0.000    0.000      0.000   0.000
      4   0.000    0.000   0.000   0.000   0.000   0.000   0.000   0.000   0.000   0.000   0.000   0.000   0.000    0.000    0.000   0.000    0.000   0.000   0.000   0.000   0.000   0.000    0.000    0.000      0.000    0.000   0.000    0.000     0.000    0.000      0.000   0.000
      5   0.000    0.000   0.000   0.000   0.000   0.000   0.000   0.000   0.000   0.000   0.000   0.000   0.000    0.000    0.000   0.000    0.000   0.000   0.000   0.000   0.000   0.000    0.000    0.000      0.000    0.000   0.000    0.000     0.000    0.000      0.000   0.000
      6   0.000    0.000   0.000   0.000   0.000   0.000   0.000   0.000   0.000   0.000   0.000   0.000   0.000    0.000    0.000   0.000    0.000   0.000   0.000   0.000   0.000   0.000    0.000    0.000      0.000    0.000   0.000    0.000     0.000    0.000      0.000   0.000
      7   0.000    0.000   0.000   0.000   0.000   0.000   0.000   0.000   0.000   0.000   0.000   0.000   0.000    0.000    0.000   0.000    0.000   0.000   0.000   0.000   0.000   0.000    0.000    0.000      0.000    0.000   0.000    0.000     0.000    0.000      0.000   0.000
      8   0.000    0.000   0.000   0.000   0.000   0.000   0.000   0.000   0.000   0.000   0.000   0.000   0.000    0.000    0.000   0.000    0.000   0.000   0.000   0.000   0.000   0.000    0.000    0.000      0.000    0.000   0.000    0.000     0.000    0.000      0.000   0.000
      9   0.000    0.000   0.000   0.000   0.000   0.000   0.000   0.000   0.000   0.000   0.000   0.000   0.000    0.000    0.000   0.000    0.000   0.000   0.000   0.000   0.000   0.000    0.000    0.000      0.000    0.000   0.000    0.000     0.000    0.000      0.000   0.000
    Sum   0.006    0.001   0.004   0.000   0.000   0.000   0.000   0.000   0.000   0.000   0.000   0.000   0.000    0.001    0.000   0.000    0.000   0.000   0.000   0.000   0.000   0.000    0.000    0.000      0.000    0.000   0.000    0.000     0.000    0.000      0.000   0.006


Summary
------------------------------------------------------------------------------------------------------------------------------
                  dt  Flu_Adv  Gra_Adv  Src_Adv  Che_Adv       SF   FB_Adv    FixUp     Flag   Refine MPI_Grid   Output      Aux       LB CorrSync      Par -MPI_Par    libyt         Sum
    Time      0.0006   0.0041   0.0000   0.0000   0.0000   0.0000   0.0000   0.0000   0.0000   0.0000   0.0012   0.0023   0.0081   0.0006   0.0000   0.0000   0.0000   0.0000      0.0168
    Frac      3.407%  24.459%   0.000%   0.000%   0.000%   0.000%   0.000%   0.000%   0.000%   0.000%   6.975%  13.416%  48.329%   3.402%   0.000%   0.000%   0.000%   0.000%     99.988%

==============================================================================================================================
==============================================================================================================================



Time : 6.1198495e-04 -> 6.7998328e-04,     Step :        9 ->       10

Main Loop
------------------------------------------------------------------------------------------------------------------------------
       Total    Integration       Output    Auxiliary    LoadBalance       CorrSync          libyt            Sum
      0.0170         0.0058       0.0022       0.0083         0.0007         0.0000         0.0000         0.0170


Integration Loop
------------------------------------------------------------------------------------------------------------------------------
     Lv   Total       dt Flu_Adv Gra_Adv Src_Adv Che_Adv      SF  FB_Adv   FixUp    Flag  Refine Buf_Rho Buf_Pot Buf_Flu1 Buf_Flu2 Buf_Ref Buf_Flux Buf_Res Buf_Che  Par_KD   Par_K Par_K-1 Par_2Sib -MPI_Sib -MPI_FaSib Par_2Son    -MPI Par_Coll -MPI_Real -MPI_Sib -MPI_FaSib     Sum
      0   0.006    0.001   0.004   0.000   0.000   0.000   0.000   0.000   0.000   0.000   0.000   0.000   0.000    0.001    0.000   0.000    0.000   0.000   0.000   0.000   0.000   0.000    0.000    0.000      0.000    0.000   0.000    0.000     0.000    0.000      0.000   0.006
      1   0.000    0.000   0.000   0.000   0.000   0.000   0.000   0.000   0.000   0.000   0.000   0.000   0.000    0.000    0.000   0.000    0.000   0.000   0.000   0.000   0.000   0.000    0.000    0.000      0.000    0.000   0.000    0.000     0.000    0.000      0.000   0.000
      2   0.000    0.000   0.000   0.000   0.000   0.000   0.000   0.000   0.000   0.000   0.000   0.000   0.000    0.000    0.000   0.000    0.000   0.000   0.000   0.000   0.000   0.000    0.000    0.000      0.000    0.000   0.000    0.000     0.000    0.000      0.000   0.000
      3   0.000    0.000   0.000   0.000   0.000   0.000   0.000   0.000   0.000   0.000   0.000   0.000   0.000    0.000    0.000   0.000    0.000   0.000   0.000   0.000   0.000   0.000    0.000    0.000      0.000    0.000   0.000    0.000     0.000    0.000      0.000   0.000
      4   0.000    0.000   0.000   0.000   0.000   0.000   0.000   0.000   0.000   0.000   0.000   0.000   0.000    0.000    0.000   0.000    0.000   0.000   0.000   0.000   0.000   0.000    0.000    0.000      0.000    0.000   0.000    0.000     0.000    0.000      0.000   0.000
      5   0.000    0.000   0.000   0.000   0.000   0.000   0.000   0.000   0.000   0.000   0.000   0.000   0.000    0.000    0.000   0.000    0.000   0.000   0.000   0.000   0.000   0.000    0.000    0.000      0.000    0.000   0.000    0.000     0.000    0.000      0.000   0.000
      6   0.000    0.000   0.000   0.000   0.000   0.000   0.000   0.000   0.000   0.000   0.000   0.000   0.000    0.000    0.000   0.000    0.000   0.000   0.000   0.000   0.000   0.000    0.000    0.000      0.000    0.000   0.000    0.000     0.000    0.000      0.000   0.000
      7   0.000    0.000   0.000   0.000   0.000   0.000   0.000   0.000   0.000   0.000   0.000   0.000   0.000    0.000    0.000   0.000    0.000   0.000   0.000   0.000   0.000   0.000    0.000    0.000      0.000    0.000   0.000    0.000     0.000    0.000      0.000   0.000
      8   0.000    0.000   0.000   0.000   0.000   0.000   0.000   0.000   0.000   0.000   0.000   0.000   0.000    0.000    0.000   0.000    0.000   0.000   0.000   0.000   0.000   0.000    0.000    0.000      0.000    0.000   0.000    0.000     0.000    0.000      0.000   0.000
      9   0.000    0.000   0.000   0.000   0.000   0.000   0.000   0.000   0.000   0.000   0.000   0.000   0.000    0.000    0.000   0.000    0.000   0.000   0.000   0.000   0.000   0.000    0.000    0.000      0.000    0.000   0.000    0.000     0.000    0.000      0.000   0.000
    Sum   0.006    0.001   0.004   0.000   0.000   0.000   0.000   0.000   0.000   0.000   0.000   0.000   0.000    0.001    0.000   0.000    0.000   0.000   0.000   0.000   0.000   0.000    0.000    0.000      0.000    0.000   0.000    0.000     0.000    0.000      0.000   0.006


Summary
------------------------------------------------------------------------------------------------------------------------------
                  dt  Flu_Adv  Gra_Adv  Src_Adv  Che_Adv       SF   FB_Adv    FixUp     Flag   Refine MPI_Grid   Output      Aux       LB CorrSync      Par -MPI_Par    libyt         Sum
    Time      0.0006   0.0041   0.0000   0.0000   0.0000   0.0000   0.0000   0.0000   0.0000   0.0000   0.0012   0.0022   0.0083   0.0007   0.0000   0.0000   0.0000   0.0000      0.0170
    Frac      3.324%  23.898%   0.000%   0.000%   0.000%   0.000%   0.000%   0.000%   0.000%   0.000%   7.184%  12.865%  48.833%   3.890%   0.000%   0.000%   0.000%   0.000%     99.994%

==============================================================================================================================
==============================================================================================================================



Time : 6.7998328e-04 -> 7.4798161e-04,     Step :       10 ->       11

Main Loop
------------------------------------------------------------------------------------------------------------------------------
       Total    Integration       Output    Auxiliary    LoadBalance       CorrSync          libyt            Sum
      0.0171         0.0058       0.0028       0.0079         0.0006         0.0000         0.0000         0.0171


Integration Loop
------------------------------------------------------------------------------------------------------------------------------
     Lv   Total       dt Flu_Adv Gra_Adv Src_Adv Che_Adv      SF  FB_Adv   FixUp    Flag  Refine Buf_Rho Buf_Pot Buf_Flu1 Buf_Flu2 Buf_Ref Buf_Flux Buf_Res Buf_Che  Par_KD   Par_K Par_K-1 Par_2Sib -MPI_Sib -MPI_FaSib Par_2Son    -MPI Par_Coll -MPI_Real -MPI_Sib -MPI_FaSib     Sum
      0   0.006    0.001   0.004   0.000   0.000   0.000   0.000   0.000   0.000   0.000   0.000   0.000   0.000    0.001    0.000   0.000    0.000   0.000   0.000   0.000   0.000   0.000    0.000    0.000      0.000    0.000   0.000    0.000     0.000    0.000      0.000   0.006
      1   0.000    0.000   0.000   0.000   0.000   0.000   0.000   0.000   0.000   0.000   0.000   0.000   0.000    0.000    0.000   0.000    0.000   0.000   0.000   0.000   0.000   0.000    0.000    0.000      0.000    0.000   0.000    0.000     0.000    0.000      0.000   0.000
      2   0.000    0.000   0.000   0.000   0.000   0.000   0.000   0.000   0.000   0.000   0.000   0.000   0.000    0.000    0.000   0.000    0.000   0.000   0.000   0.000   0.000   0.000    0.000    0.000      0.000    0.000   0.000    0.000     0.000    0.000      0.000   0.000
      3   0.000    0.000   0.000   0.000   0.000   0.000   0.000   0.000   0.000   0.000   0.000   0.000   0.000    0.000    0.000   0.000    0.000   0.000   0.000   0.000   0.000   0.000    0.000    0.000      0.000    0.000   0.000    0.000     0.000    0.000      0.000   0.000
      4   0.000    0.000   0.000   0.000   0.000   0.000   0.000   0.000   0.000   0.000   0.000   0.000   0.000    0.000    0.000   0.000    0.000   0.000   0.000   0.000   0.000   0.000    0.000    0.000      0.000    0.000   0.000    0.000     0.000    0.000      0.000   0.000
      5   0.000    0.000   0.000   0.000   0.000   0.000   0.000   0.000   0.000   0.000   0.000   0.000   0.000    0.000    0.000   0.000    0.000   0.000   0.000   0.000   0.000   0.000    0.000    0.000      0.000    0.000   0.000    0.000     0.000    0.000      0.000   0.000
      6   0.000    0.000   0.000   0.000   0.000   0.000   0.000   0.000   0.000   0.000   0.000   0.000   0.000    0.000    0.000   0.000    0.000   0.000   0.000   0.000   0.000   0.000    0.000    0.000      0.000    0.000   0.000    0.000     0.000    0.000      0.000   0.000
      7   0.000    0.000   0.000   0.000   0.000   0.000   0.000   0.000   0.000   0.000   0.000   0.000   0.000    0.000    0.000   0.000    0.000   0.000   0.000   0.000   0.000   0.000    0.000    0.000      0.000    0.000   0.000    0.000     0.000    0.000      0.000   0.000
      8   0.000    0.000   0.000   0.000   0.000   0.000   0.000   0.000   0.000   0.000   0.000   0.000   0.000    0.000    0.000   0.000    0.000   0.000   0.000   0.000   0.000   0.000    0.000    0.000      0.000    0.000   0.000    0.000     0.000    0.000      0.000   0.000
      9   0.000    0.000   0.000   0.000   0.000   0.000   0.000   0.000   0.000   0.000   0.000   0.000   0.000    0.000    0.000   0.000    0.000   0.000   0.000   0.000   0.000   0.000    0.000    0.000      0.000    0.000   0.000    0.000     0.000    0.000      0.000   0.000
    Sum   0.006    0.001   0.004   0.000   0.000   0.000   0.000   0.000   0.000   0.000   0.000   0.000   0.000    0.001    0.000   0.000    0.000   0.000   0.000   0.000   0.000   0.000    0.000    0.000      0.000    0.000   0.000    0.000     0.000    0.000      0.000   0.006


Summary
------------------------------------------------------------------------------------------------------------------------------
                  dt  Flu_Adv  Gra_Adv  Src_Adv  Che_Adv       SF   FB_Adv    FixUp     Flag   Refine MPI_Grid   Output      Aux       LB CorrSync      Par -MPI_Par    libyt         Sum
    Time      0.0006   0.0040   0.0000   0.0000   0.0000   0.0000   0.0000   0.0000   0.0000   0.0000   0.0012   0.0028   0.0079   0.0006   0.0000   0.0000   0.0000   0.0000      0.0171
    Frac      3.417%  23.188%   0.000%   0.000%   0.000%   0.000%   0.000%   0.000%   0.000%   0.000%   7.068%  16.564%  46.147%   3.593%   0.000%   0.000%   0.000%   0.000%     99.977%

==============================================================================================================================
==============================================================================================================================



Time : 7.4798161e-04 -> 8.1597993e-04,     Step :       11 ->       12

Main Loop
------------------------------------------------------------------------------------------------------------------------------
       Total    Integration       Output    Auxiliary    LoadBalance       CorrSync          libyt            Sum
      0.0191         0.0066       0.0031       0.0087         0.0007         0.0000         0.0000         0.0191


Integration Loop
------------------------------------------------------------------------------------------------------------------------------
     Lv   Total       dt Flu_Adv Gra_Adv Src_Adv Che_Adv      SF  FB_Adv   FixUp    Flag  Refine Buf_Rho Buf_Pot Buf_Flu1 Buf_Flu2 Buf_Ref Buf_Flux Buf_Res Buf_Che  Par_KD   Par_K Par_K-1 Par_2Sib -MPI_Sib -MPI_FaSib Par_2Son    -MPI Par_Coll -MPI_Real -MPI_Sib -MPI_FaSib     Sum
      0   0.007    0.001   0.004   0.000   0.000   0.000   0.000   0.000   0.000   0.000   0.000   0.000   0.000    0.001    0.000   0.000    0.000   0.000   0.000   0.000   0.000   0.000    0.000    0.000      0.000    0.000   0.000    0.000     0.000    0.000      0.000   0.007
      1   0.000    0.000   0.000   0.000   0.000   0.000   0.000   0.000   0.000   0.000   0.000   0.000   0.000    0.000    0.000   0.000    0.000   0.000   0.000   0.000   0.000   0.000    0.000    0.000      0.000    0.000   0.000    0.000     0.000    0.000      0.000   0.000
      2   0.000    0.000   0.000   0.000   0.000   0.000   0.000   0.000   0.000   0.000   0.000   0.000   0.000    0.000    0.000   0.000    0.000   0.000   0.000   0.000   0.000   0.000    0.000    0.000      0.000    0.000   0.000    0.000     0.000    0.000      0.000   0.000
      3   0.000    0.000   0.000   0.000   0.000   0.000   0.000   0.000   0.000   0.000   0.000   0.000   0.000    0.000    0.000   0.000    0.000   0.000   0.000   0.000   0.000   0.000    0.000    0.000      0.000    0.000   0.000    0.000     0.000    0.000      0.000   0.000
      4   0.000    0.000   0.000   0.000   0.000   0.000   0.000   0.000   0.000   0.000   0.000   0.000   0.000    0.000    0.000   0.000    0.000   0.000   0.000   0.000   0.000   0.000    0.000    0.000      0.000    0.000   0.000    0.000     0.000    0.000      0.000   0.000
      5   0.000    0.000   0.000   0.000   0.000   0.000   0.000   0.000   0.000   0.000   0.000   0.000   0.000    0.000    0.000   0.000    0.000   0.000   0.000   0.000   0.000   0.000    0.000    0.000      0.000    0.000   0.000    0.000     0.000    0.000      0.000   0.000
      6   0.000    0.000   0.000   0.000   0.000   0.000   0.000   0.000   0.000   0.000   0.000   0.000   0.000    0.000    0.000   0.000    0.000   0.000   0.000   0.000   0.000   0.000    0.000    0.000      0.000    0.000   0.000    0.000     0.000    0.000      0.000   0.000
      7   0.000    0.000   0.000   0.000   0.000   0.000   0.000   0.000   0.000   0.000   0.000   0.000   0.000    0.000    0.000   0.000    0.000   0.000   0.000   0.000   0.000   0.000    0.000    0.000      0.000    0.000   0.000    0.000     0.000    0.000      0.000   0.000
      8   0.000    0.000   0.000   0.000   0.000   0.000   0.000   0.000   0.000   0.000   0.000   0.000   0.000    0.000    0.000   0.000    0.000   0.000   0.000   0.000   0.000   0.000    0.000    0.000      0.000    0.000   0.000    0.000     0.000    0.000      0.000   0.000
      9   0.000    0.000   0.000   0.000   0.000   0.000   0.000   0.000   0.000   0.000   0.000   0.000   0.000    0.000    0.000   0.000    0.000   0.000   0.000   0.000   0.000   0.000    0.000    0.000      0.000    0.000   0.000    0.000     0.000    0.000      0.000   0.000
    Sum   0.007    0.001   0.004   0.000   0.000   0.000   0.000   0.000   0.000   0.000   0.000   0.000   0.000    0.001    0.000   0.000    0.000   0.000   0.000   0.000   0.000   0.000    0.000    0.000      0.000    0.000   0.000    0.000     0.000    0.000      0.000   0.007


Summary
------------------------------------------------------------------------------------------------------------------------------
                  dt  Flu_Adv  Gra_Adv  Src_Adv  Che_Adv       SF   FB_Adv    FixUp     Flag   Refine MPI_Grid   Output      Aux       LB CorrSync      Par -MPI_Par    libyt         Sum
    Time      0.0006   0.0043   0.0000   0.0000   0.0000   0.0000   0.0000   0.0000   0.0002   0.0003   0.0012   0.0031   0.0087   0.0007   0.0000   0.0000   0.0000   0.0000      0.0191
    Frac      3.155%  22.437%   0.000%   0.000%   0.000%   0.000%   0.000%   0.000%   1.047%   1.612%   6.399%  16.336%  45.429%   3.579%   0.000%   0.000%   0.000%   0.000%     99.995%

==============================================================================================================================
==============================================================================================================================



Time : 8.1597993e-04 -> 8.8397826e-04,     Step :       12 ->       13

Main Loop
------------------------------------------------------------------------------------------------------------------------------
       Total    Integration       Output    Auxiliary    LoadBalance       CorrSync          libyt            Sum
      0.0182         0.0062       0.0022       0.0091         0.0006         0.0000         0.0000         0.0182


Integration Loop
------------------------------------------------------------------------------------------------------------------------------
     Lv   Total       dt Flu_Adv Gra_Adv Src_Adv Che_Adv      SF  FB_Adv   FixUp    Flag  Refine Buf_Rho Buf_Pot Buf_Flu1 Buf_Flu2 Buf_Ref Buf_Flux Buf_Res Buf_Che  Par_KD   Par_K Par_K-1 Par_2Sib -MPI_Sib -MPI_FaSib Par_2Son    -MPI Par_Coll -MPI_Real -MPI_Sib -MPI_FaSib     Sum
      0   0.006    0.001   0.004   0.000   0.000   0.000   0.000   0.000   0.000   0.000   0.000   0.000   0.000    0.001    0.000   0.000    0.000   0.000   0.000   0.000   0.000   0.000    0.000    0.000      0.000    0.000   0.000    0.000     0.000    0.000      0.000   0.006
      1   0.000    0.000   0.000   0.000   0.000   0.000   0.000   0.000   0.000   0.000   0.000   0.000   0.000    0.000    0.000   0.000    0.000   0.000   0.000   0.000   0.000   0.000    0.000    0.000      0.000    0.000   0.000    0.000     0.000    0.000      0.000   0.000
      2   0.000    0.000   0.000   0.000   0.000   0.000   0.000   0.000   0.000   0.000   0.000   0.000   0.000    0.000    0.000   0.000    0.000   0.000   0.000   0.000   0.000   0.000    0.000    0.000      0.000    0.000   0.000    0.000     0.000    0.000      0.000   0.000
      3   0.000    0.000   0.000   0.000   0.000   0.000   0.000   0.000   0.000   0.000   0.000   0.000   0.000    0.000    0.000   0.000    0.000   0.000   0.000   0.000   0.000   0.000    0.000    0.000      0.000    0.000   0.000    0.000     0.000    0.000      0.000   0.000
      4   0.000    0.000   0.000   0.000   0.000   0.000   0.000   0.000   0.000   0.000   0.000   0.000   0.000    0.000    0.000   0.000    0.000   0.000   0.000   0.000   0.000   0.000    0.000    0.000      0.000    0.000   0.000    0.000     0.000    0.000      0.000   0.000
      5   0.000    0.000   0.000   0.000   0.000   0.000   0.000   0.000   0.000   0.000   0.000   0.000   0.000    0.000    0.000   0.000    0.000   0.000   0.000   0.000   0.000   0.000    0.000    0.000      0.000    0.000   0.000    0.000     0.000    0.000      0.000   0.000
      6   0.000    0.000   0.000   0.000   0.000   0.000   0.000   0.000   0.000   0.000   0.000   0.000   0.000    0.000    0.000   0.000    0.000   0.000   0.000   0.000   0.000   0.000    0.000    0.000      0.000    0.000   0.000    0.000     0.000    0.000      0.000   0.000
      7   0.000    0.000   0.000   0.000   0.000   0.000   0.000   0.000   0.000   0.000   0.000   0.000   0.000    0.000    0.000   0.000    0.000   0.000   0.000   0.000   0.000   0.000    0.000    0.000      0.000    0.000   0.000    0.000     0.000    0.000      0.000   0.000
      8   0.000    0.000   0.000   0.000   0.000   0.000   0.000   0.000   0.000   0.000   0.000   0.000   0.000    0.000    0.000   0.000    0.000   0.000   0.000   0.000   0.000   0.000    0.000    0.000      0.000    0.000   0.000    0.000     0.000    0.000      0.000   0.000
      9   0.000    0.000   0.000   0.000   0.000   0.000   0.000   0.000   0.000   0.000   0.000   0.000   0.000    0.000    0.000   0.000    0.000   0.000   0.000   0.000   0.000   0.000    0.000    0.000      0.000    0.000   0.000    0.000     0.000    0.000      0.000   0.000
    Sum   0.006    0.001   0.004   0.000   0.000   0.000   0.000   0.000   0.000   0.000   0.000   0.000   0.000    0.001    0.000   0.000    0.000   0.000   0.000   0.000   0.000   0.000    0.000    0.000      0.000    0.000   0.000    0.000     0.000    0.000      0.000   0.006


Summary
------------------------------------------------------------------------------------------------------------------------------
                  dt  Flu_Adv  Gra_Adv  Src_Adv  Che_Adv       SF   FB_Adv    FixUp     Flag   Refine MPI_Grid   Output      Aux       LB CorrSync      Par -MPI_Par    libyt         Sum
    Time      0.0006   0.0044   0.0000   0.0000   0.0000   0.0000   0.0000   0.0000   0.0000   0.0000   0.0011   0.0022   0.0091   0.0006   0.0000   0.0000   0.0000   0.0000      0.0182
    Frac      3.543%  24.361%   0.000%   0.000%   0.000%   0.000%   0.000%   0.000%   0.000%   0.000%   6.186%  12.296%  50.060%   3.537%   0.000%   0.000%   0.000%   0.000%     99.984%

==============================================================================================================================
==============================================================================================================================



Time : 8.8397826e-04 -> 9.5197659e-04,     Step :       13 ->       14

Main Loop
------------------------------------------------------------------------------------------------------------------------------
       Total    Integration       Output    Auxiliary    LoadBalance       CorrSync          libyt            Sum
      0.0175         0.0060       0.0021       0.0088         0.0007         0.0000         0.0000         0.0175


Integration Loop
------------------------------------------------------------------------------------------------------------------------------
     Lv   Total       dt Flu_Adv Gra_Adv Src_Adv Che_Adv      SF  FB_Adv   FixUp    Flag  Refine Buf_Rho Buf_Pot Buf_Flu1 Buf_Flu2 Buf_Ref Buf_Flux Buf_Res Buf_Che  Par_KD   Par_K Par_K-1 Par_2Sib -MPI_Sib -MPI_FaSib Par_2Son    -MPI Par_Coll -MPI_Real -MPI_Sib -MPI_FaSib     Sum
      0   0.006    0.001   0.004   0.000   0.000   0.000   0.000   0.000   0.000   0.000   0.000   0.000   0.000    0.001    0.000   0.000    0.000   0.000   0.000   0.000   0.000   0.000    0.000    0.000      0.000    0.000   0.000    0.000     0.000    0.000      0.000   0.006
      1   0.000    0.000   0.000   0.000   0.000   0.000   0.000   0.000   0.000   0.000   0.000   0.000   0.000    0.000    0.000   0.000    0.000   0.000   0.000   0.000   0.000   0.000    0.000    0.000      0.000    0.000   0.000    0.000     0.000    0.000      0.000   0.000
      2   0.000    0.000   0.000   0.000   0.000   0.000   0.000   0.000   0.000   0.000   0.000   0.000   0.000    0.000    0.000   0.000    0.000   0.000   0.000   0.000   0.000   0.000    0.000    0.000      0.000    0.000   0.000    0.000     0.000    0.000      0.000   0.000
      3   0.000    0.000   0.000   0.000   0.000   0.000   0.000   0.000   0.000   0.000   0.000   0.000   0.000    0.000    0.000   0.000    0.000   0.000   0.000   0.000   0.000   0.000    0.000    0.000      0.000    0.000   0.000    0.000     0.000    0.000      0.000   0.000
      4   0.000    0.000   0.000   0.000   0.000   0.000   0.000   0.000   0.000   0.000   0.000   0.000   0.000    0.000    0.000   0.000    0.000   0.000   0.000   0.000   0.000   0.000    0.000    0.000      0.000    0.000   0.000    0.000     0.000    0.000      0.000   0.000
      5   0.000    0.000   0.000   0.000   0.000   0.000   0.000   0.000   0.000   0.000   0.000   0.000   0.000    0.000    0.000   0.000    0.000   0.000   0.000   0.000   0.000   0.000    0.000    0.000      0.000    0.000   0.000    0.000     0.000    0.000      0.000   0.000
      6   0.000    0.000   0.000   0.000   0.000   0.000   0.000   0.000   0.000   0.000   0.000   0.000   0.000    0.000    0.000   0.000    0.000   0.000   0.000   0.000   0.000   0.000    0.000    0.000      0.000    0.000   0.000    0.000     0.000    0.000      0.000   0.000
      7   0.000    0.000   0.000   0.000   0.000   0.000   0.000   0.000   0.000   0.000   0.000   0.000   0.000    0.000    0.000   0.000    0.000   0.000   0.000   0.000   0.000   0.000    0.000    0.000      0.000    0.000   0.000    0.000     0.000    0.000      0.000   0.000
      8   0.000    0.000   0.000   0.000   0.000   0.000   0.000   0.000   0.000   0.000   0.000   0.000   0.000    0.000    0.000   0.000    0.000   0.000   0.000   0.000   0.000   0.000    0.000    0.000      0.000    0.000   0.000    0.000     0.000    0.000      0.000   0.000
      9   0.000    0.000   0.000   0.000   0.000   0.000   0.000   0.000   0.000   0.000   0.000   0.000   0.000    0.000    0.000   0.000    0.000   0.000   0.000   0.000   0.000   0.000    0.000    0.000      0.000    0.000   0.000    0.000     0.000    0.000      0.000   0.000
    Sum   0.006    0.001   0.004   0.000   0.000   0.000   0.000   0.000   0.000   0.000   0.000   0.000   0.000    0.001    0.000   0.000    0.000   0.000   0.000   0.000   0.000   0.000    0.000    0.000      0.000    0.000   0.000    0.000     0.000    0.000      0.000   0.006


Summary
------------------------------------------------------------------------------------------------------------------------------
                  dt  Flu_Adv  Gra_Adv  Src_Adv  Che_Adv       SF   FB_Adv    FixUp     Flag   Refine MPI_Grid   Output      Aux       LB CorrSync      Par -MPI_Par    libyt         Sum
    Time      0.0006   0.0043   0.0000   0.0000   0.0000   0.0000   0.0000   0.0000   0.0000   0.0000   0.0011   0.0021   0.0088   0.0007   0.0000   0.0000   0.0000   0.0000      0.0175
    Frac      3.273%  24.374%   0.000%   0.000%   0.000%   0.000%   0.000%   0.000%   0.000%   0.000%   6.471%  11.751%  50.242%   3.888%   0.000%   0.000%   0.000%   0.000%    100.000%

==============================================================================================================================
==============================================================================================================================



Time : 9.5197659e-04 -> 1.0199749e-03,     Step :       14 ->       15

Main Loop
------------------------------------------------------------------------------------------------------------------------------
       Total    Integration       Output    Auxiliary    LoadBalance       CorrSync          libyt            Sum
      0.0166         0.0060       0.0021       0.0079         0.0006         0.0000         0.0000         0.0166


Integration Loop
------------------------------------------------------------------------------------------------------------------------------
     Lv   Total       dt Flu_Adv Gra_Adv Src_Adv Che_Adv      SF  FB_Adv   FixUp    Flag  Refine Buf_Rho Buf_Pot Buf_Flu1 Buf_Flu2 Buf_Ref Buf_Flux Buf_Res Buf_Che  Par_KD   Par_K Par_K-1 Par_2Sib -MPI_Sib -MPI_FaSib Par_2Son    -MPI Par_Coll -MPI_Real -MPI_Sib -MPI_FaSib     Sum
      0   0.006    0.001   0.004   0.000   0.000   0.000   0.000   0.000   0.000   0.000   0.000   0.000   0.000    0.001    0.000   0.000    0.000   0.000   0.000   0.000   0.000   0.000    0.000    0.000      0.000    0.000   0.000    0.000     0.000    0.000      0.000   0.006
      1   0.000    0.000   0.000   0.000   0.000   0.000   0.000   0.000   0.000   0.000   0.000   0.000   0.000    0.000    0.000   0.000    0.000   0.000   0.000   0.000   0.000   0.000    0.000    0.000      0.000    0.000   0.000    0.000     0.000    0.000      0.000   0.000
      2   0.000    0.000   0.000   0.000   0.000   0.000   0.000   0.000   0.000   0.000   0.000   0.000   0.000    0.000    0.000   0.000    0.000   0.000   0.000   0.000   0.000   0.000    0.000    0.000      0.000    0.000   0.000    0.000     0.000    0.000      0.000   0.000
      3   0.000    0.000   0.000   0.000   0.000   0.000   0.000   0.000   0.000   0.000   0.000   0.000   0.000    0.000    0.000   0.000    0.000   0.000   0.000   0.000   0.000   0.000    0.000    0.000      0.000    0.000   0.000    0.000     0.000    0.000      0.000   0.000
      4   0.000    0.000   0.000   0.000   0.000   0.000   0.000   0.000   0.000   0.000   0.000   0.000   0.000    0.000    0.000   0.000    0.000   0.000   0.000   0.000   0.000   0.000    0.000    0.000      0.000    0.000   0.000    0.000     0.000    0.000      0.000   0.000
      5   0.000    0.000   0.000   0.000   0.000   0.000   0.000   0.000   0.000   0.000   0.000   0.000   0.000    0.000    0.000   0.000    0.000   0.000   0.000   0.000   0.000   0.000    0.000    0.000      0.000    0.000   0.000    0.000     0.000    0.000      0.000   0.000
      6   0.000    0.000   0.000   0.000   0.000   0.000   0.000   0.000   0.000   0.000   0.000   0.000   0.000    0.000    0.000   0.000    0.000   0.000   0.000   0.000   0.000   0.000    0.000    0.000      0.000    0.000   0.000    0.000     0.000    0.000      0.000   0.000
      7   0.000    0.000   0.000   0.000   0.000   0.000   0.000   0.000   0.000   0.000   0.000   0.000   0.000    0.000    0.000   0.000    0.000   0.000   0.000   0.000   0.000   0.000    0.000    0.000      0.000    0.000   0.000    0.000     0.000    0.000      0.000   0.000
      8   0.000    0.000   0.000   0.000   0.000   0.000   0.000   0.000   0.000   0.000   0.000   0.000   0.000    0.000    0.000   0.000    0.000   0.000   0.000   0.000   0.000   0.000    0.000    0.000      0.000    0.000   0.000    0.000     0.000    0.000      0.000   0.000
      9   0.000    0.000   0.000   0.000   0.000   0.000   0.000   0.000   0.000   0.000   0.000   0.000   0.000    0.000    0.000   0.000    0.000   0.000   0.000   0.000   0.000   0.000    0.000    0.000      0.000    0.000   0.000    0.000     0.000    0.000      0.000   0.000
    Sum   0.006    0.001   0.004   0.000   0.000   0.000   0.000   0.000   0.000   0.000   0.000   0.000   0.000    0.001    0.000   0.000    0.000   0.000   0.000   0.000   0.000   0.000    0.000    0.000      0.000    0.000   0.000    0.000     0.000    0.000      0.000   0.006


Summary
------------------------------------------------------------------------------------------------------------------------------
                  dt  Flu_Adv  Gra_Adv  Src_Adv  Che_Adv       SF   FB_Adv    FixUp     Flag   Refine MPI_Grid   Output      Aux       LB CorrSync      Par -MPI_Par    libyt         Sum
    Time      0.0005   0.0043   0.0000   0.0000   0.0000   0.0000   0.0000   0.0000   0.0000   0.0000   0.0012   0.0021   0.0079   0.0006   0.0000   0.0000   0.0000   0.0000      0.0166
    Frac      3.237%  25.883%   0.000%   0.000%   0.000%   0.000%   0.000%   0.000%   0.000%   0.000%   7.040%  12.791%  47.565%   3.478%   0.000%   0.000%   0.000%   0.000%     99.994%

==============================================================================================================================
==============================================================================================================================



Time : 1.0199749e-03 -> 1.0879732e-03,     Step :       15 ->       16

Main Loop
------------------------------------------------------------------------------------------------------------------------------
       Total    Integration       Output    Auxiliary    LoadBalance       CorrSync          libyt            Sum
      0.0189         0.0066       0.0028       0.0088         0.0006         0.0000         0.0000         0.0189


Integration Loop
------------------------------------------------------------------------------------------------------------------------------
     Lv   Total       dt Flu_Adv Gra_Adv Src_Adv Che_Adv      SF  FB_Adv   FixUp    Flag  Refine Buf_Rho Buf_Pot Buf_Flu1 Buf_Flu2 Buf_Ref Buf_Flux Buf_Res Buf_Che  Par_KD   Par_K Par_K-1 Par_2Sib -MPI_Sib -MPI_FaSib Par_2Son    -MPI Par_Coll -MPI_Real -MPI_Sib -MPI_FaSib     Sum
      0   0.007    0.001   0.004   0.000   0.000   0.000   0.000   0.000   0.000   0.000   0.000   0.000   0.000    0.001    0.000   0.000    0.000   0.000   0.000   0.000   0.000   0.000    0.000    0.000      0.000    0.000   0.000    0.000     0.000    0.000      0.000   0.007
      1   0.000    0.000   0.000   0.000   0.000   0.000   0.000   0.000   0.000   0.000   0.000   0.000   0.000    0.000    0.000   0.000    0.000   0.000   0.000   0.000   0.000   0.000    0.000    0.000      0.000    0.000   0.000    0.000     0.000    0.000      0.000   0.000
      2   0.000    0.000   0.000   0.000   0.000   0.000   0.000   0.000   0.000   0.000   0.000   0.000   0.000    0.000    0.000   0.000    0.000   0.000   0.000   0.000   0.000   0.000    0.000    0.000      0.000    0.000   0.000    0.000     0.000    0.000      0.000   0.000
      3   0.000    0.000   0.000   0.000   0.000   0.000   0.000   0.000   0.000   0.000   0.000   0.000   0.000    0.000    0.000   0.000    0.000   0.000   0.000   0.000   0.000   0.000    0.000    0.000      0.000    0.000   0.000    0.000     0.000    0.000      0.000   0.000
      4   0.000    0.000   0.000   0.000   0.000   0.000   0.000   0.000   0.000   0.000   0.000   0.000   0.000    0.000    0.000   0.000    0.000   0.000   0.000   0.000   0.000   0.000    0.000    0.000      0.000    0.000   0.000    0.000     0.000    0.000      0.000   0.000
      5   0.000    0.000   0.000   0.000   0.000   0.000   0.000   0.000   0.000   0.000   0.000   0.000   0.000    0.000    0.000   0.000    0.000   0.000   0.000   0.000   0.000   0.000    0.000    0.000      0.000    0.000   0.000    0.000     0.000    0.000      0.000   0.000
      6   0.000    0.000   0.000   0.000   0.000   0.000   0.000   0.000   0.000   0.000   0.000   0.000   0.000    0.000    0.000   0.000    0.000   0.000   0.000   0.000   0.000   0.000    0.000    0.000      0.000    0.000   0.000    0.000     0.000    0.000      0.000   0.000
      7   0.000    0.000   0.000   0.000   0.000   0.000   0.000   0.000   0.000   0.000   0.000   0.000   0.000    0.000    0.000   0.000    0.000   0.000   0.000   0.000   0.000   0.000    0.000    0.000      0.000    0.000   0.000    0.000     0.000    0.000      0.000   0.000
      8   0.000    0.000   0.000   0.000   0.000   0.000   0.000   0.000   0.000   0.000   0.000   0.000   0.000    0.000    0.000   0.000    0.000   0.000   0.000   0.000   0.000   0.000    0.000    0.000      0.000    0.000   0.000    0.000     0.000    0.000      0.000   0.000
      9   0.000    0.000   0.000   0.000   0.000   0.000   0.000   0.000   0.000   0.000   0.000   0.000   0.000    0.000    0.000   0.000    0.000   0.000   0.000   0.000   0.000   0.000    0.000    0.000      0.000    0.000   0.000    0.000     0.000    0.000      0.000   0.000
    Sum   0.007    0.001   0.004   0.000   0.000   0.000   0.000   0.000   0.000   0.000   0.000   0.000   0.000    0.001    0.000   0.000    0.000   0.000   0.000   0.000   0.000   0.000    0.000    0.000      0.000    0.000   0.000    0.000     0.000    0.000      0.000   0.007


Summary
------------------------------------------------------------------------------------------------------------------------------
                  dt  Flu_Adv  Gra_Adv  Src_Adv  Che_Adv       SF   FB_Adv    FixUp     Flag   Refine MPI_Grid   Output      Aux       LB CorrSync      Par -MPI_Par    libyt         Sum
    Time      0.0006   0.0044   0.0000   0.0000   0.0000   0.0000   0.0000   0.0000   0.0002   0.0003   0.0012   0.0028   0.0088   0.0006   0.0000   0.0000   0.0000   0.0000      0.0189
    Frac      2.951%  23.128%   0.000%   0.000%   0.000%   0.000%   0.000%   0.000%   1.001%   1.595%   6.268%  15.011%  46.728%   3.317%   0.000%   0.000%   0.000%   0.000%    100.000%

==============================================================================================================================
==============================================================================================================================



Time : 1.0879732e-03 -> 1.1559716e-03,     Step :       16 ->       17

Main Loop
------------------------------------------------------------------------------------------------------------------------------
       Total    Integration       Output    Auxiliary    LoadBalance       CorrSync          libyt            Sum
      0.0167         0.0059       0.0022       0.0080         0.0007         0.0000         0.0000         0.0167


Integration Loop
------------------------------------------------------------------------------------------------------------------------------
     Lv   Total       dt Flu_Adv Gra_Adv Src_Adv Che_Adv      SF  FB_Adv   FixUp    Flag  Refine Buf_Rho Buf_Pot Buf_Flu1 Buf_Flu2 Buf_Ref Buf_Flux Buf_Res Buf_Che  Par_KD   Par_K Par_K-1 Par_2Sib -MPI_Sib -MPI_FaSib Par_2Son    -MPI Par_Coll -MPI_Real -MPI_Sib -MPI_FaSib     Sum
      0   0.006    0.001   0.004   0.000   0.000   0.000   0.000   0.000   0.000   0.000   0.000   0.000   0.000    0.001    0.000   0.000    0.000   0.000   0.000   0.000   0.000   0.000    0.000    0.000      0.000    0.000   0.000    0.000     0.000    0.000      0.000   0.006
      1   0.000    0.000   0.000   0.000   0.000   0.000   0.000   0.000   0.000   0.000   0.000   0.000   0.000    0.000    0.000   0.000    0.000   0.000   0.000   0.000   0.000   0.000    0.000    0.000      0.000    0.000   0.000    0.000     0.000    0.000      0.000   0.000
      2   0.000    0.000   0.000   0.000   0.000   0.000   0.000   0.000   0.000   0.000   0.000   0.000   0.000    0.000    0.000   0.000    0.000   0.000   0.000   0.000   0.000   0.000    0.000    0.000      0.000    0.000   0.000    0.000     0.000    0.000      0.000   0.000
      3   0.000    0.000   0.000   0.000   0.000   0.000   0.000   0.000   0.000   0.000   0.000   0.000   0.000    0.000    0.000   0.000    0.000   0.000   0.000   0.000   0.000   0.000    0.000    0.000      0.000    0.000   0.000    0.000     0.000    0.000      0.000   0.000
      4   0.000    0.000   0.000   0.000   0.000   0.000   0.000   0.000   0.000   0.000   0.000   0.000   0.000    0.000    0.000   0.000    0.000   0.000   0.000   0.000   0.000   0.000    0.000    0.000      0.000    0.000   0.000    0.000     0.000    0.000      0.000   0.000
      5   0.000    0.000   0.000   0.000   0.000   0.000   0.000   0.000   0.000   0.000   0.000   0.000   0.000    0.000    0.000   0.000    0.000   0.000   0.000   0.000   0.000   0.000    0.000    0.000      0.000    0.000   0.000    0.000     0.000    0.000      0.000   0.000
      6   0.000    0.000   0.000   0.000   0.000   0.000   0.000   0.000   0.000   0.000   0.000   0.000   0.000    0.000    0.000   0.000    0.000   0.000   0.000   0.000   0.000   0.000    0.000    0.000      0.000    0.000   0.000    0.000     0.000    0.000      0.000   0.000
      7   0.000    0.000   0.000   0.000   0.000   0.000   0.000   0.000   0.000   0.000   0.000   0.000   0.000    0.000    0.000   0.000    0.000   0.000   0.000   0.000   0.000   0.000    0.000    0.000      0.000    0.000   0.000    0.000     0.000    0.000      0.000   0.000
      8   0.000    0.000   0.000   0.000   0.000   0.000   0.000   0.000   0.000   0.000   0.000   0.000   0.000    0.000    0.000   0.000    0.000   0.000   0.000   0.000   0.000   0.000    0.000    0.000      0.000    0.000   0.000    0.000     0.000    0.000      0.000   0.000
      9   0.000    0.000   0.000   0.000   0.000   0.000   0.000   0.000   0.000   0.000   0.000   0.000   0.000    0.000    0.000   0.000    0.000   0.000   0.000   0.000   0.000   0.000    0.000    0.000      0.000    0.000   0.000    0.000     0.000    0.000      0.000   0.000
    Sum   0.006    0.001   0.004   0.000   0.000   0.000   0.000   0.000   0.000   0.000   0.000   0.000   0.000    0.001    0.000   0.000    0.000   0.000   0.000   0.000   0.000   0.000    0.000    0.000      0.000    0.000   0.000    0.000     0.000    0.000      0.000   0.006


Summary
------------------------------------------------------------------------------------------------------------------------------
                  dt  Flu_Adv  Gra_Adv  Src_Adv  Che_Adv       SF   FB_Adv    FixUp     Flag   Refine MPI_Grid   Output      Aux       LB CorrSync      Par -MPI_Par    libyt         Sum
    Time      0.0005   0.0042   0.0000   0.0000   0.0000   0.0000   0.0000   0.0000   0.0000   0.0000   0.0011   0.0022   0.0080   0.0007   0.0000   0.0000   0.0000   0.0000      0.0167
    Frac      3.225%  25.316%   0.000%   0.000%   0.000%   0.000%   0.000%   0.000%   0.000%   0.000%   6.876%  12.889%  47.677%   4.005%   0.000%   0.000%   0.000%   0.000%     99.988%

==============================================================================================================================
==============================================================================================================================



Time : 1.1559716e-03 -> 1.2239699e-03,     Step :       17 ->       18

Main Loop
------------------------------------------------------------------------------------------------------------------------------
       Total    Integration       Output    Auxiliary    LoadBalance       CorrSync          libyt            Sum
      0.0168         0.0057       0.0028       0.0077         0.0006         0.0000         0.0000         0.0168


Integration Loop
------------------------------------------------------------------------------------------------------------------------------
     Lv   Total       dt Flu_Adv Gra_Adv Src_Adv Che_Adv      SF  FB_Adv   FixUp    Flag  Refine Buf_Rho Buf_Pot Buf_Flu1 Buf_Flu2 Buf_Ref Buf_Flux Buf_Res Buf_Che  Par_KD   Par_K Par_K-1 Par_2Sib -MPI_Sib -MPI_FaSib Par_2Son    -MPI Par_Coll -MPI_Real -MPI_Sib -MPI_FaSib     Sum
      0   0.006    0.001   0.004   0.000   0.000   0.000   0.000   0.000   0.000   0.000   0.000   0.000   0.000    0.001    0.000   0.000    0.000   0.000   0.000   0.000   0.000   0.000    0.000    0.000      0.000    0.000   0.000    0.000     0.000    0.000      0.000   0.006
      1   0.000    0.000   0.000   0.000   0.000   0.000   0.000   0.000   0.000   0.000   0.000   0.000   0.000    0.000    0.000   0.000    0.000   0.000   0.000   0.000   0.000   0.000    0.000    0.000      0.000    0.000   0.000    0.000     0.000    0.000      0.000   0.000
      2   0.000    0.000   0.000   0.000   0.000   0.000   0.000   0.000   0.000   0.000   0.000   0.000   0.000    0.000    0.000   0.000    0.000   0.000   0.000   0.000   0.000   0.000    0.000    0.000      0.000    0.000   0.000    0.000     0.000    0.000      0.000   0.000
      3   0.000    0.000   0.000   0.000   0.000   0.000   0.000   0.000   0.000   0.000   0.000   0.000   0.000    0.000    0.000   0.000    0.000   0.000   0.000   0.000   0.000   0.000    0.000    0.000      0.000    0.000   0.000    0.000     0.000    0.000      0.000   0.000
      4   0.000    0.000   0.000   0.000   0.000   0.000   0.000   0.000   0.000   0.000   0.000   0.000   0.000    0.000    0.000   0.000    0.000   0.000   0.000   0.000   0.000   0.000    0.000    0.000      0.000    0.000   0.000    0.000     0.000    0.000      0.000   0.000
      5   0.000    0.000   0.000   0.000   0.000   0.000   0.000   0.000   0.000   0.000   0.000   0.000   0.000    0.000    0.000   0.000    0.000   0.000   0.000   0.000   0.000   0.000    0.000    0.000      0.000    0.000   0.000    0.000     0.000    0.000      0.000   0.000
      6   0.000    0.000   0.000   0.000   0.000   0.000   0.000   0.000   0.000   0.000   0.000   0.000   0.000    0.000    0.000   0.000    0.000   0.000   0.000   0.000   0.000   0.000    0.000    0.000      0.000    0.000   0.000    0.000     0.000    0.000      0.000   0.000
      7   0.000    0.000   0.000   0.000   0.000   0.000   0.000   0.000   0.000   0.000   0.000   0.000   0.000    0.000    0.000   0.000    0.000   0.000   0.000   0.000   0.000   0.000    0.000    0.000      0.000    0.000   0.000    0.000     0.000    0.000      0.000   0.000
      8   0.000    0.000   0.000   0.000   0.000   0.000   0.000   0.000   0.000   0.000   0.000   0.000   0.000    0.000    0.000   0.000    0.000   0.000   0.000   0.000   0.000   0.000    0.000    0.000      0.000    0.000   0.000    0.000     0.000    0.000      0.000   0.000
      9   0.000    0.000   0.000   0.000   0.000   0.000   0.000   0.000   0.000   0.000   0.000   0.000   0.000    0.000    0.000   0.000    0.000   0.000   0.000   0.000   0.000   0.000    0.000    0.000      0.000    0.000   0.000    0.000     0.000    0.000      0.000   0.000
    Sum   0.006    0.001   0.004   0.000   0.000   0.000   0.000   0.000   0.000   0.000   0.000   0.000   0.000    0.001    0.000   0.000    0.000   0.000   0.000   0.000   0.000   0.000    0.000    0.000      0.000    0.000   0.000    0.000     0.000    0.000      0.000   0.006


Summary
------------------------------------------------------------------------------------------------------------------------------
                  dt  Flu_Adv  Gra_Adv  Src_Adv  Che_Adv       SF   FB_Adv    FixUp     Flag   Refine MPI_Grid   Output      Aux       LB CorrSync      Par -MPI_Par    libyt         Sum
    Time      0.0005   0.0039   0.0000   0.0000   0.0000   0.0000   0.0000   0.0000   0.0000   0.0000   0.0012   0.0028   0.0077   0.0006   0.0000   0.0000   0.0000   0.0000      0.0168
    Frac      3.218%  23.494%   0.000%   0.000%   0.000%   0.000%   0.000%   0.000%   0.000%   0.000%   7.152%  16.395%  46.099%   3.635%   0.000%   0.000%   0.000%   0.000%     99.994%

==============================================================================================================================
==============================================================================================================================



Time : 1.2239699e-03 -> 1.2919682e-03,     Step :       18 ->       19

Main Loop
------------------------------------------------------------------------------------------------------------------------------
       Total    Integration       Output    Auxiliary    LoadBalance       CorrSync          libyt            Sum
      0.0174         0.0057       0.0027       0.0083         0.0006         0.0000         0.0000         0.0174


Integration Loop
------------------------------------------------------------------------------------------------------------------------------
     Lv   Total       dt Flu_Adv Gra_Adv Src_Adv Che_Adv      SF  FB_Adv   FixUp    Flag  Refine Buf_Rho Buf_Pot Buf_Flu1 Buf_Flu2 Buf_Ref Buf_Flux Buf_Res Buf_Che  Par_KD   Par_K Par_K-1 Par_2Sib -MPI_Sib -MPI_FaSib Par_2Son    -MPI Par_Coll -MPI_Real -MPI_Sib -MPI_FaSib     Sum
      0   0.006    0.001   0.004   0.000   0.000   0.000   0.000   0.000   0.000   0.000   0.000   0.000   0.000    0.001    0.000   0.000    0.000   0.000   0.000   0.000   0.000   0.000    0.000    0.000      0.000    0.000   0.000    0.000     0.000    0.000      0.000   0.006
      1   0.000    0.000   0.000   0.000   0.000   0.000   0.000   0.000   0.000   0.000   0.000   0.000   0.000    0.000    0.000   0.000    0.000   0.000   0.000   0.000   0.000   0.000    0.000    0.000      0.000    0.000   0.000    0.000     0.000    0.000      0.000   0.000
      2   0.000    0.000   0.000   0.000   0.000   0.000   0.000   0.000   0.000   0.000   0.000   0.000   0.000    0.000    0.000   0.000    0.000   0.000   0.000   0.000   0.000   0.000    0.000    0.000      0.000    0.000   0.000    0.000     0.000    0.000      0.000   0.000
      3   0.000    0.000   0.000   0.000   0.000   0.000   0.000   0.000   0.000   0.000   0.000   0.000   0.000    0.000    0.000   0.000    0.000   0.000   0.000   0.000   0.000   0.000    0.000    0.000      0.000    0.000   0.000    0.000     0.000    0.000      0.000   0.000
      4   0.000    0.000   0.000   0.000   0.000   0.000   0.000   0.000   0.000   0.000   0.000   0.000   0.000    0.000    0.000   0.000    0.000   0.000   0.000   0.000   0.000   0.000    0.000    0.000      0.000    0.000   0.000    0.000     0.000    0.000      0.000   0.000
      5   0.000    0.000   0.000   0.000   0.000   0.000   0.000   0.000   0.000   0.000   0.000   0.000   0.000    0.000    0.000   0.000    0.000   0.000   0.000   0.000   0.000   0.000    0.000    0.000      0.000    0.000   0.000    0.000     0.000    0.000      0.000   0.000
      6   0.000    0.000   0.000   0.000   0.000   0.000   0.000   0.000   0.000   0.000   0.000   0.000   0.000    0.000    0.000   0.000    0.000   0.000   0.000   0.000   0.000   0.000    0.000    0.000      0.000    0.000   0.000    0.000     0.000    0.000      0.000   0.000
      7   0.000    0.000   0.000   0.000   0.000   0.000   0.000   0.000   0.000   0.000   0.000   0.000   0.000    0.000    0.000   0.000    0.000   0.000   0.000   0.000   0.000   0.000    0.000    0.000      0.000    0.000   0.000    0.000     0.000    0.000      0.000   0.000
      8   0.000    0.000   0.000   0.000   0.000   0.000   0.000   0.000   0.000   0.000   0.000   0.000   0.000    0.000    0.000   0.000    0.000   0.000   0.000   0.000   0.000   0.000    0.000    0.000      0.000    0.000   0.000    0.000     0.000    0.000      0.000   0.000
      9   0.000    0.000   0.000   0.000   0.000   0.000   0.000   0.000   0.000   0.000   0.000   0.000   0.000    0.000    0.000   0.000    0.000   0.000   0.000   0.000   0.000   0.000    0.000    0.000      0.000    0.000   0.000    0.000     0.000    0.000      0.000   0.000
    Sum   0.006    0.001   0.004   0.000   0.000   0.000   0.000   0.000   0.000   0.000   0.000   0.000   0.000    0.001    0.000   0.000    0.000   0.000   0.000   0.000   0.000   0.000    0.000    0.000      0.000    0.000   0.000    0.000     0.000    0.000      0.000   0.006


Summary
------------------------------------------------------------------------------------------------------------------------------
                  dt  Flu_Adv  Gra_Adv  Src_Adv  Che_Adv       SF   FB_Adv    FixUp     Flag   Refine MPI_Grid   Output      Aux       LB CorrSync      Par -MPI_Par    libyt         Sum
    Time      0.0005   0.0041   0.0000   0.0000   0.0000   0.0000   0.0000   0.0000   0.0000   0.0000   0.0011   0.0027   0.0083   0.0006   0.0000   0.0000   0.0000   0.0000      0.0174
    Frac      2.916%  23.492%   0.000%   0.000%   0.000%   0.000%   0.000%   0.000%   0.000%   0.000%   6.598%  15.761%  48.001%   3.227%   0.000%   0.000%   0.000%   0.000%     99.994%

==============================================================================================================================
==============================================================================================================================



Time : 1.2919682e-03 -> 1.3599666e-03,     Step :       19 ->       20

Main Loop
------------------------------------------------------------------------------------------------------------------------------
       Total    Integration       Output    Auxiliary    LoadBalance       CorrSync          libyt            Sum
      0.0178         0.0065       0.0023       0.0084         0.0006         0.0000         0.0000         0.0178


Integration Loop
------------------------------------------------------------------------------------------------------------------------------
     Lv   Total       dt Flu_Adv Gra_Adv Src_Adv Che_Adv      SF  FB_Adv   FixUp    Flag  Refine Buf_Rho Buf_Pot Buf_Flu1 Buf_Flu2 Buf_Ref Buf_Flux Buf_Res Buf_Che  Par_KD   Par_K Par_K-1 Par_2Sib -MPI_Sib -MPI_FaSib Par_2Son    -MPI Par_Coll -MPI_Real -MPI_Sib -MPI_FaSib     Sum
      0   0.007    0.001   0.004   0.000   0.000   0.000   0.000   0.000   0.000   0.000   0.000   0.000   0.000    0.001    0.000   0.000    0.000   0.000   0.000   0.000   0.000   0.000    0.000    0.000      0.000    0.000   0.000    0.000     0.000    0.000      0.000   0.007
      1   0.000    0.000   0.000   0.000   0.000   0.000   0.000   0.000   0.000   0.000   0.000   0.000   0.000    0.000    0.000   0.000    0.000   0.000   0.000   0.000   0.000   0.000    0.000    0.000      0.000    0.000   0.000    0.000     0.000    0.000      0.000   0.000
      2   0.000    0.000   0.000   0.000   0.000   0.000   0.000   0.000   0.000   0.000   0.000   0.000   0.000    0.000    0.000   0.000    0.000   0.000   0.000   0.000   0.000   0.000    0.000    0.000      0.000    0.000   0.000    0.000     0.000    0.000      0.000   0.000
      3   0.000    0.000   0.000   0.000   0.000   0.000   0.000   0.000   0.000   0.000   0.000   0.000   0.000    0.000    0.000   0.000    0.000   0.000   0.000   0.000   0.000   0.000    0.000    0.000      0.000    0.000   0.000    0.000     0.000    0.000      0.000   0.000
      4   0.000    0.000   0.000   0.000   0.000   0.000   0.000   0.000   0.000   0.000   0.000   0.000   0.000    0.000    0.000   0.000    0.000   0.000   0.000   0.000   0.000   0.000    0.000    0.000      0.000    0.000   0.000    0.000     0.000    0.000      0.000   0.000
      5   0.000    0.000   0.000   0.000   0.000   0.000   0.000   0.000   0.000   0.000   0.000   0.000   0.000    0.000    0.000   0.000    0.000   0.000   0.000   0.000   0.000   0.000    0.000    0.000      0.000    0.000   0.000    0.000     0.000    0.000      0.000   0.000
      6   0.000    0.000   0.000   0.000   0.000   0.000   0.000   0.000   0.000   0.000   0.000   0.000   0.000    0.000    0.000   0.000    0.000   0.000   0.000   0.000   0.000   0.000    0.000    0.000      0.000    0.000   0.000    0.000     0.000    0.000      0.000   0.000
      7   0.000    0.000   0.000   0.000   0.000   0.000   0.000   0.000   0.000   0.000   0.000   0.000   0.000    0.000    0.000   0.000    0.000   0.000   0.000   0.000   0.000   0.000    0.000    0.000      0.000    0.000   0.000    0.000     0.000    0.000      0.000   0.000
      8   0.000    0.000   0.000   0.000   0.000   0.000   0.000   0.000   0.000   0.000   0.000   0.000   0.000    0.000    0.000   0.000    0.000   0.000   0.000   0.000   0.000   0.000    0.000    0.000      0.000    0.000   0.000    0.000     0.000    0.000      0.000   0.000
      9   0.000    0.000   0.000   0.000   0.000   0.000   0.000   0.000   0.000   0.000   0.000   0.000   0.000    0.000    0.000   0.000    0.000   0.000   0.000   0.000   0.000   0.000    0.000    0.000      0.000    0.000   0.000    0.000     0.000    0.000      0.000   0.000
    Sum   0.007    0.001   0.004   0.000   0.000   0.000   0.000   0.000   0.000   0.000   0.000   0.000   0.000    0.001    0.000   0.000    0.000   0.000   0.000   0.000   0.000   0.000    0.000    0.000      0.000    0.000   0.000    0.000     0.000    0.000      0.000   0.007


Summary
------------------------------------------------------------------------------------------------------------------------------
                  dt  Flu_Adv  Gra_Adv  Src_Adv  Che_Adv       SF   FB_Adv    FixUp     Flag   Refine MPI_Grid   Output      Aux       LB CorrSync      Par -MPI_Par    libyt         Sum
    Time      0.0006   0.0043   0.0000   0.0000   0.0000   0.0000   0.0000   0.0000   0.0002   0.0003   0.0012   0.0023   0.0084   0.0006   0.0000   0.0000   0.0000   0.0000      0.0178
    Frac      3.110%  23.984%   0.000%   0.000%   0.000%   0.000%   0.000%   0.000%   1.076%   1.698%   6.797%  12.665%  47.341%   3.323%   0.000%   0.000%   0.000%   0.000%     99.994%

==============================================================================================================================
==============================================================================================================================



Time : 1.3599666e-03 -> 1.4279649e-03,     Step :       20 ->       21

Main Loop
------------------------------------------------------------------------------------------------------------------------------
       Total    Integration       Output    Auxiliary    LoadBalance       CorrSync          libyt            Sum
      0.0169         0.0060       0.0021       0.0083         0.0005         0.0000         0.0000         0.0169


Integration Loop
------------------------------------------------------------------------------------------------------------------------------
     Lv   Total       dt Flu_Adv Gra_Adv Src_Adv Che_Adv      SF  FB_Adv   FixUp    Flag  Refine Buf_Rho Buf_Pot Buf_Flu1 Buf_Flu2 Buf_Ref Buf_Flux Buf_Res Buf_Che  Par_KD   Par_K Par_K-1 Par_2Sib -MPI_Sib -MPI_FaSib Par_2Son    -MPI Par_Coll -MPI_Real -MPI_Sib -MPI_FaSib     Sum
      0   0.006    0.001   0.004   0.000   0.000   0.000   0.000   0.000   0.000   0.000   0.000   0.000   0.000    0.001    0.000   0.000    0.000   0.000   0.000   0.000   0.000   0.000    0.000    0.000      0.000    0.000   0.000    0.000     0.000    0.000      0.000   0.006
      1   0.000    0.000   0.000   0.000   0.000   0.000   0.000   0.000   0.000   0.000   0.000   0.000   0.000    0.000    0.000   0.000    0.000   0.000   0.000   0.000   0.000   0.000    0.000    0.000      0.000    0.000   0.000    0.000     0.000    0.000      0.000   0.000
      2   0.000    0.000   0.000   0.000   0.000   0.000   0.000   0.000   0.000   0.000   0.000   0.000   0.000    0.000    0.000   0.000    0.000   0.000   0.000   0.000   0.000   0.000    0.000    0.000      0.000    0.000   0.000    0.000     0.000    0.000      0.000   0.000
      3   0.000    0.000   0.000   0.000   0.000   0.000   0.000   0.000   0.000   0.000   0.000   0.000   0.000    0.000    0.000   0.000    0.000   0.000   0.000   0.000   0.000   0.000    0.000    0.000      0.000    0.000   0.000    0.000     0.000    0.000      0.000   0.000
      4   0.000    0.000   0.000   0.000   0.000   0.000   0.000   0.000   0.000   0.000   0.000   0.000   0.000    0.000    0.000   0.000    0.000   0.000   0.000   0.000   0.000   0.000    0.000    0.000      0.000    0.000   0.000    0.000     0.000    0.000      0.000   0.000
      5   0.000    0.000   0.000   0.000   0.000   0.000   0.000   0.000   0.000   0.000   0.000   0.000   0.000    0.000    0.000   0.000    0.000   0.000   0.000   0.000   0.000   0.000    0.000    0.000      0.000    0.000   0.000    0.000     0.000    0.000      0.000   0.000
      6   0.000    0.000   0.000   0.000   0.000   0.000   0.000   0.000   0.000   0.000   0.000   0.000   0.000    0.000    0.000   0.000    0.000   0.000   0.000   0.000   0.000   0.000    0.000    0.000      0.000    0.000   0.000    0.000     0.000    0.000      0.000   0.000
      7   0.000    0.000   0.000   0.000   0.000   0.000   0.000   0.000   0.000   0.000   0.000   0.000   0.000    0.000    0.000   0.000    0.000   0.000   0.000   0.000   0.000   0.000    0.000    0.000      0.000    0.000   0.000    0.000     0.000    0.000      0.000   0.000
      8   0.000    0.000   0.000   0.000   0.000   0.000   0.000   0.000   0.000   0.000   0.000   0.000   0.000    0.000    0.000   0.000    0.000   0.000   0.000   0.000   0.000   0.000    0.000    0.000      0.000    0.000   0.000    0.000     0.000    0.000      0.000   0.000
      9   0.000    0.000   0.000   0.000   0.000   0.000   0.000   0.000   0.000   0.000   0.000   0.000   0.000    0.000    0.000   0.000    0.000   0.000   0.000   0.000   0.000   0.000    0.000    0.000      0.000    0.000   0.000    0.000     0.000    0.000      0.000   0.000
    Sum   0.006    0.001   0.004   0.000   0.000   0.000   0.000   0.000   0.000   0.000   0.000   0.000   0.000    0.001    0.000   0.000    0.000   0.000   0.000   0.000   0.000   0.000    0.000    0.000      0.000    0.000   0.000    0.000     0.000    0.000      0.000   0.006


Summary
------------------------------------------------------------------------------------------------------------------------------
                  dt  Flu_Adv  Gra_Adv  Src_Adv  Che_Adv       SF   FB_Adv    FixUp     Flag   Refine MPI_Grid   Output      Aux       LB CorrSync      Par -MPI_Par    libyt         Sum
    Time      0.0005   0.0043   0.0000   0.0000   0.0000   0.0000   0.0000   0.0000   0.0000   0.0000   0.0012   0.0021   0.0083   0.0005   0.0000   0.0000   0.0000   0.0000      0.0169
    Frac      3.000%  25.445%   0.000%   0.000%   0.000%   0.000%   0.000%   0.000%   0.000%   0.000%   6.811%  12.640%  48.979%   3.124%   0.000%   0.000%   0.000%   0.000%    100.000%

==============================================================================================================================
==============================================================================================================================



Time : 1.4279649e-03 -> 1.4959632e-03,     Step :       21 ->       22

Main Loop
------------------------------------------------------------------------------------------------------------------------------
       Total    Integration       Output    Auxiliary    LoadBalance       CorrSync          libyt            Sum
      0.0165         0.0060       0.0022       0.0078         0.0006         0.0000         0.0000         0.0165


Integration Loop
------------------------------------------------------------------------------------------------------------------------------
     Lv   Total       dt Flu_Adv Gra_Adv Src_Adv Che_Adv      SF  FB_Adv   FixUp    Flag  Refine Buf_Rho Buf_Pot Buf_Flu1 Buf_Flu2 Buf_Ref Buf_Flux Buf_Res Buf_Che  Par_KD   Par_K Par_K-1 Par_2Sib -MPI_Sib -MPI_FaSib Par_2Son    -MPI Par_Coll -MPI_Real -MPI_Sib -MPI_FaSib     Sum
      0   0.006    0.001   0.004   0.000   0.000   0.000   0.000   0.000   0.000   0.000   0.000   0.000   0.000    0.001    0.000   0.000    0.000   0.000   0.000   0.000   0.000   0.000    0.000    0.000      0.000    0.000   0.000    0.000     0.000    0.000      0.000   0.006
      1   0.000    0.000   0.000   0.000   0.000   0.000   0.000   0.000   0.000   0.000   0.000   0.000   0.000    0.000    0.000   0.000    0.000   0.000   0.000   0.000   0.000   0.000    0.000    0.000      0.000    0.000   0.000    0.000     0.000    0.000      0.000   0.000
      2   0.000    0.000   0.000   0.000   0.000   0.000   0.000   0.000   0.000   0.000   0.000   0.000   0.000    0.000    0.000   0.000    0.000   0.000   0.000   0.000   0.000   0.000    0.000    0.000      0.000    0.000   0.000    0.000     0.000    0.000      0.000   0.000
      3   0.000    0.000   0.000   0.000   0.000   0.000   0.000   0.000   0.000   0.000   0.000   0.000   0.000    0.000    0.000   0.000    0.000   0.000   0.000   0.000   0.000   0.000    0.000    0.000      0.000    0.000   0.000    0.000     0.000    0.000      0.000   0.000
      4   0.000    0.000   0.000   0.000   0.000   0.000   0.000   0.000   0.000   0.000   0.000   0.000   0.000    0.000    0.000   0.000    0.000   0.000   0.000   0.000   0.000   0.000    0.000    0.000      0.000    0.000   0.000    0.000     0.000    0.000      0.000   0.000
      5   0.000    0.000   0.000   0.000   0.000   0.000   0.000   0.000   0.000   0.000   0.000   0.000   0.000    0.000    0.000   0.000    0.000   0.000   0.000   0.000   0.000   0.000    0.000    0.000      0.000    0.000   0.000    0.000     0.000    0.000      0.000   0.000
      6   0.000    0.000   0.000   0.000   0.000   0.000   0.000   0.000   0.000   0.000   0.000   0.000   0.000    0.000    0.000   0.000    0.000   0.000   0.000   0.000   0.000   0.000    0.000    0.000      0.000    0.000   0.000    0.000     0.000    0.000      0.000   0.000
      7   0.000    0.000   0.000   0.000   0.000   0.000   0.000   0.000   0.000   0.000   0.000   0.000   0.000    0.000    0.000   0.000    0.000   0.000   0.000   0.000   0.000   0.000    0.000    0.000      0.000    0.000   0.000    0.000     0.000    0.000      0.000   0.000
      8   0.000    0.000   0.000   0.000   0.000   0.000   0.000   0.000   0.000   0.000   0.000   0.000   0.000    0.000    0.000   0.000    0.000   0.000   0.000   0.000   0.000   0.000    0.000    0.000      0.000    0.000   0.000    0.000     0.000    0.000      0.000   0.000
      9   0.000    0.000   0.000   0.000   0.000   0.000   0.000   0.000   0.000   0.000   0.000   0.000   0.000    0.000    0.000   0.000    0.000   0.000   0.000   0.000   0.000   0.000    0.000    0.000      0.000    0.000   0.000    0.000     0.000    0.000      0.000   0.000
    Sum   0.006    0.001   0.004   0.000   0.000   0.000   0.000   0.000   0.000   0.000   0.000   0.000   0.000    0.001    0.000   0.000    0.000   0.000   0.000   0.000   0.000   0.000    0.000    0.000      0.000    0.000   0.000    0.000     0.000    0.000      0.000   0.006


Summary
------------------------------------------------------------------------------------------------------------------------------
                  dt  Flu_Adv  Gra_Adv  Src_Adv  Che_Adv       SF   FB_Adv    FixUp     Flag   Refine MPI_Grid   Output      Aux       LB CorrSync      Par -MPI_Par    libyt         Sum
    Time      0.0006   0.0043   0.0000   0.0000   0.0000   0.0000   0.0000   0.0000   0.0000   0.0000   0.0011   0.0022   0.0078   0.0006   0.0000   0.0000   0.0000   0.0000      0.0165
    Frac      3.346%  25.799%   0.000%   0.000%   0.000%   0.000%   0.000%   0.000%   0.000%   0.000%   6.879%  13.311%  47.247%   3.412%   0.000%   0.000%   0.000%   0.000%     99.994%

==============================================================================================================================
==============================================================================================================================



Time : 1.4959632e-03 -> 1.5639615e-03,     Step :       22 ->       23

Main Loop
------------------------------------------------------------------------------------------------------------------------------
       Total    Integration       Output    Auxiliary    LoadBalance       CorrSync          libyt            Sum
      0.0169         0.0058       0.0023       0.0082         0.0006         0.0000         0.0000         0.0169


Integration Loop
------------------------------------------------------------------------------------------------------------------------------
     Lv   Total       dt Flu_Adv Gra_Adv Src_Adv Che_Adv      SF  FB_Adv   FixUp    Flag  Refine Buf_Rho Buf_Pot Buf_Flu1 Buf_Flu2 Buf_Ref Buf_Flux Buf_Res Buf_Che  Par_KD   Par_K Par_K-1 Par_2Sib -MPI_Sib -MPI_FaSib Par_2Son    -MPI Par_Coll -MPI_Real -MPI_Sib -MPI_FaSib     Sum
      0   0.006    0.001   0.004   0.000   0.000   0.000   0.000   0.000   0.000   0.000   0.000   0.000   0.000    0.001    0.000   0.000    0.000   0.000   0.000   0.000   0.000   0.000    0.000    0.000      0.000    0.000   0.000    0.000     0.000    0.000      0.000   0.006
      1   0.000    0.000   0.000   0.000   0.000   0.000   0.000   0.000   0.000   0.000   0.000   0.000   0.000    0.000    0.000   0.000    0.000   0.000   0.000   0.000   0.000   0.000    0.000    0.000      0.000    0.000   0.000    0.000     0.000    0.000      0.000   0.000
      2   0.000    0.000   0.000   0.000   0.000   0.000   0.000   0.000   0.000   0.000   0.000   0.000   0.000    0.000    0.000   0.000    0.000   0.000   0.000   0.000   0.000   0.000    0.000    0.000      0.000    0.000   0.000    0.000     0.000    0.000      0.000   0.000
      3   0.000    0.000   0.000   0.000   0.000   0.000   0.000   0.000   0.000   0.000   0.000   0.000   0.000    0.000    0.000   0.000    0.000   0.000   0.000   0.000   0.000   0.000    0.000    0.000      0.000    0.000   0.000    0.000     0.000    0.000      0.000   0.000
      4   0.000    0.000   0.000   0.000   0.000   0.000   0.000   0.000   0.000   0.000   0.000   0.000   0.000    0.000    0.000   0.000    0.000   0.000   0.000   0.000   0.000   0.000    0.000    0.000      0.000    0.000   0.000    0.000     0.000    0.000      0.000   0.000
      5   0.000    0.000   0.000   0.000   0.000   0.000   0.000   0.000   0.000   0.000   0.000   0.000   0.000    0.000    0.000   0.000    0.000   0.000   0.000   0.000   0.000   0.000    0.000    0.000      0.000    0.000   0.000    0.000     0.000    0.000      0.000   0.000
      6   0.000    0.000   0.000   0.000   0.000   0.000   0.000   0.000   0.000   0.000   0.000   0.000   0.000    0.000    0.000   0.000    0.000   0.000   0.000   0.000   0.000   0.000    0.000    0.000      0.000    0.000   0.000    0.000     0.000    0.000      0.000   0.000
      7   0.000    0.000   0.000   0.000   0.000   0.000   0.000   0.000   0.000   0.000   0.000   0.000   0.000    0.000    0.000   0.000    0.000   0.000   0.000   0.000   0.000   0.000    0.000    0.000      0.000    0.000   0.000    0.000     0.000    0.000      0.000   0.000
      8   0.000    0.000   0.000   0.000   0.000   0.000   0.000   0.000   0.000   0.000   0.000   0.000   0.000    0.000    0.000   0.000    0.000   0.000   0.000   0.000   0.000   0.000    0.000    0.000      0.000    0.000   0.000    0.000     0.000    0.000      0.000   0.000
      9   0.000    0.000   0.000   0.000   0.000   0.000   0.000   0.000   0.000   0.000   0.000   0.000   0.000    0.000    0.000   0.000    0.000   0.000   0.000   0.000   0.000   0.000    0.000    0.000      0.000    0.000   0.000    0.000     0.000    0.000      0.000   0.000
    Sum   0.006    0.001   0.004   0.000   0.000   0.000   0.000   0.000   0.000   0.000   0.000   0.000   0.000    0.001    0.000   0.000    0.000   0.000   0.000   0.000   0.000   0.000    0.000    0.000      0.000    0.000   0.000    0.000     0.000    0.000      0.000   0.006


Summary
------------------------------------------------------------------------------------------------------------------------------
                  dt  Flu_Adv  Gra_Adv  Src_Adv  Che_Adv       SF   FB_Adv    FixUp     Flag   Refine MPI_Grid   Output      Aux       LB CorrSync      Par -MPI_Par    libyt         Sum
    Time      0.0006   0.0040   0.0000   0.0000   0.0000   0.0000   0.0000   0.0000   0.0000   0.0000   0.0012   0.0023   0.0082   0.0006   0.0000   0.0000   0.0000   0.0000      0.0169
    Frac      3.267%  23.776%   0.000%   0.000%   0.000%   0.000%   0.000%   0.000%   0.000%   0.000%   7.038%  13.856%  48.671%   3.380%   0.000%   0.000%   0.000%   0.000%     99.988%

==============================================================================================================================
==============================================================================================================================



Time : 1.5639615e-03 -> 1.6319599e-03,     Step :       23 ->       24

Main Loop
------------------------------------------------------------------------------------------------------------------------------
       Total    Integration       Output    Auxiliary    LoadBalance       CorrSync          libyt            Sum
      0.0172         0.0063       0.0021       0.0083         0.0005         0.0000         0.0000         0.0172


Integration Loop
------------------------------------------------------------------------------------------------------------------------------
     Lv   Total       dt Flu_Adv Gra_Adv Src_Adv Che_Adv      SF  FB_Adv   FixUp    Flag  Refine Buf_Rho Buf_Pot Buf_Flu1 Buf_Flu2 Buf_Ref Buf_Flux Buf_Res Buf_Che  Par_KD   Par_K Par_K-1 Par_2Sib -MPI_Sib -MPI_FaSib Par_2Son    -MPI Par_Coll -MPI_Real -MPI_Sib -MPI_FaSib     Sum
      0   0.006    0.001   0.004   0.000   0.000   0.000   0.000   0.000   0.000   0.000   0.000   0.000   0.000    0.001    0.000   0.000    0.000   0.000   0.000   0.000   0.000   0.000    0.000    0.000      0.000    0.000   0.000    0.000     0.000    0.000      0.000   0.006
      1   0.000    0.000   0.000   0.000   0.000   0.000   0.000   0.000   0.000   0.000   0.000   0.000   0.000    0.000    0.000   0.000    0.000   0.000   0.000   0.000   0.000   0.000    0.000    0.000      0.000    0.000   0.000    0.000     0.000    0.000      0.000   0.000
      2   0.000    0.000   0.000   0.000   0.000   0.000   0.000   0.000   0.000   0.000   0.000   0.000   0.000    0.000    0.000   0.000    0.000   0.000   0.000   0.000   0.000   0.000    0.000    0.000      0.000    0.000   0.000    0.000     0.000    0.000      0.000   0.000
      3   0.000    0.000   0.000   0.000   0.000   0.000   0.000   0.000   0.000   0.000   0.000   0.000   0.000    0.000    0.000   0.000    0.000   0.000   0.000   0.000   0.000   0.000    0.000    0.000      0.000    0.000   0.000    0.000     0.000    0.000      0.000   0.000
      4   0.000    0.000   0.000   0.000   0.000   0.000   0.000   0.000   0.000   0.000   0.000   0.000   0.000    0.000    0.000   0.000    0.000   0.000   0.000   0.000   0.000   0.000    0.000    0.000      0.000    0.000   0.000    0.000     0.000    0.000      0.000   0.000
      5   0.000    0.000   0.000   0.000   0.000   0.000   0.000   0.000   0.000   0.000   0.000   0.000   0.000    0.000    0.000   0.000    0.000   0.000   0.000   0.000   0.000   0.000    0.000    0.000      0.000    0.000   0.000    0.000     0.000    0.000      0.000   0.000
      6   0.000    0.000   0.000   0.000   0.000   0.000   0.000   0.000   0.000   0.000   0.000   0.000   0.000    0.000    0.000   0.000    0.000   0.000   0.000   0.000   0.000   0.000    0.000    0.000      0.000    0.000   0.000    0.000     0.000    0.000      0.000   0.000
      7   0.000    0.000   0.000   0.000   0.000   0.000   0.000   0.000   0.000   0.000   0.000   0.000   0.000    0.000    0.000   0.000    0.000   0.000   0.000   0.000   0.000   0.000    0.000    0.000      0.000    0.000   0.000    0.000     0.000    0.000      0.000   0.000
      8   0.000    0.000   0.000   0.000   0.000   0.000   0.000   0.000   0.000   0.000   0.000   0.000   0.000    0.000    0.000   0.000    0.000   0.000   0.000   0.000   0.000   0.000    0.000    0.000      0.000    0.000   0.000    0.000     0.000    0.000      0.000   0.000
      9   0.000    0.000   0.000   0.000   0.000   0.000   0.000   0.000   0.000   0.000   0.000   0.000   0.000    0.000    0.000   0.000    0.000   0.000   0.000   0.000   0.000   0.000    0.000    0.000      0.000    0.000   0.000    0.000     0.000    0.000      0.000   0.000
    Sum   0.006    0.001   0.004   0.000   0.000   0.000   0.000   0.000   0.000   0.000   0.000   0.000   0.000    0.001    0.000   0.000    0.000   0.000   0.000   0.000   0.000   0.000    0.000    0.000      0.000    0.000   0.000    0.000     0.000    0.000      0.000   0.006


Summary
------------------------------------------------------------------------------------------------------------------------------
                  dt  Flu_Adv  Gra_Adv  Src_Adv  Che_Adv       SF   FB_Adv    FixUp     Flag   Refine MPI_Grid   Output      Aux       LB CorrSync      Par -MPI_Par    libyt         Sum
    Time      0.0005   0.0041   0.0000   0.0000   0.0000   0.0000   0.0000   0.0000   0.0002   0.0003   0.0012   0.0021   0.0083   0.0005   0.0000   0.0000   0.0000   0.0000      0.0172
    Frac      3.064%  23.619%   0.000%   0.000%   0.000%   0.000%   0.000%   0.000%   1.151%   1.860%   7.150%  12.010%  48.053%   3.087%   0.000%   0.000%   0.000%   0.000%     99.994%

==============================================================================================================================
==============================================================================================================================



Time : 1.6319599e-03 -> 1.6999582e-03,     Step :       24 ->       25

Main Loop
------------------------------------------------------------------------------------------------------------------------------
       Total    Integration       Output    Auxiliary    LoadBalance       CorrSync          libyt            Sum
      0.0194         0.0060       0.0032       0.0097         0.0006         0.0000         0.0000         0.0194


Integration Loop
------------------------------------------------------------------------------------------------------------------------------
     Lv   Total       dt Flu_Adv Gra_Adv Src_Adv Che_Adv      SF  FB_Adv   FixUp    Flag  Refine Buf_Rho Buf_Pot Buf_Flu1 Buf_Flu2 Buf_Ref Buf_Flux Buf_Res Buf_Che  Par_KD   Par_K Par_K-1 Par_2Sib -MPI_Sib -MPI_FaSib Par_2Son    -MPI Par_Coll -MPI_Real -MPI_Sib -MPI_FaSib     Sum
      0   0.006    0.001   0.004   0.000   0.000   0.000   0.000   0.000   0.000   0.000   0.000   0.000   0.000    0.001    0.000   0.000    0.000   0.000   0.000   0.000   0.000   0.000    0.000    0.000      0.000    0.000   0.000    0.000     0.000    0.000      0.000   0.006
      1   0.000    0.000   0.000   0.000   0.000   0.000   0.000   0.000   0.000   0.000   0.000   0.000   0.000    0.000    0.000   0.000    0.000   0.000   0.000   0.000   0.000   0.000    0.000    0.000      0.000    0.000   0.000    0.000     0.000    0.000      0.000   0.000
      2   0.000    0.000   0.000   0.000   0.000   0.000   0.000   0.000   0.000   0.000   0.000   0.000   0.000    0.000    0.000   0.000    0.000   0.000   0.000   0.000   0.000   0.000    0.000    0.000      0.000    0.000   0.000    0.000     0.000    0.000      0.000   0.000
      3   0.000    0.000   0.000   0.000   0.000   0.000   0.000   0.000   0.000   0.000   0.000   0.000   0.000    0.000    0.000   0.000    0.000   0.000   0.000   0.000   0.000   0.000    0.000    0.000      0.000    0.000   0.000    0.000     0.000    0.000      0.000   0.000
      4   0.000    0.000   0.000   0.000   0.000   0.000   0.000   0.000   0.000   0.000   0.000   0.000   0.000    0.000    0.000   0.000    0.000   0.000   0.000   0.000   0.000   0.000    0.000    0.000      0.000    0.000   0.000    0.000     0.000    0.000      0.000   0.000
      5   0.000    0.000   0.000   0.000   0.000   0.000   0.000   0.000   0.000   0.000   0.000   0.000   0.000    0.000    0.000   0.000    0.000   0.000   0.000   0.000   0.000   0.000    0.000    0.000      0.000    0.000   0.000    0.000     0.000    0.000      0.000   0.000
      6   0.000    0.000   0.000   0.000   0.000   0.000   0.000   0.000   0.000   0.000   0.000   0.000   0.000    0.000    0.000   0.000    0.000   0.000   0.000   0.000   0.000   0.000    0.000    0.000      0.000    0.000   0.000    0.000     0.000    0.000      0.000   0.000
      7   0.000    0.000   0.000   0.000   0.000   0.000   0.000   0.000   0.000   0.000   0.000   0.000   0.000    0.000    0.000   0.000    0.000   0.000   0.000   0.000   0.000   0.000    0.000    0.000      0.000    0.000   0.000    0.000     0.000    0.000      0.000   0.000
      8   0.000    0.000   0.000   0.000   0.000   0.000   0.000   0.000   0.000   0.000   0.000   0.000   0.000    0.000    0.000   0.000    0.000   0.000   0.000   0.000   0.000   0.000    0.000    0.000      0.000    0.000   0.000    0.000     0.000    0.000      0.000   0.000
      9   0.000    0.000   0.000   0.000   0.000   0.000   0.000   0.000   0.000   0.000   0.000   0.000   0.000    0.000    0.000   0.000    0.000   0.000   0.000   0.000   0.000   0.000    0.000    0.000      0.000    0.000   0.000    0.000     0.000    0.000      0.000   0.000
    Sum   0.006    0.001   0.004   0.000   0.000   0.000   0.000   0.000   0.000   0.000   0.000   0.000   0.000    0.001    0.000   0.000    0.000   0.000   0.000   0.000   0.000   0.000    0.000    0.000      0.000    0.000   0.000    0.000     0.000    0.000      0.000   0.006


Summary
------------------------------------------------------------------------------------------------------------------------------
                  dt  Flu_Adv  Gra_Adv  Src_Adv  Che_Adv       SF   FB_Adv    FixUp     Flag   Refine MPI_Grid   Output      Aux       LB CorrSync      Par -MPI_Par    libyt         Sum
    Time      0.0006   0.0042   0.0000   0.0000   0.0000   0.0000   0.0000   0.0000   0.0000   0.0000   0.0012   0.0032   0.0097   0.0006   0.0000   0.0000   0.0000   0.0000      0.0194
    Frac      3.037%  21.570%   0.000%   0.000%   0.000%   0.000%   0.000%   0.000%   0.000%   0.000%   6.142%  16.263%  49.992%   2.996%   0.000%   0.000%   0.000%   0.000%    100.000%

==============================================================================================================================
==============================================================================================================================



Time : 1.6999582e-03 -> 1.7679565e-03,     Step :       25 ->       26

Main Loop
------------------------------------------------------------------------------------------------------------------------------
       Total    Integration       Output    Auxiliary    LoadBalance       CorrSync          libyt            Sum
      0.0171         0.0059       0.0023       0.0084         0.0005         0.0000         0.0000         0.0171


Integration Loop
------------------------------------------------------------------------------------------------------------------------------
     Lv   Total       dt Flu_Adv Gra_Adv Src_Adv Che_Adv      SF  FB_Adv   FixUp    Flag  Refine Buf_Rho Buf_Pot Buf_Flu1 Buf_Flu2 Buf_Ref Buf_Flux Buf_Res Buf_Che  Par_KD   Par_K Par_K-1 Par_2Sib -MPI_Sib -MPI_FaSib Par_2Son    -MPI Par_Coll -MPI_Real -MPI_Sib -MPI_FaSib     Sum
      0   0.006    0.001   0.004   0.000   0.000   0.000   0.000   0.000   0.000   0.000   0.000   0.000   0.000    0.001    0.000   0.000    0.000   0.000   0.000   0.000   0.000   0.000    0.000    0.000      0.000    0.000   0.000    0.000     0.000    0.000      0.000   0.006
      1   0.000    0.000   0.000   0.000   0.000   0.000   0.000   0.000   0.000   0.000   0.000   0.000   0.000    0.000    0.000   0.000    0.000   0.000   0.000   0.000   0.000   0.000    0.000    0.000      0.000    0.000   0.000    0.000     0.000    0.000      0.000   0.000
      2   0.000    0.000   0.000   0.000   0.000   0.000   0.000   0.000   0.000   0.000   0.000   0.000   0.000    0.000    0.000   0.000    0.000   0.000   0.000   0.000   0.000   0.000    0.000    0.000      0.000    0.000   0.000    0.000     0.000    0.000      0.000   0.000
      3   0.000    0.000   0.000   0.000   0.000   0.000   0.000   0.000   0.000   0.000   0.000   0.000   0.000    0.000    0.000   0.000    0.000   0.000   0.000   0.000   0.000   0.000    0.000    0.000      0.000    0.000   0.000    0.000     0.000    0.000      0.000   0.000
      4   0.000    0.000   0.000   0.000   0.000   0.000   0.000   0.000   0.000   0.000   0.000   0.000   0.000    0.000    0.000   0.000    0.000   0.000   0.000   0.000   0.000   0.000    0.000    0.000      0.000    0.000   0.000    0.000     0.000    0.000      0.000   0.000
      5   0.000    0.000   0.000   0.000   0.000   0.000   0.000   0.000   0.000   0.000   0.000   0.000   0.000    0.000    0.000   0.000    0.000   0.000   0.000   0.000   0.000   0.000    0.000    0.000      0.000    0.000   0.000    0.000     0.000    0.000      0.000   0.000
      6   0.000    0.000   0.000   0.000   0.000   0.000   0.000   0.000   0.000   0.000   0.000   0.000   0.000    0.000    0.000   0.000    0.000   0.000   0.000   0.000   0.000   0.000    0.000    0.000      0.000    0.000   0.000    0.000     0.000    0.000      0.000   0.000
      7   0.000    0.000   0.000   0.000   0.000   0.000   0.000   0.000   0.000   0.000   0.000   0.000   0.000    0.000    0.000   0.000    0.000   0.000   0.000   0.000   0.000   0.000    0.000    0.000      0.000    0.000   0.000    0.000     0.000    0.000      0.000   0.000
      8   0.000    0.000   0.000   0.000   0.000   0.000   0.000   0.000   0.000   0.000   0.000   0.000   0.000    0.000    0.000   0.000    0.000   0.000   0.000   0.000   0.000   0.000    0.000    0.000      0.000    0.000   0.000    0.000     0.000    0.000      0.000   0.000
      9   0.000    0.000   0.000   0.000   0.000   0.000   0.000   0.000   0.000   0.000   0.000   0.000   0.000    0.000    0.000   0.000    0.000   0.000   0.000   0.000   0.000   0.000    0.000    0.000      0.000    0.000   0.000    0.000     0.000    0.000      0.000   0.000
    Sum   0.006    0.001   0.004   0.000   0.000   0.000   0.000   0.000   0.000   0.000   0.000   0.000   0.000    0.001    0.000   0.000    0.000   0.000   0.000   0.000   0.000   0.000    0.000    0.000      0.000    0.000   0.000    0.000     0.000    0.000      0.000   0.006


Summary
------------------------------------------------------------------------------------------------------------------------------
                  dt  Flu_Adv  Gra_Adv  Src_Adv  Che_Adv       SF   FB_Adv    FixUp     Flag   Refine MPI_Grid   Output      Aux       LB CorrSync      Par -MPI_Par    libyt         Sum
    Time      0.0006   0.0041   0.0000   0.0000   0.0000   0.0000   0.0000   0.0000   0.0000   0.0000   0.0012   0.0023   0.0084   0.0005   0.0000   0.0000   0.0000   0.0000      0.0171
    Frac      3.474%  23.854%   0.000%   0.000%   0.000%   0.000%   0.000%   0.000%   0.000%   0.000%   7.099%  13.276%  49.186%   3.106%   0.000%   0.000%   0.000%   0.000%     99.994%

==============================================================================================================================
==============================================================================================================================



Time : 1.7679565e-03 -> 1.8359548e-03,     Step :       26 ->       27

Main Loop
------------------------------------------------------------------------------------------------------------------------------
       Total    Integration       Output    Auxiliary    LoadBalance       CorrSync          libyt            Sum
      0.0192         0.0060       0.0021       0.0104         0.0007         0.0000         0.0000         0.0192


Integration Loop
------------------------------------------------------------------------------------------------------------------------------
     Lv   Total       dt Flu_Adv Gra_Adv Src_Adv Che_Adv      SF  FB_Adv   FixUp    Flag  Refine Buf_Rho Buf_Pot Buf_Flu1 Buf_Flu2 Buf_Ref Buf_Flux Buf_Res Buf_Che  Par_KD   Par_K Par_K-1 Par_2Sib -MPI_Sib -MPI_FaSib Par_2Son    -MPI Par_Coll -MPI_Real -MPI_Sib -MPI_FaSib     Sum
      0   0.006    0.001   0.004   0.000   0.000   0.000   0.000   0.000   0.000   0.000   0.000   0.000   0.000    0.001    0.000   0.000    0.000   0.000   0.000   0.000   0.000   0.000    0.000    0.000      0.000    0.000   0.000    0.000     0.000    0.000      0.000   0.006
      1   0.000    0.000   0.000   0.000   0.000   0.000   0.000   0.000   0.000   0.000   0.000   0.000   0.000    0.000    0.000   0.000    0.000   0.000   0.000   0.000   0.000   0.000    0.000    0.000      0.000    0.000   0.000    0.000     0.000    0.000      0.000   0.000
      2   0.000    0.000   0.000   0.000   0.000   0.000   0.000   0.000   0.000   0.000   0.000   0.000   0.000    0.000    0.000   0.000    0.000   0.000   0.000   0.000   0.000   0.000    0.000    0.000      0.000    0.000   0.000    0.000     0.000    0.000      0.000   0.000
      3   0.000    0.000   0.000   0.000   0.000   0.000   0.000   0.000   0.000   0.000   0.000   0.000   0.000    0.000    0.000   0.000    0.000   0.000   0.000   0.000   0.000   0.000    0.000    0.000      0.000    0.000   0.000    0.000     0.000    0.000      0.000   0.000
      4   0.000    0.000   0.000   0.000   0.000   0.000   0.000   0.000   0.000   0.000   0.000   0.000   0.000    0.000    0.000   0.000    0.000   0.000   0.000   0.000   0.000   0.000    0.000    0.000      0.000    0.000   0.000    0.000     0.000    0.000      0.000   0.000
      5   0.000    0.000   0.000   0.000   0.000   0.000   0.000   0.000   0.000   0.000   0.000   0.000   0.000    0.000    0.000   0.000    0.000   0.000   0.000   0.000   0.000   0.000    0.000    0.000      0.000    0.000   0.000    0.000     0.000    0.000      0.000   0.000
      6   0.000    0.000   0.000   0.000   0.000   0.000   0.000   0.000   0.000   0.000   0.000   0.000   0.000    0.000    0.000   0.000    0.000   0.000   0.000   0.000   0.000   0.000    0.000    0.000      0.000    0.000   0.000    0.000     0.000    0.000      0.000   0.000
      7   0.000    0.000   0.000   0.000   0.000   0.000   0.000   0.000   0.000   0.000   0.000   0.000   0.000    0.000    0.000   0.000    0.000   0.000   0.000   0.000   0.000   0.000    0.000    0.000      0.000    0.000   0.000    0.000     0.000    0.000      0.000   0.000
      8   0.000    0.000   0.000   0.000   0.000   0.000   0.000   0.000   0.000   0.000   0.000   0.000   0.000    0.000    0.000   0.000    0.000   0.000   0.000   0.000   0.000   0.000    0.000    0.000      0.000    0.000   0.000    0.000     0.000    0.000      0.000   0.000
      9   0.000    0.000   0.000   0.000   0.000   0.000   0.000   0.000   0.000   0.000   0.000   0.000   0.000    0.000    0.000   0.000    0.000   0.000   0.000   0.000   0.000   0.000    0.000    0.000      0.000    0.000   0.000    0.000     0.000    0.000      0.000   0.000
    Sum   0.006    0.001   0.004   0.000   0.000   0.000   0.000   0.000   0.000   0.000   0.000   0.000   0.000    0.001    0.000   0.000    0.000   0.000   0.000   0.000   0.000   0.000    0.000    0.000      0.000    0.000   0.000    0.000     0.000    0.000      0.000   0.006


Summary
------------------------------------------------------------------------------------------------------------------------------
                  dt  Flu_Adv  Gra_Adv  Src_Adv  Che_Adv       SF   FB_Adv    FixUp     Flag   Refine MPI_Grid   Output      Aux       LB CorrSync      Par -MPI_Par    libyt         Sum
    Time      0.0005   0.0043   0.0000   0.0000   0.0000   0.0000   0.0000   0.0000   0.0000   0.0000   0.0012   0.0021   0.0104   0.0007   0.0000   0.0000   0.0000   0.0000      0.0192
    Frac      2.699%  22.544%   0.000%   0.000%   0.000%   0.000%   0.000%   0.000%   0.000%   0.000%   6.165%  10.772%  54.302%   3.518%   0.000%   0.000%   0.000%   0.000%    100.000%

==============================================================================================================================
==============================================================================================================================



Time : 1.8359548e-03 -> 1.9039532e-03,     Step :       27 ->       28

Main Loop
------------------------------------------------------------------------------------------------------------------------------
       Total    Integration       Output    Auxiliary    LoadBalance       CorrSync          libyt            Sum
      0.0185         0.0063       0.0026       0.0090         0.0006         0.0000         0.0000         0.0185


Integration Loop
------------------------------------------------------------------------------------------------------------------------------
     Lv   Total       dt Flu_Adv Gra_Adv Src_Adv Che_Adv      SF  FB_Adv   FixUp    Flag  Refine Buf_Rho Buf_Pot Buf_Flu1 Buf_Flu2 Buf_Ref Buf_Flux Buf_Res Buf_Che  Par_KD   Par_K Par_K-1 Par_2Sib -MPI_Sib -MPI_FaSib Par_2Son    -MPI Par_Coll -MPI_Real -MPI_Sib -MPI_FaSib     Sum
      0   0.006    0.001   0.004   0.000   0.000   0.000   0.000   0.000   0.000   0.000   0.000   0.000   0.000    0.001    0.000   0.000    0.000   0.000   0.000   0.000   0.000   0.000    0.000    0.000      0.000    0.000   0.000    0.000     0.000    0.000      0.000   0.006
      1   0.000    0.000   0.000   0.000   0.000   0.000   0.000   0.000   0.000   0.000   0.000   0.000   0.000    0.000    0.000   0.000    0.000   0.000   0.000   0.000   0.000   0.000    0.000    0.000      0.000    0.000   0.000    0.000     0.000    0.000      0.000   0.000
      2   0.000    0.000   0.000   0.000   0.000   0.000   0.000   0.000   0.000   0.000   0.000   0.000   0.000    0.000    0.000   0.000    0.000   0.000   0.000   0.000   0.000   0.000    0.000    0.000      0.000    0.000   0.000    0.000     0.000    0.000      0.000   0.000
      3   0.000    0.000   0.000   0.000   0.000   0.000   0.000   0.000   0.000   0.000   0.000   0.000   0.000    0.000    0.000   0.000    0.000   0.000   0.000   0.000   0.000   0.000    0.000    0.000      0.000    0.000   0.000    0.000     0.000    0.000      0.000   0.000
      4   0.000    0.000   0.000   0.000   0.000   0.000   0.000   0.000   0.000   0.000   0.000   0.000   0.000    0.000    0.000   0.000    0.000   0.000   0.000   0.000   0.000   0.000    0.000    0.000      0.000    0.000   0.000    0.000     0.000    0.000      0.000   0.000
      5   0.000    0.000   0.000   0.000   0.000   0.000   0.000   0.000   0.000   0.000   0.000   0.000   0.000    0.000    0.000   0.000    0.000   0.000   0.000   0.000   0.000   0.000    0.000    0.000      0.000    0.000   0.000    0.000     0.000    0.000      0.000   0.000
      6   0.000    0.000   0.000   0.000   0.000   0.000   0.000   0.000   0.000   0.000   0.000   0.000   0.000    0.000    0.000   0.000    0.000   0.000   0.000   0.000   0.000   0.000    0.000    0.000      0.000    0.000   0.000    0.000     0.000    0.000      0.000   0.000
      7   0.000    0.000   0.000   0.000   0.000   0.000   0.000   0.000   0.000   0.000   0.000   0.000   0.000    0.000    0.000   0.000    0.000   0.000   0.000   0.000   0.000   0.000    0.000    0.000      0.000    0.000   0.000    0.000     0.000    0.000      0.000   0.000
      8   0.000    0.000   0.000   0.000   0.000   0.000   0.000   0.000   0.000   0.000   0.000   0.000   0.000    0.000    0.000   0.000    0.000   0.000   0.000   0.000   0.000   0.000    0.000    0.000      0.000    0.000   0.000    0.000     0.000    0.000      0.000   0.000
      9   0.000    0.000   0.000   0.000   0.000   0.000   0.000   0.000   0.000   0.000   0.000   0.000   0.000    0.000    0.000   0.000    0.000   0.000   0.000   0.000   0.000   0.000    0.000    0.000      0.000    0.000   0.000    0.000     0.000    0.000      0.000   0.000
    Sum   0.006    0.001   0.004   0.000   0.000   0.000   0.000   0.000   0.000   0.000   0.000   0.000   0.000    0.001    0.000   0.000    0.000   0.000   0.000   0.000   0.000   0.000    0.000    0.000      0.000    0.000   0.000    0.000     0.000    0.000      0.000   0.006


Summary
------------------------------------------------------------------------------------------------------------------------------
                  dt  Flu_Adv  Gra_Adv  Src_Adv  Che_Adv       SF   FB_Adv    FixUp     Flag   Refine MPI_Grid   Output      Aux       LB CorrSync      Par -MPI_Par    libyt         Sum
    Time      0.0007   0.0039   0.0000   0.0000   0.0000   0.0000   0.0000   0.0000   0.0002   0.0003   0.0012   0.0026   0.0090   0.0006   0.0000   0.0000   0.0000   0.0000      0.0185
    Frac      3.552%  21.130%   0.000%   0.000%   0.000%   0.000%   0.000%   0.000%   1.061%   1.592%   6.540%  13.941%  48.790%   3.378%   0.000%   0.000%   0.000%   0.000%     99.984%

==============================================================================================================================
==============================================================================================================================



Time : 1.9039532e-03 -> 1.9719515e-03,     Step :       28 ->       29

Main Loop
------------------------------------------------------------------------------------------------------------------------------
       Total    Integration       Output    Auxiliary    LoadBalance       CorrSync          libyt            Sum
      0.0177         0.0058       0.0027       0.0086         0.0006         0.0000         0.0000         0.0177


Integration Loop
------------------------------------------------------------------------------------------------------------------------------
     Lv   Total       dt Flu_Adv Gra_Adv Src_Adv Che_Adv      SF  FB_Adv   FixUp    Flag  Refine Buf_Rho Buf_Pot Buf_Flu1 Buf_Flu2 Buf_Ref Buf_Flux Buf_Res Buf_Che  Par_KD   Par_K Par_K-1 Par_2Sib -MPI_Sib -MPI_FaSib Par_2Son    -MPI Par_Coll -MPI_Real -MPI_Sib -MPI_FaSib     Sum
      0   0.006    0.001   0.004   0.000   0.000   0.000   0.000   0.000   0.000   0.000   0.000   0.000   0.000    0.001    0.000   0.000    0.000   0.000   0.000   0.000   0.000   0.000    0.000    0.000      0.000    0.000   0.000    0.000     0.000    0.000      0.000   0.006
      1   0.000    0.000   0.000   0.000   0.000   0.000   0.000   0.000   0.000   0.000   0.000   0.000   0.000    0.000    0.000   0.000    0.000   0.000   0.000   0.000   0.000   0.000    0.000    0.000      0.000    0.000   0.000    0.000     0.000    0.000      0.000   0.000
      2   0.000    0.000   0.000   0.000   0.000   0.000   0.000   0.000   0.000   0.000   0.000   0.000   0.000    0.000    0.000   0.000    0.000   0.000   0.000   0.000   0.000   0.000    0.000    0.000      0.000    0.000   0.000    0.000     0.000    0.000      0.000   0.000
      3   0.000    0.000   0.000   0.000   0.000   0.000   0.000   0.000   0.000   0.000   0.000   0.000   0.000    0.000    0.000   0.000    0.000   0.000   0.000   0.000   0.000   0.000    0.000    0.000      0.000    0.000   0.000    0.000     0.000    0.000      0.000   0.000
      4   0.000    0.000   0.000   0.000   0.000   0.000   0.000   0.000   0.000   0.000   0.000   0.000   0.000    0.000    0.000   0.000    0.000   0.000   0.000   0.000   0.000   0.000    0.000    0.000      0.000    0.000   0.000    0.000     0.000    0.000      0.000   0.000
      5   0.000    0.000   0.000   0.000   0.000   0.000   0.000   0.000   0.000   0.000   0.000   0.000   0.000    0.000    0.000   0.000    0.000   0.000   0.000   0.000   0.000   0.000    0.000    0.000      0.000    0.000   0.000    0.000     0.000    0.000      0.000   0.000
      6   0.000    0.000   0.000   0.000   0.000   0.000   0.000   0.000   0.000   0.000   0.000   0.000   0.000    0.000    0.000   0.000    0.000   0.000   0.000   0.000   0.000   0.000    0.000    0.000      0.000    0.000   0.000    0.000     0.000    0.000      0.000   0.000
      7   0.000    0.000   0.000   0.000   0.000   0.000   0.000   0.000   0.000   0.000   0.000   0.000   0.000    0.000    0.000   0.000    0.000   0.000   0.000   0.000   0.000   0.000    0.000    0.000      0.000    0.000   0.000    0.000     0.000    0.000      0.000   0.000
      8   0.000    0.000   0.000   0.000   0.000   0.000   0.000   0.000   0.000   0.000   0.000   0.000   0.000    0.000    0.000   0.000    0.000   0.000   0.000   0.000   0.000   0.000    0.000    0.000      0.000    0.000   0.000    0.000     0.000    0.000      0.000   0.000
      9   0.000    0.000   0.000   0.000   0.000   0.000   0.000   0.000   0.000   0.000   0.000   0.000   0.000    0.000    0.000   0.000    0.000   0.000   0.000   0.000   0.000   0.000    0.000    0.000      0.000    0.000   0.000    0.000     0.000    0.000      0.000   0.000
    Sum   0.006    0.001   0.004   0.000   0.000   0.000   0.000   0.000   0.000   0.000   0.000   0.000   0.000    0.001    0.000   0.000    0.000   0.000   0.000   0.000   0.000   0.000    0.000    0.000      0.000    0.000   0.000    0.000     0.000    0.000      0.000   0.006


Summary
------------------------------------------------------------------------------------------------------------------------------
                  dt  Flu_Adv  Gra_Adv  Src_Adv  Che_Adv       SF   FB_Adv    FixUp     Flag   Refine MPI_Grid   Output      Aux       LB CorrSync      Par -MPI_Par    libyt         Sum
    Time      0.0006   0.0040   0.0000   0.0000   0.0000   0.0000   0.0000   0.0000   0.0000   0.0000   0.0012   0.0027   0.0086   0.0006   0.0000   0.0000   0.0000   0.0000      0.0177
    Frac      3.286%  22.670%   0.000%   0.000%   0.000%   0.000%   0.000%   0.000%   0.000%   0.000%   6.645%  15.159%  48.966%   3.269%   0.000%   0.000%   0.000%   0.000%     99.994%

==============================================================================================================================
==============================================================================================================================



Time : 1.9719515e-03 -> 2.0399498e-03,     Step :       29 ->       30

Main Loop
------------------------------------------------------------------------------------------------------------------------------
       Total    Integration       Output    Auxiliary    LoadBalance       CorrSync          libyt            Sum
      0.0174         0.0058       0.0021       0.0088         0.0007         0.0000         0.0000         0.0174


Integration Loop
------------------------------------------------------------------------------------------------------------------------------
     Lv   Total       dt Flu_Adv Gra_Adv Src_Adv Che_Adv      SF  FB_Adv   FixUp    Flag  Refine Buf_Rho Buf_Pot Buf_Flu1 Buf_Flu2 Buf_Ref Buf_Flux Buf_Res Buf_Che  Par_KD   Par_K Par_K-1 Par_2Sib -MPI_Sib -MPI_FaSib Par_2Son    -MPI Par_Coll -MPI_Real -MPI_Sib -MPI_FaSib     Sum
      0   0.006    0.001   0.004   0.000   0.000   0.000   0.000   0.000   0.000   0.000   0.000   0.000   0.000    0.001    0.000   0.000    0.000   0.000   0.000   0.000   0.000   0.000    0.000    0.000      0.000    0.000   0.000    0.000     0.000    0.000      0.000   0.006
      1   0.000    0.000   0.000   0.000   0.000   0.000   0.000   0.000   0.000   0.000   0.000   0.000   0.000    0.000    0.000   0.000    0.000   0.000   0.000   0.000   0.000   0.000    0.000    0.000      0.000    0.000   0.000    0.000     0.000    0.000      0.000   0.000
      2   0.000    0.000   0.000   0.000   0.000   0.000   0.000   0.000   0.000   0.000   0.000   0.000   0.000    0.000    0.000   0.000    0.000   0.000   0.000   0.000   0.000   0.000    0.000    0.000      0.000    0.000   0.000    0.000     0.000    0.000      0.000   0.000
      3   0.000    0.000   0.000   0.000   0.000   0.000   0.000   0.000   0.000   0.000   0.000   0.000   0.000    0.000    0.000   0.000    0.000   0.000   0.000   0.000   0.000   0.000    0.000    0.000      0.000    0.000   0.000    0.000     0.000    0.000      0.000   0.000
      4   0.000    0.000   0.000   0.000   0.000   0.000   0.000   0.000   0.000   0.000   0.000   0.000   0.000    0.000    0.000   0.000    0.000   0.000   0.000   0.000   0.000   0.000    0.000    0.000      0.000    0.000   0.000    0.000     0.000    0.000      0.000   0.000
      5   0.000    0.000   0.000   0.000   0.000   0.000   0.000   0.000   0.000   0.000   0.000   0.000   0.000    0.000    0.000   0.000    0.000   0.000   0.000   0.000   0.000   0.000    0.000    0.000      0.000    0.000   0.000    0.000     0.000    0.000      0.000   0.000
      6   0.000    0.000   0.000   0.000   0.000   0.000   0.000   0.000   0.000   0.000   0.000   0.000   0.000    0.000    0.000   0.000    0.000   0.000   0.000   0.000   0.000   0.000    0.000    0.000      0.000    0.000   0.000    0.000     0.000    0.000      0.000   0.000
      7   0.000    0.000   0.000   0.000   0.000   0.000   0.000   0.000   0.000   0.000   0.000   0.000   0.000    0.000    0.000   0.000    0.000   0.000   0.000   0.000   0.000   0.000    0.000    0.000      0.000    0.000   0.000    0.000     0.000    0.000      0.000   0.000
      8   0.000    0.000   0.000   0.000   0.000   0.000   0.000   0.000   0.000   0.000   0.000   0.000   0.000    0.000    0.000   0.000    0.000   0.000   0.000   0.000   0.000   0.000    0.000    0.000      0.000    0.000   0.000    0.000     0.000    0.000      0.000   0.000
      9   0.000    0.000   0.000   0.000   0.000   0.000   0.000   0.000   0.000   0.000   0.000   0.000   0.000    0.000    0.000   0.000    0.000   0.000   0.000   0.000   0.000   0.000    0.000    0.000      0.000    0.000   0.000    0.000     0.000    0.000      0.000   0.000
    Sum   0.006    0.001   0.004   0.000   0.000   0.000   0.000   0.000   0.000   0.000   0.000   0.000   0.000    0.001    0.000   0.000    0.000   0.000   0.000   0.000   0.000   0.000    0.000    0.000      0.000    0.000   0.000    0.000     0.000    0.000      0.000   0.006


Summary
------------------------------------------------------------------------------------------------------------------------------
                  dt  Flu_Adv  Gra_Adv  Src_Adv  Che_Adv       SF   FB_Adv    FixUp     Flag   Refine MPI_Grid   Output      Aux       LB CorrSync      Par -MPI_Par    libyt         Sum
    Time      0.0005   0.0041   0.0000   0.0000   0.0000   0.0000   0.0000   0.0000   0.0000   0.0000   0.0012   0.0021   0.0088   0.0007   0.0000   0.0000   0.0000   0.0000      0.0174
    Frac      3.003%  23.527%   0.000%   0.000%   0.000%   0.000%   0.000%   0.000%   0.000%   0.000%   6.945%  11.968%  50.374%   4.177%   0.000%   0.000%   0.000%   0.000%     99.994%

==============================================================================================================================
==============================================================================================================================



Time : 2.0399498e-03 -> 2.1079482e-03,     Step :       30 ->       31

Main Loop
------------------------------------------------------------------------------------------------------------------------------
       Total    Integration       Output    Auxiliary    LoadBalance       CorrSync          libyt            Sum
      0.0175         0.0059       0.0021       0.0088         0.0006         0.0000         0.0000         0.0175


Integration Loop
------------------------------------------------------------------------------------------------------------------------------
     Lv   Total       dt Flu_Adv Gra_Adv Src_Adv Che_Adv      SF  FB_Adv   FixUp    Flag  Refine Buf_Rho Buf_Pot Buf_Flu1 Buf_Flu2 Buf_Ref Buf_Flux Buf_Res Buf_Che  Par_KD   Par_K Par_K-1 Par_2Sib -MPI_Sib -MPI_FaSib Par_2Son    -MPI Par_Coll -MPI_Real -MPI_Sib -MPI_FaSib     Sum
      0   0.006    0.000   0.004   0.000   0.000   0.000   0.000   0.000   0.000   0.000   0.000   0.000   0.000    0.001    0.000   0.000    0.000   0.000   0.000   0.000   0.000   0.000    0.000    0.000      0.000    0.000   0.000    0.000     0.000    0.000      0.000   0.006
      1   0.000    0.000   0.000   0.000   0.000   0.000   0.000   0.000   0.000   0.000   0.000   0.000   0.000    0.000    0.000   0.000    0.000   0.000   0.000   0.000   0.000   0.000    0.000    0.000      0.000    0.000   0.000    0.000     0.000    0.000      0.000   0.000
      2   0.000    0.000   0.000   0.000   0.000   0.000   0.000   0.000   0.000   0.000   0.000   0.000   0.000    0.000    0.000   0.000    0.000   0.000   0.000   0.000   0.000   0.000    0.000    0.000      0.000    0.000   0.000    0.000     0.000    0.000      0.000   0.000
      3   0.000    0.000   0.000   0.000   0.000   0.000   0.000   0.000   0.000   0.000   0.000   0.000   0.000    0.000    0.000   0.000    0.000   0.000   0.000   0.000   0.000   0.000    0.000    0.000      0.000    0.000   0.000    0.000     0.000    0.000      0.000   0.000
      4   0.000    0.000   0.000   0.000   0.000   0.000   0.000   0.000   0.000   0.000   0.000   0.000   0.000    0.000    0.000   0.000    0.000   0.000   0.000   0.000   0.000   0.000    0.000    0.000      0.000    0.000   0.000    0.000     0.000    0.000      0.000   0.000
      5   0.000    0.000   0.000   0.000   0.000   0.000   0.000   0.000   0.000   0.000   0.000   0.000   0.000    0.000    0.000   0.000    0.000   0.000   0.000   0.000   0.000   0.000    0.000    0.000      0.000    0.000   0.000    0.000     0.000    0.000      0.000   0.000
      6   0.000    0.000   0.000   0.000   0.000   0.000   0.000   0.000   0.000   0.000   0.000   0.000   0.000    0.000    0.000   0.000    0.000   0.000   0.000   0.000   0.000   0.000    0.000    0.000      0.000    0.000   0.000    0.000     0.000    0.000      0.000   0.000
      7   0.000    0.000   0.000   0.000   0.000   0.000   0.000   0.000   0.000   0.000   0.000   0.000   0.000    0.000    0.000   0.000    0.000   0.000   0.000   0.000   0.000   0.000    0.000    0.000      0.000    0.000   0.000    0.000     0.000    0.000      0.000   0.000
      8   0.000    0.000   0.000   0.000   0.000   0.000   0.000   0.000   0.000   0.000   0.000   0.000   0.000    0.000    0.000   0.000    0.000   0.000   0.000   0.000   0.000   0.000    0.000    0.000      0.000    0.000   0.000    0.000     0.000    0.000      0.000   0.000
      9   0.000    0.000   0.000   0.000   0.000   0.000   0.000   0.000   0.000   0.000   0.000   0.000   0.000    0.000    0.000   0.000    0.000   0.000   0.000   0.000   0.000   0.000    0.000    0.000      0.000    0.000   0.000    0.000     0.000    0.000      0.000   0.000
    Sum   0.006    0.000   0.004   0.000   0.000   0.000   0.000   0.000   0.000   0.000   0.000   0.000   0.000    0.001    0.000   0.000    0.000   0.000   0.000   0.000   0.000   0.000    0.000    0.000      0.000    0.000   0.000    0.000     0.000    0.000      0.000   0.006


Summary
------------------------------------------------------------------------------------------------------------------------------
                  dt  Flu_Adv  Gra_Adv  Src_Adv  Che_Adv       SF   FB_Adv    FixUp     Flag   Refine MPI_Grid   Output      Aux       LB CorrSync      Par -MPI_Par    libyt         Sum
    Time      0.0005   0.0043   0.0000   0.0000   0.0000   0.0000   0.0000   0.0000   0.0000   0.0000   0.0011   0.0021   0.0088   0.0006   0.0000   0.0000   0.0000   0.0000      0.0175
    Frac      2.806%  24.601%   0.000%   0.000%   0.000%   0.000%   0.000%   0.000%   0.000%   0.000%   6.568%  12.186%  50.518%   3.298%   0.000%   0.000%   0.000%   0.000%     99.977%

==============================================================================================================================
==============================================================================================================================



Time : 2.1079482e-03 -> 2.1759465e-03,     Step :       31 ->       32

Main Loop
------------------------------------------------------------------------------------------------------------------------------
       Total    Integration       Output    Auxiliary    LoadBalance       CorrSync          libyt            Sum
      0.0191         0.0065       0.0024       0.0088         0.0015         0.0000         0.0000         0.0191


Integration Loop
------------------------------------------------------------------------------------------------------------------------------
     Lv   Total       dt Flu_Adv Gra_Adv Src_Adv Che_Adv      SF  FB_Adv   FixUp    Flag  Refine Buf_Rho Buf_Pot Buf_Flu1 Buf_Flu2 Buf_Ref Buf_Flux Buf_Res Buf_Che  Par_KD   Par_K Par_K-1 Par_2Sib -MPI_Sib -MPI_FaSib Par_2Son    -MPI Par_Coll -MPI_Real -MPI_Sib -MPI_FaSib     Sum
      0   0.006    0.001   0.004   0.000   0.000   0.000   0.000   0.000   0.000   0.000   0.000   0.000   0.000    0.001    0.000   0.000    0.000   0.000   0.000   0.000   0.000   0.000    0.000    0.000      0.000    0.000   0.000    0.000     0.000    0.000      0.000   0.006
      1   0.000    0.000   0.000   0.000   0.000   0.000   0.000   0.000   0.000   0.000   0.000   0.000   0.000    0.000    0.000   0.000    0.000   0.000   0.000   0.000   0.000   0.000    0.000    0.000      0.000    0.000   0.000    0.000     0.000    0.000      0.000   0.000
      2   0.000    0.000   0.000   0.000   0.000   0.000   0.000   0.000   0.000   0.000   0.000   0.000   0.000    0.000    0.000   0.000    0.000   0.000   0.000   0.000   0.000   0.000    0.000    0.000      0.000    0.000   0.000    0.000     0.000    0.000      0.000   0.000
      3   0.000    0.000   0.000   0.000   0.000   0.000   0.000   0.000   0.000   0.000   0.000   0.000   0.000    0.000    0.000   0.000    0.000   0.000   0.000   0.000   0.000   0.000    0.000    0.000      0.000    0.000   0.000    0.000     0.000    0.000      0.000   0.000
      4   0.000    0.000   0.000   0.000   0.000   0.000   0.000   0.000   0.000   0.000   0.000   0.000   0.000    0.000    0.000   0.000    0.000   0.000   0.000   0.000   0.000   0.000    0.000    0.000      0.000    0.000   0.000    0.000     0.000    0.000      0.000   0.000
      5   0.000    0.000   0.000   0.000   0.000   0.000   0.000   0.000   0.000   0.000   0.000   0.000   0.000    0.000    0.000   0.000    0.000   0.000   0.000   0.000   0.000   0.000    0.000    0.000      0.000    0.000   0.000    0.000     0.000    0.000      0.000   0.000
      6   0.000    0.000   0.000   0.000   0.000   0.000   0.000   0.000   0.000   0.000   0.000   0.000   0.000    0.000    0.000   0.000    0.000   0.000   0.000   0.000   0.000   0.000    0.000    0.000      0.000    0.000   0.000    0.000     0.000    0.000      0.000   0.000
      7   0.000    0.000   0.000   0.000   0.000   0.000   0.000   0.000   0.000   0.000   0.000   0.000   0.000    0.000    0.000   0.000    0.000   0.000   0.000   0.000   0.000   0.000    0.000    0.000      0.000    0.000   0.000    0.000     0.000    0.000      0.000   0.000
      8   0.000    0.000   0.000   0.000   0.000   0.000   0.000   0.000   0.000   0.000   0.000   0.000   0.000    0.000    0.000   0.000    0.000   0.000   0.000   0.000   0.000   0.000    0.000    0.000      0.000    0.000   0.000    0.000     0.000    0.000      0.000   0.000
      9   0.000    0.000   0.000   0.000   0.000   0.000   0.000   0.000   0.000   0.000   0.000   0.000   0.000    0.000    0.000   0.000    0.000   0.000   0.000   0.000   0.000   0.000    0.000    0.000      0.000    0.000   0.000    0.000     0.000    0.000      0.000   0.000
    Sum   0.006    0.001   0.004   0.000   0.000   0.000   0.000   0.000   0.000   0.000   0.000   0.000   0.000    0.001    0.000   0.000    0.000   0.000   0.000   0.000   0.000   0.000    0.000    0.000      0.000    0.000   0.000    0.000     0.000    0.000      0.000   0.006


Summary
------------------------------------------------------------------------------------------------------------------------------
                  dt  Flu_Adv  Gra_Adv  Src_Adv  Che_Adv       SF   FB_Adv    FixUp     Flag   Refine MPI_Grid   Output      Aux       LB CorrSync      Par -MPI_Par    libyt         Sum
    Time      0.0005   0.0043   0.0000   0.0000   0.0000   0.0000   0.0000   0.0000   0.0002   0.0003   0.0012   0.0024   0.0088   0.0015   0.0000   0.0000   0.0000   0.0000      0.0191
    Frac      2.859%  22.327%   0.000%   0.000%   0.000%   0.000%   0.000%   0.000%   1.003%   1.594%   6.151%  12.339%  45.803%   7.907%   0.000%   0.000%   0.000%   0.000%     99.984%

==============================================================================================================================
==============================================================================================================================



Time : 2.1759465e-03 -> 2.2439448e-03,     Step :       32 ->       33

Main Loop
------------------------------------------------------------------------------------------------------------------------------
       Total    Integration       Output    Auxiliary    LoadBalance       CorrSync          libyt            Sum
      0.0183         0.0060       0.0023       0.0094         0.0006         0.0000         0.0000         0.0183


Integration Loop
------------------------------------------------------------------------------------------------------------------------------
     Lv   Total       dt Flu_Adv Gra_Adv Src_Adv Che_Adv      SF  FB_Adv   FixUp    Flag  Refine Buf_Rho Buf_Pot Buf_Flu1 Buf_Flu2 Buf_Ref Buf_Flux Buf_Res Buf_Che  Par_KD   Par_K Par_K-1 Par_2Sib -MPI_Sib -MPI_FaSib Par_2Son    -MPI Par_Coll -MPI_Real -MPI_Sib -MPI_FaSib     Sum
      0   0.006    0.001   0.004   0.000   0.000   0.000   0.000   0.000   0.000   0.000   0.000   0.000   0.000    0.001    0.000   0.000    0.000   0.000   0.000   0.000   0.000   0.000    0.000    0.000      0.000    0.000   0.000    0.000     0.000    0.000      0.000   0.006
      1   0.000    0.000   0.000   0.000   0.000   0.000   0.000   0.000   0.000   0.000   0.000   0.000   0.000    0.000    0.000   0.000    0.000   0.000   0.000   0.000   0.000   0.000    0.000    0.000      0.000    0.000   0.000    0.000     0.000    0.000      0.000   0.000
      2   0.000    0.000   0.000   0.000   0.000   0.000   0.000   0.000   0.000   0.000   0.000   0.000   0.000    0.000    0.000   0.000    0.000   0.000   0.000   0.000   0.000   0.000    0.000    0.000      0.000    0.000   0.000    0.000     0.000    0.000      0.000   0.000
      3   0.000    0.000   0.000   0.000   0.000   0.000   0.000   0.000   0.000   0.000   0.000   0.000   0.000    0.000    0.000   0.000    0.000   0.000   0.000   0.000   0.000   0.000    0.000    0.000      0.000    0.000   0.000    0.000     0.000    0.000      0.000   0.000
      4   0.000    0.000   0.000   0.000   0.000   0.000   0.000   0.000   0.000   0.000   0.000   0.000   0.000    0.000    0.000   0.000    0.000   0.000   0.000   0.000   0.000   0.000    0.000    0.000      0.000    0.000   0.000    0.000     0.000    0.000      0.000   0.000
      5   0.000    0.000   0.000   0.000   0.000   0.000   0.000   0.000   0.000   0.000   0.000   0.000   0.000    0.000    0.000   0.000    0.000   0.000   0.000   0.000   0.000   0.000    0.000    0.000      0.000    0.000   0.000    0.000     0.000    0.000      0.000   0.000
      6   0.000    0.000   0.000   0.000   0.000   0.000   0.000   0.000   0.000   0.000   0.000   0.000   0.000    0.000    0.000   0.000    0.000   0.000   0.000   0.000   0.000   0.000    0.000    0.000      0.000    0.000   0.000    0.000     0.000    0.000      0.000   0.000
      7   0.000    0.000   0.000   0.000   0.000   0.000   0.000   0.000   0.000   0.000   0.000   0.000   0.000    0.000    0.000   0.000    0.000   0.000   0.000   0.000   0.000   0.000    0.000    0.000      0.000    0.000   0.000    0.000     0.000    0.000      0.000   0.000
      8   0.000    0.000   0.000   0.000   0.000   0.000   0.000   0.000   0.000   0.000   0.000   0.000   0.000    0.000    0.000   0.000    0.000   0.000   0.000   0.000   0.000   0.000    0.000    0.000      0.000    0.000   0.000    0.000     0.000    0.000      0.000   0.000
      9   0.000    0.000   0.000   0.000   0.000   0.000   0.000   0.000   0.000   0.000   0.000   0.000   0.000    0.000    0.000   0.000    0.000   0.000   0.000   0.000   0.000   0.000    0.000    0.000      0.000    0.000   0.000    0.000     0.000    0.000      0.000   0.000
    Sum   0.006    0.001   0.004   0.000   0.000   0.000   0.000   0.000   0.000   0.000   0.000   0.000   0.000    0.001    0.000   0.000    0.000   0.000   0.000   0.000   0.000   0.000    0.000    0.000      0.000    0.000   0.000    0.000     0.000    0.000      0.000   0.006


Summary
------------------------------------------------------------------------------------------------------------------------------
                  dt  Flu_Adv  Gra_Adv  Src_Adv  Che_Adv       SF   FB_Adv    FixUp     Flag   Refine MPI_Grid   Output      Aux       LB CorrSync      Par -MPI_Par    libyt         Sum
    Time      0.0006   0.0041   0.0000   0.0000   0.0000   0.0000   0.0000   0.0000   0.0000   0.0000   0.0013   0.0023   0.0094   0.0006   0.0000   0.0000   0.0000   0.0000      0.0183
    Frac      3.122%  22.503%   0.000%   0.000%   0.000%   0.000%   0.000%   0.000%   0.000%   0.000%   6.982%  12.585%  51.616%   3.193%   0.000%   0.000%   0.000%   0.000%    100.000%

==============================================================================================================================
==============================================================================================================================



Time : 2.2439448e-03 -> 2.3119431e-03,     Step :       33 ->       34

Main Loop
------------------------------------------------------------------------------------------------------------------------------
       Total    Integration       Output    Auxiliary    LoadBalance       CorrSync          libyt            Sum
      0.0178         0.0059       0.0020       0.0093         0.0007         0.0000         0.0000         0.0178


Integration Loop
------------------------------------------------------------------------------------------------------------------------------
     Lv   Total       dt Flu_Adv Gra_Adv Src_Adv Che_Adv      SF  FB_Adv   FixUp    Flag  Refine Buf_Rho Buf_Pot Buf_Flu1 Buf_Flu2 Buf_Ref Buf_Flux Buf_Res Buf_Che  Par_KD   Par_K Par_K-1 Par_2Sib -MPI_Sib -MPI_FaSib Par_2Son    -MPI Par_Coll -MPI_Real -MPI_Sib -MPI_FaSib     Sum
      0   0.006    0.001   0.004   0.000   0.000   0.000   0.000   0.000   0.000   0.000   0.000   0.000   0.000    0.001    0.000   0.000    0.000   0.000   0.000   0.000   0.000   0.000    0.000    0.000      0.000    0.000   0.000    0.000     0.000    0.000      0.000   0.006
      1   0.000    0.000   0.000   0.000   0.000   0.000   0.000   0.000   0.000   0.000   0.000   0.000   0.000    0.000    0.000   0.000    0.000   0.000   0.000   0.000   0.000   0.000    0.000    0.000      0.000    0.000   0.000    0.000     0.000    0.000      0.000   0.000
      2   0.000    0.000   0.000   0.000   0.000   0.000   0.000   0.000   0.000   0.000   0.000   0.000   0.000    0.000    0.000   0.000    0.000   0.000   0.000   0.000   0.000   0.000    0.000    0.000      0.000    0.000   0.000    0.000     0.000    0.000      0.000   0.000
      3   0.000    0.000   0.000   0.000   0.000   0.000   0.000   0.000   0.000   0.000   0.000   0.000   0.000    0.000    0.000   0.000    0.000   0.000   0.000   0.000   0.000   0.000    0.000    0.000      0.000    0.000   0.000    0.000     0.000    0.000      0.000   0.000
      4   0.000    0.000   0.000   0.000   0.000   0.000   0.000   0.000   0.000   0.000   0.000   0.000   0.000    0.000    0.000   0.000    0.000   0.000   0.000   0.000   0.000   0.000    0.000    0.000      0.000    0.000   0.000    0.000     0.000    0.000      0.000   0.000
      5   0.000    0.000   0.000   0.000   0.000   0.000   0.000   0.000   0.000   0.000   0.000   0.000   0.000    0.000    0.000   0.000    0.000   0.000   0.000   0.000   0.000   0.000    0.000    0.000      0.000    0.000   0.000    0.000     0.000    0.000      0.000   0.000
      6   0.000    0.000   0.000   0.000   0.000   0.000   0.000   0.000   0.000   0.000   0.000   0.000   0.000    0.000    0.000   0.000    0.000   0.000   0.000   0.000   0.000   0.000    0.000    0.000      0.000    0.000   0.000    0.000     0.000    0.000      0.000   0.000
      7   0.000    0.000   0.000   0.000   0.000   0.000   0.000   0.000   0.000   0.000   0.000   0.000   0.000    0.000    0.000   0.000    0.000   0.000   0.000   0.000   0.000   0.000    0.000    0.000      0.000    0.000   0.000    0.000     0.000    0.000      0.000   0.000
      8   0.000    0.000   0.000   0.000   0.000   0.000   0.000   0.000   0.000   0.000   0.000   0.000   0.000    0.000    0.000   0.000    0.000   0.000   0.000   0.000   0.000   0.000    0.000    0.000      0.000    0.000   0.000    0.000     0.000    0.000      0.000   0.000
      9   0.000    0.000   0.000   0.000   0.000   0.000   0.000   0.000   0.000   0.000   0.000   0.000   0.000    0.000    0.000   0.000    0.000   0.000   0.000   0.000   0.000   0.000    0.000    0.000      0.000    0.000   0.000    0.000     0.000    0.000      0.000   0.000
    Sum   0.006    0.001   0.004   0.000   0.000   0.000   0.000   0.000   0.000   0.000   0.000   0.000   0.000    0.001    0.000   0.000    0.000   0.000   0.000   0.000   0.000   0.000    0.000    0.000      0.000    0.000   0.000    0.000     0.000    0.000      0.000   0.006


Summary
------------------------------------------------------------------------------------------------------------------------------
                  dt  Flu_Adv  Gra_Adv  Src_Adv  Che_Adv       SF   FB_Adv    FixUp     Flag   Refine MPI_Grid   Output      Aux       LB CorrSync      Par -MPI_Par    libyt         Sum
    Time      0.0006   0.0041   0.0000   0.0000   0.0000   0.0000   0.0000   0.0000   0.0000   0.0000   0.0012   0.0020   0.0093   0.0007   0.0000   0.0000   0.0000   0.0000      0.0178
    Frac      3.355%  22.856%   0.000%   0.000%   0.000%   0.000%   0.000%   0.000%   0.000%   0.000%   6.676%  11.265%  52.067%   3.770%   0.000%   0.000%   0.000%   0.000%     99.989%

==============================================================================================================================
==============================================================================================================================



Time : 2.3119431e-03 -> 2.3799415e-03,     Step :       34 ->       35

Main Loop
------------------------------------------------------------------------------------------------------------------------------
       Total    Integration       Output    Auxiliary    LoadBalance       CorrSync          libyt            Sum
      0.0179         0.0058       0.0028       0.0086         0.0007         0.0000         0.0000         0.0179


Integration Loop
------------------------------------------------------------------------------------------------------------------------------
     Lv   Total       dt Flu_Adv Gra_Adv Src_Adv Che_Adv      SF  FB_Adv   FixUp    Flag  Refine Buf_Rho Buf_Pot Buf_Flu1 Buf_Flu2 Buf_Ref Buf_Flux Buf_Res Buf_Che  Par_KD   Par_K Par_K-1 Par_2Sib -MPI_Sib -MPI_FaSib Par_2Son    -MPI Par_Coll -MPI_Real -MPI_Sib -MPI_FaSib     Sum
      0   0.006    0.001   0.004   0.000   0.000   0.000   0.000   0.000   0.000   0.000   0.000   0.000   0.000    0.001    0.000   0.000    0.000   0.000   0.000   0.000   0.000   0.000    0.000    0.000      0.000    0.000   0.000    0.000     0.000    0.000      0.000   0.006
      1   0.000    0.000   0.000   0.000   0.000   0.000   0.000   0.000   0.000   0.000   0.000   0.000   0.000    0.000    0.000   0.000    0.000   0.000   0.000   0.000   0.000   0.000    0.000    0.000      0.000    0.000   0.000    0.000     0.000    0.000      0.000   0.000
      2   0.000    0.000   0.000   0.000   0.000   0.000   0.000   0.000   0.000   0.000   0.000   0.000   0.000    0.000    0.000   0.000    0.000   0.000   0.000   0.000   0.000   0.000    0.000    0.000      0.000    0.000   0.000    0.000     0.000    0.000      0.000   0.000
      3   0.000    0.000   0.000   0.000   0.000   0.000   0.000   0.000   0.000   0.000   0.000   0.000   0.000    0.000    0.000   0.000    0.000   0.000   0.000   0.000   0.000   0.000    0.000    0.000      0.000    0.000   0.000    0.000     0.000    0.000      0.000   0.000
      4   0.000    0.000   0.000   0.000   0.000   0.000   0.000   0.000   0.000   0.000   0.000   0.000   0.000    0.000    0.000   0.000    0.000   0.000   0.000   0.000   0.000   0.000    0.000    0.000      0.000    0.000   0.000    0.000     0.000    0.000      0.000   0.000
      5   0.000    0.000   0.000   0.000   0.000   0.000   0.000   0.000   0.000   0.000   0.000   0.000   0.000    0.000    0.000   0.000    0.000   0.000   0.000   0.000   0.000   0.000    0.000    0.000      0.000    0.000   0.000    0.000     0.000    0.000      0.000   0.000
      6   0.000    0.000   0.000   0.000   0.000   0.000   0.000   0.000   0.000   0.000   0.000   0.000   0.000    0.000    0.000   0.000    0.000   0.000   0.000   0.000   0.000   0.000    0.000    0.000      0.000    0.000   0.000    0.000     0.000    0.000      0.000   0.000
      7   0.000    0.000   0.000   0.000   0.000   0.000   0.000   0.000   0.000   0.000   0.000   0.000   0.000    0.000    0.000   0.000    0.000   0.000   0.000   0.000   0.000   0.000    0.000    0.000      0.000    0.000   0.000    0.000     0.000    0.000      0.000   0.000
      8   0.000    0.000   0.000   0.000   0.000   0.000   0.000   0.000   0.000   0.000   0.000   0.000   0.000    0.000    0.000   0.000    0.000   0.000   0.000   0.000   0.000   0.000    0.000    0.000      0.000    0.000   0.000    0.000     0.000    0.000      0.000   0.000
      9   0.000    0.000   0.000   0.000   0.000   0.000   0.000   0.000   0.000   0.000   0.000   0.000   0.000    0.000    0.000   0.000    0.000   0.000   0.000   0.000   0.000   0.000    0.000    0.000      0.000    0.000   0.000    0.000     0.000    0.000      0.000   0.000
    Sum   0.006    0.001   0.004   0.000   0.000   0.000   0.000   0.000   0.000   0.000   0.000   0.000   0.000    0.001    0.000   0.000    0.000   0.000   0.000   0.000   0.000   0.000    0.000    0.000      0.000    0.000   0.000    0.000     0.000    0.000      0.000   0.006


Summary
------------------------------------------------------------------------------------------------------------------------------
                  dt  Flu_Adv  Gra_Adv  Src_Adv  Che_Adv       SF   FB_Adv    FixUp     Flag   Refine MPI_Grid   Output      Aux       LB CorrSync      Par -MPI_Par    libyt         Sum
    Time      0.0006   0.0041   0.0000   0.0000   0.0000   0.0000   0.0000   0.0000   0.0000   0.0000   0.0012   0.0028   0.0086   0.0007   0.0000   0.0000   0.0000   0.0000      0.0179
    Frac      3.215%  22.677%   0.000%   0.000%   0.000%   0.000%   0.000%   0.000%   0.000%   0.000%   6.620%  15.465%  48.289%   3.729%   0.000%   0.000%   0.000%   0.000%     99.994%

==============================================================================================================================
==============================================================================================================================



Time : 2.3799415e-03 -> 2.4479398e-03,     Step :       35 ->       36

Main Loop
------------------------------------------------------------------------------------------------------------------------------
       Total    Integration       Output    Auxiliary    LoadBalance       CorrSync          libyt            Sum
      0.0183         0.0065       0.0024       0.0087         0.0007         0.0000         0.0000         0.0183


Integration Loop
------------------------------------------------------------------------------------------------------------------------------
     Lv   Total       dt Flu_Adv Gra_Adv Src_Adv Che_Adv      SF  FB_Adv   FixUp    Flag  Refine Buf_Rho Buf_Pot Buf_Flu1 Buf_Flu2 Buf_Ref Buf_Flux Buf_Res Buf_Che  Par_KD   Par_K Par_K-1 Par_2Sib -MPI_Sib -MPI_FaSib Par_2Son    -MPI Par_Coll -MPI_Real -MPI_Sib -MPI_FaSib     Sum
      0   0.006    0.001   0.004   0.000   0.000   0.000   0.000   0.000   0.000   0.000   0.000   0.000   0.000    0.001    0.000   0.000    0.000   0.000   0.000   0.000   0.000   0.000    0.000    0.000      0.000    0.000   0.000    0.000     0.000    0.000      0.000   0.006
      1   0.000    0.000   0.000   0.000   0.000   0.000   0.000   0.000   0.000   0.000   0.000   0.000   0.000    0.000    0.000   0.000    0.000   0.000   0.000   0.000   0.000   0.000    0.000    0.000      0.000    0.000   0.000    0.000     0.000    0.000      0.000   0.000
      2   0.000    0.000   0.000   0.000   0.000   0.000   0.000   0.000   0.000   0.000   0.000   0.000   0.000    0.000    0.000   0.000    0.000   0.000   0.000   0.000   0.000   0.000    0.000    0.000      0.000    0.000   0.000    0.000     0.000    0.000      0.000   0.000
      3   0.000    0.000   0.000   0.000   0.000   0.000   0.000   0.000   0.000   0.000   0.000   0.000   0.000    0.000    0.000   0.000    0.000   0.000   0.000   0.000   0.000   0.000    0.000    0.000      0.000    0.000   0.000    0.000     0.000    0.000      0.000   0.000
      4   0.000    0.000   0.000   0.000   0.000   0.000   0.000   0.000   0.000   0.000   0.000   0.000   0.000    0.000    0.000   0.000    0.000   0.000   0.000   0.000   0.000   0.000    0.000    0.000      0.000    0.000   0.000    0.000     0.000    0.000      0.000   0.000
      5   0.000    0.000   0.000   0.000   0.000   0.000   0.000   0.000   0.000   0.000   0.000   0.000   0.000    0.000    0.000   0.000    0.000   0.000   0.000   0.000   0.000   0.000    0.000    0.000      0.000    0.000   0.000    0.000     0.000    0.000      0.000   0.000
      6   0.000    0.000   0.000   0.000   0.000   0.000   0.000   0.000   0.000   0.000   0.000   0.000   0.000    0.000    0.000   0.000    0.000   0.000   0.000   0.000   0.000   0.000    0.000    0.000      0.000    0.000   0.000    0.000     0.000    0.000      0.000   0.000
      7   0.000    0.000   0.000   0.000   0.000   0.000   0.000   0.000   0.000   0.000   0.000   0.000   0.000    0.000    0.000   0.000    0.000   0.000   0.000   0.000   0.000   0.000    0.000    0.000      0.000    0.000   0.000    0.000     0.000    0.000      0.000   0.000
      8   0.000    0.000   0.000   0.000   0.000   0.000   0.000   0.000   0.000   0.000   0.000   0.000   0.000    0.000    0.000   0.000    0.000   0.000   0.000   0.000   0.000   0.000    0.000    0.000      0.000    0.000   0.000    0.000     0.000    0.000      0.000   0.000
      9   0.000    0.000   0.000   0.000   0.000   0.000   0.000   0.000   0.000   0.000   0.000   0.000   0.000    0.000    0.000   0.000    0.000   0.000   0.000   0.000   0.000   0.000    0.000    0.000      0.000    0.000   0.000    0.000     0.000    0.000      0.000   0.000
    Sum   0.006    0.001   0.004   0.000   0.000   0.000   0.000   0.000   0.000   0.000   0.000   0.000   0.000    0.001    0.000   0.000    0.000   0.000   0.000   0.000   0.000   0.000    0.000    0.000      0.000    0.000   0.000    0.000     0.000    0.000      0.000   0.006


Summary
------------------------------------------------------------------------------------------------------------------------------
                  dt  Flu_Adv  Gra_Adv  Src_Adv  Che_Adv       SF   FB_Adv    FixUp     Flag   Refine MPI_Grid   Output      Aux       LB CorrSync      Par -MPI_Par    libyt         Sum
    Time      0.0006   0.0042   0.0000   0.0000   0.0000   0.0000   0.0000   0.0000   0.0002   0.0003   0.0011   0.0024   0.0087   0.0007   0.0000   0.0000   0.0000   0.0000      0.0183
    Frac      3.177%  23.103%   0.000%   0.000%   0.000%   0.000%   0.000%   0.000%   1.033%   1.668%   6.283%  13.151%  47.589%   3.992%   0.000%   0.000%   0.000%   0.000%     99.995%

==============================================================================================================================
==============================================================================================================================



Time : 2.4479398e-03 -> 2.5159381e-03,     Step :       36 ->       37

Main Loop
------------------------------------------------------------------------------------------------------------------------------
       Total    Integration       Output    Auxiliary    LoadBalance       CorrSync          libyt            Sum
      0.0182         0.0062       0.0023       0.0089         0.0007         0.0000         0.0000         0.0182


Integration Loop
------------------------------------------------------------------------------------------------------------------------------
     Lv   Total       dt Flu_Adv Gra_Adv Src_Adv Che_Adv      SF  FB_Adv   FixUp    Flag  Refine Buf_Rho Buf_Pot Buf_Flu1 Buf_Flu2 Buf_Ref Buf_Flux Buf_Res Buf_Che  Par_KD   Par_K Par_K-1 Par_2Sib -MPI_Sib -MPI_FaSib Par_2Son    -MPI Par_Coll -MPI_Real -MPI_Sib -MPI_FaSib     Sum
      0   0.006    0.001   0.004   0.000   0.000   0.000   0.000   0.000   0.000   0.000   0.000   0.000   0.000    0.001    0.000   0.000    0.000   0.000   0.000   0.000   0.000   0.000    0.000    0.000      0.000    0.000   0.000    0.000     0.000    0.000      0.000   0.006
      1   0.000    0.000   0.000   0.000   0.000   0.000   0.000   0.000   0.000   0.000   0.000   0.000   0.000    0.000    0.000   0.000    0.000   0.000   0.000   0.000   0.000   0.000    0.000    0.000      0.000    0.000   0.000    0.000     0.000    0.000      0.000   0.000
      2   0.000    0.000   0.000   0.000   0.000   0.000   0.000   0.000   0.000   0.000   0.000   0.000   0.000    0.000    0.000   0.000    0.000   0.000   0.000   0.000   0.000   0.000    0.000    0.000      0.000    0.000   0.000    0.000     0.000    0.000      0.000   0.000
      3   0.000    0.000   0.000   0.000   0.000   0.000   0.000   0.000   0.000   0.000   0.000   0.000   0.000    0.000    0.000   0.000    0.000   0.000   0.000   0.000   0.000   0.000    0.000    0.000      0.000    0.000   0.000    0.000     0.000    0.000      0.000   0.000
      4   0.000    0.000   0.000   0.000   0.000   0.000   0.000   0.000   0.000   0.000   0.000   0.000   0.000    0.000    0.000   0.000    0.000   0.000   0.000   0.000   0.000   0.000    0.000    0.000      0.000    0.000   0.000    0.000     0.000    0.000      0.000   0.000
      5   0.000    0.000   0.000   0.000   0.000   0.000   0.000   0.000   0.000   0.000   0.000   0.000   0.000    0.000    0.000   0.000    0.000   0.000   0.000   0.000   0.000   0.000    0.000    0.000      0.000    0.000   0.000    0.000     0.000    0.000      0.000   0.000
      6   0.000    0.000   0.000   0.000   0.000   0.000   0.000   0.000   0.000   0.000   0.000   0.000   0.000    0.000    0.000   0.000    0.000   0.000   0.000   0.000   0.000   0.000    0.000    0.000      0.000    0.000   0.000    0.000     0.000    0.000      0.000   0.000
      7   0.000    0.000   0.000   0.000   0.000   0.000   0.000   0.000   0.000   0.000   0.000   0.000   0.000    0.000    0.000   0.000    0.000   0.000   0.000   0.000   0.000   0.000    0.000    0.000      0.000    0.000   0.000    0.000     0.000    0.000      0.000   0.000
      8   0.000    0.000   0.000   0.000   0.000   0.000   0.000   0.000   0.000   0.000   0.000   0.000   0.000    0.000    0.000   0.000    0.000   0.000   0.000   0.000   0.000   0.000    0.000    0.000      0.000    0.000   0.000    0.000     0.000    0.000      0.000   0.000
      9   0.000    0.000   0.000   0.000   0.000   0.000   0.000   0.000   0.000   0.000   0.000   0.000   0.000    0.000    0.000   0.000    0.000   0.000   0.000   0.000   0.000   0.000    0.000    0.000      0.000    0.000   0.000    0.000     0.000    0.000      0.000   0.000
    Sum   0.006    0.001   0.004   0.000   0.000   0.000   0.000   0.000   0.000   0.000   0.000   0.000   0.000    0.001    0.000   0.000    0.000   0.000   0.000   0.000   0.000   0.000    0.000    0.000      0.000    0.000   0.000    0.000     0.000    0.000      0.000   0.006


Summary
------------------------------------------------------------------------------------------------------------------------------
                  dt  Flu_Adv  Gra_Adv  Src_Adv  Che_Adv       SF   FB_Adv    FixUp     Flag   Refine MPI_Grid   Output      Aux       LB CorrSync      Par -MPI_Par    libyt         Sum
    Time      0.0007   0.0044   0.0000   0.0000   0.0000   0.0000   0.0000   0.0000   0.0000   0.0000   0.0011   0.0023   0.0089   0.0007   0.0000   0.0000   0.0000   0.0000      0.0182
    Frac      3.653%  24.176%   0.000%   0.000%   0.000%   0.000%   0.000%   0.000%   0.000%   0.000%   6.232%  12.701%  49.150%   4.087%   0.000%   0.000%   0.000%   0.000%    100.000%

==============================================================================================================================
==============================================================================================================================



Time : 2.5159381e-03 -> 2.5839365e-03,     Step :       37 ->       38

Main Loop
------------------------------------------------------------------------------------------------------------------------------
       Total    Integration       Output    Auxiliary    LoadBalance       CorrSync          libyt            Sum
      0.0181         0.0059       0.0023       0.0091         0.0006         0.0000         0.0000         0.0181


Integration Loop
------------------------------------------------------------------------------------------------------------------------------
     Lv   Total       dt Flu_Adv Gra_Adv Src_Adv Che_Adv      SF  FB_Adv   FixUp    Flag  Refine Buf_Rho Buf_Pot Buf_Flu1 Buf_Flu2 Buf_Ref Buf_Flux Buf_Res Buf_Che  Par_KD   Par_K Par_K-1 Par_2Sib -MPI_Sib -MPI_FaSib Par_2Son    -MPI Par_Coll -MPI_Real -MPI_Sib -MPI_FaSib     Sum
      0   0.006    0.001   0.004   0.000   0.000   0.000   0.000   0.000   0.000   0.000   0.000   0.000   0.000    0.001    0.000   0.000    0.000   0.000   0.000   0.000   0.000   0.000    0.000    0.000      0.000    0.000   0.000    0.000     0.000    0.000      0.000   0.006
      1   0.000    0.000   0.000   0.000   0.000   0.000   0.000   0.000   0.000   0.000   0.000   0.000   0.000    0.000    0.000   0.000    0.000   0.000   0.000   0.000   0.000   0.000    0.000    0.000      0.000    0.000   0.000    0.000     0.000    0.000      0.000   0.000
      2   0.000    0.000   0.000   0.000   0.000   0.000   0.000   0.000   0.000   0.000   0.000   0.000   0.000    0.000    0.000   0.000    0.000   0.000   0.000   0.000   0.000   0.000    0.000    0.000      0.000    0.000   0.000    0.000     0.000    0.000      0.000   0.000
      3   0.000    0.000   0.000   0.000   0.000   0.000   0.000   0.000   0.000   0.000   0.000   0.000   0.000    0.000    0.000   0.000    0.000   0.000   0.000   0.000   0.000   0.000    0.000    0.000      0.000    0.000   0.000    0.000     0.000    0.000      0.000   0.000
      4   0.000    0.000   0.000   0.000   0.000   0.000   0.000   0.000   0.000   0.000   0.000   0.000   0.000    0.000    0.000   0.000    0.000   0.000   0.000   0.000   0.000   0.000    0.000    0.000      0.000    0.000   0.000    0.000     0.000    0.000      0.000   0.000
      5   0.000    0.000   0.000   0.000   0.000   0.000   0.000   0.000   0.000   0.000   0.000   0.000   0.000    0.000    0.000   0.000    0.000   0.000   0.000   0.000   0.000   0.000    0.000    0.000      0.000    0.000   0.000    0.000     0.000    0.000      0.000   0.000
      6   0.000    0.000   0.000   0.000   0.000   0.000   0.000   0.000   0.000   0.000   0.000   0.000   0.000    0.000    0.000   0.000    0.000   0.000   0.000   0.000   0.000   0.000    0.000    0.000      0.000    0.000   0.000    0.000     0.000    0.000      0.000   0.000
      7   0.000    0.000   0.000   0.000   0.000   0.000   0.000   0.000   0.000   0.000   0.000   0.000   0.000    0.000    0.000   0.000    0.000   0.000   0.000   0.000   0.000   0.000    0.000    0.000      0.000    0.000   0.000    0.000     0.000    0.000      0.000   0.000
      8   0.000    0.000   0.000   0.000   0.000   0.000   0.000   0.000   0.000   0.000   0.000   0.000   0.000    0.000    0.000   0.000    0.000   0.000   0.000   0.000   0.000   0.000    0.000    0.000      0.000    0.000   0.000    0.000     0.000    0.000      0.000   0.000
      9   0.000    0.000   0.000   0.000   0.000   0.000   0.000   0.000   0.000   0.000   0.000   0.000   0.000    0.000    0.000   0.000    0.000   0.000   0.000   0.000   0.000   0.000    0.000    0.000      0.000    0.000   0.000    0.000     0.000    0.000      0.000   0.000
    Sum   0.006    0.001   0.004   0.000   0.000   0.000   0.000   0.000   0.000   0.000   0.000   0.000   0.000    0.001    0.000   0.000    0.000   0.000   0.000   0.000   0.000   0.000    0.000    0.000      0.000    0.000   0.000    0.000     0.000    0.000      0.000   0.006


Summary
------------------------------------------------------------------------------------------------------------------------------
                  dt  Flu_Adv  Gra_Adv  Src_Adv  Che_Adv       SF   FB_Adv    FixUp     Flag   Refine MPI_Grid   Output      Aux       LB CorrSync      Par -MPI_Par    libyt         Sum
    Time      0.0007   0.0041   0.0000   0.0000   0.0000   0.0000   0.0000   0.0000   0.0000   0.0000   0.0012   0.0023   0.0091   0.0006   0.0000   0.0000   0.0000   0.0000      0.0181
    Frac      3.645%  22.684%   0.000%   0.000%   0.000%   0.000%   0.000%   0.000%   0.000%   0.000%   6.564%  12.896%  50.626%   3.584%   0.000%   0.000%   0.000%   0.000%    100.000%

==============================================================================================================================
==============================================================================================================================



Time : 2.5839365e-03 -> 2.6519348e-03,     Step :       38 ->       39

Main Loop
------------------------------------------------------------------------------------------------------------------------------
       Total    Integration       Output    Auxiliary    LoadBalance       CorrSync          libyt            Sum
      0.0169         0.0060       0.0022       0.0081         0.0006         0.0000         0.0000         0.0169


Integration Loop
------------------------------------------------------------------------------------------------------------------------------
     Lv   Total       dt Flu_Adv Gra_Adv Src_Adv Che_Adv      SF  FB_Adv   FixUp    Flag  Refine Buf_Rho Buf_Pot Buf_Flu1 Buf_Flu2 Buf_Ref Buf_Flux Buf_Res Buf_Che  Par_KD   Par_K Par_K-1 Par_2Sib -MPI_Sib -MPI_FaSib Par_2Son    -MPI Par_Coll -MPI_Real -MPI_Sib -MPI_FaSib     Sum
      0   0.006    0.001   0.004   0.000   0.000   0.000   0.000   0.000   0.000   0.000   0.000   0.000   0.000    0.001    0.000   0.000    0.000   0.000   0.000   0.000   0.000   0.000    0.000    0.000      0.000    0.000   0.000    0.000     0.000    0.000      0.000   0.006
      1   0.000    0.000   0.000   0.000   0.000   0.000   0.000   0.000   0.000   0.000   0.000   0.000   0.000    0.000    0.000   0.000    0.000   0.000   0.000   0.000   0.000   0.000    0.000    0.000      0.000    0.000   0.000    0.000     0.000    0.000      0.000   0.000
      2   0.000    0.000   0.000   0.000   0.000   0.000   0.000   0.000   0.000   0.000   0.000   0.000   0.000    0.000    0.000   0.000    0.000   0.000   0.000   0.000   0.000   0.000    0.000    0.000      0.000    0.000   0.000    0.000     0.000    0.000      0.000   0.000
      3   0.000    0.000   0.000   0.000   0.000   0.000   0.000   0.000   0.000   0.000   0.000   0.000   0.000    0.000    0.000   0.000    0.000   0.000   0.000   0.000   0.000   0.000    0.000    0.000      0.000    0.000   0.000    0.000     0.000    0.000      0.000   0.000
      4   0.000    0.000   0.000   0.000   0.000   0.000   0.000   0.000   0.000   0.000   0.000   0.000   0.000    0.000    0.000   0.000    0.000   0.000   0.000   0.000   0.000   0.000    0.000    0.000      0.000    0.000   0.000    0.000     0.000    0.000      0.000   0.000
      5   0.000    0.000   0.000   0.000   0.000   0.000   0.000   0.000   0.000   0.000   0.000   0.000   0.000    0.000    0.000   0.000    0.000   0.000   0.000   0.000   0.000   0.000    0.000    0.000      0.000    0.000   0.000    0.000     0.000    0.000      0.000   0.000
      6   0.000    0.000   0.000   0.000   0.000   0.000   0.000   0.000   0.000   0.000   0.000   0.000   0.000    0.000    0.000   0.000    0.000   0.000   0.000   0.000   0.000   0.000    0.000    0.000      0.000    0.000   0.000    0.000     0.000    0.000      0.000   0.000
      7   0.000    0.000   0.000   0.000   0.000   0.000   0.000   0.000   0.000   0.000   0.000   0.000   0.000    0.000    0.000   0.000    0.000   0.000   0.000   0.000   0.000   0.000    0.000    0.000      0.000    0.000   0.000    0.000     0.000    0.000      0.000   0.000
      8   0.000    0.000   0.000   0.000   0.000   0.000   0.000   0.000   0.000   0.000   0.000   0.000   0.000    0.000    0.000   0.000    0.000   0.000   0.000   0.000   0.000   0.000    0.000    0.000      0.000    0.000   0.000    0.000     0.000    0.000      0.000   0.000
      9   0.000    0.000   0.000   0.000   0.000   0.000   0.000   0.000   0.000   0.000   0.000   0.000   0.000    0.000    0.000   0.000    0.000   0.000   0.000   0.000   0.000   0.000    0.000    0.000      0.000    0.000   0.000    0.000     0.000    0.000      0.000   0.000
    Sum   0.006    0.001   0.004   0.000   0.000   0.000   0.000   0.000   0.000   0.000   0.000   0.000   0.000    0.001    0.000   0.000    0.000   0.000   0.000   0.000   0.000   0.000    0.000    0.000      0.000    0.000   0.000    0.000     0.000    0.000      0.000   0.006


Summary
------------------------------------------------------------------------------------------------------------------------------
                  dt  Flu_Adv  Gra_Adv  Src_Adv  Che_Adv       SF   FB_Adv    FixUp     Flag   Refine MPI_Grid   Output      Aux       LB CorrSync      Par -MPI_Par    libyt         Sum
    Time      0.0005   0.0043   0.0000   0.0000   0.0000   0.0000   0.0000   0.0000   0.0000   0.0000   0.0012   0.0022   0.0081   0.0006   0.0000   0.0000   0.0000   0.0000      0.0169
    Frac      3.218%  25.624%   0.000%   0.000%   0.000%   0.000%   0.000%   0.000%   0.000%   0.000%   6.855%  12.960%  47.700%   3.631%   0.000%   0.000%   0.000%   0.000%     99.988%

==============================================================================================================================
==============================================================================================================================



Time : 2.6519348e-03 -> 2.7199331e-03,     Step :       39 ->       40

Main Loop
------------------------------------------------------------------------------------------------------------------------------
       Total    Integration       Output    Auxiliary    LoadBalance       CorrSync          libyt            Sum
      0.0166         0.0060       0.0021       0.0079         0.0006         0.0000         0.0000         0.0166


Integration Loop
------------------------------------------------------------------------------------------------------------------------------
     Lv   Total       dt Flu_Adv Gra_Adv Src_Adv Che_Adv      SF  FB_Adv   FixUp    Flag  Refine Buf_Rho Buf_Pot Buf_Flu1 Buf_Flu2 Buf_Ref Buf_Flux Buf_Res Buf_Che  Par_KD   Par_K Par_K-1 Par_2Sib -MPI_Sib -MPI_FaSib Par_2Son    -MPI Par_Coll -MPI_Real -MPI_Sib -MPI_FaSib     Sum
      0   0.006    0.001   0.004   0.000   0.000   0.000   0.000   0.000   0.000   0.000   0.000   0.000   0.000    0.001    0.000   0.000    0.000   0.000   0.000   0.000   0.000   0.000    0.000    0.000      0.000    0.000   0.000    0.000     0.000    0.000      0.000   0.006
      1   0.000    0.000   0.000   0.000   0.000   0.000   0.000   0.000   0.000   0.000   0.000   0.000   0.000    0.000    0.000   0.000    0.000   0.000   0.000   0.000   0.000   0.000    0.000    0.000      0.000    0.000   0.000    0.000     0.000    0.000      0.000   0.000
      2   0.000    0.000   0.000   0.000   0.000   0.000   0.000   0.000   0.000   0.000   0.000   0.000   0.000    0.000    0.000   0.000    0.000   0.000   0.000   0.000   0.000   0.000    0.000    0.000      0.000    0.000   0.000    0.000     0.000    0.000      0.000   0.000
      3   0.000    0.000   0.000   0.000   0.000   0.000   0.000   0.000   0.000   0.000   0.000   0.000   0.000    0.000    0.000   0.000    0.000   0.000   0.000   0.000   0.000   0.000    0.000    0.000      0.000    0.000   0.000    0.000     0.000    0.000      0.000   0.000
      4   0.000    0.000   0.000   0.000   0.000   0.000   0.000   0.000   0.000   0.000   0.000   0.000   0.000    0.000    0.000   0.000    0.000   0.000   0.000   0.000   0.000   0.000    0.000    0.000      0.000    0.000   0.000    0.000     0.000    0.000      0.000   0.000
      5   0.000    0.000   0.000   0.000   0.000   0.000   0.000   0.000   0.000   0.000   0.000   0.000   0.000    0.000    0.000   0.000    0.000   0.000   0.000   0.000   0.000   0.000    0.000    0.000      0.000    0.000   0.000    0.000     0.000    0.000      0.000   0.000
      6   0.000    0.000   0.000   0.000   0.000   0.000   0.000   0.000   0.000   0.000   0.000   0.000   0.000    0.000    0.000   0.000    0.000   0.000   0.000   0.000   0.000   0.000    0.000    0.000      0.000    0.000   0.000    0.000     0.000    0.000      0.000   0.000
      7   0.000    0.000   0.000   0.000   0.000   0.000   0.000   0.000   0.000   0.000   0.000   0.000   0.000    0.000    0.000   0.000    0.000   0.000   0.000   0.000   0.000   0.000    0.000    0.000      0.000    0.000   0.000    0.000     0.000    0.000      0.000   0.000
      8   0.000    0.000   0.000   0.000   0.000   0.000   0.000   0.000   0.000   0.000   0.000   0.000   0.000    0.000    0.000   0.000    0.000   0.000   0.000   0.000   0.000   0.000    0.000    0.000      0.000    0.000   0.000    0.000     0.000    0.000      0.000   0.000
      9   0.000    0.000   0.000   0.000   0.000   0.000   0.000   0.000   0.000   0.000   0.000   0.000   0.000    0.000    0.000   0.000    0.000   0.000   0.000   0.000   0.000   0.000    0.000    0.000      0.000    0.000   0.000    0.000     0.000    0.000      0.000   0.000
    Sum   0.006    0.001   0.004   0.000   0.000   0.000   0.000   0.000   0.000   0.000   0.000   0.000   0.000    0.001    0.000   0.000    0.000   0.000   0.000   0.000   0.000   0.000    0.000    0.000      0.000    0.000   0.000    0.000     0.000    0.000      0.000   0.006


Summary
------------------------------------------------------------------------------------------------------------------------------
                  dt  Flu_Adv  Gra_Adv  Src_Adv  Che_Adv       SF   FB_Adv    FixUp     Flag   Refine MPI_Grid   Output      Aux       LB CorrSync      Par -MPI_Par    libyt         Sum
    Time      0.0005   0.0038   0.0000   0.0000   0.0000   0.0000   0.0000   0.0000   0.0002   0.0003   0.0012   0.0021   0.0079   0.0006   0.0000   0.0000   0.0000   0.0000      0.0166
    Frac      3.101%  22.971%   0.000%   0.000%   0.000%   0.000%   0.000%   0.000%   1.144%   1.849%   7.099%  12.879%  47.447%   3.510%   0.000%   0.000%   0.000%   0.000%    100.000%

==============================================================================================================================
==============================================================================================================================



Time : 2.7199331e-03 -> 2.7879314e-03,     Step :       40 ->       41

Main Loop
------------------------------------------------------------------------------------------------------------------------------
       Total    Integration       Output    Auxiliary    LoadBalance       CorrSync          libyt            Sum
      0.0165         0.0060       0.0021       0.0079         0.0006         0.0000         0.0000         0.0165


Integration Loop
------------------------------------------------------------------------------------------------------------------------------
     Lv   Total       dt Flu_Adv Gra_Adv Src_Adv Che_Adv      SF  FB_Adv   FixUp    Flag  Refine Buf_Rho Buf_Pot Buf_Flu1 Buf_Flu2 Buf_Ref Buf_Flux Buf_Res Buf_Che  Par_KD   Par_K Par_K-1 Par_2Sib -MPI_Sib -MPI_FaSib Par_2Son    -MPI Par_Coll -MPI_Real -MPI_Sib -MPI_FaSib     Sum
      0   0.006    0.001   0.004   0.000   0.000   0.000   0.000   0.000   0.000   0.000   0.000   0.000   0.000    0.001    0.000   0.000    0.000   0.000   0.000   0.000   0.000   0.000    0.000    0.000      0.000    0.000   0.000    0.000     0.000    0.000      0.000   0.006
      1   0.000    0.000   0.000   0.000   0.000   0.000   0.000   0.000   0.000   0.000   0.000   0.000   0.000    0.000    0.000   0.000    0.000   0.000   0.000   0.000   0.000   0.000    0.000    0.000      0.000    0.000   0.000    0.000     0.000    0.000      0.000   0.000
      2   0.000    0.000   0.000   0.000   0.000   0.000   0.000   0.000   0.000   0.000   0.000   0.000   0.000    0.000    0.000   0.000    0.000   0.000   0.000   0.000   0.000   0.000    0.000    0.000      0.000    0.000   0.000    0.000     0.000    0.000      0.000   0.000
      3   0.000    0.000   0.000   0.000   0.000   0.000   0.000   0.000   0.000   0.000   0.000   0.000   0.000    0.000    0.000   0.000    0.000   0.000   0.000   0.000   0.000   0.000    0.000    0.000      0.000    0.000   0.000    0.000     0.000    0.000      0.000   0.000
      4   0.000    0.000   0.000   0.000   0.000   0.000   0.000   0.000   0.000   0.000   0.000   0.000   0.000    0.000    0.000   0.000    0.000   0.000   0.000   0.000   0.000   0.000    0.000    0.000      0.000    0.000   0.000    0.000     0.000    0.000      0.000   0.000
      5   0.000    0.000   0.000   0.000   0.000   0.000   0.000   0.000   0.000   0.000   0.000   0.000   0.000    0.000    0.000   0.000    0.000   0.000   0.000   0.000   0.000   0.000    0.000    0.000      0.000    0.000   0.000    0.000     0.000    0.000      0.000   0.000
      6   0.000    0.000   0.000   0.000   0.000   0.000   0.000   0.000   0.000   0.000   0.000   0.000   0.000    0.000    0.000   0.000    0.000   0.000   0.000   0.000   0.000   0.000    0.000    0.000      0.000    0.000   0.000    0.000     0.000    0.000      0.000   0.000
      7   0.000    0.000   0.000   0.000   0.000   0.000   0.000   0.000   0.000   0.000   0.000   0.000   0.000    0.000    0.000   0.000    0.000   0.000   0.000   0.000   0.000   0.000    0.000    0.000      0.000    0.000   0.000    0.000     0.000    0.000      0.000   0.000
      8   0.000    0.000   0.000   0.000   0.000   0.000   0.000   0.000   0.000   0.000   0.000   0.000   0.000    0.000    0.000   0.000    0.000   0.000   0.000   0.000   0.000   0.000    0.000    0.000      0.000    0.000   0.000    0.000     0.000    0.000      0.000   0.000
      9   0.000    0.000   0.000   0.000   0.000   0.000   0.000   0.000   0.000   0.000   0.000   0.000   0.000    0.000    0.000   0.000    0.000   0.000   0.000   0.000   0.000   0.000    0.000    0.000      0.000    0.000   0.000    0.000     0.000    0.000      0.000   0.000
    Sum   0.006    0.001   0.004   0.000   0.000   0.000   0.000   0.000   0.000   0.000   0.000   0.000   0.000    0.001    0.000   0.000    0.000   0.000   0.000   0.000   0.000   0.000    0.000    0.000      0.000    0.000   0.000    0.000     0.000    0.000      0.000   0.006


Summary
------------------------------------------------------------------------------------------------------------------------------
                  dt  Flu_Adv  Gra_Adv  Src_Adv  Che_Adv       SF   FB_Adv    FixUp     Flag   Refine MPI_Grid   Output      Aux       LB CorrSync      Par -MPI_Par    libyt         Sum
    Time      0.0006   0.0042   0.0000   0.0000   0.0000   0.0000   0.0000   0.0000   0.0000   0.0000   0.0012   0.0021   0.0079   0.0006   0.0000   0.0000   0.0000   0.0000      0.0165
    Frac      3.524%  25.577%   0.000%   0.000%   0.000%   0.000%   0.000%   0.000%   0.000%   0.000%   6.982%  12.722%  47.835%   3.355%   0.000%   0.000%   0.000%   0.000%     99.994%

==============================================================================================================================
==============================================================================================================================



Time : 2.7879314e-03 -> 2.8559298e-03,     Step :       41 ->       42

Main Loop
------------------------------------------------------------------------------------------------------------------------------
       Total    Integration       Output    Auxiliary    LoadBalance       CorrSync          libyt            Sum
      0.0161         0.0054       0.0020       0.0081         0.0006         0.0000         0.0000         0.0161


Integration Loop
------------------------------------------------------------------------------------------------------------------------------
     Lv   Total       dt Flu_Adv Gra_Adv Src_Adv Che_Adv      SF  FB_Adv   FixUp    Flag  Refine Buf_Rho Buf_Pot Buf_Flu1 Buf_Flu2 Buf_Ref Buf_Flux Buf_Res Buf_Che  Par_KD   Par_K Par_K-1 Par_2Sib -MPI_Sib -MPI_FaSib Par_2Son    -MPI Par_Coll -MPI_Real -MPI_Sib -MPI_FaSib     Sum
      0   0.005    0.001   0.004   0.000   0.000   0.000   0.000   0.000   0.000   0.000   0.000   0.000   0.000    0.001    0.000   0.000    0.000   0.000   0.000   0.000   0.000   0.000    0.000    0.000      0.000    0.000   0.000    0.000     0.000    0.000      0.000   0.005
      1   0.000    0.000   0.000   0.000   0.000   0.000   0.000   0.000   0.000   0.000   0.000   0.000   0.000    0.000    0.000   0.000    0.000   0.000   0.000   0.000   0.000   0.000    0.000    0.000      0.000    0.000   0.000    0.000     0.000    0.000      0.000   0.000
      2   0.000    0.000   0.000   0.000   0.000   0.000   0.000   0.000   0.000   0.000   0.000   0.000   0.000    0.000    0.000   0.000    0.000   0.000   0.000   0.000   0.000   0.000    0.000    0.000      0.000    0.000   0.000    0.000     0.000    0.000      0.000   0.000
      3   0.000    0.000   0.000   0.000   0.000   0.000   0.000   0.000   0.000   0.000   0.000   0.000   0.000    0.000    0.000   0.000    0.000   0.000   0.000   0.000   0.000   0.000    0.000    0.000      0.000    0.000   0.000    0.000     0.000    0.000      0.000   0.000
      4   0.000    0.000   0.000   0.000   0.000   0.000   0.000   0.000   0.000   0.000   0.000   0.000   0.000    0.000    0.000   0.000    0.000   0.000   0.000   0.000   0.000   0.000    0.000    0.000      0.000    0.000   0.000    0.000     0.000    0.000      0.000   0.000
      5   0.000    0.000   0.000   0.000   0.000   0.000   0.000   0.000   0.000   0.000   0.000   0.000   0.000    0.000    0.000   0.000    0.000   0.000   0.000   0.000   0.000   0.000    0.000    0.000      0.000    0.000   0.000    0.000     0.000    0.000      0.000   0.000
      6   0.000    0.000   0.000   0.000   0.000   0.000   0.000   0.000   0.000   0.000   0.000   0.000   0.000    0.000    0.000   0.000    0.000   0.000   0.000   0.000   0.000   0.000    0.000    0.000      0.000    0.000   0.000    0.000     0.000    0.000      0.000   0.000
      7   0.000    0.000   0.000   0.000   0.000   0.000   0.000   0.000   0.000   0.000   0.000   0.000   0.000    0.000    0.000   0.000    0.000   0.000   0.000   0.000   0.000   0.000    0.000    0.000      0.000    0.000   0.000    0.000     0.000    0.000      0.000   0.000
      8   0.000    0.000   0.000   0.000   0.000   0.000   0.000   0.000   0.000   0.000   0.000   0.000   0.000    0.000    0.000   0.000    0.000   0.000   0.000   0.000   0.000   0.000    0.000    0.000      0.000    0.000   0.000    0.000     0.000    0.000      0.000   0.000
      9   0.000    0.000   0.000   0.000   0.000   0.000   0.000   0.000   0.000   0.000   0.000   0.000   0.000    0.000    0.000   0.000    0.000   0.000   0.000   0.000   0.000   0.000    0.000    0.000      0.000    0.000   0.000    0.000     0.000    0.000      0.000   0.000
    Sum   0.005    0.001   0.004   0.000   0.000   0.000   0.000   0.000   0.000   0.000   0.000   0.000   0.000    0.001    0.000   0.000    0.000   0.000   0.000   0.000   0.000   0.000    0.000    0.000      0.000    0.000   0.000    0.000     0.000    0.000      0.000   0.005


Summary
------------------------------------------------------------------------------------------------------------------------------
                  dt  Flu_Adv  Gra_Adv  Src_Adv  Che_Adv       SF   FB_Adv    FixUp     Flag   Refine MPI_Grid   Output      Aux       LB CorrSync      Par -MPI_Par    libyt         Sum
    Time      0.0005   0.0037   0.0000   0.0000   0.0000   0.0000   0.0000   0.0000   0.0000   0.0000   0.0012   0.0020   0.0081   0.0006   0.0000   0.0000   0.0000   0.0000      0.0161
    Frac      3.249%  22.889%   0.000%   0.000%   0.000%   0.000%   0.000%   0.000%   0.000%   0.000%   7.510%  12.297%  50.484%   3.559%   0.000%   0.000%   0.000%   0.000%     99.988%

==============================================================================================================================
==============================================================================================================================



Time : 2.8559298e-03 -> 2.9239281e-03,     Step :       42 ->       43

Main Loop
------------------------------------------------------------------------------------------------------------------------------
       Total    Integration       Output    Auxiliary    LoadBalance       CorrSync          libyt            Sum
      0.0169         0.0056       0.0023       0.0085         0.0005         0.0000         0.0000         0.0169


Integration Loop
------------------------------------------------------------------------------------------------------------------------------
     Lv   Total       dt Flu_Adv Gra_Adv Src_Adv Che_Adv      SF  FB_Adv   FixUp    Flag  Refine Buf_Rho Buf_Pot Buf_Flu1 Buf_Flu2 Buf_Ref Buf_Flux Buf_Res Buf_Che  Par_KD   Par_K Par_K-1 Par_2Sib -MPI_Sib -MPI_FaSib Par_2Son    -MPI Par_Coll -MPI_Real -MPI_Sib -MPI_FaSib     Sum
      0   0.006    0.001   0.004   0.000   0.000   0.000   0.000   0.000   0.000   0.000   0.000   0.000   0.000    0.001    0.000   0.000    0.000   0.000   0.000   0.000   0.000   0.000    0.000    0.000      0.000    0.000   0.000    0.000     0.000    0.000      0.000   0.006
      1   0.000    0.000   0.000   0.000   0.000   0.000   0.000   0.000   0.000   0.000   0.000   0.000   0.000    0.000    0.000   0.000    0.000   0.000   0.000   0.000   0.000   0.000    0.000    0.000      0.000    0.000   0.000    0.000     0.000    0.000      0.000   0.000
      2   0.000    0.000   0.000   0.000   0.000   0.000   0.000   0.000   0.000   0.000   0.000   0.000   0.000    0.000    0.000   0.000    0.000   0.000   0.000   0.000   0.000   0.000    0.000    0.000      0.000    0.000   0.000    0.000     0.000    0.000      0.000   0.000
      3   0.000    0.000   0.000   0.000   0.000   0.000   0.000   0.000   0.000   0.000   0.000   0.000   0.000    0.000    0.000   0.000    0.000   0.000   0.000   0.000   0.000   0.000    0.000    0.000      0.000    0.000   0.000    0.000     0.000    0.000      0.000   0.000
      4   0.000    0.000   0.000   0.000   0.000   0.000   0.000   0.000   0.000   0.000   0.000   0.000   0.000    0.000    0.000   0.000    0.000   0.000   0.000   0.000   0.000   0.000    0.000    0.000      0.000    0.000   0.000    0.000     0.000    0.000      0.000   0.000
      5   0.000    0.000   0.000   0.000   0.000   0.000   0.000   0.000   0.000   0.000   0.000   0.000   0.000    0.000    0.000   0.000    0.000   0.000   0.000   0.000   0.000   0.000    0.000    0.000      0.000    0.000   0.000    0.000     0.000    0.000      0.000   0.000
      6   0.000    0.000   0.000   0.000   0.000   0.000   0.000   0.000   0.000   0.000   0.000   0.000   0.000    0.000    0.000   0.000    0.000   0.000   0.000   0.000   0.000   0.000    0.000    0.000      0.000    0.000   0.000    0.000     0.000    0.000      0.000   0.000
      7   0.000    0.000   0.000   0.000   0.000   0.000   0.000   0.000   0.000   0.000   0.000   0.000   0.000    0.000    0.000   0.000    0.000   0.000   0.000   0.000   0.000   0.000    0.000    0.000      0.000    0.000   0.000    0.000     0.000    0.000      0.000   0.000
      8   0.000    0.000   0.000   0.000   0.000   0.000   0.000   0.000   0.000   0.000   0.000   0.000   0.000    0.000    0.000   0.000    0.000   0.000   0.000   0.000   0.000   0.000    0.000    0.000      0.000    0.000   0.000    0.000     0.000    0.000      0.000   0.000
      9   0.000    0.000   0.000   0.000   0.000   0.000   0.000   0.000   0.000   0.000   0.000   0.000   0.000    0.000    0.000   0.000    0.000   0.000   0.000   0.000   0.000   0.000    0.000    0.000      0.000    0.000   0.000    0.000     0.000    0.000      0.000   0.000
    Sum   0.006    0.001   0.004   0.000   0.000   0.000   0.000   0.000   0.000   0.000   0.000   0.000   0.000    0.001    0.000   0.000    0.000   0.000   0.000   0.000   0.000   0.000    0.000    0.000      0.000    0.000   0.000    0.000     0.000    0.000      0.000   0.006


Summary
------------------------------------------------------------------------------------------------------------------------------
                  dt  Flu_Adv  Gra_Adv  Src_Adv  Che_Adv       SF   FB_Adv    FixUp     Flag   Refine MPI_Grid   Output      Aux       LB CorrSync      Par -MPI_Par    libyt         Sum
    Time      0.0005   0.0039   0.0000   0.0000   0.0000   0.0000   0.0000   0.0000   0.0000   0.0000   0.0012   0.0023   0.0085   0.0005   0.0000   0.0000   0.0000   0.0000      0.0169
    Frac      3.180%  22.970%   0.000%   0.000%   0.000%   0.000%   0.000%   0.000%   0.000%   0.000%   6.911%  13.507%  50.340%   3.085%   0.000%   0.000%   0.000%   0.000%     99.994%

==============================================================================================================================
==============================================================================================================================



Time : 2.9239281e-03 -> 2.9919264e-03,     Step :       43 ->       44

Main Loop
------------------------------------------------------------------------------------------------------------------------------
       Total    Integration       Output    Auxiliary    LoadBalance       CorrSync          libyt            Sum
      0.0177         0.0063       0.0023       0.0085         0.0005         0.0000         0.0000         0.0177


Integration Loop
------------------------------------------------------------------------------------------------------------------------------
     Lv   Total       dt Flu_Adv Gra_Adv Src_Adv Che_Adv      SF  FB_Adv   FixUp    Flag  Refine Buf_Rho Buf_Pot Buf_Flu1 Buf_Flu2 Buf_Ref Buf_Flux Buf_Res Buf_Che  Par_KD   Par_K Par_K-1 Par_2Sib -MPI_Sib -MPI_FaSib Par_2Son    -MPI Par_Coll -MPI_Real -MPI_Sib -MPI_FaSib     Sum
      0   0.006    0.000   0.004   0.000   0.000   0.000   0.000   0.000   0.000   0.000   0.000   0.000   0.000    0.001    0.000   0.000    0.000   0.000   0.000   0.000   0.000   0.000    0.000    0.000      0.000    0.000   0.000    0.000     0.000    0.000      0.000   0.006
      1   0.000    0.000   0.000   0.000   0.000   0.000   0.000   0.000   0.000   0.000   0.000   0.000   0.000    0.000    0.000   0.000    0.000   0.000   0.000   0.000   0.000   0.000    0.000    0.000      0.000    0.000   0.000    0.000     0.000    0.000      0.000   0.000
      2   0.000    0.000   0.000   0.000   0.000   0.000   0.000   0.000   0.000   0.000   0.000   0.000   0.000    0.000    0.000   0.000    0.000   0.000   0.000   0.000   0.000   0.000    0.000    0.000      0.000    0.000   0.000    0.000     0.000    0.000      0.000   0.000
      3   0.000    0.000   0.000   0.000   0.000   0.000   0.000   0.000   0.000   0.000   0.000   0.000   0.000    0.000    0.000   0.000    0.000   0.000   0.000   0.000   0.000   0.000    0.000    0.000      0.000    0.000   0.000    0.000     0.000    0.000      0.000   0.000
      4   0.000    0.000   0.000   0.000   0.000   0.000   0.000   0.000   0.000   0.000   0.000   0.000   0.000    0.000    0.000   0.000    0.000   0.000   0.000   0.000   0.000   0.000    0.000    0.000      0.000    0.000   0.000    0.000     0.000    0.000      0.000   0.000
      5   0.000    0.000   0.000   0.000   0.000   0.000   0.000   0.000   0.000   0.000   0.000   0.000   0.000    0.000    0.000   0.000    0.000   0.000   0.000   0.000   0.000   0.000    0.000    0.000      0.000    0.000   0.000    0.000     0.000    0.000      0.000   0.000
      6   0.000    0.000   0.000   0.000   0.000   0.000   0.000   0.000   0.000   0.000   0.000   0.000   0.000    0.000    0.000   0.000    0.000   0.000   0.000   0.000   0.000   0.000    0.000    0.000      0.000    0.000   0.000    0.000     0.000    0.000      0.000   0.000
      7   0.000    0.000   0.000   0.000   0.000   0.000   0.000   0.000   0.000   0.000   0.000   0.000   0.000    0.000    0.000   0.000    0.000   0.000   0.000   0.000   0.000   0.000    0.000    0.000      0.000    0.000   0.000    0.000     0.000    0.000      0.000   0.000
      8   0.000    0.000   0.000   0.000   0.000   0.000   0.000   0.000   0.000   0.000   0.000   0.000   0.000    0.000    0.000   0.000    0.000   0.000   0.000   0.000   0.000   0.000    0.000    0.000      0.000    0.000   0.000    0.000     0.000    0.000      0.000   0.000
      9   0.000    0.000   0.000   0.000   0.000   0.000   0.000   0.000   0.000   0.000   0.000   0.000   0.000    0.000    0.000   0.000    0.000   0.000   0.000   0.000   0.000   0.000    0.000    0.000      0.000    0.000   0.000    0.000     0.000    0.000      0.000   0.000
    Sum   0.006    0.000   0.004   0.000   0.000   0.000   0.000   0.000   0.000   0.000   0.000   0.000   0.000    0.001    0.000   0.000    0.000   0.000   0.000   0.000   0.000   0.000    0.000    0.000      0.000    0.000   0.000    0.000     0.000    0.000      0.000   0.006


Summary
------------------------------------------------------------------------------------------------------------------------------
                  dt  Flu_Adv  Gra_Adv  Src_Adv  Che_Adv       SF   FB_Adv    FixUp     Flag   Refine MPI_Grid   Output      Aux       LB CorrSync      Par -MPI_Par    libyt         Sum
    Time      0.0005   0.0042   0.0000   0.0000   0.0000   0.0000   0.0000   0.0000   0.0002   0.0003   0.0012   0.0023   0.0085   0.0005   0.0000   0.0000   0.0000   0.0000      0.0177
    Frac      2.807%  23.507%   0.000%   0.000%   0.000%   0.000%   0.000%   0.000%   1.075%   1.766%   6.638%  13.163%  48.079%   2.954%   0.000%   0.000%   0.000%   0.000%     99.989%

==============================================================================================================================
==============================================================================================================================



Time : 2.9919264e-03 -> 3.0599247e-03,     Step :       44 ->       45

Main Loop
------------------------------------------------------------------------------------------------------------------------------
       Total    Integration       Output    Auxiliary    LoadBalance       CorrSync          libyt            Sum
      0.0170         0.0055       0.0028       0.0081         0.0005         0.0000         0.0000         0.0170


Integration Loop
------------------------------------------------------------------------------------------------------------------------------
     Lv   Total       dt Flu_Adv Gra_Adv Src_Adv Che_Adv      SF  FB_Adv   FixUp    Flag  Refine Buf_Rho Buf_Pot Buf_Flu1 Buf_Flu2 Buf_Ref Buf_Flux Buf_Res Buf_Che  Par_KD   Par_K Par_K-1 Par_2Sib -MPI_Sib -MPI_FaSib Par_2Son    -MPI Par_Coll -MPI_Real -MPI_Sib -MPI_FaSib     Sum
      0   0.006    0.001   0.004   0.000   0.000   0.000   0.000   0.000   0.000   0.000   0.000   0.000   0.000    0.001    0.000   0.000    0.000   0.000   0.000   0.000   0.000   0.000    0.000    0.000      0.000    0.000   0.000    0.000     0.000    0.000      0.000   0.006
      1   0.000    0.000   0.000   0.000   0.000   0.000   0.000   0.000   0.000   0.000   0.000   0.000   0.000    0.000    0.000   0.000    0.000   0.000   0.000   0.000   0.000   0.000    0.000    0.000      0.000    0.000   0.000    0.000     0.000    0.000      0.000   0.000
      2   0.000    0.000   0.000   0.000   0.000   0.000   0.000   0.000   0.000   0.000   0.000   0.000   0.000    0.000    0.000   0.000    0.000   0.000   0.000   0.000   0.000   0.000    0.000    0.000      0.000    0.000   0.000    0.000     0.000    0.000      0.000   0.000
      3   0.000    0.000   0.000   0.000   0.000   0.000   0.000   0.000   0.000   0.000   0.000   0.000   0.000    0.000    0.000   0.000    0.000   0.000   0.000   0.000   0.000   0.000    0.000    0.000      0.000    0.000   0.000    0.000     0.000    0.000      0.000   0.000
      4   0.000    0.000   0.000   0.000   0.000   0.000   0.000   0.000   0.000   0.000   0.000   0.000   0.000    0.000    0.000   0.000    0.000   0.000   0.000   0.000   0.000   0.000    0.000    0.000      0.000    0.000   0.000    0.000     0.000    0.000      0.000   0.000
      5   0.000    0.000   0.000   0.000   0.000   0.000   0.000   0.000   0.000   0.000   0.000   0.000   0.000    0.000    0.000   0.000    0.000   0.000   0.000   0.000   0.000   0.000    0.000    0.000      0.000    0.000   0.000    0.000     0.000    0.000      0.000   0.000
      6   0.000    0.000   0.000   0.000   0.000   0.000   0.000   0.000   0.000   0.000   0.000   0.000   0.000    0.000    0.000   0.000    0.000   0.000   0.000   0.000   0.000   0.000    0.000    0.000      0.000    0.000   0.000    0.000     0.000    0.000      0.000   0.000
      7   0.000    0.000   0.000   0.000   0.000   0.000   0.000   0.000   0.000   0.000   0.000   0.000   0.000    0.000    0.000   0.000    0.000   0.000   0.000   0.000   0.000   0.000    0.000    0.000      0.000    0.000   0.000    0.000     0.000    0.000      0.000   0.000
      8   0.000    0.000   0.000   0.000   0.000   0.000   0.000   0.000   0.000   0.000   0.000   0.000   0.000    0.000    0.000   0.000    0.000   0.000   0.000   0.000   0.000   0.000    0.000    0.000      0.000    0.000   0.000    0.000     0.000    0.000      0.000   0.000
      9   0.000    0.000   0.000   0.000   0.000   0.000   0.000   0.000   0.000   0.000   0.000   0.000   0.000    0.000    0.000   0.000    0.000   0.000   0.000   0.000   0.000   0.000    0.000    0.000      0.000    0.000   0.000    0.000     0.000    0.000      0.000   0.000
    Sum   0.006    0.001   0.004   0.000   0.000   0.000   0.000   0.000   0.000   0.000   0.000   0.000   0.000    0.001    0.000   0.000    0.000   0.000   0.000   0.000   0.000   0.000    0.000    0.000      0.000    0.000   0.000    0.000     0.000    0.000      0.000   0.006


Summary
------------------------------------------------------------------------------------------------------------------------------
                  dt  Flu_Adv  Gra_Adv  Src_Adv  Che_Adv       SF   FB_Adv    FixUp     Flag   Refine MPI_Grid   Output      Aux       LB CorrSync      Par -MPI_Par    libyt         Sum
    Time      0.0005   0.0039   0.0000   0.0000   0.0000   0.0000   0.0000   0.0000   0.0000   0.0000   0.0011   0.0028   0.0081   0.0005   0.0000   0.0000   0.0000   0.0000      0.0170
    Frac      3.048%  22.674%   0.000%   0.000%   0.000%   0.000%   0.000%   0.000%   0.000%   0.000%   6.715%  16.501%  47.849%   3.201%   0.000%   0.000%   0.000%   0.000%     99.988%

==============================================================================================================================
==============================================================================================================================



Time : 3.0599247e-03 -> 3.1279231e-03,     Step :       45 ->       46

Main Loop
------------------------------------------------------------------------------------------------------------------------------
       Total    Integration       Output    Auxiliary    LoadBalance       CorrSync          libyt            Sum
      0.0169         0.0055       0.0022       0.0086         0.0005         0.0000         0.0000         0.0169


Integration Loop
------------------------------------------------------------------------------------------------------------------------------
     Lv   Total       dt Flu_Adv Gra_Adv Src_Adv Che_Adv      SF  FB_Adv   FixUp    Flag  Refine Buf_Rho Buf_Pot Buf_Flu1 Buf_Flu2 Buf_Ref Buf_Flux Buf_Res Buf_Che  Par_KD   Par_K Par_K-1 Par_2Sib -MPI_Sib -MPI_FaSib Par_2Son    -MPI Par_Coll -MPI_Real -MPI_Sib -MPI_FaSib     Sum
      0   0.005    0.001   0.004   0.000   0.000   0.000   0.000   0.000   0.000   0.000   0.000   0.000   0.000    0.001    0.000   0.000    0.000   0.000   0.000   0.000   0.000   0.000    0.000    0.000      0.000    0.000   0.000    0.000     0.000    0.000      0.000   0.005
      1   0.000    0.000   0.000   0.000   0.000   0.000   0.000   0.000   0.000   0.000   0.000   0.000   0.000    0.000    0.000   0.000    0.000   0.000   0.000   0.000   0.000   0.000    0.000    0.000      0.000    0.000   0.000    0.000     0.000    0.000      0.000   0.000
      2   0.000    0.000   0.000   0.000   0.000   0.000   0.000   0.000   0.000   0.000   0.000   0.000   0.000    0.000    0.000   0.000    0.000   0.000   0.000   0.000   0.000   0.000    0.000    0.000      0.000    0.000   0.000    0.000     0.000    0.000      0.000   0.000
      3   0.000    0.000   0.000   0.000   0.000   0.000   0.000   0.000   0.000   0.000   0.000   0.000   0.000    0.000    0.000   0.000    0.000   0.000   0.000   0.000   0.000   0.000    0.000    0.000      0.000    0.000   0.000    0.000     0.000    0.000      0.000   0.000
      4   0.000    0.000   0.000   0.000   0.000   0.000   0.000   0.000   0.000   0.000   0.000   0.000   0.000    0.000    0.000   0.000    0.000   0.000   0.000   0.000   0.000   0.000    0.000    0.000      0.000    0.000   0.000    0.000     0.000    0.000      0.000   0.000
      5   0.000    0.000   0.000   0.000   0.000   0.000   0.000   0.000   0.000   0.000   0.000   0.000   0.000    0.000    0.000   0.000    0.000   0.000   0.000   0.000   0.000   0.000    0.000    0.000      0.000    0.000   0.000    0.000     0.000    0.000      0.000   0.000
      6   0.000    0.000   0.000   0.000   0.000   0.000   0.000   0.000   0.000   0.000   0.000   0.000   0.000    0.000    0.000   0.000    0.000   0.000   0.000   0.000   0.000   0.000    0.000    0.000      0.000    0.000   0.000    0.000     0.000    0.000      0.000   0.000
      7   0.000    0.000   0.000   0.000   0.000   0.000   0.000   0.000   0.000   0.000   0.000   0.000   0.000    0.000    0.000   0.000    0.000   0.000   0.000   0.000   0.000   0.000    0.000    0.000      0.000    0.000   0.000    0.000     0.000    0.000      0.000   0.000
      8   0.000    0.000   0.000   0.000   0.000   0.000   0.000   0.000   0.000   0.000   0.000   0.000   0.000    0.000    0.000   0.000    0.000   0.000   0.000   0.000   0.000   0.000    0.000    0.000      0.000    0.000   0.000    0.000     0.000    0.000      0.000   0.000
      9   0.000    0.000   0.000   0.000   0.000   0.000   0.000   0.000   0.000   0.000   0.000   0.000   0.000    0.000    0.000   0.000    0.000   0.000   0.000   0.000   0.000   0.000    0.000    0.000      0.000    0.000   0.000    0.000     0.000    0.000      0.000   0.000
    Sum   0.005    0.001   0.004   0.000   0.000   0.000   0.000   0.000   0.000   0.000   0.000   0.000   0.000    0.001    0.000   0.000    0.000   0.000   0.000   0.000   0.000   0.000    0.000    0.000      0.000    0.000   0.000    0.000     0.000    0.000      0.000   0.005


Summary
------------------------------------------------------------------------------------------------------------------------------
                  dt  Flu_Adv  Gra_Adv  Src_Adv  Che_Adv       SF   FB_Adv    FixUp     Flag   Refine MPI_Grid   Output      Aux       LB CorrSync      Par -MPI_Par    libyt         Sum
    Time      0.0006   0.0037   0.0000   0.0000   0.0000   0.0000   0.0000   0.0000   0.0000   0.0000   0.0012   0.0022   0.0086   0.0005   0.0000   0.0000   0.0000   0.0000      0.0169
    Frac      3.340%  21.967%   0.000%   0.000%   0.000%   0.000%   0.000%   0.000%   0.000%   0.000%   7.101%  13.324%  51.100%   3.156%   0.000%   0.000%   0.000%   0.000%     99.988%

==============================================================================================================================
==============================================================================================================================



Time : 3.1279231e-03 -> 3.1959214e-03,     Step :       46 ->       47

Main Loop
------------------------------------------------------------------------------------------------------------------------------
       Total    Integration       Output    Auxiliary    LoadBalance       CorrSync          libyt            Sum
      0.0166         0.0057       0.0022       0.0082         0.0006         0.0000         0.0000         0.0166


Integration Loop
------------------------------------------------------------------------------------------------------------------------------
     Lv   Total       dt Flu_Adv Gra_Adv Src_Adv Che_Adv      SF  FB_Adv   FixUp    Flag  Refine Buf_Rho Buf_Pot Buf_Flu1 Buf_Flu2 Buf_Ref Buf_Flux Buf_Res Buf_Che  Par_KD   Par_K Par_K-1 Par_2Sib -MPI_Sib -MPI_FaSib Par_2Son    -MPI Par_Coll -MPI_Real -MPI_Sib -MPI_FaSib     Sum
      0   0.006    0.001   0.004   0.000   0.000   0.000   0.000   0.000   0.000   0.000   0.000   0.000   0.000    0.001    0.000   0.000    0.000   0.000   0.000   0.000   0.000   0.000    0.000    0.000      0.000    0.000   0.000    0.000     0.000    0.000      0.000   0.006
      1   0.000    0.000   0.000   0.000   0.000   0.000   0.000   0.000   0.000   0.000   0.000   0.000   0.000    0.000    0.000   0.000    0.000   0.000   0.000   0.000   0.000   0.000    0.000    0.000      0.000    0.000   0.000    0.000     0.000    0.000      0.000   0.000
      2   0.000    0.000   0.000   0.000   0.000   0.000   0.000   0.000   0.000   0.000   0.000   0.000   0.000    0.000    0.000   0.000    0.000   0.000   0.000   0.000   0.000   0.000    0.000    0.000      0.000    0.000   0.000    0.000     0.000    0.000      0.000   0.000
      3   0.000    0.000   0.000   0.000   0.000   0.000   0.000   0.000   0.000   0.000   0.000   0.000   0.000    0.000    0.000   0.000    0.000   0.000   0.000   0.000   0.000   0.000    0.000    0.000      0.000    0.000   0.000    0.000     0.000    0.000      0.000   0.000
      4   0.000    0.000   0.000   0.000   0.000   0.000   0.000   0.000   0.000   0.000   0.000   0.000   0.000    0.000    0.000   0.000    0.000   0.000   0.000   0.000   0.000   0.000    0.000    0.000      0.000    0.000   0.000    0.000     0.000    0.000      0.000   0.000
      5   0.000    0.000   0.000   0.000   0.000   0.000   0.000   0.000   0.000   0.000   0.000   0.000   0.000    0.000    0.000   0.000    0.000   0.000   0.000   0.000   0.000   0.000    0.000    0.000      0.000    0.000   0.000    0.000     0.000    0.000      0.000   0.000
      6   0.000    0.000   0.000   0.000   0.000   0.000   0.000   0.000   0.000   0.000   0.000   0.000   0.000    0.000    0.000   0.000    0.000   0.000   0.000   0.000   0.000   0.000    0.000    0.000      0.000    0.000   0.000    0.000     0.000    0.000      0.000   0.000
      7   0.000    0.000   0.000   0.000   0.000   0.000   0.000   0.000   0.000   0.000   0.000   0.000   0.000    0.000    0.000   0.000    0.000   0.000   0.000   0.000   0.000   0.000    0.000    0.000      0.000    0.000   0.000    0.000     0.000    0.000      0.000   0.000
      8   0.000    0.000   0.000   0.000   0.000   0.000   0.000   0.000   0.000   0.000   0.000   0.000   0.000    0.000    0.000   0.000    0.000   0.000   0.000   0.000   0.000   0.000    0.000    0.000      0.000    0.000   0.000    0.000     0.000    0.000      0.000   0.000
      9   0.000    0.000   0.000   0.000   0.000   0.000   0.000   0.000   0.000   0.000   0.000   0.000   0.000    0.000    0.000   0.000    0.000   0.000   0.000   0.000   0.000   0.000    0.000    0.000      0.000    0.000   0.000    0.000     0.000    0.000      0.000   0.000
    Sum   0.006    0.001   0.004   0.000   0.000   0.000   0.000   0.000   0.000   0.000   0.000   0.000   0.000    0.001    0.000   0.000    0.000   0.000   0.000   0.000   0.000   0.000    0.000    0.000      0.000    0.000   0.000    0.000     0.000    0.000      0.000   0.006


Summary
------------------------------------------------------------------------------------------------------------------------------
                  dt  Flu_Adv  Gra_Adv  Src_Adv  Che_Adv       SF   FB_Adv    FixUp     Flag   Refine MPI_Grid   Output      Aux       LB CorrSync      Par -MPI_Par    libyt         Sum
    Time      0.0006   0.0039   0.0000   0.0000   0.0000   0.0000   0.0000   0.0000   0.0000   0.0000   0.0012   0.0022   0.0082   0.0006   0.0000   0.0000   0.0000   0.0000      0.0166
    Frac      3.546%  23.311%   0.000%   0.000%   0.000%   0.000%   0.000%   0.000%   0.000%   0.000%   7.249%  13.107%  49.187%   3.594%   0.000%   0.000%   0.000%   0.000%     99.994%

==============================================================================================================================
==============================================================================================================================



Time : 3.1959214e-03 -> 3.2639197e-03,     Step :       47 ->       48

Main Loop
------------------------------------------------------------------------------------------------------------------------------
       Total    Integration       Output    Auxiliary    LoadBalance       CorrSync          libyt            Sum
      0.0177         0.0064       0.0027       0.0080         0.0006         0.0000         0.0000         0.0177


Integration Loop
------------------------------------------------------------------------------------------------------------------------------
     Lv   Total       dt Flu_Adv Gra_Adv Src_Adv Che_Adv      SF  FB_Adv   FixUp    Flag  Refine Buf_Rho Buf_Pot Buf_Flu1 Buf_Flu2 Buf_Ref Buf_Flux Buf_Res Buf_Che  Par_KD   Par_K Par_K-1 Par_2Sib -MPI_Sib -MPI_FaSib Par_2Son    -MPI Par_Coll -MPI_Real -MPI_Sib -MPI_FaSib     Sum
      0   0.006    0.001   0.004   0.000   0.000   0.000   0.000   0.000   0.000   0.000   0.000   0.000   0.000    0.001    0.000   0.000    0.000   0.000   0.000   0.000   0.000   0.000    0.000    0.000      0.000    0.000   0.000    0.000     0.000    0.000      0.000   0.006
      1   0.000    0.000   0.000   0.000   0.000   0.000   0.000   0.000   0.000   0.000   0.000   0.000   0.000    0.000    0.000   0.000    0.000   0.000   0.000   0.000   0.000   0.000    0.000    0.000      0.000    0.000   0.000    0.000     0.000    0.000      0.000   0.000
      2   0.000    0.000   0.000   0.000   0.000   0.000   0.000   0.000   0.000   0.000   0.000   0.000   0.000    0.000    0.000   0.000    0.000   0.000   0.000   0.000   0.000   0.000    0.000    0.000      0.000    0.000   0.000    0.000     0.000    0.000      0.000   0.000
      3   0.000    0.000   0.000   0.000   0.000   0.000   0.000   0.000   0.000   0.000   0.000   0.000   0.000    0.000    0.000   0.000    0.000   0.000   0.000   0.000   0.000   0.000    0.000    0.000      0.000    0.000   0.000    0.000     0.000    0.000      0.000   0.000
      4   0.000    0.000   0.000   0.000   0.000   0.000   0.000   0.000   0.000   0.000   0.000   0.000   0.000    0.000    0.000   0.000    0.000   0.000   0.000   0.000   0.000   0.000    0.000    0.000      0.000    0.000   0.000    0.000     0.000    0.000      0.000   0.000
      5   0.000    0.000   0.000   0.000   0.000   0.000   0.000   0.000   0.000   0.000   0.000   0.000   0.000    0.000    0.000   0.000    0.000   0.000   0.000   0.000   0.000   0.000    0.000    0.000      0.000    0.000   0.000    0.000     0.000    0.000      0.000   0.000
      6   0.000    0.000   0.000   0.000   0.000   0.000   0.000   0.000   0.000   0.000   0.000   0.000   0.000    0.000    0.000   0.000    0.000   0.000   0.000   0.000   0.000   0.000    0.000    0.000      0.000    0.000   0.000    0.000     0.000    0.000      0.000   0.000
      7   0.000    0.000   0.000   0.000   0.000   0.000   0.000   0.000   0.000   0.000   0.000   0.000   0.000    0.000    0.000   0.000    0.000   0.000   0.000   0.000   0.000   0.000    0.000    0.000      0.000    0.000   0.000    0.000     0.000    0.000      0.000   0.000
      8   0.000    0.000   0.000   0.000   0.000   0.000   0.000   0.000   0.000   0.000   0.000   0.000   0.000    0.000    0.000   0.000    0.000   0.000   0.000   0.000   0.000   0.000    0.000    0.000      0.000    0.000   0.000    0.000     0.000    0.000      0.000   0.000
      9   0.000    0.000   0.000   0.000   0.000   0.000   0.000   0.000   0.000   0.000   0.000   0.000   0.000    0.000    0.000   0.000    0.000   0.000   0.000   0.000   0.000   0.000    0.000    0.000      0.000    0.000   0.000    0.000     0.000    0.000      0.000   0.000
    Sum   0.006    0.001   0.004   0.000   0.000   0.000   0.000   0.000   0.000   0.000   0.000   0.000   0.000    0.001    0.000   0.000    0.000   0.000   0.000   0.000   0.000   0.000    0.000    0.000      0.000    0.000   0.000    0.000     0.000    0.000      0.000   0.006


Summary
------------------------------------------------------------------------------------------------------------------------------
                  dt  Flu_Adv  Gra_Adv  Src_Adv  Che_Adv       SF   FB_Adv    FixUp     Flag   Refine MPI_Grid   Output      Aux       LB CorrSync      Par -MPI_Par    libyt         Sum
    Time      0.0006   0.0042   0.0000   0.0000   0.0000   0.0000   0.0000   0.0000   0.0002   0.0003   0.0012   0.0027   0.0080   0.0006   0.0000   0.0000   0.0000   0.0000      0.0177
    Frac      3.298%  23.611%   0.000%   0.000%   0.000%   0.000%   0.000%   0.000%   1.101%   1.717%   6.613%  15.490%  44.918%   3.253%   0.000%   0.000%   0.000%   0.000%    100.000%

==============================================================================================================================
==============================================================================================================================



Time : 3.2639197e-03 -> 3.3319181e-03,     Step :       48 ->       49

Main Loop
------------------------------------------------------------------------------------------------------------------------------
       Total    Integration       Output    Auxiliary    LoadBalance       CorrSync          libyt            Sum
      0.0170         0.0058       0.0028       0.0079         0.0006         0.0000         0.0000         0.0170


Integration Loop
------------------------------------------------------------------------------------------------------------------------------
     Lv   Total       dt Flu_Adv Gra_Adv Src_Adv Che_Adv      SF  FB_Adv   FixUp    Flag  Refine Buf_Rho Buf_Pot Buf_Flu1 Buf_Flu2 Buf_Ref Buf_Flux Buf_Res Buf_Che  Par_KD   Par_K Par_K-1 Par_2Sib -MPI_Sib -MPI_FaSib Par_2Son    -MPI Par_Coll -MPI_Real -MPI_Sib -MPI_FaSib     Sum
      0   0.006    0.001   0.004   0.000   0.000   0.000   0.000   0.000   0.000   0.000   0.000   0.000   0.000    0.001    0.000   0.000    0.000   0.000   0.000   0.000   0.000   0.000    0.000    0.000      0.000    0.000   0.000    0.000     0.000    0.000      0.000   0.006
      1   0.000    0.000   0.000   0.000   0.000   0.000   0.000   0.000   0.000   0.000   0.000   0.000   0.000    0.000    0.000   0.000    0.000   0.000   0.000   0.000   0.000   0.000    0.000    0.000      0.000    0.000   0.000    0.000     0.000    0.000      0.000   0.000
      2   0.000    0.000   0.000   0.000   0.000   0.000   0.000   0.000   0.000   0.000   0.000   0.000   0.000    0.000    0.000   0.000    0.000   0.000   0.000   0.000   0.000   0.000    0.000    0.000      0.000    0.000   0.000    0.000     0.000    0.000      0.000   0.000
      3   0.000    0.000   0.000   0.000   0.000   0.000   0.000   0.000   0.000   0.000   0.000   0.000   0.000    0.000    0.000   0.000    0.000   0.000   0.000   0.000   0.000   0.000    0.000    0.000      0.000    0.000   0.000    0.000     0.000    0.000      0.000   0.000
      4   0.000    0.000   0.000   0.000   0.000   0.000   0.000   0.000   0.000   0.000   0.000   0.000   0.000    0.000    0.000   0.000    0.000   0.000   0.000   0.000   0.000   0.000    0.000    0.000      0.000    0.000   0.000    0.000     0.000    0.000      0.000   0.000
      5   0.000    0.000   0.000   0.000   0.000   0.000   0.000   0.000   0.000   0.000   0.000   0.000   0.000    0.000    0.000   0.000    0.000   0.000   0.000   0.000   0.000   0.000    0.000    0.000      0.000    0.000   0.000    0.000     0.000    0.000      0.000   0.000
      6   0.000    0.000   0.000   0.000   0.000   0.000   0.000   0.000   0.000   0.000   0.000   0.000   0.000    0.000    0.000   0.000    0.000   0.000   0.000   0.000   0.000   0.000    0.000    0.000      0.000    0.000   0.000    0.000     0.000    0.000      0.000   0.000
      7   0.000    0.000   0.000   0.000   0.000   0.000   0.000   0.000   0.000   0.000   0.000   0.000   0.000    0.000    0.000   0.000    0.000   0.000   0.000   0.000   0.000   0.000    0.000    0.000      0.000    0.000   0.000    0.000     0.000    0.000      0.000   0.000
      8   0.000    0.000   0.000   0.000   0.000   0.000   0.000   0.000   0.000   0.000   0.000   0.000   0.000    0.000    0.000   0.000    0.000   0.000   0.000   0.000   0.000   0.000    0.000    0.000      0.000    0.000   0.000    0.000     0.000    0.000      0.000   0.000
      9   0.000    0.000   0.000   0.000   0.000   0.000   0.000   0.000   0.000   0.000   0.000   0.000   0.000    0.000    0.000   0.000    0.000   0.000   0.000   0.000   0.000   0.000    0.000    0.000      0.000    0.000   0.000    0.000     0.000    0.000      0.000   0.000
    Sum   0.006    0.001   0.004   0.000   0.000   0.000   0.000   0.000   0.000   0.000   0.000   0.000   0.000    0.001    0.000   0.000    0.000   0.000   0.000   0.000   0.000   0.000    0.000    0.000      0.000    0.000   0.000    0.000     0.000    0.000      0.000   0.006


Summary
------------------------------------------------------------------------------------------------------------------------------
                  dt  Flu_Adv  Gra_Adv  Src_Adv  Che_Adv       SF   FB_Adv    FixUp     Flag   Refine MPI_Grid   Output      Aux       LB CorrSync      Par -MPI_Par    libyt         Sum
    Time      0.0006   0.0040   0.0000   0.0000   0.0000   0.0000   0.0000   0.0000   0.0000   0.0000   0.0011   0.0028   0.0079   0.0006   0.0000   0.0000   0.0000   0.0000      0.0170
    Frac      3.593%  23.781%   0.000%   0.000%   0.000%   0.000%   0.000%   0.000%   0.000%   0.000%   6.745%  16.301%  46.204%   3.375%   0.000%   0.000%   0.000%   0.000%    100.000%

==============================================================================================================================
==============================================================================================================================



Time : 3.3319181e-03 -> 3.3999164e-03,     Step :       49 ->       50

Main Loop
------------------------------------------------------------------------------------------------------------------------------
       Total    Integration       Output    Auxiliary    LoadBalance       CorrSync          libyt            Sum
      0.0161         0.0056       0.0020       0.0080         0.0005         0.0000         0.0000         0.0161


Integration Loop
------------------------------------------------------------------------------------------------------------------------------
     Lv   Total       dt Flu_Adv Gra_Adv Src_Adv Che_Adv      SF  FB_Adv   FixUp    Flag  Refine Buf_Rho Buf_Pot Buf_Flu1 Buf_Flu2 Buf_Ref Buf_Flux Buf_Res Buf_Che  Par_KD   Par_K Par_K-1 Par_2Sib -MPI_Sib -MPI_FaSib Par_2Son    -MPI Par_Coll -MPI_Real -MPI_Sib -MPI_FaSib     Sum
      0   0.006    0.001   0.004   0.000   0.000   0.000   0.000   0.000   0.000   0.000   0.000   0.000   0.000    0.001    0.000   0.000    0.000   0.000   0.000   0.000   0.000   0.000    0.000    0.000      0.000    0.000   0.000    0.000     0.000    0.000      0.000   0.006
      1   0.000    0.000   0.000   0.000   0.000   0.000   0.000   0.000   0.000   0.000   0.000   0.000   0.000    0.000    0.000   0.000    0.000   0.000   0.000   0.000   0.000   0.000    0.000    0.000      0.000    0.000   0.000    0.000     0.000    0.000      0.000   0.000
      2   0.000    0.000   0.000   0.000   0.000   0.000   0.000   0.000   0.000   0.000   0.000   0.000   0.000    0.000    0.000   0.000    0.000   0.000   0.000   0.000   0.000   0.000    0.000    0.000      0.000    0.000   0.000    0.000     0.000    0.000      0.000   0.000
      3   0.000    0.000   0.000   0.000   0.000   0.000   0.000   0.000   0.000   0.000   0.000   0.000   0.000    0.000    0.000   0.000    0.000   0.000   0.000   0.000   0.000   0.000    0.000    0.000      0.000    0.000   0.000    0.000     0.000    0.000      0.000   0.000
      4   0.000    0.000   0.000   0.000   0.000   0.000   0.000   0.000   0.000   0.000   0.000   0.000   0.000    0.000    0.000   0.000    0.000   0.000   0.000   0.000   0.000   0.000    0.000    0.000      0.000    0.000   0.000    0.000     0.000    0.000      0.000   0.000
      5   0.000    0.000   0.000   0.000   0.000   0.000   0.000   0.000   0.000   0.000   0.000   0.000   0.000    0.000    0.000   0.000    0.000   0.000   0.000   0.000   0.000   0.000    0.000    0.000      0.000    0.000   0.000    0.000     0.000    0.000      0.000   0.000
      6   0.000    0.000   0.000   0.000   0.000   0.000   0.000   0.000   0.000   0.000   0.000   0.000   0.000    0.000    0.000   0.000    0.000   0.000   0.000   0.000   0.000   0.000    0.000    0.000      0.000    0.000   0.000    0.000     0.000    0.000      0.000   0.000
      7   0.000    0.000   0.000   0.000   0.000   0.000   0.000   0.000   0.000   0.000   0.000   0.000   0.000    0.000    0.000   0.000    0.000   0.000   0.000   0.000   0.000   0.000    0.000    0.000      0.000    0.000   0.000    0.000     0.000    0.000      0.000   0.000
      8   0.000    0.000   0.000   0.000   0.000   0.000   0.000   0.000   0.000   0.000   0.000   0.000   0.000    0.000    0.000   0.000    0.000   0.000   0.000   0.000   0.000   0.000    0.000    0.000      0.000    0.000   0.000    0.000     0.000    0.000      0.000   0.000
      9   0.000    0.000   0.000   0.000   0.000   0.000   0.000   0.000   0.000   0.000   0.000   0.000   0.000    0.000    0.000   0.000    0.000   0.000   0.000   0.000   0.000   0.000    0.000    0.000      0.000    0.000   0.000    0.000     0.000    0.000      0.000   0.000
    Sum   0.006    0.001   0.004   0.000   0.000   0.000   0.000   0.000   0.000   0.000   0.000   0.000   0.000    0.001    0.000   0.000    0.000   0.000   0.000   0.000   0.000   0.000    0.000    0.000      0.000    0.000   0.000    0.000     0.000    0.000      0.000   0.006


Summary
------------------------------------------------------------------------------------------------------------------------------
                  dt  Flu_Adv  Gra_Adv  Src_Adv  Che_Adv       SF   FB_Adv    FixUp     Flag   Refine MPI_Grid   Output      Aux       LB CorrSync      Par -MPI_Par    libyt         Sum
    Time      0.0005   0.0039   0.0000   0.0000   0.0000   0.0000   0.0000   0.0000   0.0000   0.0000   0.0012   0.0020   0.0080   0.0005   0.0000   0.0000   0.0000   0.0000      0.0161
    Frac      3.234%  23.917%   0.000%   0.000%   0.000%   0.000%   0.000%   0.000%   0.000%   0.000%   7.465%  12.538%  49.427%   3.401%   0.000%   0.000%   0.000%   0.000%     99.981%

==============================================================================================================================
==============================================================================================================================



Time : 3.3999164e-03 -> 3.4679147e-03,     Step :       50 ->       51

Main Loop
------------------------------------------------------------------------------------------------------------------------------
       Total    Integration       Output    Auxiliary    LoadBalance       CorrSync          libyt            Sum
      0.0167         0.0055       0.0027       0.0079         0.0005         0.0000         0.0000         0.0167


Integration Loop
------------------------------------------------------------------------------------------------------------------------------
     Lv   Total       dt Flu_Adv Gra_Adv Src_Adv Che_Adv      SF  FB_Adv   FixUp    Flag  Refine Buf_Rho Buf_Pot Buf_Flu1 Buf_Flu2 Buf_Ref Buf_Flux Buf_Res Buf_Che  Par_KD   Par_K Par_K-1 Par_2Sib -MPI_Sib -MPI_FaSib Par_2Son    -MPI Par_Coll -MPI_Real -MPI_Sib -MPI_FaSib     Sum
      0   0.005    0.001   0.004   0.000   0.000   0.000   0.000   0.000   0.000   0.000   0.000   0.000   0.000    0.001    0.000   0.000    0.000   0.000   0.000   0.000   0.000   0.000    0.000    0.000      0.000    0.000   0.000    0.000     0.000    0.000      0.000   0.005
      1   0.000    0.000   0.000   0.000   0.000   0.000   0.000   0.000   0.000   0.000   0.000   0.000   0.000    0.000    0.000   0.000    0.000   0.000   0.000   0.000   0.000   0.000    0.000    0.000      0.000    0.000   0.000    0.000     0.000    0.000      0.000   0.000
      2   0.000    0.000   0.000   0.000   0.000   0.000   0.000   0.000   0.000   0.000   0.000   0.000   0.000    0.000    0.000   0.000    0.000   0.000   0.000   0.000   0.000   0.000    0.000    0.000      0.000    0.000   0.000    0.000     0.000    0.000      0.000   0.000
      3   0.000    0.000   0.000   0.000   0.000   0.000   0.000   0.000   0.000   0.000   0.000   0.000   0.000    0.000    0.000   0.000    0.000   0.000   0.000   0.000   0.000   0.000    0.000    0.000      0.000    0.000   0.000    0.000     0.000    0.000      0.000   0.000
      4   0.000    0.000   0.000   0.000   0.000   0.000   0.000   0.000   0.000   0.000   0.000   0.000   0.000    0.000    0.000   0.000    0.000   0.000   0.000   0.000   0.000   0.000    0.000    0.000      0.000    0.000   0.000    0.000     0.000    0.000      0.000   0.000
      5   0.000    0.000   0.000   0.000   0.000   0.000   0.000   0.000   0.000   0.000   0.000   0.000   0.000    0.000    0.000   0.000    0.000   0.000   0.000   0.000   0.000   0.000    0.000    0.000      0.000    0.000   0.000    0.000     0.000    0.000      0.000   0.000
      6   0.000    0.000   0.000   0.000   0.000   0.000   0.000   0.000   0.000   0.000   0.000   0.000   0.000    0.000    0.000   0.000    0.000   0.000   0.000   0.000   0.000   0.000    0.000    0.000      0.000    0.000   0.000    0.000     0.000    0.000      0.000   0.000
      7   0.000    0.000   0.000   0.000   0.000   0.000   0.000   0.000   0.000   0.000   0.000   0.000   0.000    0.000    0.000   0.000    0.000   0.000   0.000   0.000   0.000   0.000    0.000    0.000      0.000    0.000   0.000    0.000     0.000    0.000      0.000   0.000
      8   0.000    0.000   0.000   0.000   0.000   0.000   0.000   0.000   0.000   0.000   0.000   0.000   0.000    0.000    0.000   0.000    0.000   0.000   0.000   0.000   0.000   0.000    0.000    0.000      0.000    0.000   0.000    0.000     0.000    0.000      0.000   0.000
      9   0.000    0.000   0.000   0.000   0.000   0.000   0.000   0.000   0.000   0.000   0.000   0.000   0.000    0.000    0.000   0.000    0.000   0.000   0.000   0.000   0.000   0.000    0.000    0.000      0.000    0.000   0.000    0.000     0.000    0.000      0.000   0.000
    Sum   0.005    0.001   0.004   0.000   0.000   0.000   0.000   0.000   0.000   0.000   0.000   0.000   0.000    0.001    0.000   0.000    0.000   0.000   0.000   0.000   0.000   0.000    0.000    0.000      0.000    0.000   0.000    0.000     0.000    0.000      0.000   0.005


Summary
------------------------------------------------------------------------------------------------------------------------------
                  dt  Flu_Adv  Gra_Adv  Src_Adv  Che_Adv       SF   FB_Adv    FixUp     Flag   Refine MPI_Grid   Output      Aux       LB CorrSync      Par -MPI_Par    libyt         Sum
    Time      0.0006   0.0038   0.0000   0.0000   0.0000   0.0000   0.0000   0.0000   0.0000   0.0000   0.0012   0.0027   0.0079   0.0005   0.0000   0.0000   0.0000   0.0000      0.0167
    Frac      3.342%  22.549%   0.000%   0.000%   0.000%   0.000%   0.000%   0.000%   0.000%   0.000%   6.929%  16.356%  47.547%   3.264%   0.000%   0.000%   0.000%   0.000%     99.988%

==============================================================================================================================
==============================================================================================================================



Time : 3.4679147e-03 -> 3.5359130e-03,     Step :       51 ->       52

Main Loop
------------------------------------------------------------------------------------------------------------------------------
       Total    Integration       Output    Auxiliary    LoadBalance       CorrSync          libyt            Sum
      0.0223         0.0063       0.0023       0.0123         0.0015         0.0000         0.0000         0.0223


Integration Loop
------------------------------------------------------------------------------------------------------------------------------
     Lv   Total       dt Flu_Adv Gra_Adv Src_Adv Che_Adv      SF  FB_Adv   FixUp    Flag  Refine Buf_Rho Buf_Pot Buf_Flu1 Buf_Flu2 Buf_Ref Buf_Flux Buf_Res Buf_Che  Par_KD   Par_K Par_K-1 Par_2Sib -MPI_Sib -MPI_FaSib Par_2Son    -MPI Par_Coll -MPI_Real -MPI_Sib -MPI_FaSib     Sum
      0   0.006    0.001   0.004   0.000   0.000   0.000   0.000   0.000   0.000   0.000   0.000   0.000   0.000    0.001    0.000   0.000    0.000   0.000   0.000   0.000   0.000   0.000    0.000    0.000      0.000    0.000   0.000    0.000     0.000    0.000      0.000   0.006
      1   0.000    0.000   0.000   0.000   0.000   0.000   0.000   0.000   0.000   0.000   0.000   0.000   0.000    0.000    0.000   0.000    0.000   0.000   0.000   0.000   0.000   0.000    0.000    0.000      0.000    0.000   0.000    0.000     0.000    0.000      0.000   0.000
      2   0.000    0.000   0.000   0.000   0.000   0.000   0.000   0.000   0.000   0.000   0.000   0.000   0.000    0.000    0.000   0.000    0.000   0.000   0.000   0.000   0.000   0.000    0.000    0.000      0.000    0.000   0.000    0.000     0.000    0.000      0.000   0.000
      3   0.000    0.000   0.000   0.000   0.000   0.000   0.000   0.000   0.000   0.000   0.000   0.000   0.000    0.000    0.000   0.000    0.000   0.000   0.000   0.000   0.000   0.000    0.000    0.000      0.000    0.000   0.000    0.000     0.000    0.000      0.000   0.000
      4   0.000    0.000   0.000   0.000   0.000   0.000   0.000   0.000   0.000   0.000   0.000   0.000   0.000    0.000    0.000   0.000    0.000   0.000   0.000   0.000   0.000   0.000    0.000    0.000      0.000    0.000   0.000    0.000     0.000    0.000      0.000   0.000
      5   0.000    0.000   0.000   0.000   0.000   0.000   0.000   0.000   0.000   0.000   0.000   0.000   0.000    0.000    0.000   0.000    0.000   0.000   0.000   0.000   0.000   0.000    0.000    0.000      0.000    0.000   0.000    0.000     0.000    0.000      0.000   0.000
      6   0.000    0.000   0.000   0.000   0.000   0.000   0.000   0.000   0.000   0.000   0.000   0.000   0.000    0.000    0.000   0.000    0.000   0.000   0.000   0.000   0.000   0.000    0.000    0.000      0.000    0.000   0.000    0.000     0.000    0.000      0.000   0.000
      7   0.000    0.000   0.000   0.000   0.000   0.000   0.000   0.000   0.000   0.000   0.000   0.000   0.000    0.000    0.000   0.000    0.000   0.000   0.000   0.000   0.000   0.000    0.000    0.000      0.000    0.000   0.000    0.000     0.000    0.000      0.000   0.000
      8   0.000    0.000   0.000   0.000   0.000   0.000   0.000   0.000   0.000   0.000   0.000   0.000   0.000    0.000    0.000   0.000    0.000   0.000   0.000   0.000   0.000   0.000    0.000    0.000      0.000    0.000   0.000    0.000     0.000    0.000      0.000   0.000
      9   0.000    0.000   0.000   0.000   0.000   0.000   0.000   0.000   0.000   0.000   0.000   0.000   0.000    0.000    0.000   0.000    0.000   0.000   0.000   0.000   0.000   0.000    0.000    0.000      0.000    0.000   0.000    0.000     0.000    0.000      0.000   0.000
    Sum   0.006    0.001   0.004   0.000   0.000   0.000   0.000   0.000   0.000   0.000   0.000   0.000   0.000    0.001    0.000   0.000    0.000   0.000   0.000   0.000   0.000   0.000    0.000    0.000      0.000    0.000   0.000    0.000     0.000    0.000      0.000   0.006


Summary
------------------------------------------------------------------------------------------------------------------------------
                  dt  Flu_Adv  Gra_Adv  Src_Adv  Che_Adv       SF   FB_Adv    FixUp     Flag   Refine MPI_Grid   Output      Aux       LB CorrSync      Par -MPI_Par    libyt         Sum
    Time      0.0006   0.0040   0.0000   0.0000   0.0000   0.0000   0.0000   0.0000   0.0002   0.0003   0.0012   0.0023   0.0123   0.0015   0.0000   0.0000   0.0000   0.0000      0.0223
    Frac      2.585%  18.043%   0.000%   0.000%   0.000%   0.000%   0.000%   0.000%   0.853%   1.413%   5.214%  10.199%  55.075%   6.605%   0.000%   0.000%   0.000%   0.000%     99.987%

==============================================================================================================================
==============================================================================================================================



Time : 3.5359130e-03 -> 3.6039114e-03,     Step :       52 ->       53

Main Loop
------------------------------------------------------------------------------------------------------------------------------
       Total    Integration       Output    Auxiliary    LoadBalance       CorrSync          libyt            Sum
      0.0292         0.0072       0.0026       0.0167         0.0027         0.0000         0.0000         0.0292


Integration Loop
------------------------------------------------------------------------------------------------------------------------------
     Lv   Total       dt Flu_Adv Gra_Adv Src_Adv Che_Adv      SF  FB_Adv   FixUp    Flag  Refine Buf_Rho Buf_Pot Buf_Flu1 Buf_Flu2 Buf_Ref Buf_Flux Buf_Res Buf_Che  Par_KD   Par_K Par_K-1 Par_2Sib -MPI_Sib -MPI_FaSib Par_2Son    -MPI Par_Coll -MPI_Real -MPI_Sib -MPI_FaSib     Sum
      0   0.007    0.002   0.004   0.000   0.000   0.000   0.000   0.000   0.000   0.000   0.000   0.000   0.000    0.001    0.000   0.000    0.000   0.000   0.000   0.000   0.000   0.000    0.000    0.000      0.000    0.000   0.000    0.000     0.000    0.000      0.000   0.007
      1   0.000    0.000   0.000   0.000   0.000   0.000   0.000   0.000   0.000   0.000   0.000   0.000   0.000    0.000    0.000   0.000    0.000   0.000   0.000   0.000   0.000   0.000    0.000    0.000      0.000    0.000   0.000    0.000     0.000    0.000      0.000   0.000
      2   0.000    0.000   0.000   0.000   0.000   0.000   0.000   0.000   0.000   0.000   0.000   0.000   0.000    0.000    0.000   0.000    0.000   0.000   0.000   0.000   0.000   0.000    0.000    0.000      0.000    0.000   0.000    0.000     0.000    0.000      0.000   0.000
      3   0.000    0.000   0.000   0.000   0.000   0.000   0.000   0.000   0.000   0.000   0.000   0.000   0.000    0.000    0.000   0.000    0.000   0.000   0.000   0.000   0.000   0.000    0.000    0.000      0.000    0.000   0.000    0.000     0.000    0.000      0.000   0.000
      4   0.000    0.000   0.000   0.000   0.000   0.000   0.000   0.000   0.000   0.000   0.000   0.000   0.000    0.000    0.000   0.000    0.000   0.000   0.000   0.000   0.000   0.000    0.000    0.000      0.000    0.000   0.000    0.000     0.000    0.000      0.000   0.000
      5   0.000    0.000   0.000   0.000   0.000   0.000   0.000   0.000   0.000   0.000   0.000   0.000   0.000    0.000    0.000   0.000    0.000   0.000   0.000   0.000   0.000   0.000    0.000    0.000      0.000    0.000   0.000    0.000     0.000    0.000      0.000   0.000
      6   0.000    0.000   0.000   0.000   0.000   0.000   0.000   0.000   0.000   0.000   0.000   0.000   0.000    0.000    0.000   0.000    0.000   0.000   0.000   0.000   0.000   0.000    0.000    0.000      0.000    0.000   0.000    0.000     0.000    0.000      0.000   0.000
      7   0.000    0.000   0.000   0.000   0.000   0.000   0.000   0.000   0.000   0.000   0.000   0.000   0.000    0.000    0.000   0.000    0.000   0.000   0.000   0.000   0.000   0.000    0.000    0.000      0.000    0.000   0.000    0.000     0.000    0.000      0.000   0.000
      8   0.000    0.000   0.000   0.000   0.000   0.000   0.000   0.000   0.000   0.000   0.000   0.000   0.000    0.000    0.000   0.000    0.000   0.000   0.000   0.000   0.000   0.000    0.000    0.000      0.000    0.000   0.000    0.000     0.000    0.000      0.000   0.000
      9   0.000    0.000   0.000   0.000   0.000   0.000   0.000   0.000   0.000   0.000   0.000   0.000   0.000    0.000    0.000   0.000    0.000   0.000   0.000   0.000   0.000   0.000    0.000    0.000      0.000    0.000   0.000    0.000     0.000    0.000      0.000   0.000
    Sum   0.007    0.002   0.004   0.000   0.000   0.000   0.000   0.000   0.000   0.000   0.000   0.000   0.000    0.001    0.000   0.000    0.000   0.000   0.000   0.000   0.000   0.000    0.000    0.000      0.000    0.000   0.000    0.000     0.000    0.000      0.000   0.007


Summary
------------------------------------------------------------------------------------------------------------------------------
                  dt  Flu_Adv  Gra_Adv  Src_Adv  Che_Adv       SF   FB_Adv    FixUp     Flag   Refine MPI_Grid   Output      Aux       LB CorrSync      Par -MPI_Par    libyt         Sum
    Time      0.0022   0.0038   0.0000   0.0000   0.0000   0.0000   0.0000   0.0000   0.0000   0.0000   0.0012   0.0026   0.0167   0.0027   0.0000   0.0000   0.0000   0.0000      0.0292
    Frac      7.651%  13.027%   0.000%   0.000%   0.000%   0.000%   0.000%   0.000%   0.000%   0.000%   4.029%   8.864%  57.315%   9.104%   0.000%   0.000%   0.000%   0.000%     99.990%

==============================================================================================================================
==============================================================================================================================



Time : 3.6039114e-03 -> 3.6719097e-03,     Step :       53 ->       54

Main Loop
------------------------------------------------------------------------------------------------------------------------------
       Total    Integration       Output    Auxiliary    LoadBalance       CorrSync          libyt            Sum
      0.0380         0.0085       0.0033       0.0226         0.0036         0.0000         0.0000         0.0380


Integration Loop
------------------------------------------------------------------------------------------------------------------------------
     Lv   Total       dt Flu_Adv Gra_Adv Src_Adv Che_Adv      SF  FB_Adv   FixUp    Flag  Refine Buf_Rho Buf_Pot Buf_Flu1 Buf_Flu2 Buf_Ref Buf_Flux Buf_Res Buf_Che  Par_KD   Par_K Par_K-1 Par_2Sib -MPI_Sib -MPI_FaSib Par_2Son    -MPI Par_Coll -MPI_Real -MPI_Sib -MPI_FaSib     Sum
      0   0.009    0.003   0.004   0.000   0.000   0.000   0.000   0.000   0.000   0.000   0.000   0.000   0.000    0.001    0.000   0.000    0.000   0.000   0.000   0.000   0.000   0.000    0.000    0.000      0.000    0.000   0.000    0.000     0.000    0.000      0.000   0.009
      1   0.000    0.000   0.000   0.000   0.000   0.000   0.000   0.000   0.000   0.000   0.000   0.000   0.000    0.000    0.000   0.000    0.000   0.000   0.000   0.000   0.000   0.000    0.000    0.000      0.000    0.000   0.000    0.000     0.000    0.000      0.000   0.000
      2   0.000    0.000   0.000   0.000   0.000   0.000   0.000   0.000   0.000   0.000   0.000   0.000   0.000    0.000    0.000   0.000    0.000   0.000   0.000   0.000   0.000   0.000    0.000    0.000      0.000    0.000   0.000    0.000     0.000    0.000      0.000   0.000
      3   0.000    0.000   0.000   0.000   0.000   0.000   0.000   0.000   0.000   0.000   0.000   0.000   0.000    0.000    0.000   0.000    0.000   0.000   0.000   0.000   0.000   0.000    0.000    0.000      0.000    0.000   0.000    0.000     0.000    0.000      0.000   0.000
      4   0.000    0.000   0.000   0.000   0.000   0.000   0.000   0.000   0.000   0.000   0.000   0.000   0.000    0.000    0.000   0.000    0.000   0.000   0.000   0.000   0.000   0.000    0.000    0.000      0.000    0.000   0.000    0.000     0.000    0.000      0.000   0.000
      5   0.000    0.000   0.000   0.000   0.000   0.000   0.000   0.000   0.000   0.000   0.000   0.000   0.000    0.000    0.000   0.000    0.000   0.000   0.000   0.000   0.000   0.000    0.000    0.000      0.000    0.000   0.000    0.000     0.000    0.000      0.000   0.000
      6   0.000    0.000   0.000   0.000   0.000   0.000   0.000   0.000   0.000   0.000   0.000   0.000   0.000    0.000    0.000   0.000    0.000   0.000   0.000   0.000   0.000   0.000    0.000    0.000      0.000    0.000   0.000    0.000     0.000    0.000      0.000   0.000
      7   0.000    0.000   0.000   0.000   0.000   0.000   0.000   0.000   0.000   0.000   0.000   0.000   0.000    0.000    0.000   0.000    0.000   0.000   0.000   0.000   0.000   0.000    0.000    0.000      0.000    0.000   0.000    0.000     0.000    0.000      0.000   0.000
      8   0.000    0.000   0.000   0.000   0.000   0.000   0.000   0.000   0.000   0.000   0.000   0.000   0.000    0.000    0.000   0.000    0.000   0.000   0.000   0.000   0.000   0.000    0.000    0.000      0.000    0.000   0.000    0.000     0.000    0.000      0.000   0.000
      9   0.000    0.000   0.000   0.000   0.000   0.000   0.000   0.000   0.000   0.000   0.000   0.000   0.000    0.000    0.000   0.000    0.000   0.000   0.000   0.000   0.000   0.000    0.000    0.000      0.000    0.000   0.000    0.000     0.000    0.000      0.000   0.000
    Sum   0.009    0.003   0.004   0.000   0.000   0.000   0.000   0.000   0.000   0.000   0.000   0.000   0.000    0.001    0.000   0.000    0.000   0.000   0.000   0.000   0.000   0.000    0.000    0.000      0.000    0.000   0.000    0.000     0.000    0.000      0.000   0.009


Summary
------------------------------------------------------------------------------------------------------------------------------
                  dt  Flu_Adv  Gra_Adv  Src_Adv  Che_Adv       SF   FB_Adv    FixUp     Flag   Refine MPI_Grid   Output      Aux       LB CorrSync      Par -MPI_Par    libyt         Sum
    Time      0.0032   0.0041   0.0000   0.0000   0.0000   0.0000   0.0000   0.0000   0.0000   0.0000   0.0012   0.0033   0.0226   0.0036   0.0000   0.0000   0.0000   0.0000      0.0380
    Frac      8.393%  10.831%   0.000%   0.000%   0.000%   0.000%   0.000%   0.000%   0.000%   0.000%   3.226%   8.582%  59.409%   9.553%   0.000%   0.000%   0.000%   0.000%     99.995%

==============================================================================================================================
==============================================================================================================================



Time : 3.6719097e-03 -> 3.7399080e-03,     Step :       54 ->       55

Main Loop
------------------------------------------------------------------------------------------------------------------------------
       Total    Integration       Output    Auxiliary    LoadBalance       CorrSync          libyt            Sum
      0.0448         0.0092       0.0038       0.0274         0.0044         0.0000         0.0000         0.0448


Integration Loop
------------------------------------------------------------------------------------------------------------------------------
     Lv   Total       dt Flu_Adv Gra_Adv Src_Adv Che_Adv      SF  FB_Adv   FixUp    Flag  Refine Buf_Rho Buf_Pot Buf_Flu1 Buf_Flu2 Buf_Ref Buf_Flux Buf_Res Buf_Che  Par_KD   Par_K Par_K-1 Par_2Sib -MPI_Sib -MPI_FaSib Par_2Son    -MPI Par_Coll -MPI_Real -MPI_Sib -MPI_FaSib     Sum
      0   0.009    0.004   0.004   0.000   0.000   0.000   0.000   0.000   0.000   0.000   0.000   0.000   0.000    0.001    0.000   0.000    0.000   0.000   0.000   0.000   0.000   0.000    0.000    0.000      0.000    0.000   0.000    0.000     0.000    0.000      0.000   0.009
      1   0.000    0.000   0.000   0.000   0.000   0.000   0.000   0.000   0.000   0.000   0.000   0.000   0.000    0.000    0.000   0.000    0.000   0.000   0.000   0.000   0.000   0.000    0.000    0.000      0.000    0.000   0.000    0.000     0.000    0.000      0.000   0.000
      2   0.000    0.000   0.000   0.000   0.000   0.000   0.000   0.000   0.000   0.000   0.000   0.000   0.000    0.000    0.000   0.000    0.000   0.000   0.000   0.000   0.000   0.000    0.000    0.000      0.000    0.000   0.000    0.000     0.000    0.000      0.000   0.000
      3   0.000    0.000   0.000   0.000   0.000   0.000   0.000   0.000   0.000   0.000   0.000   0.000   0.000    0.000    0.000   0.000    0.000   0.000   0.000   0.000   0.000   0.000    0.000    0.000      0.000    0.000   0.000    0.000     0.000    0.000      0.000   0.000
      4   0.000    0.000   0.000   0.000   0.000   0.000   0.000   0.000   0.000   0.000   0.000   0.000   0.000    0.000    0.000   0.000    0.000   0.000   0.000   0.000   0.000   0.000    0.000    0.000      0.000    0.000   0.000    0.000     0.000    0.000      0.000   0.000
      5   0.000    0.000   0.000   0.000   0.000   0.000   0.000   0.000   0.000   0.000   0.000   0.000   0.000    0.000    0.000   0.000    0.000   0.000   0.000   0.000   0.000   0.000    0.000    0.000      0.000    0.000   0.000    0.000     0.000    0.000      0.000   0.000
      6   0.000    0.000   0.000   0.000   0.000   0.000   0.000   0.000   0.000   0.000   0.000   0.000   0.000    0.000    0.000   0.000    0.000   0.000   0.000   0.000   0.000   0.000    0.000    0.000      0.000    0.000   0.000    0.000     0.000    0.000      0.000   0.000
      7   0.000    0.000   0.000   0.000   0.000   0.000   0.000   0.000   0.000   0.000   0.000   0.000   0.000    0.000    0.000   0.000    0.000   0.000   0.000   0.000   0.000   0.000    0.000    0.000      0.000    0.000   0.000    0.000     0.000    0.000      0.000   0.000
      8   0.000    0.000   0.000   0.000   0.000   0.000   0.000   0.000   0.000   0.000   0.000   0.000   0.000    0.000    0.000   0.000    0.000   0.000   0.000   0.000   0.000   0.000    0.000    0.000      0.000    0.000   0.000    0.000     0.000    0.000      0.000   0.000
      9   0.000    0.000   0.000   0.000   0.000   0.000   0.000   0.000   0.000   0.000   0.000   0.000   0.000    0.000    0.000   0.000    0.000   0.000   0.000   0.000   0.000   0.000    0.000    0.000      0.000    0.000   0.000    0.000     0.000    0.000      0.000   0.000
    Sum   0.009    0.004   0.004   0.000   0.000   0.000   0.000   0.000   0.000   0.000   0.000   0.000   0.000    0.001    0.000   0.000    0.000   0.000   0.000   0.000   0.000   0.000    0.000    0.000      0.000    0.000   0.000    0.000     0.000    0.000      0.000   0.009


Summary
------------------------------------------------------------------------------------------------------------------------------
                  dt  Flu_Adv  Gra_Adv  Src_Adv  Che_Adv       SF   FB_Adv    FixUp     Flag   Refine MPI_Grid   Output      Aux       LB CorrSync      Par -MPI_Par    libyt         Sum
    Time      0.0039   0.0041   0.0000   0.0000   0.0000   0.0000   0.0000   0.0000   0.0000   0.0000   0.0012   0.0038   0.0274   0.0044   0.0000   0.0000   0.0000   0.0000      0.0448
    Frac      8.654%   9.169%   0.000%   0.000%   0.000%   0.000%   0.000%   0.000%   0.000%   0.000%   2.644%   8.493%  61.171%   9.863%   0.000%   0.000%   0.000%   0.000%     99.993%

==============================================================================================================================
==============================================================================================================================



Time : 3.7399080e-03 -> 3.8079064e-03,     Step :       55 ->       56

Main Loop
------------------------------------------------------------------------------------------------------------------------------
       Total    Integration       Output    Auxiliary    LoadBalance       CorrSync          libyt            Sum
      0.0497         0.0104       0.0039       0.0303         0.0051         0.0000         0.0000         0.0497


Integration Loop
------------------------------------------------------------------------------------------------------------------------------
     Lv   Total       dt Flu_Adv Gra_Adv Src_Adv Che_Adv      SF  FB_Adv   FixUp    Flag  Refine Buf_Rho Buf_Pot Buf_Flu1 Buf_Flu2 Buf_Ref Buf_Flux Buf_Res Buf_Che  Par_KD   Par_K Par_K-1 Par_2Sib -MPI_Sib -MPI_FaSib Par_2Son    -MPI Par_Coll -MPI_Real -MPI_Sib -MPI_FaSib     Sum
      0   0.010    0.004   0.004   0.000   0.000   0.000   0.000   0.000   0.000   0.000   0.000   0.000   0.000    0.001    0.000   0.000    0.000   0.000   0.000   0.000   0.000   0.000    0.000    0.000      0.000    0.000   0.000    0.000     0.000    0.000      0.000   0.010
      1   0.000    0.000   0.000   0.000   0.000   0.000   0.000   0.000   0.000   0.000   0.000   0.000   0.000    0.000    0.000   0.000    0.000   0.000   0.000   0.000   0.000   0.000    0.000    0.000      0.000    0.000   0.000    0.000     0.000    0.000      0.000   0.000
      2   0.000    0.000   0.000   0.000   0.000   0.000   0.000   0.000   0.000   0.000   0.000   0.000   0.000    0.000    0.000   0.000    0.000   0.000   0.000   0.000   0.000   0.000    0.000    0.000      0.000    0.000   0.000    0.000     0.000    0.000      0.000   0.000
      3   0.000    0.000   0.000   0.000   0.000   0.000   0.000   0.000   0.000   0.000   0.000   0.000   0.000    0.000    0.000   0.000    0.000   0.000   0.000   0.000   0.000   0.000    0.000    0.000      0.000    0.000   0.000    0.000     0.000    0.000      0.000   0.000
      4   0.000    0.000   0.000   0.000   0.000   0.000   0.000   0.000   0.000   0.000   0.000   0.000   0.000    0.000    0.000   0.000    0.000   0.000   0.000   0.000   0.000   0.000    0.000    0.000      0.000    0.000   0.000    0.000     0.000    0.000      0.000   0.000
      5   0.000    0.000   0.000   0.000   0.000   0.000   0.000   0.000   0.000   0.000   0.000   0.000   0.000    0.000    0.000   0.000    0.000   0.000   0.000   0.000   0.000   0.000    0.000    0.000      0.000    0.000   0.000    0.000     0.000    0.000      0.000   0.000
      6   0.000    0.000   0.000   0.000   0.000   0.000   0.000   0.000   0.000   0.000   0.000   0.000   0.000    0.000    0.000   0.000    0.000   0.000   0.000   0.000   0.000   0.000    0.000    0.000      0.000    0.000   0.000    0.000     0.000    0.000      0.000   0.000
      7   0.000    0.000   0.000   0.000   0.000   0.000   0.000   0.000   0.000   0.000   0.000   0.000   0.000    0.000    0.000   0.000    0.000   0.000   0.000   0.000   0.000   0.000    0.000    0.000      0.000    0.000   0.000    0.000     0.000    0.000      0.000   0.000
      8   0.000    0.000   0.000   0.000   0.000   0.000   0.000   0.000   0.000   0.000   0.000   0.000   0.000    0.000    0.000   0.000    0.000   0.000   0.000   0.000   0.000   0.000    0.000    0.000      0.000    0.000   0.000    0.000     0.000    0.000      0.000   0.000
      9   0.000    0.000   0.000   0.000   0.000   0.000   0.000   0.000   0.000   0.000   0.000   0.000   0.000    0.000    0.000   0.000    0.000   0.000   0.000   0.000   0.000   0.000    0.000    0.000      0.000    0.000   0.000    0.000     0.000    0.000      0.000   0.000
    Sum   0.010    0.004   0.004   0.000   0.000   0.000   0.000   0.000   0.000   0.000   0.000   0.000   0.000    0.001    0.000   0.000    0.000   0.000   0.000   0.000   0.000   0.000    0.000    0.000      0.000    0.000   0.000    0.000     0.000    0.000      0.000   0.010


Summary
------------------------------------------------------------------------------------------------------------------------------
                  dt  Flu_Adv  Gra_Adv  Src_Adv  Che_Adv       SF   FB_Adv    FixUp     Flag   Refine MPI_Grid   Output      Aux       LB CorrSync      Par -MPI_Par    libyt         Sum
    Time      0.0044   0.0043   0.0000   0.0000   0.0000   0.0000   0.0000   0.0000   0.0002   0.0003   0.0012   0.0039   0.0303   0.0051   0.0000   0.0000   0.0000   0.0000      0.0497
    Frac      8.866%   8.568%   0.000%   0.000%   0.000%   0.000%   0.000%   0.000%   0.384%   0.621%   2.389%   7.939%  60.979%  10.253%   0.000%   0.000%   0.000%   0.000%    100.000%

==============================================================================================================================
==============================================================================================================================



Time : 3.8079064e-03 -> 3.8759047e-03,     Step :       56 ->       57

Main Loop
------------------------------------------------------------------------------------------------------------------------------
       Total    Integration       Output    Auxiliary    LoadBalance       CorrSync          libyt            Sum
      0.0347         0.0110       0.0045       0.0185         0.0006         0.0000         0.0000         0.0347


Integration Loop
------------------------------------------------------------------------------------------------------------------------------
     Lv   Total       dt Flu_Adv Gra_Adv Src_Adv Che_Adv      SF  FB_Adv   FixUp    Flag  Refine Buf_Rho Buf_Pot Buf_Flu1 Buf_Flu2 Buf_Ref Buf_Flux Buf_Res Buf_Che  Par_KD   Par_K Par_K-1 Par_2Sib -MPI_Sib -MPI_FaSib Par_2Son    -MPI Par_Coll -MPI_Real -MPI_Sib -MPI_FaSib     Sum
      0   0.011    0.006   0.004   0.000   0.000   0.000   0.000   0.000   0.000   0.000   0.000   0.000   0.000    0.001    0.000   0.000    0.000   0.000   0.000   0.000   0.000   0.000    0.000    0.000      0.000    0.000   0.000    0.000     0.000    0.000      0.000   0.011
      1   0.000    0.000   0.000   0.000   0.000   0.000   0.000   0.000   0.000   0.000   0.000   0.000   0.000    0.000    0.000   0.000    0.000   0.000   0.000   0.000   0.000   0.000    0.000    0.000      0.000    0.000   0.000    0.000     0.000    0.000      0.000   0.000
      2   0.000    0.000   0.000   0.000   0.000   0.000   0.000   0.000   0.000   0.000   0.000   0.000   0.000    0.000    0.000   0.000    0.000   0.000   0.000   0.000   0.000   0.000    0.000    0.000      0.000    0.000   0.000    0.000     0.000    0.000      0.000   0.000
      3   0.000    0.000   0.000   0.000   0.000   0.000   0.000   0.000   0.000   0.000   0.000   0.000   0.000    0.000    0.000   0.000    0.000   0.000   0.000   0.000   0.000   0.000    0.000    0.000      0.000    0.000   0.000    0.000     0.000    0.000      0.000   0.000
      4   0.000    0.000   0.000   0.000   0.000   0.000   0.000   0.000   0.000   0.000   0.000   0.000   0.000    0.000    0.000   0.000    0.000   0.000   0.000   0.000   0.000   0.000    0.000    0.000      0.000    0.000   0.000    0.000     0.000    0.000      0.000   0.000
      5   0.000    0.000   0.000   0.000   0.000   0.000   0.000   0.000   0.000   0.000   0.000   0.000   0.000    0.000    0.000   0.000    0.000   0.000   0.000   0.000   0.000   0.000    0.000    0.000      0.000    0.000   0.000    0.000     0.000    0.000      0.000   0.000
      6   0.000    0.000   0.000   0.000   0.000   0.000   0.000   0.000   0.000   0.000   0.000   0.000   0.000    0.000    0.000   0.000    0.000   0.000   0.000   0.000   0.000   0.000    0.000    0.000      0.000    0.000   0.000    0.000     0.000    0.000      0.000   0.000
      7   0.000    0.000   0.000   0.000   0.000   0.000   0.000   0.000   0.000   0.000   0.000   0.000   0.000    0.000    0.000   0.000    0.000   0.000   0.000   0.000   0.000   0.000    0.000    0.000      0.000    0.000   0.000    0.000     0.000    0.000      0.000   0.000
      8   0.000    0.000   0.000   0.000   0.000   0.000   0.000   0.000   0.000   0.000   0.000   0.000   0.000    0.000    0.000   0.000    0.000   0.000   0.000   0.000   0.000   0.000    0.000    0.000      0.000    0.000   0.000    0.000     0.000    0.000      0.000   0.000
      9   0.000    0.000   0.000   0.000   0.000   0.000   0.000   0.000   0.000   0.000   0.000   0.000   0.000    0.000    0.000   0.000    0.000   0.000   0.000   0.000   0.000   0.000    0.000    0.000      0.000    0.000   0.000    0.000     0.000    0.000      0.000   0.000
    Sum   0.011    0.006   0.004   0.000   0.000   0.000   0.000   0.000   0.000   0.000   0.000   0.000   0.000    0.001    0.000   0.000    0.000   0.000   0.000   0.000   0.000   0.000    0.000    0.000      0.000    0.000   0.000    0.000     0.000    0.000      0.000   0.011


Summary
------------------------------------------------------------------------------------------------------------------------------
                  dt  Flu_Adv  Gra_Adv  Src_Adv  Che_Adv       SF   FB_Adv    FixUp     Flag   Refine MPI_Grid   Output      Aux       LB CorrSync      Par -MPI_Par    libyt         Sum
    Time      0.0059   0.0040   0.0000   0.0000   0.0000   0.0000   0.0000   0.0000   0.0000   0.0000   0.0012   0.0045   0.0185   0.0006   0.0000   0.0000   0.0000   0.0000      0.0347
    Frac     16.938%  11.541%   0.000%   0.000%   0.000%   0.000%   0.000%   0.000%   0.000%   0.000%   3.313%  13.055%  53.345%   1.796%   0.000%   0.000%   0.000%   0.000%     99.988%

==============================================================================================================================
==============================================================================================================================



Time : 3.8759047e-03 -> 3.9439030e-03,     Step :       57 ->       58

Main Loop
------------------------------------------------------------------------------------------------------------------------------
       Total    Integration       Output    Auxiliary    LoadBalance       CorrSync          libyt            Sum
      0.0162         0.0059       0.0021       0.0077         0.0005         0.0000         0.0000         0.0162


Integration Loop
------------------------------------------------------------------------------------------------------------------------------
     Lv   Total       dt Flu_Adv Gra_Adv Src_Adv Che_Adv      SF  FB_Adv   FixUp    Flag  Refine Buf_Rho Buf_Pot Buf_Flu1 Buf_Flu2 Buf_Ref Buf_Flux Buf_Res Buf_Che  Par_KD   Par_K Par_K-1 Par_2Sib -MPI_Sib -MPI_FaSib Par_2Son    -MPI Par_Coll -MPI_Real -MPI_Sib -MPI_FaSib     Sum
      0   0.006    0.001   0.004   0.000   0.000   0.000   0.000   0.000   0.000   0.000   0.000   0.000   0.000    0.001    0.000   0.000    0.000   0.000   0.000   0.000   0.000   0.000    0.000    0.000      0.000    0.000   0.000    0.000     0.000    0.000      0.000   0.006
      1   0.000    0.000   0.000   0.000   0.000   0.000   0.000   0.000   0.000   0.000   0.000   0.000   0.000    0.000    0.000   0.000    0.000   0.000   0.000   0.000   0.000   0.000    0.000    0.000      0.000    0.000   0.000    0.000     0.000    0.000      0.000   0.000
      2   0.000    0.000   0.000   0.000   0.000   0.000   0.000   0.000   0.000   0.000   0.000   0.000   0.000    0.000    0.000   0.000    0.000   0.000   0.000   0.000   0.000   0.000    0.000    0.000      0.000    0.000   0.000    0.000     0.000    0.000      0.000   0.000
      3   0.000    0.000   0.000   0.000   0.000   0.000   0.000   0.000   0.000   0.000   0.000   0.000   0.000    0.000    0.000   0.000    0.000   0.000   0.000   0.000   0.000   0.000    0.000    0.000      0.000    0.000   0.000    0.000     0.000    0.000      0.000   0.000
      4   0.000    0.000   0.000   0.000   0.000   0.000   0.000   0.000   0.000   0.000   0.000   0.000   0.000    0.000    0.000   0.000    0.000   0.000   0.000   0.000   0.000   0.000    0.000    0.000      0.000    0.000   0.000    0.000     0.000    0.000      0.000   0.000
      5   0.000    0.000   0.000   0.000   0.000   0.000   0.000   0.000   0.000   0.000   0.000   0.000   0.000    0.000    0.000   0.000    0.000   0.000   0.000   0.000   0.000   0.000    0.000    0.000      0.000    0.000   0.000    0.000     0.000    0.000      0.000   0.000
      6   0.000    0.000   0.000   0.000   0.000   0.000   0.000   0.000   0.000   0.000   0.000   0.000   0.000    0.000    0.000   0.000    0.000   0.000   0.000   0.000   0.000   0.000    0.000    0.000      0.000    0.000   0.000    0.000     0.000    0.000      0.000   0.000
      7   0.000    0.000   0.000   0.000   0.000   0.000   0.000   0.000   0.000   0.000   0.000   0.000   0.000    0.000    0.000   0.000    0.000   0.000   0.000   0.000   0.000   0.000    0.000    0.000      0.000    0.000   0.000    0.000     0.000    0.000      0.000   0.000
      8   0.000    0.000   0.000   0.000   0.000   0.000   0.000   0.000   0.000   0.000   0.000   0.000   0.000    0.000    0.000   0.000    0.000   0.000   0.000   0.000   0.000   0.000    0.000    0.000      0.000    0.000   0.000    0.000     0.000    0.000      0.000   0.000
      9   0.000    0.000   0.000   0.000   0.000   0.000   0.000   0.000   0.000   0.000   0.000   0.000   0.000    0.000    0.000   0.000    0.000   0.000   0.000   0.000   0.000   0.000    0.000    0.000      0.000    0.000   0.000    0.000     0.000    0.000      0.000   0.000
    Sum   0.006    0.001   0.004   0.000   0.000   0.000   0.000   0.000   0.000   0.000   0.000   0.000   0.000    0.001    0.000   0.000    0.000   0.000   0.000   0.000   0.000   0.000    0.000    0.000      0.000    0.000   0.000    0.000     0.000    0.000      0.000   0.006


Summary
------------------------------------------------------------------------------------------------------------------------------
                  dt  Flu_Adv  Gra_Adv  Src_Adv  Che_Adv       SF   FB_Adv    FixUp     Flag   Refine MPI_Grid   Output      Aux       LB CorrSync      Par -MPI_Par    libyt         Sum
    Time      0.0005   0.0042   0.0000   0.0000   0.0000   0.0000   0.0000   0.0000   0.0000   0.0000   0.0012   0.0021   0.0077   0.0005   0.0000   0.0000   0.0000   0.0000      0.0162
    Frac      3.327%  25.767%   0.000%   0.000%   0.000%   0.000%   0.000%   0.000%   0.000%   0.000%   7.233%  12.856%  47.571%   3.246%   0.000%   0.000%   0.000%   0.000%    100.000%

==============================================================================================================================
==============================================================================================================================



Time : 3.9439030e-03 -> 4.0119013e-03,     Step :       58 ->       59

Main Loop
------------------------------------------------------------------------------------------------------------------------------
       Total    Integration       Output    Auxiliary    LoadBalance       CorrSync          libyt            Sum
      0.0184         0.0057       0.0027       0.0094         0.0006         0.0000         0.0000         0.0184


Integration Loop
------------------------------------------------------------------------------------------------------------------------------
     Lv   Total       dt Flu_Adv Gra_Adv Src_Adv Che_Adv      SF  FB_Adv   FixUp    Flag  Refine Buf_Rho Buf_Pot Buf_Flu1 Buf_Flu2 Buf_Ref Buf_Flux Buf_Res Buf_Che  Par_KD   Par_K Par_K-1 Par_2Sib -MPI_Sib -MPI_FaSib Par_2Son    -MPI Par_Coll -MPI_Real -MPI_Sib -MPI_FaSib     Sum
      0   0.006    0.000   0.004   0.000   0.000   0.000   0.000   0.000   0.000   0.000   0.000   0.000   0.000    0.001    0.000   0.000    0.000   0.000   0.000   0.000   0.000   0.000    0.000    0.000      0.000    0.000   0.000    0.000     0.000    0.000      0.000   0.006
      1   0.000    0.000   0.000   0.000   0.000   0.000   0.000   0.000   0.000   0.000   0.000   0.000   0.000    0.000    0.000   0.000    0.000   0.000   0.000   0.000   0.000   0.000    0.000    0.000      0.000    0.000   0.000    0.000     0.000    0.000      0.000   0.000
      2   0.000    0.000   0.000   0.000   0.000   0.000   0.000   0.000   0.000   0.000   0.000   0.000   0.000    0.000    0.000   0.000    0.000   0.000   0.000   0.000   0.000   0.000    0.000    0.000      0.000    0.000   0.000    0.000     0.000    0.000      0.000   0.000
      3   0.000    0.000   0.000   0.000   0.000   0.000   0.000   0.000   0.000   0.000   0.000   0.000   0.000    0.000    0.000   0.000    0.000   0.000   0.000   0.000   0.000   0.000    0.000    0.000      0.000    0.000   0.000    0.000     0.000    0.000      0.000   0.000
      4   0.000    0.000   0.000   0.000   0.000   0.000   0.000   0.000   0.000   0.000   0.000   0.000   0.000    0.000    0.000   0.000    0.000   0.000   0.000   0.000   0.000   0.000    0.000    0.000      0.000    0.000   0.000    0.000     0.000    0.000      0.000   0.000
      5   0.000    0.000   0.000   0.000   0.000   0.000   0.000   0.000   0.000   0.000   0.000   0.000   0.000    0.000    0.000   0.000    0.000   0.000   0.000   0.000   0.000   0.000    0.000    0.000      0.000    0.000   0.000    0.000     0.000    0.000      0.000   0.000
      6   0.000    0.000   0.000   0.000   0.000   0.000   0.000   0.000   0.000   0.000   0.000   0.000   0.000    0.000    0.000   0.000    0.000   0.000   0.000   0.000   0.000   0.000    0.000    0.000      0.000    0.000   0.000    0.000     0.000    0.000      0.000   0.000
      7   0.000    0.000   0.000   0.000   0.000   0.000   0.000   0.000   0.000   0.000   0.000   0.000   0.000    0.000    0.000   0.000    0.000   0.000   0.000   0.000   0.000   0.000    0.000    0.000      0.000    0.000   0.000    0.000     0.000    0.000      0.000   0.000
      8   0.000    0.000   0.000   0.000   0.000   0.000   0.000   0.000   0.000   0.000   0.000   0.000   0.000    0.000    0.000   0.000    0.000   0.000   0.000   0.000   0.000   0.000    0.000    0.000      0.000    0.000   0.000    0.000     0.000    0.000      0.000   0.000
      9   0.000    0.000   0.000   0.000   0.000   0.000   0.000   0.000   0.000   0.000   0.000   0.000   0.000    0.000    0.000   0.000    0.000   0.000   0.000   0.000   0.000   0.000    0.000    0.000      0.000    0.000   0.000    0.000     0.000    0.000      0.000   0.000
    Sum   0.006    0.000   0.004   0.000   0.000   0.000   0.000   0.000   0.000   0.000   0.000   0.000   0.000    0.001    0.000   0.000    0.000   0.000   0.000   0.000   0.000   0.000    0.000    0.000      0.000    0.000   0.000    0.000     0.000    0.000      0.000   0.006


Summary
------------------------------------------------------------------------------------------------------------------------------
                  dt  Flu_Adv  Gra_Adv  Src_Adv  Che_Adv       SF   FB_Adv    FixUp     Flag   Refine MPI_Grid   Output      Aux       LB CorrSync      Par -MPI_Par    libyt         Sum
    Time      0.0005   0.0041   0.0000   0.0000   0.0000   0.0000   0.0000   0.0000   0.0000   0.0000   0.0012   0.0027   0.0094   0.0006   0.0000   0.0000   0.0000   0.0000      0.0184
    Frac      2.638%  22.163%   0.000%   0.000%   0.000%   0.000%   0.000%   0.000%   0.000%   0.000%   6.300%  14.857%  51.039%   2.997%   0.000%   0.000%   0.000%   0.000%     99.995%

==============================================================================================================================
==============================================================================================================================



Time : 4.0119013e-03 -> 4.0798997e-03,     Step :       59 ->       60

Main Loop
------------------------------------------------------------------------------------------------------------------------------
       Total    Integration       Output    Auxiliary    LoadBalance       CorrSync          libyt            Sum
      0.0174         0.0063       0.0028       0.0077         0.0006         0.0000         0.0000         0.0174


Integration Loop
------------------------------------------------------------------------------------------------------------------------------
     Lv   Total       dt Flu_Adv Gra_Adv Src_Adv Che_Adv      SF  FB_Adv   FixUp    Flag  Refine Buf_Rho Buf_Pot Buf_Flu1 Buf_Flu2 Buf_Ref Buf_Flux Buf_Res Buf_Che  Par_KD   Par_K Par_K-1 Par_2Sib -MPI_Sib -MPI_FaSib Par_2Son    -MPI Par_Coll -MPI_Real -MPI_Sib -MPI_FaSib     Sum
      0   0.006    0.000   0.004   0.000   0.000   0.000   0.000   0.000   0.000   0.000   0.000   0.000   0.000    0.001    0.000   0.000    0.000   0.000   0.000   0.000   0.000   0.000    0.000    0.000      0.000    0.000   0.000    0.000     0.000    0.000      0.000   0.006
      1   0.000    0.000   0.000   0.000   0.000   0.000   0.000   0.000   0.000   0.000   0.000   0.000   0.000    0.000    0.000   0.000    0.000   0.000   0.000   0.000   0.000   0.000    0.000    0.000      0.000    0.000   0.000    0.000     0.000    0.000      0.000   0.000
      2   0.000    0.000   0.000   0.000   0.000   0.000   0.000   0.000   0.000   0.000   0.000   0.000   0.000    0.000    0.000   0.000    0.000   0.000   0.000   0.000   0.000   0.000    0.000    0.000      0.000    0.000   0.000    0.000     0.000    0.000      0.000   0.000
      3   0.000    0.000   0.000   0.000   0.000   0.000   0.000   0.000   0.000   0.000   0.000   0.000   0.000    0.000    0.000   0.000    0.000   0.000   0.000   0.000   0.000   0.000    0.000    0.000      0.000    0.000   0.000    0.000     0.000    0.000      0.000   0.000
      4   0.000    0.000   0.000   0.000   0.000   0.000   0.000   0.000   0.000   0.000   0.000   0.000   0.000    0.000    0.000   0.000    0.000   0.000   0.000   0.000   0.000   0.000    0.000    0.000      0.000    0.000   0.000    0.000     0.000    0.000      0.000   0.000
      5   0.000    0.000   0.000   0.000   0.000   0.000   0.000   0.000   0.000   0.000   0.000   0.000   0.000    0.000    0.000   0.000    0.000   0.000   0.000   0.000   0.000   0.000    0.000    0.000      0.000    0.000   0.000    0.000     0.000    0.000      0.000   0.000
      6   0.000    0.000   0.000   0.000   0.000   0.000   0.000   0.000   0.000   0.000   0.000   0.000   0.000    0.000    0.000   0.000    0.000   0.000   0.000   0.000   0.000   0.000    0.000    0.000      0.000    0.000   0.000    0.000     0.000    0.000      0.000   0.000
      7   0.000    0.000   0.000   0.000   0.000   0.000   0.000   0.000   0.000   0.000   0.000   0.000   0.000    0.000    0.000   0.000    0.000   0.000   0.000   0.000   0.000   0.000    0.000    0.000      0.000    0.000   0.000    0.000     0.000    0.000      0.000   0.000
      8   0.000    0.000   0.000   0.000   0.000   0.000   0.000   0.000   0.000   0.000   0.000   0.000   0.000    0.000    0.000   0.000    0.000   0.000   0.000   0.000   0.000   0.000    0.000    0.000      0.000    0.000   0.000    0.000     0.000    0.000      0.000   0.000
      9   0.000    0.000   0.000   0.000   0.000   0.000   0.000   0.000   0.000   0.000   0.000   0.000   0.000    0.000    0.000   0.000    0.000   0.000   0.000   0.000   0.000   0.000    0.000    0.000      0.000    0.000   0.000    0.000     0.000    0.000      0.000   0.000
    Sum   0.006    0.000   0.004   0.000   0.000   0.000   0.000   0.000   0.000   0.000   0.000   0.000   0.000    0.001    0.000   0.000    0.000   0.000   0.000   0.000   0.000   0.000    0.000    0.000      0.000    0.000   0.000    0.000     0.000    0.000      0.000   0.006


Summary
------------------------------------------------------------------------------------------------------------------------------
                  dt  Flu_Adv  Gra_Adv  Src_Adv  Che_Adv       SF   FB_Adv    FixUp     Flag   Refine MPI_Grid   Output      Aux       LB CorrSync      Par -MPI_Par    libyt         Sum
    Time      0.0005   0.0041   0.0000   0.0000   0.0000   0.0000   0.0000   0.0000   0.0002   0.0003   0.0012   0.0028   0.0077   0.0006   0.0000   0.0000   0.0000   0.0000      0.0174
    Frac      2.811%  23.819%   0.000%   0.000%   0.000%   0.000%   0.000%   0.000%   1.115%   1.725%   7.031%  16.057%  44.096%   3.340%   0.000%   0.000%   0.000%   0.000%     99.994%

==============================================================================================================================
==============================================================================================================================



Time : 4.0798997e-03 -> 4.1478980e-03,     Step :       60 ->       61

Main Loop
------------------------------------------------------------------------------------------------------------------------------
       Total    Integration       Output    Auxiliary    LoadBalance       CorrSync          libyt            Sum
      0.0174         0.0056       0.0029       0.0083         0.0006         0.0000         0.0000         0.0174


Integration Loop
------------------------------------------------------------------------------------------------------------------------------
     Lv   Total       dt Flu_Adv Gra_Adv Src_Adv Che_Adv      SF  FB_Adv   FixUp    Flag  Refine Buf_Rho Buf_Pot Buf_Flu1 Buf_Flu2 Buf_Ref Buf_Flux Buf_Res Buf_Che  Par_KD   Par_K Par_K-1 Par_2Sib -MPI_Sib -MPI_FaSib Par_2Son    -MPI Par_Coll -MPI_Real -MPI_Sib -MPI_FaSib     Sum
      0   0.006    0.001   0.004   0.000   0.000   0.000   0.000   0.000   0.000   0.000   0.000   0.000   0.000    0.001    0.000   0.000    0.000   0.000   0.000   0.000   0.000   0.000    0.000    0.000      0.000    0.000   0.000    0.000     0.000    0.000      0.000   0.006
      1   0.000    0.000   0.000   0.000   0.000   0.000   0.000   0.000   0.000   0.000   0.000   0.000   0.000    0.000    0.000   0.000    0.000   0.000   0.000   0.000   0.000   0.000    0.000    0.000      0.000    0.000   0.000    0.000     0.000    0.000      0.000   0.000
      2   0.000    0.000   0.000   0.000   0.000   0.000   0.000   0.000   0.000   0.000   0.000   0.000   0.000    0.000    0.000   0.000    0.000   0.000   0.000   0.000   0.000   0.000    0.000    0.000      0.000    0.000   0.000    0.000     0.000    0.000      0.000   0.000
      3   0.000    0.000   0.000   0.000   0.000   0.000   0.000   0.000   0.000   0.000   0.000   0.000   0.000    0.000    0.000   0.000    0.000   0.000   0.000   0.000   0.000   0.000    0.000    0.000      0.000    0.000   0.000    0.000     0.000    0.000      0.000   0.000
      4   0.000    0.000   0.000   0.000   0.000   0.000   0.000   0.000   0.000   0.000   0.000   0.000   0.000    0.000    0.000   0.000    0.000   0.000   0.000   0.000   0.000   0.000    0.000    0.000      0.000    0.000   0.000    0.000     0.000    0.000      0.000   0.000
      5   0.000    0.000   0.000   0.000   0.000   0.000   0.000   0.000   0.000   0.000   0.000   0.000   0.000    0.000    0.000   0.000    0.000   0.000   0.000   0.000   0.000   0.000    0.000    0.000      0.000    0.000   0.000    0.000     0.000    0.000      0.000   0.000
      6   0.000    0.000   0.000   0.000   0.000   0.000   0.000   0.000   0.000   0.000   0.000   0.000   0.000    0.000    0.000   0.000    0.000   0.000   0.000   0.000   0.000   0.000    0.000    0.000      0.000    0.000   0.000    0.000     0.000    0.000      0.000   0.000
      7   0.000    0.000   0.000   0.000   0.000   0.000   0.000   0.000   0.000   0.000   0.000   0.000   0.000    0.000    0.000   0.000    0.000   0.000   0.000   0.000   0.000   0.000    0.000    0.000      0.000    0.000   0.000    0.000     0.000    0.000      0.000   0.000
      8   0.000    0.000   0.000   0.000   0.000   0.000   0.000   0.000   0.000   0.000   0.000   0.000   0.000    0.000    0.000   0.000    0.000   0.000   0.000   0.000   0.000   0.000    0.000    0.000      0.000    0.000   0.000    0.000     0.000    0.000      0.000   0.000
      9   0.000    0.000   0.000   0.000   0.000   0.000   0.000   0.000   0.000   0.000   0.000   0.000   0.000    0.000    0.000   0.000    0.000   0.000   0.000   0.000   0.000   0.000    0.000    0.000      0.000    0.000   0.000    0.000     0.000    0.000      0.000   0.000
    Sum   0.006    0.001   0.004   0.000   0.000   0.000   0.000   0.000   0.000   0.000   0.000   0.000   0.000    0.001    0.000   0.000    0.000   0.000   0.000   0.000   0.000   0.000    0.000    0.000      0.000    0.000   0.000    0.000     0.000    0.000      0.000   0.006


Summary
------------------------------------------------------------------------------------------------------------------------------
                  dt  Flu_Adv  Gra_Adv  Src_Adv  Che_Adv       SF   FB_Adv    FixUp     Flag   Refine MPI_Grid   Output      Aux       LB CorrSync      Par -MPI_Par    libyt         Sum
    Time      0.0005   0.0039   0.0000   0.0000   0.0000   0.0000   0.0000   0.0000   0.0000   0.0000   0.0012   0.0029   0.0083   0.0006   0.0000   0.0000   0.0000   0.0000      0.0174
    Frac      3.156%  22.260%   0.000%   0.000%   0.000%   0.000%   0.000%   0.000%   0.000%   0.000%   6.923%  16.593%  47.693%   3.358%   0.000%   0.000%   0.000%   0.000%     99.983%

==============================================================================================================================
==============================================================================================================================



Time : 4.1478980e-03 -> 4.2158963e-03,     Step :       61 ->       62

Main Loop
------------------------------------------------------------------------------------------------------------------------------
       Total    Integration       Output    Auxiliary    LoadBalance       CorrSync          libyt            Sum
      0.0172         0.0059       0.0022       0.0084         0.0007         0.0000         0.0000         0.0172


Integration Loop
------------------------------------------------------------------------------------------------------------------------------
     Lv   Total       dt Flu_Adv Gra_Adv Src_Adv Che_Adv      SF  FB_Adv   FixUp    Flag  Refine Buf_Rho Buf_Pot Buf_Flu1 Buf_Flu2 Buf_Ref Buf_Flux Buf_Res Buf_Che  Par_KD   Par_K Par_K-1 Par_2Sib -MPI_Sib -MPI_FaSib Par_2Son    -MPI Par_Coll -MPI_Real -MPI_Sib -MPI_FaSib     Sum
      0   0.006    0.001   0.004   0.000   0.000   0.000   0.000   0.000   0.000   0.000   0.000   0.000   0.000    0.001    0.000   0.000    0.000   0.000   0.000   0.000   0.000   0.000    0.000    0.000      0.000    0.000   0.000    0.000     0.000    0.000      0.000   0.006
      1   0.000    0.000   0.000   0.000   0.000   0.000   0.000   0.000   0.000   0.000   0.000   0.000   0.000    0.000    0.000   0.000    0.000   0.000   0.000   0.000   0.000   0.000    0.000    0.000      0.000    0.000   0.000    0.000     0.000    0.000      0.000   0.000
      2   0.000    0.000   0.000   0.000   0.000   0.000   0.000   0.000   0.000   0.000   0.000   0.000   0.000    0.000    0.000   0.000    0.000   0.000   0.000   0.000   0.000   0.000    0.000    0.000      0.000    0.000   0.000    0.000     0.000    0.000      0.000   0.000
      3   0.000    0.000   0.000   0.000   0.000   0.000   0.000   0.000   0.000   0.000   0.000   0.000   0.000    0.000    0.000   0.000    0.000   0.000   0.000   0.000   0.000   0.000    0.000    0.000      0.000    0.000   0.000    0.000     0.000    0.000      0.000   0.000
      4   0.000    0.000   0.000   0.000   0.000   0.000   0.000   0.000   0.000   0.000   0.000   0.000   0.000    0.000    0.000   0.000    0.000   0.000   0.000   0.000   0.000   0.000    0.000    0.000      0.000    0.000   0.000    0.000     0.000    0.000      0.000   0.000
      5   0.000    0.000   0.000   0.000   0.000   0.000   0.000   0.000   0.000   0.000   0.000   0.000   0.000    0.000    0.000   0.000    0.000   0.000   0.000   0.000   0.000   0.000    0.000    0.000      0.000    0.000   0.000    0.000     0.000    0.000      0.000   0.000
      6   0.000    0.000   0.000   0.000   0.000   0.000   0.000   0.000   0.000   0.000   0.000   0.000   0.000    0.000    0.000   0.000    0.000   0.000   0.000   0.000   0.000   0.000    0.000    0.000      0.000    0.000   0.000    0.000     0.000    0.000      0.000   0.000
      7   0.000    0.000   0.000   0.000   0.000   0.000   0.000   0.000   0.000   0.000   0.000   0.000   0.000    0.000    0.000   0.000    0.000   0.000   0.000   0.000   0.000   0.000    0.000    0.000      0.000    0.000   0.000    0.000     0.000    0.000      0.000   0.000
      8   0.000    0.000   0.000   0.000   0.000   0.000   0.000   0.000   0.000   0.000   0.000   0.000   0.000    0.000    0.000   0.000    0.000   0.000   0.000   0.000   0.000   0.000    0.000    0.000      0.000    0.000   0.000    0.000     0.000    0.000      0.000   0.000
      9   0.000    0.000   0.000   0.000   0.000   0.000   0.000   0.000   0.000   0.000   0.000   0.000   0.000    0.000    0.000   0.000    0.000   0.000   0.000   0.000   0.000   0.000    0.000    0.000      0.000    0.000   0.000    0.000     0.000    0.000      0.000   0.000
    Sum   0.006    0.001   0.004   0.000   0.000   0.000   0.000   0.000   0.000   0.000   0.000   0.000   0.000    0.001    0.000   0.000    0.000   0.000   0.000   0.000   0.000   0.000    0.000    0.000      0.000    0.000   0.000    0.000     0.000    0.000      0.000   0.006


Summary
------------------------------------------------------------------------------------------------------------------------------
                  dt  Flu_Adv  Gra_Adv  Src_Adv  Che_Adv       SF   FB_Adv    FixUp     Flag   Refine MPI_Grid   Output      Aux       LB CorrSync      Par -MPI_Par    libyt         Sum
    Time      0.0005   0.0041   0.0000   0.0000   0.0000   0.0000   0.0000   0.0000   0.0000   0.0000   0.0012   0.0022   0.0084   0.0007   0.0000   0.0000   0.0000   0.0000      0.0172
    Frac      2.921%  24.077%   0.000%   0.000%   0.000%   0.000%   0.000%   0.000%   0.000%   0.000%   7.182%  12.622%  49.163%   4.034%   0.000%   0.000%   0.000%   0.000%    100.000%

==============================================================================================================================
==============================================================================================================================



Time : 4.2158963e-03 -> 4.2838946e-03,     Step :       62 ->       63

Main Loop
------------------------------------------------------------------------------------------------------------------------------
       Total    Integration       Output    Auxiliary    LoadBalance       CorrSync          libyt            Sum
      0.0172         0.0058       0.0028       0.0081         0.0005         0.0000         0.0000         0.0172


Integration Loop
------------------------------------------------------------------------------------------------------------------------------
     Lv   Total       dt Flu_Adv Gra_Adv Src_Adv Che_Adv      SF  FB_Adv   FixUp    Flag  Refine Buf_Rho Buf_Pot Buf_Flu1 Buf_Flu2 Buf_Ref Buf_Flux Buf_Res Buf_Che  Par_KD   Par_K Par_K-1 Par_2Sib -MPI_Sib -MPI_FaSib Par_2Son    -MPI Par_Coll -MPI_Real -MPI_Sib -MPI_FaSib     Sum
      0   0.006    0.000   0.004   0.000   0.000   0.000   0.000   0.000   0.000   0.000   0.000   0.000   0.000    0.001    0.000   0.000    0.000   0.000   0.000   0.000   0.000   0.000    0.000    0.000      0.000    0.000   0.000    0.000     0.000    0.000      0.000   0.006
      1   0.000    0.000   0.000   0.000   0.000   0.000   0.000   0.000   0.000   0.000   0.000   0.000   0.000    0.000    0.000   0.000    0.000   0.000   0.000   0.000   0.000   0.000    0.000    0.000      0.000    0.000   0.000    0.000     0.000    0.000      0.000   0.000
      2   0.000    0.000   0.000   0.000   0.000   0.000   0.000   0.000   0.000   0.000   0.000   0.000   0.000    0.000    0.000   0.000    0.000   0.000   0.000   0.000   0.000   0.000    0.000    0.000      0.000    0.000   0.000    0.000     0.000    0.000      0.000   0.000
      3   0.000    0.000   0.000   0.000   0.000   0.000   0.000   0.000   0.000   0.000   0.000   0.000   0.000    0.000    0.000   0.000    0.000   0.000   0.000   0.000   0.000   0.000    0.000    0.000      0.000    0.000   0.000    0.000     0.000    0.000      0.000   0.000
      4   0.000    0.000   0.000   0.000   0.000   0.000   0.000   0.000   0.000   0.000   0.000   0.000   0.000    0.000    0.000   0.000    0.000   0.000   0.000   0.000   0.000   0.000    0.000    0.000      0.000    0.000   0.000    0.000     0.000    0.000      0.000   0.000
      5   0.000    0.000   0.000   0.000   0.000   0.000   0.000   0.000   0.000   0.000   0.000   0.000   0.000    0.000    0.000   0.000    0.000   0.000   0.000   0.000   0.000   0.000    0.000    0.000      0.000    0.000   0.000    0.000     0.000    0.000      0.000   0.000
      6   0.000    0.000   0.000   0.000   0.000   0.000   0.000   0.000   0.000   0.000   0.000   0.000   0.000    0.000    0.000   0.000    0.000   0.000   0.000   0.000   0.000   0.000    0.000    0.000      0.000    0.000   0.000    0.000     0.000    0.000      0.000   0.000
      7   0.000    0.000   0.000   0.000   0.000   0.000   0.000   0.000   0.000   0.000   0.000   0.000   0.000    0.000    0.000   0.000    0.000   0.000   0.000   0.000   0.000   0.000    0.000    0.000      0.000    0.000   0.000    0.000     0.000    0.000      0.000   0.000
      8   0.000    0.000   0.000   0.000   0.000   0.000   0.000   0.000   0.000   0.000   0.000   0.000   0.000    0.000    0.000   0.000    0.000   0.000   0.000   0.000   0.000   0.000    0.000    0.000      0.000    0.000   0.000    0.000     0.000    0.000      0.000   0.000
      9   0.000    0.000   0.000   0.000   0.000   0.000   0.000   0.000   0.000   0.000   0.000   0.000   0.000    0.000    0.000   0.000    0.000   0.000   0.000   0.000   0.000   0.000    0.000    0.000      0.000    0.000   0.000    0.000     0.000    0.000      0.000   0.000
    Sum   0.006    0.000   0.004   0.000   0.000   0.000   0.000   0.000   0.000   0.000   0.000   0.000   0.000    0.001    0.000   0.000    0.000   0.000   0.000   0.000   0.000   0.000    0.000    0.000      0.000    0.000   0.000    0.000     0.000    0.000      0.000   0.006


Summary
------------------------------------------------------------------------------------------------------------------------------
                  dt  Flu_Adv  Gra_Adv  Src_Adv  Che_Adv       SF   FB_Adv    FixUp     Flag   Refine MPI_Grid   Output      Aux       LB CorrSync      Par -MPI_Par    libyt         Sum
    Time      0.0005   0.0041   0.0000   0.0000   0.0000   0.0000   0.0000   0.0000   0.0000   0.0000   0.0013   0.0028   0.0081   0.0005   0.0000   0.0000   0.0000   0.0000      0.0172
    Frac      2.796%  23.740%   0.000%   0.000%   0.000%   0.000%   0.000%   0.000%   0.000%   0.000%   7.337%  16.200%  46.975%   2.952%   0.000%   0.000%   0.000%   0.000%    100.000%

==============================================================================================================================
==============================================================================================================================



Time : 4.2838946e-03 -> 4.3518930e-03,     Step :       63 ->       64

Main Loop
------------------------------------------------------------------------------------------------------------------------------
       Total    Integration       Output    Auxiliary    LoadBalance       CorrSync          libyt            Sum
      0.0185         0.0065       0.0028       0.0086         0.0006         0.0000         0.0000         0.0185


Integration Loop
------------------------------------------------------------------------------------------------------------------------------
     Lv   Total       dt Flu_Adv Gra_Adv Src_Adv Che_Adv      SF  FB_Adv   FixUp    Flag  Refine Buf_Rho Buf_Pot Buf_Flu1 Buf_Flu2 Buf_Ref Buf_Flux Buf_Res Buf_Che  Par_KD   Par_K Par_K-1 Par_2Sib -MPI_Sib -MPI_FaSib Par_2Son    -MPI Par_Coll -MPI_Real -MPI_Sib -MPI_FaSib     Sum
      0   0.007    0.001   0.004   0.000   0.000   0.000   0.000   0.000   0.000   0.000   0.000   0.000   0.000    0.001    0.000   0.000    0.000   0.000   0.000   0.000   0.000   0.000    0.000    0.000      0.000    0.000   0.000    0.000     0.000    0.000      0.000   0.007
      1   0.000    0.000   0.000   0.000   0.000   0.000   0.000   0.000   0.000   0.000   0.000   0.000   0.000    0.000    0.000   0.000    0.000   0.000   0.000   0.000   0.000   0.000    0.000    0.000      0.000    0.000   0.000    0.000     0.000    0.000      0.000   0.000
      2   0.000    0.000   0.000   0.000   0.000   0.000   0.000   0.000   0.000   0.000   0.000   0.000   0.000    0.000    0.000   0.000    0.000   0.000   0.000   0.000   0.000   0.000    0.000    0.000      0.000    0.000   0.000    0.000     0.000    0.000      0.000   0.000
      3   0.000    0.000   0.000   0.000   0.000   0.000   0.000   0.000   0.000   0.000   0.000   0.000   0.000    0.000    0.000   0.000    0.000   0.000   0.000   0.000   0.000   0.000    0.000    0.000      0.000    0.000   0.000    0.000     0.000    0.000      0.000   0.000
      4   0.000    0.000   0.000   0.000   0.000   0.000   0.000   0.000   0.000   0.000   0.000   0.000   0.000    0.000    0.000   0.000    0.000   0.000   0.000   0.000   0.000   0.000    0.000    0.000      0.000    0.000   0.000    0.000     0.000    0.000      0.000   0.000
      5   0.000    0.000   0.000   0.000   0.000   0.000   0.000   0.000   0.000   0.000   0.000   0.000   0.000    0.000    0.000   0.000    0.000   0.000   0.000   0.000   0.000   0.000    0.000    0.000      0.000    0.000   0.000    0.000     0.000    0.000      0.000   0.000
      6   0.000    0.000   0.000   0.000   0.000   0.000   0.000   0.000   0.000   0.000   0.000   0.000   0.000    0.000    0.000   0.000    0.000   0.000   0.000   0.000   0.000   0.000    0.000    0.000      0.000    0.000   0.000    0.000     0.000    0.000      0.000   0.000
      7   0.000    0.000   0.000   0.000   0.000   0.000   0.000   0.000   0.000   0.000   0.000   0.000   0.000    0.000    0.000   0.000    0.000   0.000   0.000   0.000   0.000   0.000    0.000    0.000      0.000    0.000   0.000    0.000     0.000    0.000      0.000   0.000
      8   0.000    0.000   0.000   0.000   0.000   0.000   0.000   0.000   0.000   0.000   0.000   0.000   0.000    0.000    0.000   0.000    0.000   0.000   0.000   0.000   0.000   0.000    0.000    0.000      0.000    0.000   0.000    0.000     0.000    0.000      0.000   0.000
      9   0.000    0.000   0.000   0.000   0.000   0.000   0.000   0.000   0.000   0.000   0.000   0.000   0.000    0.000    0.000   0.000    0.000   0.000   0.000   0.000   0.000   0.000    0.000    0.000      0.000    0.000   0.000    0.000     0.000    0.000      0.000   0.000
    Sum   0.007    0.001   0.004   0.000   0.000   0.000   0.000   0.000   0.000   0.000   0.000   0.000   0.000    0.001    0.000   0.000    0.000   0.000   0.000   0.000   0.000   0.000    0.000    0.000      0.000    0.000   0.000    0.000     0.000    0.000      0.000   0.007


Summary
------------------------------------------------------------------------------------------------------------------------------
                  dt  Flu_Adv  Gra_Adv  Src_Adv  Che_Adv       SF   FB_Adv    FixUp     Flag   Refine MPI_Grid   Output      Aux       LB CorrSync      Par -MPI_Par    libyt         Sum
    Time      0.0005   0.0043   0.0000   0.0000   0.0000   0.0000   0.0000   0.0000   0.0002   0.0003   0.0012   0.0028   0.0086   0.0006   0.0000   0.0000   0.0000   0.0000      0.0185
    Frac      2.778%  23.235%   0.000%   0.000%   0.000%   0.000%   0.000%   0.000%   1.061%   1.738%   6.433%  15.053%  46.616%   3.065%   0.000%   0.000%   0.000%   0.000%     99.978%

==============================================================================================================================
==============================================================================================================================



Time : 4.3518930e-03 -> 4.4198913e-03,     Step :       64 ->       65

Main Loop
------------------------------------------------------------------------------------------------------------------------------
       Total    Integration       Output    Auxiliary    LoadBalance       CorrSync          libyt            Sum
      0.0175         0.0058       0.0028       0.0083         0.0006         0.0000         0.0000         0.0175


Integration Loop
------------------------------------------------------------------------------------------------------------------------------
     Lv   Total       dt Flu_Adv Gra_Adv Src_Adv Che_Adv      SF  FB_Adv   FixUp    Flag  Refine Buf_Rho Buf_Pot Buf_Flu1 Buf_Flu2 Buf_Ref Buf_Flux Buf_Res Buf_Che  Par_KD   Par_K Par_K-1 Par_2Sib -MPI_Sib -MPI_FaSib Par_2Son    -MPI Par_Coll -MPI_Real -MPI_Sib -MPI_FaSib     Sum
      0   0.006    0.000   0.004   0.000   0.000   0.000   0.000   0.000   0.000   0.000   0.000   0.000   0.000    0.001    0.000   0.000    0.000   0.000   0.000   0.000   0.000   0.000    0.000    0.000      0.000    0.000   0.000    0.000     0.000    0.000      0.000   0.006
      1   0.000    0.000   0.000   0.000   0.000   0.000   0.000   0.000   0.000   0.000   0.000   0.000   0.000    0.000    0.000   0.000    0.000   0.000   0.000   0.000   0.000   0.000    0.000    0.000      0.000    0.000   0.000    0.000     0.000    0.000      0.000   0.000
      2   0.000    0.000   0.000   0.000   0.000   0.000   0.000   0.000   0.000   0.000   0.000   0.000   0.000    0.000    0.000   0.000    0.000   0.000   0.000   0.000   0.000   0.000    0.000    0.000      0.000    0.000   0.000    0.000     0.000    0.000      0.000   0.000
      3   0.000    0.000   0.000   0.000   0.000   0.000   0.000   0.000   0.000   0.000   0.000   0.000   0.000    0.000    0.000   0.000    0.000   0.000   0.000   0.000   0.000   0.000    0.000    0.000      0.000    0.000   0.000    0.000     0.000    0.000      0.000   0.000
      4   0.000    0.000   0.000   0.000   0.000   0.000   0.000   0.000   0.000   0.000   0.000   0.000   0.000    0.000    0.000   0.000    0.000   0.000   0.000   0.000   0.000   0.000    0.000    0.000      0.000    0.000   0.000    0.000     0.000    0.000      0.000   0.000
      5   0.000    0.000   0.000   0.000   0.000   0.000   0.000   0.000   0.000   0.000   0.000   0.000   0.000    0.000    0.000   0.000    0.000   0.000   0.000   0.000   0.000   0.000    0.000    0.000      0.000    0.000   0.000    0.000     0.000    0.000      0.000   0.000
      6   0.000    0.000   0.000   0.000   0.000   0.000   0.000   0.000   0.000   0.000   0.000   0.000   0.000    0.000    0.000   0.000    0.000   0.000   0.000   0.000   0.000   0.000    0.000    0.000      0.000    0.000   0.000    0.000     0.000    0.000      0.000   0.000
      7   0.000    0.000   0.000   0.000   0.000   0.000   0.000   0.000   0.000   0.000   0.000   0.000   0.000    0.000    0.000   0.000    0.000   0.000   0.000   0.000   0.000   0.000    0.000    0.000      0.000    0.000   0.000    0.000     0.000    0.000      0.000   0.000
      8   0.000    0.000   0.000   0.000   0.000   0.000   0.000   0.000   0.000   0.000   0.000   0.000   0.000    0.000    0.000   0.000    0.000   0.000   0.000   0.000   0.000   0.000    0.000    0.000      0.000    0.000   0.000    0.000     0.000    0.000      0.000   0.000
      9   0.000    0.000   0.000   0.000   0.000   0.000   0.000   0.000   0.000   0.000   0.000   0.000   0.000    0.000    0.000   0.000    0.000   0.000   0.000   0.000   0.000   0.000    0.000    0.000      0.000    0.000   0.000    0.000     0.000    0.000      0.000   0.000
    Sum   0.006    0.000   0.004   0.000   0.000   0.000   0.000   0.000   0.000   0.000   0.000   0.000   0.000    0.001    0.000   0.000    0.000   0.000   0.000   0.000   0.000   0.000    0.000    0.000      0.000    0.000   0.000    0.000     0.000    0.000      0.000   0.006


Summary
------------------------------------------------------------------------------------------------------------------------------
                  dt  Flu_Adv  Gra_Adv  Src_Adv  Che_Adv       SF   FB_Adv    FixUp     Flag   Refine MPI_Grid   Output      Aux       LB CorrSync      Par -MPI_Par    libyt         Sum
    Time      0.0005   0.0041   0.0000   0.0000   0.0000   0.0000   0.0000   0.0000   0.0000   0.0000   0.0011   0.0028   0.0083   0.0006   0.0000   0.0000   0.0000   0.0000      0.0175
    Frac      2.822%  23.698%   0.000%   0.000%   0.000%   0.000%   0.000%   0.000%   0.000%   0.000%   6.557%  15.781%  47.607%   3.536%   0.000%   0.000%   0.000%   0.000%    100.000%

==============================================================================================================================
==============================================================================================================================



Time : 4.4198913e-03 -> 4.4878896e-03,     Step :       65 ->       66

Main Loop
------------------------------------------------------------------------------------------------------------------------------
       Total    Integration       Output    Auxiliary    LoadBalance       CorrSync          libyt            Sum
      0.0163         0.0059       0.0020       0.0079         0.0006         0.0000         0.0000         0.0163


Integration Loop
------------------------------------------------------------------------------------------------------------------------------
     Lv   Total       dt Flu_Adv Gra_Adv Src_Adv Che_Adv      SF  FB_Adv   FixUp    Flag  Refine Buf_Rho Buf_Pot Buf_Flu1 Buf_Flu2 Buf_Ref Buf_Flux Buf_Res Buf_Che  Par_KD   Par_K Par_K-1 Par_2Sib -MPI_Sib -MPI_FaSib Par_2Son    -MPI Par_Coll -MPI_Real -MPI_Sib -MPI_FaSib     Sum
      0   0.006    0.000   0.004   0.000   0.000   0.000   0.000   0.000   0.000   0.000   0.000   0.000   0.000    0.001    0.000   0.000    0.000   0.000   0.000   0.000   0.000   0.000    0.000    0.000      0.000    0.000   0.000    0.000     0.000    0.000      0.000   0.006
      1   0.000    0.000   0.000   0.000   0.000   0.000   0.000   0.000   0.000   0.000   0.000   0.000   0.000    0.000    0.000   0.000    0.000   0.000   0.000   0.000   0.000   0.000    0.000    0.000      0.000    0.000   0.000    0.000     0.000    0.000      0.000   0.000
      2   0.000    0.000   0.000   0.000   0.000   0.000   0.000   0.000   0.000   0.000   0.000   0.000   0.000    0.000    0.000   0.000    0.000   0.000   0.000   0.000   0.000   0.000    0.000    0.000      0.000    0.000   0.000    0.000     0.000    0.000      0.000   0.000
      3   0.000    0.000   0.000   0.000   0.000   0.000   0.000   0.000   0.000   0.000   0.000   0.000   0.000    0.000    0.000   0.000    0.000   0.000   0.000   0.000   0.000   0.000    0.000    0.000      0.000    0.000   0.000    0.000     0.000    0.000      0.000   0.000
      4   0.000    0.000   0.000   0.000   0.000   0.000   0.000   0.000   0.000   0.000   0.000   0.000   0.000    0.000    0.000   0.000    0.000   0.000   0.000   0.000   0.000   0.000    0.000    0.000      0.000    0.000   0.000    0.000     0.000    0.000      0.000   0.000
      5   0.000    0.000   0.000   0.000   0.000   0.000   0.000   0.000   0.000   0.000   0.000   0.000   0.000    0.000    0.000   0.000    0.000   0.000   0.000   0.000   0.000   0.000    0.000    0.000      0.000    0.000   0.000    0.000     0.000    0.000      0.000   0.000
      6   0.000    0.000   0.000   0.000   0.000   0.000   0.000   0.000   0.000   0.000   0.000   0.000   0.000    0.000    0.000   0.000    0.000   0.000   0.000   0.000   0.000   0.000    0.000    0.000      0.000    0.000   0.000    0.000     0.000    0.000      0.000   0.000
      7   0.000    0.000   0.000   0.000   0.000   0.000   0.000   0.000   0.000   0.000   0.000   0.000   0.000    0.000    0.000   0.000    0.000   0.000   0.000   0.000   0.000   0.000    0.000    0.000      0.000    0.000   0.000    0.000     0.000    0.000      0.000   0.000
      8   0.000    0.000   0.000   0.000   0.000   0.000   0.000   0.000   0.000   0.000   0.000   0.000   0.000    0.000    0.000   0.000    0.000   0.000   0.000   0.000   0.000   0.000    0.000    0.000      0.000    0.000   0.000    0.000     0.000    0.000      0.000   0.000
      9   0.000    0.000   0.000   0.000   0.000   0.000   0.000   0.000   0.000   0.000   0.000   0.000   0.000    0.000    0.000   0.000    0.000   0.000   0.000   0.000   0.000   0.000    0.000    0.000      0.000    0.000   0.000    0.000     0.000    0.000      0.000   0.000
    Sum   0.006    0.000   0.004   0.000   0.000   0.000   0.000   0.000   0.000   0.000   0.000   0.000   0.000    0.001    0.000   0.000    0.000   0.000   0.000   0.000   0.000   0.000    0.000    0.000      0.000    0.000   0.000    0.000     0.000    0.000      0.000   0.006


Summary
------------------------------------------------------------------------------------------------------------------------------
                  dt  Flu_Adv  Gra_Adv  Src_Adv  Che_Adv       SF   FB_Adv    FixUp     Flag   Refine MPI_Grid   Output      Aux       LB CorrSync      Par -MPI_Par    libyt         Sum
    Time      0.0005   0.0042   0.0000   0.0000   0.0000   0.0000   0.0000   0.0000   0.0000   0.0000   0.0011   0.0020   0.0079   0.0006   0.0000   0.0000   0.0000   0.0000      0.0163
    Frac      2.869%  25.916%   0.000%   0.000%   0.000%   0.000%   0.000%   0.000%   0.000%   0.000%   7.036%  12.426%  48.174%   3.573%   0.000%   0.000%   0.000%   0.000%     99.994%

==============================================================================================================================
==============================================================================================================================



Time : 4.4878896e-03 -> 4.5558880e-03,     Step :       66 ->       67

Main Loop
------------------------------------------------------------------------------------------------------------------------------
       Total    Integration       Output    Auxiliary    LoadBalance       CorrSync          libyt            Sum
      0.0169         0.0058       0.0027       0.0078         0.0006         0.0000         0.0000         0.0169


Integration Loop
------------------------------------------------------------------------------------------------------------------------------
     Lv   Total       dt Flu_Adv Gra_Adv Src_Adv Che_Adv      SF  FB_Adv   FixUp    Flag  Refine Buf_Rho Buf_Pot Buf_Flu1 Buf_Flu2 Buf_Ref Buf_Flux Buf_Res Buf_Che  Par_KD   Par_K Par_K-1 Par_2Sib -MPI_Sib -MPI_FaSib Par_2Son    -MPI Par_Coll -MPI_Real -MPI_Sib -MPI_FaSib     Sum
      0   0.006    0.001   0.004   0.000   0.000   0.000   0.000   0.000   0.000   0.000   0.000   0.000   0.000    0.001    0.000   0.000    0.000   0.000   0.000   0.000   0.000   0.000    0.000    0.000      0.000    0.000   0.000    0.000     0.000    0.000      0.000   0.006
      1   0.000    0.000   0.000   0.000   0.000   0.000   0.000   0.000   0.000   0.000   0.000   0.000   0.000    0.000    0.000   0.000    0.000   0.000   0.000   0.000   0.000   0.000    0.000    0.000      0.000    0.000   0.000    0.000     0.000    0.000      0.000   0.000
      2   0.000    0.000   0.000   0.000   0.000   0.000   0.000   0.000   0.000   0.000   0.000   0.000   0.000    0.000    0.000   0.000    0.000   0.000   0.000   0.000   0.000   0.000    0.000    0.000      0.000    0.000   0.000    0.000     0.000    0.000      0.000   0.000
      3   0.000    0.000   0.000   0.000   0.000   0.000   0.000   0.000   0.000   0.000   0.000   0.000   0.000    0.000    0.000   0.000    0.000   0.000   0.000   0.000   0.000   0.000    0.000    0.000      0.000    0.000   0.000    0.000     0.000    0.000      0.000   0.000
      4   0.000    0.000   0.000   0.000   0.000   0.000   0.000   0.000   0.000   0.000   0.000   0.000   0.000    0.000    0.000   0.000    0.000   0.000   0.000   0.000   0.000   0.000    0.000    0.000      0.000    0.000   0.000    0.000     0.000    0.000      0.000   0.000
      5   0.000    0.000   0.000   0.000   0.000   0.000   0.000   0.000   0.000   0.000   0.000   0.000   0.000    0.000    0.000   0.000    0.000   0.000   0.000   0.000   0.000   0.000    0.000    0.000      0.000    0.000   0.000    0.000     0.000    0.000      0.000   0.000
      6   0.000    0.000   0.000   0.000   0.000   0.000   0.000   0.000   0.000   0.000   0.000   0.000   0.000    0.000    0.000   0.000    0.000   0.000   0.000   0.000   0.000   0.000    0.000    0.000      0.000    0.000   0.000    0.000     0.000    0.000      0.000   0.000
      7   0.000    0.000   0.000   0.000   0.000   0.000   0.000   0.000   0.000   0.000   0.000   0.000   0.000    0.000    0.000   0.000    0.000   0.000   0.000   0.000   0.000   0.000    0.000    0.000      0.000    0.000   0.000    0.000     0.000    0.000      0.000   0.000
      8   0.000    0.000   0.000   0.000   0.000   0.000   0.000   0.000   0.000   0.000   0.000   0.000   0.000    0.000    0.000   0.000    0.000   0.000   0.000   0.000   0.000   0.000    0.000    0.000      0.000    0.000   0.000    0.000     0.000    0.000      0.000   0.000
      9   0.000    0.000   0.000   0.000   0.000   0.000   0.000   0.000   0.000   0.000   0.000   0.000   0.000    0.000    0.000   0.000    0.000   0.000   0.000   0.000   0.000   0.000    0.000    0.000      0.000    0.000   0.000    0.000     0.000    0.000      0.000   0.000
    Sum   0.006    0.001   0.004   0.000   0.000   0.000   0.000   0.000   0.000   0.000   0.000   0.000   0.000    0.001    0.000   0.000    0.000   0.000   0.000   0.000   0.000   0.000    0.000    0.000      0.000    0.000   0.000    0.000     0.000    0.000      0.000   0.006


Summary
------------------------------------------------------------------------------------------------------------------------------
                  dt  Flu_Adv  Gra_Adv  Src_Adv  Che_Adv       SF   FB_Adv    FixUp     Flag   Refine MPI_Grid   Output      Aux       LB CorrSync      Par -MPI_Par    libyt         Sum
    Time      0.0005   0.0041   0.0000   0.0000   0.0000   0.0000   0.0000   0.0000   0.0000   0.0000   0.0012   0.0027   0.0078   0.0006   0.0000   0.0000   0.0000   0.0000      0.0169
    Frac      3.131%  24.047%   0.000%   0.000%   0.000%   0.000%   0.000%   0.000%   0.000%   0.000%   6.966%  16.142%  46.121%   3.581%   0.000%   0.000%   0.000%   0.000%     99.988%

==============================================================================================================================
==============================================================================================================================



Time : 4.5558880e-03 -> 4.6238863e-03,     Step :       67 ->       68

Main Loop
------------------------------------------------------------------------------------------------------------------------------
       Total    Integration       Output    Auxiliary    LoadBalance       CorrSync          libyt            Sum
      0.0245         0.0071       0.0028       0.0132         0.0014         0.0000         0.0000         0.0245


Integration Loop
------------------------------------------------------------------------------------------------------------------------------
     Lv   Total       dt Flu_Adv Gra_Adv Src_Adv Che_Adv      SF  FB_Adv   FixUp    Flag  Refine Buf_Rho Buf_Pot Buf_Flu1 Buf_Flu2 Buf_Ref Buf_Flux Buf_Res Buf_Che  Par_KD   Par_K Par_K-1 Par_2Sib -MPI_Sib -MPI_FaSib Par_2Son    -MPI Par_Coll -MPI_Real -MPI_Sib -MPI_FaSib     Sum
      0   0.007    0.001   0.004   0.000   0.000   0.000   0.000   0.000   0.000   0.000   0.000   0.000   0.000    0.001    0.000   0.000    0.000   0.000   0.000   0.000   0.000   0.000    0.000    0.000      0.000    0.000   0.000    0.000     0.000    0.000      0.000   0.007
      1   0.000    0.000   0.000   0.000   0.000   0.000   0.000   0.000   0.000   0.000   0.000   0.000   0.000    0.000    0.000   0.000    0.000   0.000   0.000   0.000   0.000   0.000    0.000    0.000      0.000    0.000   0.000    0.000     0.000    0.000      0.000   0.000
      2   0.000    0.000   0.000   0.000   0.000   0.000   0.000   0.000   0.000   0.000   0.000   0.000   0.000    0.000    0.000   0.000    0.000   0.000   0.000   0.000   0.000   0.000    0.000    0.000      0.000    0.000   0.000    0.000     0.000    0.000      0.000   0.000
      3   0.000    0.000   0.000   0.000   0.000   0.000   0.000   0.000   0.000   0.000   0.000   0.000   0.000    0.000    0.000   0.000    0.000   0.000   0.000   0.000   0.000   0.000    0.000    0.000      0.000    0.000   0.000    0.000     0.000    0.000      0.000   0.000
      4   0.000    0.000   0.000   0.000   0.000   0.000   0.000   0.000   0.000   0.000   0.000   0.000   0.000    0.000    0.000   0.000    0.000   0.000   0.000   0.000   0.000   0.000    0.000    0.000      0.000    0.000   0.000    0.000     0.000    0.000      0.000   0.000
      5   0.000    0.000   0.000   0.000   0.000   0.000   0.000   0.000   0.000   0.000   0.000   0.000   0.000    0.000    0.000   0.000    0.000   0.000   0.000   0.000   0.000   0.000    0.000    0.000      0.000    0.000   0.000    0.000     0.000    0.000      0.000   0.000
      6   0.000    0.000   0.000   0.000   0.000   0.000   0.000   0.000   0.000   0.000   0.000   0.000   0.000    0.000    0.000   0.000    0.000   0.000   0.000   0.000   0.000   0.000    0.000    0.000      0.000    0.000   0.000    0.000     0.000    0.000      0.000   0.000
      7   0.000    0.000   0.000   0.000   0.000   0.000   0.000   0.000   0.000   0.000   0.000   0.000   0.000    0.000    0.000   0.000    0.000   0.000   0.000   0.000   0.000   0.000    0.000    0.000      0.000    0.000   0.000    0.000     0.000    0.000      0.000   0.000
      8   0.000    0.000   0.000   0.000   0.000   0.000   0.000   0.000   0.000   0.000   0.000   0.000   0.000    0.000    0.000   0.000    0.000   0.000   0.000   0.000   0.000   0.000    0.000    0.000      0.000    0.000   0.000    0.000     0.000    0.000      0.000   0.000
      9   0.000    0.000   0.000   0.000   0.000   0.000   0.000   0.000   0.000   0.000   0.000   0.000   0.000    0.000    0.000   0.000    0.000   0.000   0.000   0.000   0.000   0.000    0.000    0.000      0.000    0.000   0.000    0.000     0.000    0.000      0.000   0.000
    Sum   0.007    0.001   0.004   0.000   0.000   0.000   0.000   0.000   0.000   0.000   0.000   0.000   0.000    0.001    0.000   0.000    0.000   0.000   0.000   0.000   0.000   0.000    0.000    0.000      0.000    0.000   0.000    0.000     0.000    0.000      0.000   0.007


Summary
------------------------------------------------------------------------------------------------------------------------------
                  dt  Flu_Adv  Gra_Adv  Src_Adv  Che_Adv       SF   FB_Adv    FixUp     Flag   Refine MPI_Grid   Output      Aux       LB CorrSync      Par -MPI_Par    libyt         Sum
    Time      0.0012   0.0042   0.0000   0.0000   0.0000   0.0000   0.0000   0.0000   0.0002   0.0003   0.0012   0.0028   0.0132   0.0014   0.0000   0.0000   0.0000   0.0000      0.0245
    Frac      5.015%  16.983%   0.000%   0.000%   0.000%   0.000%   0.000%   0.000%   0.779%   1.256%   4.791%  11.454%  53.972%   5.749%   0.000%   0.000%   0.000%   0.000%    100.000%

==============================================================================================================================
==============================================================================================================================



Time : 4.6238863e-03 -> 4.6918846e-03,     Step :       68 ->       69

Main Loop
------------------------------------------------------------------------------------------------------------------------------
       Total    Integration       Output    Auxiliary    LoadBalance       CorrSync          libyt            Sum
      0.0314         0.0077       0.0026       0.0181         0.0030         0.0000         0.0000         0.0314


Integration Loop
------------------------------------------------------------------------------------------------------------------------------
     Lv   Total       dt Flu_Adv Gra_Adv Src_Adv Che_Adv      SF  FB_Adv   FixUp    Flag  Refine Buf_Rho Buf_Pot Buf_Flu1 Buf_Flu2 Buf_Ref Buf_Flux Buf_Res Buf_Che  Par_KD   Par_K Par_K-1 Par_2Sib -MPI_Sib -MPI_FaSib Par_2Son    -MPI Par_Coll -MPI_Real -MPI_Sib -MPI_FaSib     Sum
      0   0.008    0.002   0.004   0.000   0.000   0.000   0.000   0.000   0.000   0.000   0.000   0.000   0.000    0.001    0.000   0.000    0.000   0.000   0.000   0.000   0.000   0.000    0.000    0.000      0.000    0.000   0.000    0.000     0.000    0.000      0.000   0.008
      1   0.000    0.000   0.000   0.000   0.000   0.000   0.000   0.000   0.000   0.000   0.000   0.000   0.000    0.000    0.000   0.000    0.000   0.000   0.000   0.000   0.000   0.000    0.000    0.000      0.000    0.000   0.000    0.000     0.000    0.000      0.000   0.000
      2   0.000    0.000   0.000   0.000   0.000   0.000   0.000   0.000   0.000   0.000   0.000   0.000   0.000    0.000    0.000   0.000    0.000   0.000   0.000   0.000   0.000   0.000    0.000    0.000      0.000    0.000   0.000    0.000     0.000    0.000      0.000   0.000
      3   0.000    0.000   0.000   0.000   0.000   0.000   0.000   0.000   0.000   0.000   0.000   0.000   0.000    0.000    0.000   0.000    0.000   0.000   0.000   0.000   0.000   0.000    0.000    0.000      0.000    0.000   0.000    0.000     0.000    0.000      0.000   0.000
      4   0.000    0.000   0.000   0.000   0.000   0.000   0.000   0.000   0.000   0.000   0.000   0.000   0.000    0.000    0.000   0.000    0.000   0.000   0.000   0.000   0.000   0.000    0.000    0.000      0.000    0.000   0.000    0.000     0.000    0.000      0.000   0.000
      5   0.000    0.000   0.000   0.000   0.000   0.000   0.000   0.000   0.000   0.000   0.000   0.000   0.000    0.000    0.000   0.000    0.000   0.000   0.000   0.000   0.000   0.000    0.000    0.000      0.000    0.000   0.000    0.000     0.000    0.000      0.000   0.000
      6   0.000    0.000   0.000   0.000   0.000   0.000   0.000   0.000   0.000   0.000   0.000   0.000   0.000    0.000    0.000   0.000    0.000   0.000   0.000   0.000   0.000   0.000    0.000    0.000      0.000    0.000   0.000    0.000     0.000    0.000      0.000   0.000
      7   0.000    0.000   0.000   0.000   0.000   0.000   0.000   0.000   0.000   0.000   0.000   0.000   0.000    0.000    0.000   0.000    0.000   0.000   0.000   0.000   0.000   0.000    0.000    0.000      0.000    0.000   0.000    0.000     0.000    0.000      0.000   0.000
      8   0.000    0.000   0.000   0.000   0.000   0.000   0.000   0.000   0.000   0.000   0.000   0.000   0.000    0.000    0.000   0.000    0.000   0.000   0.000   0.000   0.000   0.000    0.000    0.000      0.000    0.000   0.000    0.000     0.000    0.000      0.000   0.000
      9   0.000    0.000   0.000   0.000   0.000   0.000   0.000   0.000   0.000   0.000   0.000   0.000   0.000    0.000    0.000   0.000    0.000   0.000   0.000   0.000   0.000   0.000    0.000    0.000      0.000    0.000   0.000    0.000     0.000    0.000      0.000   0.000
    Sum   0.008    0.002   0.004   0.000   0.000   0.000   0.000   0.000   0.000   0.000   0.000   0.000   0.000    0.001    0.000   0.000    0.000   0.000   0.000   0.000   0.000   0.000    0.000    0.000      0.000    0.000   0.000    0.000     0.000    0.000      0.000   0.008


Summary
------------------------------------------------------------------------------------------------------------------------------
                  dt  Flu_Adv  Gra_Adv  Src_Adv  Che_Adv       SF   FB_Adv    FixUp     Flag   Refine MPI_Grid   Output      Aux       LB CorrSync      Par -MPI_Par    libyt         Sum
    Time      0.0022   0.0043   0.0000   0.0000   0.0000   0.0000   0.0000   0.0000   0.0000   0.0000   0.0012   0.0026   0.0181   0.0030   0.0000   0.0000   0.0000   0.0000      0.0314
    Frac      7.036%  13.754%   0.000%   0.000%   0.000%   0.000%   0.000%   0.000%   0.000%   0.000%   3.882%   8.165%  57.728%   9.432%   0.000%   0.000%   0.000%   0.000%     99.997%

==============================================================================================================================
==============================================================================================================================



Time : 4.6918846e-03 -> 4.7598829e-03,     Step :       69 ->       70

Main Loop
------------------------------------------------------------------------------------------------------------------------------
       Total    Integration       Output    Auxiliary    LoadBalance       CorrSync          libyt            Sum
      0.0390         0.0085       0.0031       0.0236         0.0037         0.0000         0.0000         0.0390


Integration Loop
------------------------------------------------------------------------------------------------------------------------------
     Lv   Total       dt Flu_Adv Gra_Adv Src_Adv Che_Adv      SF  FB_Adv   FixUp    Flag  Refine Buf_Rho Buf_Pot Buf_Flu1 Buf_Flu2 Buf_Ref Buf_Flux Buf_Res Buf_Che  Par_KD   Par_K Par_K-1 Par_2Sib -MPI_Sib -MPI_FaSib Par_2Son    -MPI Par_Coll -MPI_Real -MPI_Sib -MPI_FaSib     Sum
      0   0.009    0.003   0.004   0.000   0.000   0.000   0.000   0.000   0.000   0.000   0.000   0.000   0.000    0.001    0.000   0.000    0.000   0.000   0.000   0.000   0.000   0.000    0.000    0.000      0.000    0.000   0.000    0.000     0.000    0.000      0.000   0.009
      1   0.000    0.000   0.000   0.000   0.000   0.000   0.000   0.000   0.000   0.000   0.000   0.000   0.000    0.000    0.000   0.000    0.000   0.000   0.000   0.000   0.000   0.000    0.000    0.000      0.000    0.000   0.000    0.000     0.000    0.000      0.000   0.000
      2   0.000    0.000   0.000   0.000   0.000   0.000   0.000   0.000   0.000   0.000   0.000   0.000   0.000    0.000    0.000   0.000    0.000   0.000   0.000   0.000   0.000   0.000    0.000    0.000      0.000    0.000   0.000    0.000     0.000    0.000      0.000   0.000
      3   0.000    0.000   0.000   0.000   0.000   0.000   0.000   0.000   0.000   0.000   0.000   0.000   0.000    0.000    0.000   0.000    0.000   0.000   0.000   0.000   0.000   0.000    0.000    0.000      0.000    0.000   0.000    0.000     0.000    0.000      0.000   0.000
      4   0.000    0.000   0.000   0.000   0.000   0.000   0.000   0.000   0.000   0.000   0.000   0.000   0.000    0.000    0.000   0.000    0.000   0.000   0.000   0.000   0.000   0.000    0.000    0.000      0.000    0.000   0.000    0.000     0.000    0.000      0.000   0.000
      5   0.000    0.000   0.000   0.000   0.000   0.000   0.000   0.000   0.000   0.000   0.000   0.000   0.000    0.000    0.000   0.000    0.000   0.000   0.000   0.000   0.000   0.000    0.000    0.000      0.000    0.000   0.000    0.000     0.000    0.000      0.000   0.000
      6   0.000    0.000   0.000   0.000   0.000   0.000   0.000   0.000   0.000   0.000   0.000   0.000   0.000    0.000    0.000   0.000    0.000   0.000   0.000   0.000   0.000   0.000    0.000    0.000      0.000    0.000   0.000    0.000     0.000    0.000      0.000   0.000
      7   0.000    0.000   0.000   0.000   0.000   0.000   0.000   0.000   0.000   0.000   0.000   0.000   0.000    0.000    0.000   0.000    0.000   0.000   0.000   0.000   0.000   0.000    0.000    0.000      0.000    0.000   0.000    0.000     0.000    0.000      0.000   0.000
      8   0.000    0.000   0.000   0.000   0.000   0.000   0.000   0.000   0.000   0.000   0.000   0.000   0.000    0.000    0.000   0.000    0.000   0.000   0.000   0.000   0.000   0.000    0.000    0.000      0.000    0.000   0.000    0.000     0.000    0.000      0.000   0.000
      9   0.000    0.000   0.000   0.000   0.000   0.000   0.000   0.000   0.000   0.000   0.000   0.000   0.000    0.000    0.000   0.000    0.000   0.000   0.000   0.000   0.000   0.000    0.000    0.000      0.000    0.000   0.000    0.000     0.000    0.000      0.000   0.000
    Sum   0.009    0.003   0.004   0.000   0.000   0.000   0.000   0.000   0.000   0.000   0.000   0.000   0.000    0.001    0.000   0.000    0.000   0.000   0.000   0.000   0.000   0.000    0.000    0.000      0.000    0.000   0.000    0.000     0.000    0.000      0.000   0.009


Summary
------------------------------------------------------------------------------------------------------------------------------
                  dt  Flu_Adv  Gra_Adv  Src_Adv  Che_Adv       SF   FB_Adv    FixUp     Flag   Refine MPI_Grid   Output      Aux       LB CorrSync      Par -MPI_Par    libyt         Sum
    Time      0.0029   0.0044   0.0000   0.0000   0.0000   0.0000   0.0000   0.0000   0.0000   0.0000   0.0012   0.0031   0.0236   0.0037   0.0000   0.0000   0.0000   0.0000      0.0390
    Frac      7.510%  11.326%   0.000%   0.000%   0.000%   0.000%   0.000%   0.000%   0.000%   0.000%   3.017%   7.911%  60.657%   9.573%   0.000%   0.000%   0.000%   0.000%     99.995%

==============================================================================================================================
==============================================================================================================================



Time : 4.7598829e-03 -> 4.8278813e-03,     Step :       70 ->       71

Main Loop
------------------------------------------------------------------------------------------------------------------------------
       Total    Integration       Output    Auxiliary    LoadBalance       CorrSync          libyt            Sum
      0.0456         0.0098       0.0039       0.0275         0.0044         0.0000         0.0000         0.0456


Integration Loop
------------------------------------------------------------------------------------------------------------------------------
     Lv   Total       dt Flu_Adv Gra_Adv Src_Adv Che_Adv      SF  FB_Adv   FixUp    Flag  Refine Buf_Rho Buf_Pot Buf_Flu1 Buf_Flu2 Buf_Ref Buf_Flux Buf_Res Buf_Che  Par_KD   Par_K Par_K-1 Par_2Sib -MPI_Sib -MPI_FaSib Par_2Son    -MPI Par_Coll -MPI_Real -MPI_Sib -MPI_FaSib     Sum
      0   0.010    0.004   0.004   0.000   0.000   0.000   0.000   0.000   0.000   0.000   0.000   0.000   0.000    0.001    0.000   0.000    0.000   0.000   0.000   0.000   0.000   0.000    0.000    0.000      0.000    0.000   0.000    0.000     0.000    0.000      0.000   0.010
      1   0.000    0.000   0.000   0.000   0.000   0.000   0.000   0.000   0.000   0.000   0.000   0.000   0.000    0.000    0.000   0.000    0.000   0.000   0.000   0.000   0.000   0.000    0.000    0.000      0.000    0.000   0.000    0.000     0.000    0.000      0.000   0.000
      2   0.000    0.000   0.000   0.000   0.000   0.000   0.000   0.000   0.000   0.000   0.000   0.000   0.000    0.000    0.000   0.000    0.000   0.000   0.000   0.000   0.000   0.000    0.000    0.000      0.000    0.000   0.000    0.000     0.000    0.000      0.000   0.000
      3   0.000    0.000   0.000   0.000   0.000   0.000   0.000   0.000   0.000   0.000   0.000   0.000   0.000    0.000    0.000   0.000    0.000   0.000   0.000   0.000   0.000   0.000    0.000    0.000      0.000    0.000   0.000    0.000     0.000    0.000      0.000   0.000
      4   0.000    0.000   0.000   0.000   0.000   0.000   0.000   0.000   0.000   0.000   0.000   0.000   0.000    0.000    0.000   0.000    0.000   0.000   0.000   0.000   0.000   0.000    0.000    0.000      0.000    0.000   0.000    0.000     0.000    0.000      0.000   0.000
      5   0.000    0.000   0.000   0.000   0.000   0.000   0.000   0.000   0.000   0.000   0.000   0.000   0.000    0.000    0.000   0.000    0.000   0.000   0.000   0.000   0.000   0.000    0.000    0.000      0.000    0.000   0.000    0.000     0.000    0.000      0.000   0.000
      6   0.000    0.000   0.000   0.000   0.000   0.000   0.000   0.000   0.000   0.000   0.000   0.000   0.000    0.000    0.000   0.000    0.000   0.000   0.000   0.000   0.000   0.000    0.000    0.000      0.000    0.000   0.000    0.000     0.000    0.000      0.000   0.000
      7   0.000    0.000   0.000   0.000   0.000   0.000   0.000   0.000   0.000   0.000   0.000   0.000   0.000    0.000    0.000   0.000    0.000   0.000   0.000   0.000   0.000   0.000    0.000    0.000      0.000    0.000   0.000    0.000     0.000    0.000      0.000   0.000
      8   0.000    0.000   0.000   0.000   0.000   0.000   0.000   0.000   0.000   0.000   0.000   0.000   0.000    0.000    0.000   0.000    0.000   0.000   0.000   0.000   0.000   0.000    0.000    0.000      0.000    0.000   0.000    0.000     0.000    0.000      0.000   0.000
      9   0.000    0.000   0.000   0.000   0.000   0.000   0.000   0.000   0.000   0.000   0.000   0.000   0.000    0.000    0.000   0.000    0.000   0.000   0.000   0.000   0.000   0.000    0.000    0.000      0.000    0.000   0.000    0.000     0.000    0.000      0.000   0.000
    Sum   0.010    0.004   0.004   0.000   0.000   0.000   0.000   0.000   0.000   0.000   0.000   0.000   0.000    0.001    0.000   0.000    0.000   0.000   0.000   0.000   0.000   0.000    0.000    0.000      0.000    0.000   0.000    0.000     0.000    0.000      0.000   0.010


Summary
------------------------------------------------------------------------------------------------------------------------------
                  dt  Flu_Adv  Gra_Adv  Src_Adv  Che_Adv       SF   FB_Adv    FixUp     Flag   Refine MPI_Grid   Output      Aux       LB CorrSync      Par -MPI_Par    libyt         Sum
    Time      0.0044   0.0042   0.0000   0.0000   0.0000   0.0000   0.0000   0.0000   0.0000   0.0000   0.0012   0.0039   0.0275   0.0044   0.0000   0.0000   0.0000   0.0000      0.0456
    Frac      9.734%   9.210%   0.000%   0.000%   0.000%   0.000%   0.000%   0.000%   0.000%   0.000%   2.614%   8.479%  60.249%   9.706%   0.000%   0.000%   0.000%   0.000%     99.991%

==============================================================================================================================
==============================================================================================================================



Time : 4.8278813e-03 -> 4.8958796e-03,     Step :       71 ->       72

Main Loop
------------------------------------------------------------------------------------------------------------------------------
       Total    Integration       Output    Auxiliary    LoadBalance       CorrSync          libyt            Sum
      0.0522         0.0111       0.0041       0.0312         0.0058         0.0000         0.0000         0.0522


Integration Loop
------------------------------------------------------------------------------------------------------------------------------
     Lv   Total       dt Flu_Adv Gra_Adv Src_Adv Che_Adv      SF  FB_Adv   FixUp    Flag  Refine Buf_Rho Buf_Pot Buf_Flu1 Buf_Flu2 Buf_Ref Buf_Flux Buf_Res Buf_Che  Par_KD   Par_K Par_K-1 Par_2Sib -MPI_Sib -MPI_FaSib Par_2Son    -MPI Par_Coll -MPI_Real -MPI_Sib -MPI_FaSib     Sum
      0   0.011    0.005   0.004   0.000   0.000   0.000   0.000   0.000   0.000   0.000   0.000   0.000   0.000    0.001    0.000   0.000    0.000   0.000   0.000   0.000   0.000   0.000    0.000    0.000      0.000    0.000   0.000    0.000     0.000    0.000      0.000   0.011
      1   0.000    0.000   0.000   0.000   0.000   0.000   0.000   0.000   0.000   0.000   0.000   0.000   0.000    0.000    0.000   0.000    0.000   0.000   0.000   0.000   0.000   0.000    0.000    0.000      0.000    0.000   0.000    0.000     0.000    0.000      0.000   0.000
      2   0.000    0.000   0.000   0.000   0.000   0.000   0.000   0.000   0.000   0.000   0.000   0.000   0.000    0.000    0.000   0.000    0.000   0.000   0.000   0.000   0.000   0.000    0.000    0.000      0.000    0.000   0.000    0.000     0.000    0.000      0.000   0.000
      3   0.000    0.000   0.000   0.000   0.000   0.000   0.000   0.000   0.000   0.000   0.000   0.000   0.000    0.000    0.000   0.000    0.000   0.000   0.000   0.000   0.000   0.000    0.000    0.000      0.000    0.000   0.000    0.000     0.000    0.000      0.000   0.000
      4   0.000    0.000   0.000   0.000   0.000   0.000   0.000   0.000   0.000   0.000   0.000   0.000   0.000    0.000    0.000   0.000    0.000   0.000   0.000   0.000   0.000   0.000    0.000    0.000      0.000    0.000   0.000    0.000     0.000    0.000      0.000   0.000
      5   0.000    0.000   0.000   0.000   0.000   0.000   0.000   0.000   0.000   0.000   0.000   0.000   0.000    0.000    0.000   0.000    0.000   0.000   0.000   0.000   0.000   0.000    0.000    0.000      0.000    0.000   0.000    0.000     0.000    0.000      0.000   0.000
      6   0.000    0.000   0.000   0.000   0.000   0.000   0.000   0.000   0.000   0.000   0.000   0.000   0.000    0.000    0.000   0.000    0.000   0.000   0.000   0.000   0.000   0.000    0.000    0.000      0.000    0.000   0.000    0.000     0.000    0.000      0.000   0.000
      7   0.000    0.000   0.000   0.000   0.000   0.000   0.000   0.000   0.000   0.000   0.000   0.000   0.000    0.000    0.000   0.000    0.000   0.000   0.000   0.000   0.000   0.000    0.000    0.000      0.000    0.000   0.000    0.000     0.000    0.000      0.000   0.000
      8   0.000    0.000   0.000   0.000   0.000   0.000   0.000   0.000   0.000   0.000   0.000   0.000   0.000    0.000    0.000   0.000    0.000   0.000   0.000   0.000   0.000   0.000    0.000    0.000      0.000    0.000   0.000    0.000     0.000    0.000      0.000   0.000
      9   0.000    0.000   0.000   0.000   0.000   0.000   0.000   0.000   0.000   0.000   0.000   0.000   0.000    0.000    0.000   0.000    0.000   0.000   0.000   0.000   0.000   0.000    0.000    0.000      0.000    0.000   0.000    0.000     0.000    0.000      0.000   0.000
    Sum   0.011    0.005   0.004   0.000   0.000   0.000   0.000   0.000   0.000   0.000   0.000   0.000   0.000    0.001    0.000   0.000    0.000   0.000   0.000   0.000   0.000   0.000    0.000    0.000      0.000    0.000   0.000    0.000     0.000    0.000      0.000   0.011


Summary
------------------------------------------------------------------------------------------------------------------------------
                  dt  Flu_Adv  Gra_Adv  Src_Adv  Che_Adv       SF   FB_Adv    FixUp     Flag   Refine MPI_Grid   Output      Aux       LB CorrSync      Par -MPI_Par    libyt         Sum
    Time      0.0052   0.0042   0.0000   0.0000   0.0000   0.0000   0.0000   0.0000   0.0002   0.0003   0.0012   0.0041   0.0312   0.0058   0.0000   0.0000   0.0000   0.0000      0.0522
    Frac      9.941%   8.075%   0.000%   0.000%   0.000%   0.000%   0.000%   0.000%   0.368%   0.592%   2.240%   7.903%  59.861%  11.020%   0.000%   0.000%   0.000%   0.000%     99.998%

==============================================================================================================================
==============================================================================================================================



Time : 4.8958796e-03 -> 4.9638779e-03,     Step :       72 ->       73

Main Loop
------------------------------------------------------------------------------------------------------------------------------
       Total    Integration       Output    Auxiliary    LoadBalance       CorrSync          libyt            Sum
      0.0228         0.0110       0.0028       0.0084         0.0006         0.0000         0.0000         0.0228


Integration Loop
------------------------------------------------------------------------------------------------------------------------------
     Lv   Total       dt Flu_Adv Gra_Adv Src_Adv Che_Adv      SF  FB_Adv   FixUp    Flag  Refine Buf_Rho Buf_Pot Buf_Flu1 Buf_Flu2 Buf_Ref Buf_Flux Buf_Res Buf_Che  Par_KD   Par_K Par_K-1 Par_2Sib -MPI_Sib -MPI_FaSib Par_2Son    -MPI Par_Coll -MPI_Real -MPI_Sib -MPI_FaSib     Sum
      0   0.011    0.006   0.004   0.000   0.000   0.000   0.000   0.000   0.000   0.000   0.000   0.000   0.000    0.001    0.000   0.000    0.000   0.000   0.000   0.000   0.000   0.000    0.000    0.000      0.000    0.000   0.000    0.000     0.000    0.000      0.000   0.011
      1   0.000    0.000   0.000   0.000   0.000   0.000   0.000   0.000   0.000   0.000   0.000   0.000   0.000    0.000    0.000   0.000    0.000   0.000   0.000   0.000   0.000   0.000    0.000    0.000      0.000    0.000   0.000    0.000     0.000    0.000      0.000   0.000
      2   0.000    0.000   0.000   0.000   0.000   0.000   0.000   0.000   0.000   0.000   0.000   0.000   0.000    0.000    0.000   0.000    0.000   0.000   0.000   0.000   0.000   0.000    0.000    0.000      0.000    0.000   0.000    0.000     0.000    0.000      0.000   0.000
      3   0.000    0.000   0.000   0.000   0.000   0.000   0.000   0.000   0.000   0.000   0.000   0.000   0.000    0.000    0.000   0.000    0.000   0.000   0.000   0.000   0.000   0.000    0.000    0.000      0.000    0.000   0.000    0.000     0.000    0.000      0.000   0.000
      4   0.000    0.000   0.000   0.000   0.000   0.000   0.000   0.000   0.000   0.000   0.000   0.000   0.000    0.000    0.000   0.000    0.000   0.000   0.000   0.000   0.000   0.000    0.000    0.000      0.000    0.000   0.000    0.000     0.000    0.000      0.000   0.000
      5   0.000    0.000   0.000   0.000   0.000   0.000   0.000   0.000   0.000   0.000   0.000   0.000   0.000    0.000    0.000   0.000    0.000   0.000   0.000   0.000   0.000   0.000    0.000    0.000      0.000    0.000   0.000    0.000     0.000    0.000      0.000   0.000
      6   0.000    0.000   0.000   0.000   0.000   0.000   0.000   0.000   0.000   0.000   0.000   0.000   0.000    0.000    0.000   0.000    0.000   0.000   0.000   0.000   0.000   0.000    0.000    0.000      0.000    0.000   0.000    0.000     0.000    0.000      0.000   0.000
      7   0.000    0.000   0.000   0.000   0.000   0.000   0.000   0.000   0.000   0.000   0.000   0.000   0.000    0.000    0.000   0.000    0.000   0.000   0.000   0.000   0.000   0.000    0.000    0.000      0.000    0.000   0.000    0.000     0.000    0.000      0.000   0.000
      8   0.000    0.000   0.000   0.000   0.000   0.000   0.000   0.000   0.000   0.000   0.000   0.000   0.000    0.000    0.000   0.000    0.000   0.000   0.000   0.000   0.000   0.000    0.000    0.000      0.000    0.000   0.000    0.000     0.000    0.000      0.000   0.000
      9   0.000    0.000   0.000   0.000   0.000   0.000   0.000   0.000   0.000   0.000   0.000   0.000   0.000    0.000    0.000   0.000    0.000   0.000   0.000   0.000   0.000   0.000    0.000    0.000      0.000    0.000   0.000    0.000     0.000    0.000      0.000   0.000
    Sum   0.011    0.006   0.004   0.000   0.000   0.000   0.000   0.000   0.000   0.000   0.000   0.000   0.000    0.001    0.000   0.000    0.000   0.000   0.000   0.000   0.000   0.000    0.000    0.000      0.000    0.000   0.000    0.000     0.000    0.000      0.000   0.011


Summary
------------------------------------------------------------------------------------------------------------------------------
                  dt  Flu_Adv  Gra_Adv  Src_Adv  Che_Adv       SF   FB_Adv    FixUp     Flag   Refine MPI_Grid   Output      Aux       LB CorrSync      Par -MPI_Par    libyt         Sum
    Time      0.0059   0.0040   0.0000   0.0000   0.0000   0.0000   0.0000   0.0000   0.0000   0.0000   0.0012   0.0028   0.0084   0.0006   0.0000   0.0000   0.0000   0.0000      0.0228
    Frac     25.733%  17.587%   0.000%   0.000%   0.000%   0.000%   0.000%   0.000%   0.000%   0.000%   5.149%  12.280%  36.694%   2.557%   0.000%   0.000%   0.000%   0.000%    100.000%

==============================================================================================================================
==============================================================================================================================



Time : 4.9638779e-03 -> 5.0318763e-03,     Step :       73 ->       74

Main Loop
------------------------------------------------------------------------------------------------------------------------------
       Total    Integration       Output    Auxiliary    LoadBalance       CorrSync          libyt            Sum
      0.0173         0.0059       0.0031       0.0077         0.0006         0.0000         0.0000         0.0173


Integration Loop
------------------------------------------------------------------------------------------------------------------------------
     Lv   Total       dt Flu_Adv Gra_Adv Src_Adv Che_Adv      SF  FB_Adv   FixUp    Flag  Refine Buf_Rho Buf_Pot Buf_Flu1 Buf_Flu2 Buf_Ref Buf_Flux Buf_Res Buf_Che  Par_KD   Par_K Par_K-1 Par_2Sib -MPI_Sib -MPI_FaSib Par_2Son    -MPI Par_Coll -MPI_Real -MPI_Sib -MPI_FaSib     Sum
      0   0.006    0.001   0.004   0.000   0.000   0.000   0.000   0.000   0.000   0.000   0.000   0.000   0.000    0.001    0.000   0.000    0.000   0.000   0.000   0.000   0.000   0.000    0.000    0.000      0.000    0.000   0.000    0.000     0.000    0.000      0.000   0.006
      1   0.000    0.000   0.000   0.000   0.000   0.000   0.000   0.000   0.000   0.000   0.000   0.000   0.000    0.000    0.000   0.000    0.000   0.000   0.000   0.000   0.000   0.000    0.000    0.000      0.000    0.000   0.000    0.000     0.000    0.000      0.000   0.000
      2   0.000    0.000   0.000   0.000   0.000   0.000   0.000   0.000   0.000   0.000   0.000   0.000   0.000    0.000    0.000   0.000    0.000   0.000   0.000   0.000   0.000   0.000    0.000    0.000      0.000    0.000   0.000    0.000     0.000    0.000      0.000   0.000
      3   0.000    0.000   0.000   0.000   0.000   0.000   0.000   0.000   0.000   0.000   0.000   0.000   0.000    0.000    0.000   0.000    0.000   0.000   0.000   0.000   0.000   0.000    0.000    0.000      0.000    0.000   0.000    0.000     0.000    0.000      0.000   0.000
      4   0.000    0.000   0.000   0.000   0.000   0.000   0.000   0.000   0.000   0.000   0.000   0.000   0.000    0.000    0.000   0.000    0.000   0.000   0.000   0.000   0.000   0.000    0.000    0.000      0.000    0.000   0.000    0.000     0.000    0.000      0.000   0.000
      5   0.000    0.000   0.000   0.000   0.000   0.000   0.000   0.000   0.000   0.000   0.000   0.000   0.000    0.000    0.000   0.000    0.000   0.000   0.000   0.000   0.000   0.000    0.000    0.000      0.000    0.000   0.000    0.000     0.000    0.000      0.000   0.000
      6   0.000    0.000   0.000   0.000   0.000   0.000   0.000   0.000   0.000   0.000   0.000   0.000   0.000    0.000    0.000   0.000    0.000   0.000   0.000   0.000   0.000   0.000    0.000    0.000      0.000    0.000   0.000    0.000     0.000    0.000      0.000   0.000
      7   0.000    0.000   0.000   0.000   0.000   0.000   0.000   0.000   0.000   0.000   0.000   0.000   0.000    0.000    0.000   0.000    0.000   0.000   0.000   0.000   0.000   0.000    0.000    0.000      0.000    0.000   0.000    0.000     0.000    0.000      0.000   0.000
      8   0.000    0.000   0.000   0.000   0.000   0.000   0.000   0.000   0.000   0.000   0.000   0.000   0.000    0.000    0.000   0.000    0.000   0.000   0.000   0.000   0.000   0.000    0.000    0.000      0.000    0.000   0.000    0.000     0.000    0.000      0.000   0.000
      9   0.000    0.000   0.000   0.000   0.000   0.000   0.000   0.000   0.000   0.000   0.000   0.000   0.000    0.000    0.000   0.000    0.000   0.000   0.000   0.000   0.000   0.000    0.000    0.000      0.000    0.000   0.000    0.000     0.000    0.000      0.000   0.000
    Sum   0.006    0.001   0.004   0.000   0.000   0.000   0.000   0.000   0.000   0.000   0.000   0.000   0.000    0.001    0.000   0.000    0.000   0.000   0.000   0.000   0.000   0.000    0.000    0.000      0.000    0.000   0.000    0.000     0.000    0.000      0.000   0.006


Summary
------------------------------------------------------------------------------------------------------------------------------
                  dt  Flu_Adv  Gra_Adv  Src_Adv  Che_Adv       SF   FB_Adv    FixUp     Flag   Refine MPI_Grid   Output      Aux       LB CorrSync      Par -MPI_Par    libyt         Sum
    Time      0.0007   0.0040   0.0000   0.0000   0.0000   0.0000   0.0000   0.0000   0.0000   0.0000   0.0012   0.0031   0.0077   0.0006   0.0000   0.0000   0.0000   0.0000      0.0173
    Frac      4.330%  23.048%   0.000%   0.000%   0.000%   0.000%   0.000%   0.000%   0.000%   0.000%   7.005%  17.750%  44.491%   3.369%   0.000%   0.000%   0.000%   0.000%     99.994%

==============================================================================================================================
==============================================================================================================================



Time : 5.0318763e-03 -> 5.0998746e-03,     Step :       74 ->       75

Main Loop
------------------------------------------------------------------------------------------------------------------------------
       Total    Integration       Output    Auxiliary    LoadBalance       CorrSync          libyt            Sum
      0.0169         0.0059       0.0022       0.0082         0.0006         0.0000         0.0000         0.0169


Integration Loop
------------------------------------------------------------------------------------------------------------------------------
     Lv   Total       dt Flu_Adv Gra_Adv Src_Adv Che_Adv      SF  FB_Adv   FixUp    Flag  Refine Buf_Rho Buf_Pot Buf_Flu1 Buf_Flu2 Buf_Ref Buf_Flux Buf_Res Buf_Che  Par_KD   Par_K Par_K-1 Par_2Sib -MPI_Sib -MPI_FaSib Par_2Son    -MPI Par_Coll -MPI_Real -MPI_Sib -MPI_FaSib     Sum
      0   0.006    0.001   0.004   0.000   0.000   0.000   0.000   0.000   0.000   0.000   0.000   0.000   0.000    0.001    0.000   0.000    0.000   0.000   0.000   0.000   0.000   0.000    0.000    0.000      0.000    0.000   0.000    0.000     0.000    0.000      0.000   0.006
      1   0.000    0.000   0.000   0.000   0.000   0.000   0.000   0.000   0.000   0.000   0.000   0.000   0.000    0.000    0.000   0.000    0.000   0.000   0.000   0.000   0.000   0.000    0.000    0.000      0.000    0.000   0.000    0.000     0.000    0.000      0.000   0.000
      2   0.000    0.000   0.000   0.000   0.000   0.000   0.000   0.000   0.000   0.000   0.000   0.000   0.000    0.000    0.000   0.000    0.000   0.000   0.000   0.000   0.000   0.000    0.000    0.000      0.000    0.000   0.000    0.000     0.000    0.000      0.000   0.000
      3   0.000    0.000   0.000   0.000   0.000   0.000   0.000   0.000   0.000   0.000   0.000   0.000   0.000    0.000    0.000   0.000    0.000   0.000   0.000   0.000   0.000   0.000    0.000    0.000      0.000    0.000   0.000    0.000     0.000    0.000      0.000   0.000
      4   0.000    0.000   0.000   0.000   0.000   0.000   0.000   0.000   0.000   0.000   0.000   0.000   0.000    0.000    0.000   0.000    0.000   0.000   0.000   0.000   0.000   0.000    0.000    0.000      0.000    0.000   0.000    0.000     0.000    0.000      0.000   0.000
      5   0.000    0.000   0.000   0.000   0.000   0.000   0.000   0.000   0.000   0.000   0.000   0.000   0.000    0.000    0.000   0.000    0.000   0.000   0.000   0.000   0.000   0.000    0.000    0.000      0.000    0.000   0.000    0.000     0.000    0.000      0.000   0.000
      6   0.000    0.000   0.000   0.000   0.000   0.000   0.000   0.000   0.000   0.000   0.000   0.000   0.000    0.000    0.000   0.000    0.000   0.000   0.000   0.000   0.000   0.000    0.000    0.000      0.000    0.000   0.000    0.000     0.000    0.000      0.000   0.000
      7   0.000    0.000   0.000   0.000   0.000   0.000   0.000   0.000   0.000   0.000   0.000   0.000   0.000    0.000    0.000   0.000    0.000   0.000   0.000   0.000   0.000   0.000    0.000    0.000      0.000    0.000   0.000    0.000     0.000    0.000      0.000   0.000
      8   0.000    0.000   0.000   0.000   0.000   0.000   0.000   0.000   0.000   0.000   0.000   0.000   0.000    0.000    0.000   0.000    0.000   0.000   0.000   0.000   0.000   0.000    0.000    0.000      0.000    0.000   0.000    0.000     0.000    0.000      0.000   0.000
      9   0.000    0.000   0.000   0.000   0.000   0.000   0.000   0.000   0.000   0.000   0.000   0.000   0.000    0.000    0.000   0.000    0.000   0.000   0.000   0.000   0.000   0.000    0.000    0.000      0.000    0.000   0.000    0.000     0.000    0.000      0.000   0.000
    Sum   0.006    0.001   0.004   0.000   0.000   0.000   0.000   0.000   0.000   0.000   0.000   0.000   0.000    0.001    0.000   0.000    0.000   0.000   0.000   0.000   0.000   0.000    0.000    0.000      0.000    0.000   0.000    0.000     0.000    0.000      0.000   0.006


Summary
------------------------------------------------------------------------------------------------------------------------------
                  dt  Flu_Adv  Gra_Adv  Src_Adv  Che_Adv       SF   FB_Adv    FixUp     Flag   Refine MPI_Grid   Output      Aux       LB CorrSync      Par -MPI_Par    libyt         Sum
    Time      0.0006   0.0040   0.0000   0.0000   0.0000   0.0000   0.0000   0.0000   0.0000   0.0000   0.0012   0.0022   0.0082   0.0006   0.0000   0.0000   0.0000   0.0000      0.0169
    Frac      3.751%  23.857%   0.000%   0.000%   0.000%   0.000%   0.000%   0.000%   0.000%   0.000%   7.207%  12.922%  48.749%   3.509%   0.000%   0.000%   0.000%   0.000%     99.994%

==============================================================================================================================
==============================================================================================================================



Time : 5.0998746e-03 -> 5.1678729e-03,     Step :       75 ->       76

Main Loop
------------------------------------------------------------------------------------------------------------------------------
       Total    Integration       Output    Auxiliary    LoadBalance       CorrSync          libyt            Sum
      0.0177         0.0065       0.0024       0.0084         0.0005         0.0000         0.0000         0.0177


Integration Loop
------------------------------------------------------------------------------------------------------------------------------
     Lv   Total       dt Flu_Adv Gra_Adv Src_Adv Che_Adv      SF  FB_Adv   FixUp    Flag  Refine Buf_Rho Buf_Pot Buf_Flu1 Buf_Flu2 Buf_Ref Buf_Flux Buf_Res Buf_Che  Par_KD   Par_K Par_K-1 Par_2Sib -MPI_Sib -MPI_FaSib Par_2Son    -MPI Par_Coll -MPI_Real -MPI_Sib -MPI_FaSib     Sum
      0   0.006    0.001   0.004   0.000   0.000   0.000   0.000   0.000   0.000   0.000   0.000   0.000   0.000    0.001    0.000   0.000    0.000   0.000   0.000   0.000   0.000   0.000    0.000    0.000      0.000    0.000   0.000    0.000     0.000    0.000      0.000   0.006
      1   0.000    0.000   0.000   0.000   0.000   0.000   0.000   0.000   0.000   0.000   0.000   0.000   0.000    0.000    0.000   0.000    0.000   0.000   0.000   0.000   0.000   0.000    0.000    0.000      0.000    0.000   0.000    0.000     0.000    0.000      0.000   0.000
      2   0.000    0.000   0.000   0.000   0.000   0.000   0.000   0.000   0.000   0.000   0.000   0.000   0.000    0.000    0.000   0.000    0.000   0.000   0.000   0.000   0.000   0.000    0.000    0.000      0.000    0.000   0.000    0.000     0.000    0.000      0.000   0.000
      3   0.000    0.000   0.000   0.000   0.000   0.000   0.000   0.000   0.000   0.000   0.000   0.000   0.000    0.000    0.000   0.000    0.000   0.000   0.000   0.000   0.000   0.000    0.000    0.000      0.000    0.000   0.000    0.000     0.000    0.000      0.000   0.000
      4   0.000    0.000   0.000   0.000   0.000   0.000   0.000   0.000   0.000   0.000   0.000   0.000   0.000    0.000    0.000   0.000    0.000   0.000   0.000   0.000   0.000   0.000    0.000    0.000      0.000    0.000   0.000    0.000     0.000    0.000      0.000   0.000
      5   0.000    0.000   0.000   0.000   0.000   0.000   0.000   0.000   0.000   0.000   0.000   0.000   0.000    0.000    0.000   0.000    0.000   0.000   0.000   0.000   0.000   0.000    0.000    0.000      0.000    0.000   0.000    0.000     0.000    0.000      0.000   0.000
      6   0.000    0.000   0.000   0.000   0.000   0.000   0.000   0.000   0.000   0.000   0.000   0.000   0.000    0.000    0.000   0.000    0.000   0.000   0.000   0.000   0.000   0.000    0.000    0.000      0.000    0.000   0.000    0.000     0.000    0.000      0.000   0.000
      7   0.000    0.000   0.000   0.000   0.000   0.000   0.000   0.000   0.000   0.000   0.000   0.000   0.000    0.000    0.000   0.000    0.000   0.000   0.000   0.000   0.000   0.000    0.000    0.000      0.000    0.000   0.000    0.000     0.000    0.000      0.000   0.000
      8   0.000    0.000   0.000   0.000   0.000   0.000   0.000   0.000   0.000   0.000   0.000   0.000   0.000    0.000    0.000   0.000    0.000   0.000   0.000   0.000   0.000   0.000    0.000    0.000      0.000    0.000   0.000    0.000     0.000    0.000      0.000   0.000
      9   0.000    0.000   0.000   0.000   0.000   0.000   0.000   0.000   0.000   0.000   0.000   0.000   0.000    0.000    0.000   0.000    0.000   0.000   0.000   0.000   0.000   0.000    0.000    0.000      0.000    0.000   0.000    0.000     0.000    0.000      0.000   0.000
    Sum   0.006    0.001   0.004   0.000   0.000   0.000   0.000   0.000   0.000   0.000   0.000   0.000   0.000    0.001    0.000   0.000    0.000   0.000   0.000   0.000   0.000   0.000    0.000    0.000      0.000    0.000   0.000    0.000     0.000    0.000      0.000   0.006


Summary
------------------------------------------------------------------------------------------------------------------------------
                  dt  Flu_Adv  Gra_Adv  Src_Adv  Che_Adv       SF   FB_Adv    FixUp     Flag   Refine MPI_Grid   Output      Aux       LB CorrSync      Par -MPI_Par    libyt         Sum
    Time      0.0006   0.0041   0.0000   0.0000   0.0000   0.0000   0.0000   0.0000   0.0002   0.0003   0.0013   0.0024   0.0084   0.0005   0.0000   0.0000   0.0000   0.0000      0.0177
    Frac      3.249%  22.915%   0.000%   0.000%   0.000%   0.000%   0.000%   0.000%   1.167%   1.771%   7.337%  13.276%  47.245%   3.012%   0.000%   0.000%   0.000%   0.000%     99.972%

==============================================================================================================================
==============================================================================================================================



Time : 5.1678729e-03 -> 5.2358712e-03,     Step :       76 ->       77

Main Loop
------------------------------------------------------------------------------------------------------------------------------
       Total    Integration       Output    Auxiliary    LoadBalance       CorrSync          libyt            Sum
      0.0174         0.0059       0.0022       0.0087         0.0006         0.0000         0.0000         0.0174


Integration Loop
------------------------------------------------------------------------------------------------------------------------------
     Lv   Total       dt Flu_Adv Gra_Adv Src_Adv Che_Adv      SF  FB_Adv   FixUp    Flag  Refine Buf_Rho Buf_Pot Buf_Flu1 Buf_Flu2 Buf_Ref Buf_Flux Buf_Res Buf_Che  Par_KD   Par_K Par_K-1 Par_2Sib -MPI_Sib -MPI_FaSib Par_2Son    -MPI Par_Coll -MPI_Real -MPI_Sib -MPI_FaSib     Sum
      0   0.006    0.001   0.004   0.000   0.000   0.000   0.000   0.000   0.000   0.000   0.000   0.000   0.000    0.001    0.000   0.000    0.000   0.000   0.000   0.000   0.000   0.000    0.000    0.000      0.000    0.000   0.000    0.000     0.000    0.000      0.000   0.006
      1   0.000    0.000   0.000   0.000   0.000   0.000   0.000   0.000   0.000   0.000   0.000   0.000   0.000    0.000    0.000   0.000    0.000   0.000   0.000   0.000   0.000   0.000    0.000    0.000      0.000    0.000   0.000    0.000     0.000    0.000      0.000   0.000
      2   0.000    0.000   0.000   0.000   0.000   0.000   0.000   0.000   0.000   0.000   0.000   0.000   0.000    0.000    0.000   0.000    0.000   0.000   0.000   0.000   0.000   0.000    0.000    0.000      0.000    0.000   0.000    0.000     0.000    0.000      0.000   0.000
      3   0.000    0.000   0.000   0.000   0.000   0.000   0.000   0.000   0.000   0.000   0.000   0.000   0.000    0.000    0.000   0.000    0.000   0.000   0.000   0.000   0.000   0.000    0.000    0.000      0.000    0.000   0.000    0.000     0.000    0.000      0.000   0.000
      4   0.000    0.000   0.000   0.000   0.000   0.000   0.000   0.000   0.000   0.000   0.000   0.000   0.000    0.000    0.000   0.000    0.000   0.000   0.000   0.000   0.000   0.000    0.000    0.000      0.000    0.000   0.000    0.000     0.000    0.000      0.000   0.000
      5   0.000    0.000   0.000   0.000   0.000   0.000   0.000   0.000   0.000   0.000   0.000   0.000   0.000    0.000    0.000   0.000    0.000   0.000   0.000   0.000   0.000   0.000    0.000    0.000      0.000    0.000   0.000    0.000     0.000    0.000      0.000   0.000
      6   0.000    0.000   0.000   0.000   0.000   0.000   0.000   0.000   0.000   0.000   0.000   0.000   0.000    0.000    0.000   0.000    0.000   0.000   0.000   0.000   0.000   0.000    0.000    0.000      0.000    0.000   0.000    0.000     0.000    0.000      0.000   0.000
      7   0.000    0.000   0.000   0.000   0.000   0.000   0.000   0.000   0.000   0.000   0.000   0.000   0.000    0.000    0.000   0.000    0.000   0.000   0.000   0.000   0.000   0.000    0.000    0.000      0.000    0.000   0.000    0.000     0.000    0.000      0.000   0.000
      8   0.000    0.000   0.000   0.000   0.000   0.000   0.000   0.000   0.000   0.000   0.000   0.000   0.000    0.000    0.000   0.000    0.000   0.000   0.000   0.000   0.000   0.000    0.000    0.000      0.000    0.000   0.000    0.000     0.000    0.000      0.000   0.000
      9   0.000    0.000   0.000   0.000   0.000   0.000   0.000   0.000   0.000   0.000   0.000   0.000   0.000    0.000    0.000   0.000    0.000   0.000   0.000   0.000   0.000   0.000    0.000    0.000      0.000    0.000   0.000    0.000     0.000    0.000      0.000   0.000
    Sum   0.006    0.001   0.004   0.000   0.000   0.000   0.000   0.000   0.000   0.000   0.000   0.000   0.000    0.001    0.000   0.000    0.000   0.000   0.000   0.000   0.000   0.000    0.000    0.000      0.000    0.000   0.000    0.000     0.000    0.000      0.000   0.006


Summary
------------------------------------------------------------------------------------------------------------------------------
                  dt  Flu_Adv  Gra_Adv  Src_Adv  Che_Adv       SF   FB_Adv    FixUp     Flag   Refine MPI_Grid   Output      Aux       LB CorrSync      Par -MPI_Par    libyt         Sum
    Time      0.0005   0.0042   0.0000   0.0000   0.0000   0.0000   0.0000   0.0000   0.0000   0.0000   0.0012   0.0022   0.0087   0.0006   0.0000   0.0000   0.0000   0.0000      0.0174
    Frac      2.919%  24.043%   0.000%   0.000%   0.000%   0.000%   0.000%   0.000%   0.000%   0.000%   6.722%  12.829%  50.057%   3.424%   0.000%   0.000%   0.000%   0.000%     99.994%

==============================================================================================================================
==============================================================================================================================



Time : 5.2358712e-03 -> 5.3038696e-03,     Step :       77 ->       78

Main Loop
------------------------------------------------------------------------------------------------------------------------------
       Total    Integration       Output    Auxiliary    LoadBalance       CorrSync          libyt            Sum
      0.0168         0.0058       0.0027       0.0078         0.0005         0.0000         0.0000         0.0168


Integration Loop
------------------------------------------------------------------------------------------------------------------------------
     Lv   Total       dt Flu_Adv Gra_Adv Src_Adv Che_Adv      SF  FB_Adv   FixUp    Flag  Refine Buf_Rho Buf_Pot Buf_Flu1 Buf_Flu2 Buf_Ref Buf_Flux Buf_Res Buf_Che  Par_KD   Par_K Par_K-1 Par_2Sib -MPI_Sib -MPI_FaSib Par_2Son    -MPI Par_Coll -MPI_Real -MPI_Sib -MPI_FaSib     Sum
      0   0.006    0.001   0.004   0.000   0.000   0.000   0.000   0.000   0.000   0.000   0.000   0.000   0.000    0.001    0.000   0.000    0.000   0.000   0.000   0.000   0.000   0.000    0.000    0.000      0.000    0.000   0.000    0.000     0.000    0.000      0.000   0.006
      1   0.000    0.000   0.000   0.000   0.000   0.000   0.000   0.000   0.000   0.000   0.000   0.000   0.000    0.000    0.000   0.000    0.000   0.000   0.000   0.000   0.000   0.000    0.000    0.000      0.000    0.000   0.000    0.000     0.000    0.000      0.000   0.000
      2   0.000    0.000   0.000   0.000   0.000   0.000   0.000   0.000   0.000   0.000   0.000   0.000   0.000    0.000    0.000   0.000    0.000   0.000   0.000   0.000   0.000   0.000    0.000    0.000      0.000    0.000   0.000    0.000     0.000    0.000      0.000   0.000
      3   0.000    0.000   0.000   0.000   0.000   0.000   0.000   0.000   0.000   0.000   0.000   0.000   0.000    0.000    0.000   0.000    0.000   0.000   0.000   0.000   0.000   0.000    0.000    0.000      0.000    0.000   0.000    0.000     0.000    0.000      0.000   0.000
      4   0.000    0.000   0.000   0.000   0.000   0.000   0.000   0.000   0.000   0.000   0.000   0.000   0.000    0.000    0.000   0.000    0.000   0.000   0.000   0.000   0.000   0.000    0.000    0.000      0.000    0.000   0.000    0.000     0.000    0.000      0.000   0.000
      5   0.000    0.000   0.000   0.000   0.000   0.000   0.000   0.000   0.000   0.000   0.000   0.000   0.000    0.000    0.000   0.000    0.000   0.000   0.000   0.000   0.000   0.000    0.000    0.000      0.000    0.000   0.000    0.000     0.000    0.000      0.000   0.000
      6   0.000    0.000   0.000   0.000   0.000   0.000   0.000   0.000   0.000   0.000   0.000   0.000   0.000    0.000    0.000   0.000    0.000   0.000   0.000   0.000   0.000   0.000    0.000    0.000      0.000    0.000   0.000    0.000     0.000    0.000      0.000   0.000
      7   0.000    0.000   0.000   0.000   0.000   0.000   0.000   0.000   0.000   0.000   0.000   0.000   0.000    0.000    0.000   0.000    0.000   0.000   0.000   0.000   0.000   0.000    0.000    0.000      0.000    0.000   0.000    0.000     0.000    0.000      0.000   0.000
      8   0.000    0.000   0.000   0.000   0.000   0.000   0.000   0.000   0.000   0.000   0.000   0.000   0.000    0.000    0.000   0.000    0.000   0.000   0.000   0.000   0.000   0.000    0.000    0.000      0.000    0.000   0.000    0.000     0.000    0.000      0.000   0.000
      9   0.000    0.000   0.000   0.000   0.000   0.000   0.000   0.000   0.000   0.000   0.000   0.000   0.000    0.000    0.000   0.000    0.000   0.000   0.000   0.000   0.000   0.000    0.000    0.000      0.000    0.000   0.000    0.000     0.000    0.000      0.000   0.000
    Sum   0.006    0.001   0.004   0.000   0.000   0.000   0.000   0.000   0.000   0.000   0.000   0.000   0.000    0.001    0.000   0.000    0.000   0.000   0.000   0.000   0.000   0.000    0.000    0.000      0.000    0.000   0.000    0.000     0.000    0.000      0.000   0.006


Summary
------------------------------------------------------------------------------------------------------------------------------
                  dt  Flu_Adv  Gra_Adv  Src_Adv  Che_Adv       SF   FB_Adv    FixUp     Flag   Refine MPI_Grid   Output      Aux       LB CorrSync      Par -MPI_Par    libyt         Sum
    Time      0.0005   0.0041   0.0000   0.0000   0.0000   0.0000   0.0000   0.0000   0.0000   0.0000   0.0012   0.0027   0.0078   0.0005   0.0000   0.0000   0.0000   0.0000      0.0168
    Frac      3.082%  24.326%   0.000%   0.000%   0.000%   0.000%   0.000%   0.000%   0.000%   0.000%   7.125%  16.008%  46.408%   3.046%   0.000%   0.000%   0.000%   0.000%     99.994%

==============================================================================================================================
==============================================================================================================================



Time : 5.3038696e-03 -> 5.3718679e-03,     Step :       78 ->       79

Main Loop
------------------------------------------------------------------------------------------------------------------------------
       Total    Integration       Output    Auxiliary    LoadBalance       CorrSync          libyt            Sum
      0.0180         0.0058       0.0031       0.0085         0.0006         0.0000         0.0000         0.0180


Integration Loop
------------------------------------------------------------------------------------------------------------------------------
     Lv   Total       dt Flu_Adv Gra_Adv Src_Adv Che_Adv      SF  FB_Adv   FixUp    Flag  Refine Buf_Rho Buf_Pot Buf_Flu1 Buf_Flu2 Buf_Ref Buf_Flux Buf_Res Buf_Che  Par_KD   Par_K Par_K-1 Par_2Sib -MPI_Sib -MPI_FaSib Par_2Son    -MPI Par_Coll -MPI_Real -MPI_Sib -MPI_FaSib     Sum
      0   0.006    0.001   0.004   0.000   0.000   0.000   0.000   0.000   0.000   0.000   0.000   0.000   0.000    0.001    0.000   0.000    0.000   0.000   0.000   0.000   0.000   0.000    0.000    0.000      0.000    0.000   0.000    0.000     0.000    0.000      0.000   0.006
      1   0.000    0.000   0.000   0.000   0.000   0.000   0.000   0.000   0.000   0.000   0.000   0.000   0.000    0.000    0.000   0.000    0.000   0.000   0.000   0.000   0.000   0.000    0.000    0.000      0.000    0.000   0.000    0.000     0.000    0.000      0.000   0.000
      2   0.000    0.000   0.000   0.000   0.000   0.000   0.000   0.000   0.000   0.000   0.000   0.000   0.000    0.000    0.000   0.000    0.000   0.000   0.000   0.000   0.000   0.000    0.000    0.000      0.000    0.000   0.000    0.000     0.000    0.000      0.000   0.000
      3   0.000    0.000   0.000   0.000   0.000   0.000   0.000   0.000   0.000   0.000   0.000   0.000   0.000    0.000    0.000   0.000    0.000   0.000   0.000   0.000   0.000   0.000    0.000    0.000      0.000    0.000   0.000    0.000     0.000    0.000      0.000   0.000
      4   0.000    0.000   0.000   0.000   0.000   0.000   0.000   0.000   0.000   0.000   0.000   0.000   0.000    0.000    0.000   0.000    0.000   0.000   0.000   0.000   0.000   0.000    0.000    0.000      0.000    0.000   0.000    0.000     0.000    0.000      0.000   0.000
      5   0.000    0.000   0.000   0.000   0.000   0.000   0.000   0.000   0.000   0.000   0.000   0.000   0.000    0.000    0.000   0.000    0.000   0.000   0.000   0.000   0.000   0.000    0.000    0.000      0.000    0.000   0.000    0.000     0.000    0.000      0.000   0.000
      6   0.000    0.000   0.000   0.000   0.000   0.000   0.000   0.000   0.000   0.000   0.000   0.000   0.000    0.000    0.000   0.000    0.000   0.000   0.000   0.000   0.000   0.000    0.000    0.000      0.000    0.000   0.000    0.000     0.000    0.000      0.000   0.000
      7   0.000    0.000   0.000   0.000   0.000   0.000   0.000   0.000   0.000   0.000   0.000   0.000   0.000    0.000    0.000   0.000    0.000   0.000   0.000   0.000   0.000   0.000    0.000    0.000      0.000    0.000   0.000    0.000     0.000    0.000      0.000   0.000
      8   0.000    0.000   0.000   0.000   0.000   0.000   0.000   0.000   0.000   0.000   0.000   0.000   0.000    0.000    0.000   0.000    0.000   0.000   0.000   0.000   0.000   0.000    0.000    0.000      0.000    0.000   0.000    0.000     0.000    0.000      0.000   0.000
      9   0.000    0.000   0.000   0.000   0.000   0.000   0.000   0.000   0.000   0.000   0.000   0.000   0.000    0.000    0.000   0.000    0.000   0.000   0.000   0.000   0.000   0.000    0.000    0.000      0.000    0.000   0.000    0.000     0.000    0.000      0.000   0.000
    Sum   0.006    0.001   0.004   0.000   0.000   0.000   0.000   0.000   0.000   0.000   0.000   0.000   0.000    0.001    0.000   0.000    0.000   0.000   0.000   0.000   0.000   0.000    0.000    0.000      0.000    0.000   0.000    0.000     0.000    0.000      0.000   0.006


Summary
------------------------------------------------------------------------------------------------------------------------------
                  dt  Flu_Adv  Gra_Adv  Src_Adv  Che_Adv       SF   FB_Adv    FixUp     Flag   Refine MPI_Grid   Output      Aux       LB CorrSync      Par -MPI_Par    libyt         Sum
    Time      0.0005   0.0041   0.0000   0.0000   0.0000   0.0000   0.0000   0.0000   0.0000   0.0000   0.0011   0.0031   0.0085   0.0006   0.0000   0.0000   0.0000   0.0000      0.0180
    Frac      2.950%  23.004%   0.000%   0.000%   0.000%   0.000%   0.000%   0.000%   0.000%   0.000%   6.377%  17.243%  47.286%   3.133%   0.000%   0.000%   0.000%   0.000%     99.994%

==============================================================================================================================
==============================================================================================================================



Time : 5.3718679e-03 -> 5.4398662e-03,     Step :       79 ->       80

Main Loop
------------------------------------------------------------------------------------------------------------------------------
       Total    Integration       Output    Auxiliary    LoadBalance       CorrSync          libyt            Sum
      0.0181         0.0063       0.0023       0.0089         0.0006         0.0000         0.0000         0.0181


Integration Loop
------------------------------------------------------------------------------------------------------------------------------
     Lv   Total       dt Flu_Adv Gra_Adv Src_Adv Che_Adv      SF  FB_Adv   FixUp    Flag  Refine Buf_Rho Buf_Pot Buf_Flu1 Buf_Flu2 Buf_Ref Buf_Flux Buf_Res Buf_Che  Par_KD   Par_K Par_K-1 Par_2Sib -MPI_Sib -MPI_FaSib Par_2Son    -MPI Par_Coll -MPI_Real -MPI_Sib -MPI_FaSib     Sum
      0   0.006    0.001   0.004   0.000   0.000   0.000   0.000   0.000   0.000   0.000   0.000   0.000   0.000    0.001    0.000   0.000    0.000   0.000   0.000   0.000   0.000   0.000    0.000    0.000      0.000    0.000   0.000    0.000     0.000    0.000      0.000   0.006
      1   0.000    0.000   0.000   0.000   0.000   0.000   0.000   0.000   0.000   0.000   0.000   0.000   0.000    0.000    0.000   0.000    0.000   0.000   0.000   0.000   0.000   0.000    0.000    0.000      0.000    0.000   0.000    0.000     0.000    0.000      0.000   0.000
      2   0.000    0.000   0.000   0.000   0.000   0.000   0.000   0.000   0.000   0.000   0.000   0.000   0.000    0.000    0.000   0.000    0.000   0.000   0.000   0.000   0.000   0.000    0.000    0.000      0.000    0.000   0.000    0.000     0.000    0.000      0.000   0.000
      3   0.000    0.000   0.000   0.000   0.000   0.000   0.000   0.000   0.000   0.000   0.000   0.000   0.000    0.000    0.000   0.000    0.000   0.000   0.000   0.000   0.000   0.000    0.000    0.000      0.000    0.000   0.000    0.000     0.000    0.000      0.000   0.000
      4   0.000    0.000   0.000   0.000   0.000   0.000   0.000   0.000   0.000   0.000   0.000   0.000   0.000    0.000    0.000   0.000    0.000   0.000   0.000   0.000   0.000   0.000    0.000    0.000      0.000    0.000   0.000    0.000     0.000    0.000      0.000   0.000
      5   0.000    0.000   0.000   0.000   0.000   0.000   0.000   0.000   0.000   0.000   0.000   0.000   0.000    0.000    0.000   0.000    0.000   0.000   0.000   0.000   0.000   0.000    0.000    0.000      0.000    0.000   0.000    0.000     0.000    0.000      0.000   0.000
      6   0.000    0.000   0.000   0.000   0.000   0.000   0.000   0.000   0.000   0.000   0.000   0.000   0.000    0.000    0.000   0.000    0.000   0.000   0.000   0.000   0.000   0.000    0.000    0.000      0.000    0.000   0.000    0.000     0.000    0.000      0.000   0.000
      7   0.000    0.000   0.000   0.000   0.000   0.000   0.000   0.000   0.000   0.000   0.000   0.000   0.000    0.000    0.000   0.000    0.000   0.000   0.000   0.000   0.000   0.000    0.000    0.000      0.000    0.000   0.000    0.000     0.000    0.000      0.000   0.000
      8   0.000    0.000   0.000   0.000   0.000   0.000   0.000   0.000   0.000   0.000   0.000   0.000   0.000    0.000    0.000   0.000    0.000   0.000   0.000   0.000   0.000   0.000    0.000    0.000      0.000    0.000   0.000    0.000     0.000    0.000      0.000   0.000
      9   0.000    0.000   0.000   0.000   0.000   0.000   0.000   0.000   0.000   0.000   0.000   0.000   0.000    0.000    0.000   0.000    0.000   0.000   0.000   0.000   0.000   0.000    0.000    0.000      0.000    0.000   0.000    0.000     0.000    0.000      0.000   0.000
    Sum   0.006    0.001   0.004   0.000   0.000   0.000   0.000   0.000   0.000   0.000   0.000   0.000   0.000    0.001    0.000   0.000    0.000   0.000   0.000   0.000   0.000   0.000    0.000    0.000      0.000    0.000   0.000    0.000     0.000    0.000      0.000   0.006


Summary
------------------------------------------------------------------------------------------------------------------------------
                  dt  Flu_Adv  Gra_Adv  Src_Adv  Che_Adv       SF   FB_Adv    FixUp     Flag   Refine MPI_Grid   Output      Aux       LB CorrSync      Par -MPI_Par    libyt         Sum
    Time      0.0006   0.0040   0.0000   0.0000   0.0000   0.0000   0.0000   0.0000   0.0002   0.0003   0.0012   0.0023   0.0089   0.0006   0.0000   0.0000   0.0000   0.0000      0.0181
    Frac      3.283%  22.222%   0.000%   0.000%   0.000%   0.000%   0.000%   0.000%   1.072%   1.724%   6.411%  12.799%  48.931%   3.559%   0.000%   0.000%   0.000%   0.000%    100.000%

==============================================================================================================================
==============================================================================================================================



Time : 5.4398662e-03 -> 5.5078645e-03,     Step :       80 ->       81

Main Loop
------------------------------------------------------------------------------------------------------------------------------
       Total    Integration       Output    Auxiliary    LoadBalance       CorrSync          libyt            Sum
      0.0170         0.0061       0.0022       0.0081         0.0006         0.0000         0.0000         0.0170


Integration Loop
------------------------------------------------------------------------------------------------------------------------------
     Lv   Total       dt Flu_Adv Gra_Adv Src_Adv Che_Adv      SF  FB_Adv   FixUp    Flag  Refine Buf_Rho Buf_Pot Buf_Flu1 Buf_Flu2 Buf_Ref Buf_Flux Buf_Res Buf_Che  Par_KD   Par_K Par_K-1 Par_2Sib -MPI_Sib -MPI_FaSib Par_2Son    -MPI Par_Coll -MPI_Real -MPI_Sib -MPI_FaSib     Sum
      0   0.006    0.001   0.004   0.000   0.000   0.000   0.000   0.000   0.000   0.000   0.000   0.000   0.000    0.001    0.000   0.000    0.000   0.000   0.000   0.000   0.000   0.000    0.000    0.000      0.000    0.000   0.000    0.000     0.000    0.000      0.000   0.006
      1   0.000    0.000   0.000   0.000   0.000   0.000   0.000   0.000   0.000   0.000   0.000   0.000   0.000    0.000    0.000   0.000    0.000   0.000   0.000   0.000   0.000   0.000    0.000    0.000      0.000    0.000   0.000    0.000     0.000    0.000      0.000   0.000
      2   0.000    0.000   0.000   0.000   0.000   0.000   0.000   0.000   0.000   0.000   0.000   0.000   0.000    0.000    0.000   0.000    0.000   0.000   0.000   0.000   0.000   0.000    0.000    0.000      0.000    0.000   0.000    0.000     0.000    0.000      0.000   0.000
      3   0.000    0.000   0.000   0.000   0.000   0.000   0.000   0.000   0.000   0.000   0.000   0.000   0.000    0.000    0.000   0.000    0.000   0.000   0.000   0.000   0.000   0.000    0.000    0.000      0.000    0.000   0.000    0.000     0.000    0.000      0.000   0.000
      4   0.000    0.000   0.000   0.000   0.000   0.000   0.000   0.000   0.000   0.000   0.000   0.000   0.000    0.000    0.000   0.000    0.000   0.000   0.000   0.000   0.000   0.000    0.000    0.000      0.000    0.000   0.000    0.000     0.000    0.000      0.000   0.000
      5   0.000    0.000   0.000   0.000   0.000   0.000   0.000   0.000   0.000   0.000   0.000   0.000   0.000    0.000    0.000   0.000    0.000   0.000   0.000   0.000   0.000   0.000    0.000    0.000      0.000    0.000   0.000    0.000     0.000    0.000      0.000   0.000
      6   0.000    0.000   0.000   0.000   0.000   0.000   0.000   0.000   0.000   0.000   0.000   0.000   0.000    0.000    0.000   0.000    0.000   0.000   0.000   0.000   0.000   0.000    0.000    0.000      0.000    0.000   0.000    0.000     0.000    0.000      0.000   0.000
      7   0.000    0.000   0.000   0.000   0.000   0.000   0.000   0.000   0.000   0.000   0.000   0.000   0.000    0.000    0.000   0.000    0.000   0.000   0.000   0.000   0.000   0.000    0.000    0.000      0.000    0.000   0.000    0.000     0.000    0.000      0.000   0.000
      8   0.000    0.000   0.000   0.000   0.000   0.000   0.000   0.000   0.000   0.000   0.000   0.000   0.000    0.000    0.000   0.000    0.000   0.000   0.000   0.000   0.000   0.000    0.000    0.000      0.000    0.000   0.000    0.000     0.000    0.000      0.000   0.000
      9   0.000    0.000   0.000   0.000   0.000   0.000   0.000   0.000   0.000   0.000   0.000   0.000   0.000    0.000    0.000   0.000    0.000   0.000   0.000   0.000   0.000   0.000    0.000    0.000      0.000    0.000   0.000    0.000     0.000    0.000      0.000   0.000
    Sum   0.006    0.001   0.004   0.000   0.000   0.000   0.000   0.000   0.000   0.000   0.000   0.000   0.000    0.001    0.000   0.000    0.000   0.000   0.000   0.000   0.000   0.000    0.000    0.000      0.000    0.000   0.000    0.000     0.000    0.000      0.000   0.006


Summary
------------------------------------------------------------------------------------------------------------------------------
                  dt  Flu_Adv  Gra_Adv  Src_Adv  Che_Adv       SF   FB_Adv    FixUp     Flag   Refine MPI_Grid   Output      Aux       LB CorrSync      Par -MPI_Par    libyt         Sum
    Time      0.0005   0.0044   0.0000   0.0000   0.0000   0.0000   0.0000   0.0000   0.0000   0.0000   0.0012   0.0022   0.0081   0.0006   0.0000   0.0000   0.0000   0.0000      0.0170
    Frac      3.209%  25.711%   0.000%   0.000%   0.000%   0.000%   0.000%   0.000%   0.000%   0.000%   6.904%  12.683%  47.809%   3.672%   0.000%   0.000%   0.000%   0.000%     99.988%

==============================================================================================================================
==============================================================================================================================



Time : 5.5078645e-03 -> 5.5758629e-03,     Step :       81 ->       82

Main Loop
------------------------------------------------------------------------------------------------------------------------------
       Total    Integration       Output    Auxiliary    LoadBalance       CorrSync          libyt            Sum
      0.0176         0.0061       0.0021       0.0087         0.0007         0.0000         0.0000         0.0176


Integration Loop
------------------------------------------------------------------------------------------------------------------------------
     Lv   Total       dt Flu_Adv Gra_Adv Src_Adv Che_Adv      SF  FB_Adv   FixUp    Flag  Refine Buf_Rho Buf_Pot Buf_Flu1 Buf_Flu2 Buf_Ref Buf_Flux Buf_Res Buf_Che  Par_KD   Par_K Par_K-1 Par_2Sib -MPI_Sib -MPI_FaSib Par_2Son    -MPI Par_Coll -MPI_Real -MPI_Sib -MPI_FaSib     Sum
      0   0.006    0.001   0.004   0.000   0.000   0.000   0.000   0.000   0.000   0.000   0.000   0.000   0.000    0.001    0.000   0.000    0.000   0.000   0.000   0.000   0.000   0.000    0.000    0.000      0.000    0.000   0.000    0.000     0.000    0.000      0.000   0.006
      1   0.000    0.000   0.000   0.000   0.000   0.000   0.000   0.000   0.000   0.000   0.000   0.000   0.000    0.000    0.000   0.000    0.000   0.000   0.000   0.000   0.000   0.000    0.000    0.000      0.000    0.000   0.000    0.000     0.000    0.000      0.000   0.000
      2   0.000    0.000   0.000   0.000   0.000   0.000   0.000   0.000   0.000   0.000   0.000   0.000   0.000    0.000    0.000   0.000    0.000   0.000   0.000   0.000   0.000   0.000    0.000    0.000      0.000    0.000   0.000    0.000     0.000    0.000      0.000   0.000
      3   0.000    0.000   0.000   0.000   0.000   0.000   0.000   0.000   0.000   0.000   0.000   0.000   0.000    0.000    0.000   0.000    0.000   0.000   0.000   0.000   0.000   0.000    0.000    0.000      0.000    0.000   0.000    0.000     0.000    0.000      0.000   0.000
      4   0.000    0.000   0.000   0.000   0.000   0.000   0.000   0.000   0.000   0.000   0.000   0.000   0.000    0.000    0.000   0.000    0.000   0.000   0.000   0.000   0.000   0.000    0.000    0.000      0.000    0.000   0.000    0.000     0.000    0.000      0.000   0.000
      5   0.000    0.000   0.000   0.000   0.000   0.000   0.000   0.000   0.000   0.000   0.000   0.000   0.000    0.000    0.000   0.000    0.000   0.000   0.000   0.000   0.000   0.000    0.000    0.000      0.000    0.000   0.000    0.000     0.000    0.000      0.000   0.000
      6   0.000    0.000   0.000   0.000   0.000   0.000   0.000   0.000   0.000   0.000   0.000   0.000   0.000    0.000    0.000   0.000    0.000   0.000   0.000   0.000   0.000   0.000    0.000    0.000      0.000    0.000   0.000    0.000     0.000    0.000      0.000   0.000
      7   0.000    0.000   0.000   0.000   0.000   0.000   0.000   0.000   0.000   0.000   0.000   0.000   0.000    0.000    0.000   0.000    0.000   0.000   0.000   0.000   0.000   0.000    0.000    0.000      0.000    0.000   0.000    0.000     0.000    0.000      0.000   0.000
      8   0.000    0.000   0.000   0.000   0.000   0.000   0.000   0.000   0.000   0.000   0.000   0.000   0.000    0.000    0.000   0.000    0.000   0.000   0.000   0.000   0.000   0.000    0.000    0.000      0.000    0.000   0.000    0.000     0.000    0.000      0.000   0.000
      9   0.000    0.000   0.000   0.000   0.000   0.000   0.000   0.000   0.000   0.000   0.000   0.000   0.000    0.000    0.000   0.000    0.000   0.000   0.000   0.000   0.000   0.000    0.000    0.000      0.000    0.000   0.000    0.000     0.000    0.000      0.000   0.000
    Sum   0.006    0.001   0.004   0.000   0.000   0.000   0.000   0.000   0.000   0.000   0.000   0.000   0.000    0.001    0.000   0.000    0.000   0.000   0.000   0.000   0.000   0.000    0.000    0.000      0.000    0.000   0.000    0.000     0.000    0.000      0.000   0.006


Summary
------------------------------------------------------------------------------------------------------------------------------
                  dt  Flu_Adv  Gra_Adv  Src_Adv  Che_Adv       SF   FB_Adv    FixUp     Flag   Refine MPI_Grid   Output      Aux       LB CorrSync      Par -MPI_Par    libyt         Sum
    Time      0.0006   0.0044   0.0000   0.0000   0.0000   0.0000   0.0000   0.0000   0.0000   0.0000   0.0012   0.0021   0.0087   0.0007   0.0000   0.0000   0.0000   0.0000      0.0176
    Frac      3.245%  24.789%   0.000%   0.000%   0.000%   0.000%   0.000%   0.000%   0.000%   0.000%   6.787%  12.184%  49.277%   3.712%   0.000%   0.000%   0.000%   0.000%     99.994%

==============================================================================================================================
==============================================================================================================================



Time : 5.5758629e-03 -> 5.6438612e-03,     Step :       82 ->       83

Main Loop
------------------------------------------------------------------------------------------------------------------------------
       Total    Integration       Output    Auxiliary    LoadBalance       CorrSync          libyt            Sum
      0.0167         0.0061       0.0021       0.0079         0.0005         0.0000         0.0000         0.0167


Integration Loop
------------------------------------------------------------------------------------------------------------------------------
     Lv   Total       dt Flu_Adv Gra_Adv Src_Adv Che_Adv      SF  FB_Adv   FixUp    Flag  Refine Buf_Rho Buf_Pot Buf_Flu1 Buf_Flu2 Buf_Ref Buf_Flux Buf_Res Buf_Che  Par_KD   Par_K Par_K-1 Par_2Sib -MPI_Sib -MPI_FaSib Par_2Son    -MPI Par_Coll -MPI_Real -MPI_Sib -MPI_FaSib     Sum
      0   0.006    0.001   0.004   0.000   0.000   0.000   0.000   0.000   0.000   0.000   0.000   0.000   0.000    0.001    0.000   0.000    0.000   0.000   0.000   0.000   0.000   0.000    0.000    0.000      0.000    0.000   0.000    0.000     0.000    0.000      0.000   0.006
      1   0.000    0.000   0.000   0.000   0.000   0.000   0.000   0.000   0.000   0.000   0.000   0.000   0.000    0.000    0.000   0.000    0.000   0.000   0.000   0.000   0.000   0.000    0.000    0.000      0.000    0.000   0.000    0.000     0.000    0.000      0.000   0.000
      2   0.000    0.000   0.000   0.000   0.000   0.000   0.000   0.000   0.000   0.000   0.000   0.000   0.000    0.000    0.000   0.000    0.000   0.000   0.000   0.000   0.000   0.000    0.000    0.000      0.000    0.000   0.000    0.000     0.000    0.000      0.000   0.000
      3   0.000    0.000   0.000   0.000   0.000   0.000   0.000   0.000   0.000   0.000   0.000   0.000   0.000    0.000    0.000   0.000    0.000   0.000   0.000   0.000   0.000   0.000    0.000    0.000      0.000    0.000   0.000    0.000     0.000    0.000      0.000   0.000
      4   0.000    0.000   0.000   0.000   0.000   0.000   0.000   0.000   0.000   0.000   0.000   0.000   0.000    0.000    0.000   0.000    0.000   0.000   0.000   0.000   0.000   0.000    0.000    0.000      0.000    0.000   0.000    0.000     0.000    0.000      0.000   0.000
      5   0.000    0.000   0.000   0.000   0.000   0.000   0.000   0.000   0.000   0.000   0.000   0.000   0.000    0.000    0.000   0.000    0.000   0.000   0.000   0.000   0.000   0.000    0.000    0.000      0.000    0.000   0.000    0.000     0.000    0.000      0.000   0.000
      6   0.000    0.000   0.000   0.000   0.000   0.000   0.000   0.000   0.000   0.000   0.000   0.000   0.000    0.000    0.000   0.000    0.000   0.000   0.000   0.000   0.000   0.000    0.000    0.000      0.000    0.000   0.000    0.000     0.000    0.000      0.000   0.000
      7   0.000    0.000   0.000   0.000   0.000   0.000   0.000   0.000   0.000   0.000   0.000   0.000   0.000    0.000    0.000   0.000    0.000   0.000   0.000   0.000   0.000   0.000    0.000    0.000      0.000    0.000   0.000    0.000     0.000    0.000      0.000   0.000
      8   0.000    0.000   0.000   0.000   0.000   0.000   0.000   0.000   0.000   0.000   0.000   0.000   0.000    0.000    0.000   0.000    0.000   0.000   0.000   0.000   0.000   0.000    0.000    0.000      0.000    0.000   0.000    0.000     0.000    0.000      0.000   0.000
      9   0.000    0.000   0.000   0.000   0.000   0.000   0.000   0.000   0.000   0.000   0.000   0.000   0.000    0.000    0.000   0.000    0.000   0.000   0.000   0.000   0.000   0.000    0.000    0.000      0.000    0.000   0.000    0.000     0.000    0.000      0.000   0.000
    Sum   0.006    0.001   0.004   0.000   0.000   0.000   0.000   0.000   0.000   0.000   0.000   0.000   0.000    0.001    0.000   0.000    0.000   0.000   0.000   0.000   0.000   0.000    0.000    0.000      0.000    0.000   0.000    0.000     0.000    0.000      0.000   0.006


Summary
------------------------------------------------------------------------------------------------------------------------------
                  dt  Flu_Adv  Gra_Adv  Src_Adv  Che_Adv       SF   FB_Adv    FixUp     Flag   Refine MPI_Grid   Output      Aux       LB CorrSync      Par -MPI_Par    libyt         Sum
    Time      0.0005   0.0044   0.0000   0.0000   0.0000   0.0000   0.0000   0.0000   0.0000   0.0000   0.0012   0.0021   0.0079   0.0005   0.0000   0.0000   0.0000   0.0000      0.0167
    Frac      3.141%  26.247%   0.000%   0.000%   0.000%   0.000%   0.000%   0.000%   0.000%   0.000%   7.078%  12.846%  47.523%   3.153%   0.000%   0.000%   0.000%   0.000%     99.988%

==============================================================================================================================
==============================================================================================================================



Time : 5.6438612e-03 -> 5.7118595e-03,     Step :       83 ->       84

Main Loop
------------------------------------------------------------------------------------------------------------------------------
       Total    Integration       Output    Auxiliary    LoadBalance       CorrSync          libyt            Sum
      0.0172         0.0063       0.0022       0.0081         0.0006         0.0000         0.0000         0.0172


Integration Loop
------------------------------------------------------------------------------------------------------------------------------
     Lv   Total       dt Flu_Adv Gra_Adv Src_Adv Che_Adv      SF  FB_Adv   FixUp    Flag  Refine Buf_Rho Buf_Pot Buf_Flu1 Buf_Flu2 Buf_Ref Buf_Flux Buf_Res Buf_Che  Par_KD   Par_K Par_K-1 Par_2Sib -MPI_Sib -MPI_FaSib Par_2Son    -MPI Par_Coll -MPI_Real -MPI_Sib -MPI_FaSib     Sum
      0   0.006    0.001   0.004   0.000   0.000   0.000   0.000   0.000   0.000   0.000   0.000   0.000   0.000    0.001    0.000   0.000    0.000   0.000   0.000   0.000   0.000   0.000    0.000    0.000      0.000    0.000   0.000    0.000     0.000    0.000      0.000   0.006
      1   0.000    0.000   0.000   0.000   0.000   0.000   0.000   0.000   0.000   0.000   0.000   0.000   0.000    0.000    0.000   0.000    0.000   0.000   0.000   0.000   0.000   0.000    0.000    0.000      0.000    0.000   0.000    0.000     0.000    0.000      0.000   0.000
      2   0.000    0.000   0.000   0.000   0.000   0.000   0.000   0.000   0.000   0.000   0.000   0.000   0.000    0.000    0.000   0.000    0.000   0.000   0.000   0.000   0.000   0.000    0.000    0.000      0.000    0.000   0.000    0.000     0.000    0.000      0.000   0.000
      3   0.000    0.000   0.000   0.000   0.000   0.000   0.000   0.000   0.000   0.000   0.000   0.000   0.000    0.000    0.000   0.000    0.000   0.000   0.000   0.000   0.000   0.000    0.000    0.000      0.000    0.000   0.000    0.000     0.000    0.000      0.000   0.000
      4   0.000    0.000   0.000   0.000   0.000   0.000   0.000   0.000   0.000   0.000   0.000   0.000   0.000    0.000    0.000   0.000    0.000   0.000   0.000   0.000   0.000   0.000    0.000    0.000      0.000    0.000   0.000    0.000     0.000    0.000      0.000   0.000
      5   0.000    0.000   0.000   0.000   0.000   0.000   0.000   0.000   0.000   0.000   0.000   0.000   0.000    0.000    0.000   0.000    0.000   0.000   0.000   0.000   0.000   0.000    0.000    0.000      0.000    0.000   0.000    0.000     0.000    0.000      0.000   0.000
      6   0.000    0.000   0.000   0.000   0.000   0.000   0.000   0.000   0.000   0.000   0.000   0.000   0.000    0.000    0.000   0.000    0.000   0.000   0.000   0.000   0.000   0.000    0.000    0.000      0.000    0.000   0.000    0.000     0.000    0.000      0.000   0.000
      7   0.000    0.000   0.000   0.000   0.000   0.000   0.000   0.000   0.000   0.000   0.000   0.000   0.000    0.000    0.000   0.000    0.000   0.000   0.000   0.000   0.000   0.000    0.000    0.000      0.000    0.000   0.000    0.000     0.000    0.000      0.000   0.000
      8   0.000    0.000   0.000   0.000   0.000   0.000   0.000   0.000   0.000   0.000   0.000   0.000   0.000    0.000    0.000   0.000    0.000   0.000   0.000   0.000   0.000   0.000    0.000    0.000      0.000    0.000   0.000    0.000     0.000    0.000      0.000   0.000
      9   0.000    0.000   0.000   0.000   0.000   0.000   0.000   0.000   0.000   0.000   0.000   0.000   0.000    0.000    0.000   0.000    0.000   0.000   0.000   0.000   0.000   0.000    0.000    0.000      0.000    0.000   0.000    0.000     0.000    0.000      0.000   0.000
    Sum   0.006    0.001   0.004   0.000   0.000   0.000   0.000   0.000   0.000   0.000   0.000   0.000   0.000    0.001    0.000   0.000    0.000   0.000   0.000   0.000   0.000   0.000    0.000    0.000      0.000    0.000   0.000    0.000     0.000    0.000      0.000   0.006


Summary
------------------------------------------------------------------------------------------------------------------------------
                  dt  Flu_Adv  Gra_Adv  Src_Adv  Che_Adv       SF   FB_Adv    FixUp     Flag   Refine MPI_Grid   Output      Aux       LB CorrSync      Par -MPI_Par    libyt         Sum
    Time      0.0006   0.0040   0.0000   0.0000   0.0000   0.0000   0.0000   0.0000   0.0002   0.0003   0.0012   0.0022   0.0081   0.0006   0.0000   0.0000   0.0000   0.0000      0.0172
    Frac      3.538%  22.983%   0.000%   0.000%   0.000%   0.000%   0.000%   0.000%   1.162%   1.842%   7.047%  12.700%  47.284%   3.439%   0.000%   0.000%   0.000%   0.000%     99.994%

==============================================================================================================================
==============================================================================================================================



Time : 5.7118595e-03 -> 5.7798579e-03,     Step :       84 ->       85

Main Loop
------------------------------------------------------------------------------------------------------------------------------
       Total    Integration       Output    Auxiliary    LoadBalance       CorrSync          libyt            Sum
      0.0247         0.0124       0.0024       0.0092         0.0007         0.0000         0.0000         0.0247


Integration Loop
------------------------------------------------------------------------------------------------------------------------------
     Lv   Total       dt Flu_Adv Gra_Adv Src_Adv Che_Adv      SF  FB_Adv   FixUp    Flag  Refine Buf_Rho Buf_Pot Buf_Flu1 Buf_Flu2 Buf_Ref Buf_Flux Buf_Res Buf_Che  Par_KD   Par_K Par_K-1 Par_2Sib -MPI_Sib -MPI_FaSib Par_2Son    -MPI Par_Coll -MPI_Real -MPI_Sib -MPI_FaSib     Sum
      0   0.012    0.001   0.009   0.000   0.000   0.000   0.000   0.000   0.000   0.000   0.000   0.000   0.000    0.003    0.000   0.000    0.000   0.000   0.000   0.000   0.000   0.000    0.000    0.000      0.000    0.000   0.000    0.000     0.000    0.000      0.000   0.012
      1   0.000    0.000   0.000   0.000   0.000   0.000   0.000   0.000   0.000   0.000   0.000   0.000   0.000    0.000    0.000   0.000    0.000   0.000   0.000   0.000   0.000   0.000    0.000    0.000      0.000    0.000   0.000    0.000     0.000    0.000      0.000   0.000
      2   0.000    0.000   0.000   0.000   0.000   0.000   0.000   0.000   0.000   0.000   0.000   0.000   0.000    0.000    0.000   0.000    0.000   0.000   0.000   0.000   0.000   0.000    0.000    0.000      0.000    0.000   0.000    0.000     0.000    0.000      0.000   0.000
      3   0.000    0.000   0.000   0.000   0.000   0.000   0.000   0.000   0.000   0.000   0.000   0.000   0.000    0.000    0.000   0.000    0.000   0.000   0.000   0.000   0.000   0.000    0.000    0.000      0.000    0.000   0.000    0.000     0.000    0.000      0.000   0.000
      4   0.000    0.000   0.000   0.000   0.000   0.000   0.000   0.000   0.000   0.000   0.000   0.000   0.000    0.000    0.000   0.000    0.000   0.000   0.000   0.000   0.000   0.000    0.000    0.000      0.000    0.000   0.000    0.000     0.000    0.000      0.000   0.000
      5   0.000    0.000   0.000   0.000   0.000   0.000   0.000   0.000   0.000   0.000   0.000   0.000   0.000    0.000    0.000   0.000    0.000   0.000   0.000   0.000   0.000   0.000    0.000    0.000      0.000    0.000   0.000    0.000     0.000    0.000      0.000   0.000
      6   0.000    0.000   0.000   0.000   0.000   0.000   0.000   0.000   0.000   0.000   0.000   0.000   0.000    0.000    0.000   0.000    0.000   0.000   0.000   0.000   0.000   0.000    0.000    0.000      0.000    0.000   0.000    0.000     0.000    0.000      0.000   0.000
      7   0.000    0.000   0.000   0.000   0.000   0.000   0.000   0.000   0.000   0.000   0.000   0.000   0.000    0.000    0.000   0.000    0.000   0.000   0.000   0.000   0.000   0.000    0.000    0.000      0.000    0.000   0.000    0.000     0.000    0.000      0.000   0.000
      8   0.000    0.000   0.000   0.000   0.000   0.000   0.000   0.000   0.000   0.000   0.000   0.000   0.000    0.000    0.000   0.000    0.000   0.000   0.000   0.000   0.000   0.000    0.000    0.000      0.000    0.000   0.000    0.000     0.000    0.000      0.000   0.000
      9   0.000    0.000   0.000   0.000   0.000   0.000   0.000   0.000   0.000   0.000   0.000   0.000   0.000    0.000    0.000   0.000    0.000   0.000   0.000   0.000   0.000   0.000    0.000    0.000      0.000    0.000   0.000    0.000     0.000    0.000      0.000   0.000
    Sum   0.012    0.001   0.009   0.000   0.000   0.000   0.000   0.000   0.000   0.000   0.000   0.000   0.000    0.003    0.000   0.000    0.000   0.000   0.000   0.000   0.000   0.000    0.000    0.000      0.000    0.000   0.000    0.000     0.000    0.000      0.000   0.012


Summary
------------------------------------------------------------------------------------------------------------------------------
                  dt  Flu_Adv  Gra_Adv  Src_Adv  Che_Adv       SF   FB_Adv    FixUp     Flag   Refine MPI_Grid   Output      Aux       LB CorrSync      Par -MPI_Par    libyt         Sum
    Time      0.0006   0.0088   0.0000   0.0000   0.0000   0.0000   0.0000   0.0000   0.0000   0.0000   0.0031   0.0024   0.0092   0.0007   0.0000   0.0000   0.0000   0.0000      0.0247
    Frac      2.232%  35.645%   0.000%   0.000%   0.000%   0.000%   0.000%   0.000%   0.000%   0.000%  12.398%   9.695%  37.347%   2.674%   0.000%   0.000%   0.000%   0.000%     99.992%

==============================================================================================================================
==============================================================================================================================



Time : 5.7798579e-03 -> 5.8478562e-03,     Step :       85 ->       86

Main Loop
------------------------------------------------------------------------------------------------------------------------------
       Total    Integration       Output    Auxiliary    LoadBalance       CorrSync          libyt            Sum
      0.0177         0.0062       0.0028       0.0081         0.0006         0.0000         0.0000         0.0177


Integration Loop
------------------------------------------------------------------------------------------------------------------------------
     Lv   Total       dt Flu_Adv Gra_Adv Src_Adv Che_Adv      SF  FB_Adv   FixUp    Flag  Refine Buf_Rho Buf_Pot Buf_Flu1 Buf_Flu2 Buf_Ref Buf_Flux Buf_Res Buf_Che  Par_KD   Par_K Par_K-1 Par_2Sib -MPI_Sib -MPI_FaSib Par_2Son    -MPI Par_Coll -MPI_Real -MPI_Sib -MPI_FaSib     Sum
      0   0.006    0.001   0.004   0.000   0.000   0.000   0.000   0.000   0.000   0.000   0.000   0.000   0.000    0.001    0.000   0.000    0.000   0.000   0.000   0.000   0.000   0.000    0.000    0.000      0.000    0.000   0.000    0.000     0.000    0.000      0.000   0.006
      1   0.000    0.000   0.000   0.000   0.000   0.000   0.000   0.000   0.000   0.000   0.000   0.000   0.000    0.000    0.000   0.000    0.000   0.000   0.000   0.000   0.000   0.000    0.000    0.000      0.000    0.000   0.000    0.000     0.000    0.000      0.000   0.000
      2   0.000    0.000   0.000   0.000   0.000   0.000   0.000   0.000   0.000   0.000   0.000   0.000   0.000    0.000    0.000   0.000    0.000   0.000   0.000   0.000   0.000   0.000    0.000    0.000      0.000    0.000   0.000    0.000     0.000    0.000      0.000   0.000
      3   0.000    0.000   0.000   0.000   0.000   0.000   0.000   0.000   0.000   0.000   0.000   0.000   0.000    0.000    0.000   0.000    0.000   0.000   0.000   0.000   0.000   0.000    0.000    0.000      0.000    0.000   0.000    0.000     0.000    0.000      0.000   0.000
      4   0.000    0.000   0.000   0.000   0.000   0.000   0.000   0.000   0.000   0.000   0.000   0.000   0.000    0.000    0.000   0.000    0.000   0.000   0.000   0.000   0.000   0.000    0.000    0.000      0.000    0.000   0.000    0.000     0.000    0.000      0.000   0.000
      5   0.000    0.000   0.000   0.000   0.000   0.000   0.000   0.000   0.000   0.000   0.000   0.000   0.000    0.000    0.000   0.000    0.000   0.000   0.000   0.000   0.000   0.000    0.000    0.000      0.000    0.000   0.000    0.000     0.000    0.000      0.000   0.000
      6   0.000    0.000   0.000   0.000   0.000   0.000   0.000   0.000   0.000   0.000   0.000   0.000   0.000    0.000    0.000   0.000    0.000   0.000   0.000   0.000   0.000   0.000    0.000    0.000      0.000    0.000   0.000    0.000     0.000    0.000      0.000   0.000
      7   0.000    0.000   0.000   0.000   0.000   0.000   0.000   0.000   0.000   0.000   0.000   0.000   0.000    0.000    0.000   0.000    0.000   0.000   0.000   0.000   0.000   0.000    0.000    0.000      0.000    0.000   0.000    0.000     0.000    0.000      0.000   0.000
      8   0.000    0.000   0.000   0.000   0.000   0.000   0.000   0.000   0.000   0.000   0.000   0.000   0.000    0.000    0.000   0.000    0.000   0.000   0.000   0.000   0.000   0.000    0.000    0.000      0.000    0.000   0.000    0.000     0.000    0.000      0.000   0.000
      9   0.000    0.000   0.000   0.000   0.000   0.000   0.000   0.000   0.000   0.000   0.000   0.000   0.000    0.000    0.000   0.000    0.000   0.000   0.000   0.000   0.000   0.000    0.000    0.000      0.000    0.000   0.000    0.000     0.000    0.000      0.000   0.000
    Sum   0.006    0.001   0.004   0.000   0.000   0.000   0.000   0.000   0.000   0.000   0.000   0.000   0.000    0.001    0.000   0.000    0.000   0.000   0.000   0.000   0.000   0.000    0.000    0.000      0.000    0.000   0.000    0.000     0.000    0.000      0.000   0.006


Summary
------------------------------------------------------------------------------------------------------------------------------
                  dt  Flu_Adv  Gra_Adv  Src_Adv  Che_Adv       SF   FB_Adv    FixUp     Flag   Refine MPI_Grid   Output      Aux       LB CorrSync      Par -MPI_Par    libyt         Sum
    Time      0.0006   0.0042   0.0000   0.0000   0.0000   0.0000   0.0000   0.0000   0.0000   0.0000   0.0014   0.0028   0.0081   0.0006   0.0000   0.0000   0.0000   0.0000      0.0177
    Frac      3.441%  23.933%   0.000%   0.000%   0.000%   0.000%   0.000%   0.000%   0.000%   0.000%   7.840%  15.709%  45.739%   3.334%   0.000%   0.000%   0.000%   0.000%     99.994%

==============================================================================================================================
==============================================================================================================================



Time : 5.8478562e-03 -> 5.9158545e-03,     Step :       86 ->       87

Main Loop
------------------------------------------------------------------------------------------------------------------------------
       Total    Integration       Output    Auxiliary    LoadBalance       CorrSync          libyt            Sum
      0.0183         0.0059       0.0027       0.0090         0.0007         0.0000         0.0000         0.0183


Integration Loop
------------------------------------------------------------------------------------------------------------------------------
     Lv   Total       dt Flu_Adv Gra_Adv Src_Adv Che_Adv      SF  FB_Adv   FixUp    Flag  Refine Buf_Rho Buf_Pot Buf_Flu1 Buf_Flu2 Buf_Ref Buf_Flux Buf_Res Buf_Che  Par_KD   Par_K Par_K-1 Par_2Sib -MPI_Sib -MPI_FaSib Par_2Son    -MPI Par_Coll -MPI_Real -MPI_Sib -MPI_FaSib     Sum
      0   0.006    0.001   0.004   0.000   0.000   0.000   0.000   0.000   0.000   0.000   0.000   0.000   0.000    0.001    0.000   0.000    0.000   0.000   0.000   0.000   0.000   0.000    0.000    0.000      0.000    0.000   0.000    0.000     0.000    0.000      0.000   0.006
      1   0.000    0.000   0.000   0.000   0.000   0.000   0.000   0.000   0.000   0.000   0.000   0.000   0.000    0.000    0.000   0.000    0.000   0.000   0.000   0.000   0.000   0.000    0.000    0.000      0.000    0.000   0.000    0.000     0.000    0.000      0.000   0.000
      2   0.000    0.000   0.000   0.000   0.000   0.000   0.000   0.000   0.000   0.000   0.000   0.000   0.000    0.000    0.000   0.000    0.000   0.000   0.000   0.000   0.000   0.000    0.000    0.000      0.000    0.000   0.000    0.000     0.000    0.000      0.000   0.000
      3   0.000    0.000   0.000   0.000   0.000   0.000   0.000   0.000   0.000   0.000   0.000   0.000   0.000    0.000    0.000   0.000    0.000   0.000   0.000   0.000   0.000   0.000    0.000    0.000      0.000    0.000   0.000    0.000     0.000    0.000      0.000   0.000
      4   0.000    0.000   0.000   0.000   0.000   0.000   0.000   0.000   0.000   0.000   0.000   0.000   0.000    0.000    0.000   0.000    0.000   0.000   0.000   0.000   0.000   0.000    0.000    0.000      0.000    0.000   0.000    0.000     0.000    0.000      0.000   0.000
      5   0.000    0.000   0.000   0.000   0.000   0.000   0.000   0.000   0.000   0.000   0.000   0.000   0.000    0.000    0.000   0.000    0.000   0.000   0.000   0.000   0.000   0.000    0.000    0.000      0.000    0.000   0.000    0.000     0.000    0.000      0.000   0.000
      6   0.000    0.000   0.000   0.000   0.000   0.000   0.000   0.000   0.000   0.000   0.000   0.000   0.000    0.000    0.000   0.000    0.000   0.000   0.000   0.000   0.000   0.000    0.000    0.000      0.000    0.000   0.000    0.000     0.000    0.000      0.000   0.000
      7   0.000    0.000   0.000   0.000   0.000   0.000   0.000   0.000   0.000   0.000   0.000   0.000   0.000    0.000    0.000   0.000    0.000   0.000   0.000   0.000   0.000   0.000    0.000    0.000      0.000    0.000   0.000    0.000     0.000    0.000      0.000   0.000
      8   0.000    0.000   0.000   0.000   0.000   0.000   0.000   0.000   0.000   0.000   0.000   0.000   0.000    0.000    0.000   0.000    0.000   0.000   0.000   0.000   0.000   0.000    0.000    0.000      0.000    0.000   0.000    0.000     0.000    0.000      0.000   0.000
      9   0.000    0.000   0.000   0.000   0.000   0.000   0.000   0.000   0.000   0.000   0.000   0.000   0.000    0.000    0.000   0.000    0.000   0.000   0.000   0.000   0.000   0.000    0.000    0.000      0.000    0.000   0.000    0.000     0.000    0.000      0.000   0.000
    Sum   0.006    0.001   0.004   0.000   0.000   0.000   0.000   0.000   0.000   0.000   0.000   0.000   0.000    0.001    0.000   0.000    0.000   0.000   0.000   0.000   0.000   0.000    0.000    0.000      0.000    0.000   0.000    0.000     0.000    0.000      0.000   0.006


Summary
------------------------------------------------------------------------------------------------------------------------------
                  dt  Flu_Adv  Gra_Adv  Src_Adv  Che_Adv       SF   FB_Adv    FixUp     Flag   Refine MPI_Grid   Output      Aux       LB CorrSync      Par -MPI_Par    libyt         Sum
    Time      0.0005   0.0042   0.0000   0.0000   0.0000   0.0000   0.0000   0.0000   0.0000   0.0000   0.0012   0.0027   0.0090   0.0007   0.0000   0.0000   0.0000   0.0000      0.0183
    Frac      2.792%  22.954%   0.000%   0.000%   0.000%   0.000%   0.000%   0.000%   0.000%   0.000%   6.550%  14.948%  48.977%   3.774%   0.000%   0.000%   0.000%   0.000%     99.995%

==============================================================================================================================
==============================================================================================================================



Time : 5.9158545e-03 -> 5.9838528e-03,     Step :       87 ->       88

Main Loop
------------------------------------------------------------------------------------------------------------------------------
       Total    Integration       Output    Auxiliary    LoadBalance       CorrSync          libyt            Sum
      0.0185         0.0065       0.0023       0.0091         0.0006         0.0000         0.0000         0.0185


Integration Loop
------------------------------------------------------------------------------------------------------------------------------
     Lv   Total       dt Flu_Adv Gra_Adv Src_Adv Che_Adv      SF  FB_Adv   FixUp    Flag  Refine Buf_Rho Buf_Pot Buf_Flu1 Buf_Flu2 Buf_Ref Buf_Flux Buf_Res Buf_Che  Par_KD   Par_K Par_K-1 Par_2Sib -MPI_Sib -MPI_FaSib Par_2Son    -MPI Par_Coll -MPI_Real -MPI_Sib -MPI_FaSib     Sum
      0   0.006    0.001   0.004   0.000   0.000   0.000   0.000   0.000   0.000   0.000   0.000   0.000   0.000    0.001    0.000   0.000    0.000   0.000   0.000   0.000   0.000   0.000    0.000    0.000      0.000    0.000   0.000    0.000     0.000    0.000      0.000   0.006
      1   0.000    0.000   0.000   0.000   0.000   0.000   0.000   0.000   0.000   0.000   0.000   0.000   0.000    0.000    0.000   0.000    0.000   0.000   0.000   0.000   0.000   0.000    0.000    0.000      0.000    0.000   0.000    0.000     0.000    0.000      0.000   0.000
      2   0.000    0.000   0.000   0.000   0.000   0.000   0.000   0.000   0.000   0.000   0.000   0.000   0.000    0.000    0.000   0.000    0.000   0.000   0.000   0.000   0.000   0.000    0.000    0.000      0.000    0.000   0.000    0.000     0.000    0.000      0.000   0.000
      3   0.000    0.000   0.000   0.000   0.000   0.000   0.000   0.000   0.000   0.000   0.000   0.000   0.000    0.000    0.000   0.000    0.000   0.000   0.000   0.000   0.000   0.000    0.000    0.000      0.000    0.000   0.000    0.000     0.000    0.000      0.000   0.000
      4   0.000    0.000   0.000   0.000   0.000   0.000   0.000   0.000   0.000   0.000   0.000   0.000   0.000    0.000    0.000   0.000    0.000   0.000   0.000   0.000   0.000   0.000    0.000    0.000      0.000    0.000   0.000    0.000     0.000    0.000      0.000   0.000
      5   0.000    0.000   0.000   0.000   0.000   0.000   0.000   0.000   0.000   0.000   0.000   0.000   0.000    0.000    0.000   0.000    0.000   0.000   0.000   0.000   0.000   0.000    0.000    0.000      0.000    0.000   0.000    0.000     0.000    0.000      0.000   0.000
      6   0.000    0.000   0.000   0.000   0.000   0.000   0.000   0.000   0.000   0.000   0.000   0.000   0.000    0.000    0.000   0.000    0.000   0.000   0.000   0.000   0.000   0.000    0.000    0.000      0.000    0.000   0.000    0.000     0.000    0.000      0.000   0.000
      7   0.000    0.000   0.000   0.000   0.000   0.000   0.000   0.000   0.000   0.000   0.000   0.000   0.000    0.000    0.000   0.000    0.000   0.000   0.000   0.000   0.000   0.000    0.000    0.000      0.000    0.000   0.000    0.000     0.000    0.000      0.000   0.000
      8   0.000    0.000   0.000   0.000   0.000   0.000   0.000   0.000   0.000   0.000   0.000   0.000   0.000    0.000    0.000   0.000    0.000   0.000   0.000   0.000   0.000   0.000    0.000    0.000      0.000    0.000   0.000    0.000     0.000    0.000      0.000   0.000
      9   0.000    0.000   0.000   0.000   0.000   0.000   0.000   0.000   0.000   0.000   0.000   0.000   0.000    0.000    0.000   0.000    0.000   0.000   0.000   0.000   0.000   0.000    0.000    0.000      0.000    0.000   0.000    0.000     0.000    0.000      0.000   0.000
    Sum   0.006    0.001   0.004   0.000   0.000   0.000   0.000   0.000   0.000   0.000   0.000   0.000   0.000    0.001    0.000   0.000    0.000   0.000   0.000   0.000   0.000   0.000    0.000    0.000      0.000    0.000   0.000    0.000     0.000    0.000      0.000   0.006


Summary
------------------------------------------------------------------------------------------------------------------------------
                  dt  Flu_Adv  Gra_Adv  Src_Adv  Che_Adv       SF   FB_Adv    FixUp     Flag   Refine MPI_Grid   Output      Aux       LB CorrSync      Par -MPI_Par    libyt         Sum
    Time      0.0006   0.0041   0.0000   0.0000   0.0000   0.0000   0.0000   0.0000   0.0002   0.0003   0.0012   0.0023   0.0091   0.0006   0.0000   0.0000   0.0000   0.0000      0.0185
    Frac      3.192%  22.208%   0.000%   0.000%   0.000%   0.000%   0.000%   0.000%   1.102%   1.809%   6.681%  12.405%  49.163%   3.429%   0.000%   0.000%   0.000%   0.000%     99.989%

==============================================================================================================================
==============================================================================================================================



Time : 5.9838528e-03 -> 6.0518512e-03,     Step :       88 ->       89

Main Loop
------------------------------------------------------------------------------------------------------------------------------
       Total    Integration       Output    Auxiliary    LoadBalance       CorrSync          libyt            Sum
      0.0171         0.0059       0.0024       0.0082         0.0007         0.0000         0.0000         0.0171


Integration Loop
------------------------------------------------------------------------------------------------------------------------------
     Lv   Total       dt Flu_Adv Gra_Adv Src_Adv Che_Adv      SF  FB_Adv   FixUp    Flag  Refine Buf_Rho Buf_Pot Buf_Flu1 Buf_Flu2 Buf_Ref Buf_Flux Buf_Res Buf_Che  Par_KD   Par_K Par_K-1 Par_2Sib -MPI_Sib -MPI_FaSib Par_2Son    -MPI Par_Coll -MPI_Real -MPI_Sib -MPI_FaSib     Sum
      0   0.006    0.001   0.004   0.000   0.000   0.000   0.000   0.000   0.000   0.000   0.000   0.000   0.000    0.001    0.000   0.000    0.000   0.000   0.000   0.000   0.000   0.000    0.000    0.000      0.000    0.000   0.000    0.000     0.000    0.000      0.000   0.006
      1   0.000    0.000   0.000   0.000   0.000   0.000   0.000   0.000   0.000   0.000   0.000   0.000   0.000    0.000    0.000   0.000    0.000   0.000   0.000   0.000   0.000   0.000    0.000    0.000      0.000    0.000   0.000    0.000     0.000    0.000      0.000   0.000
      2   0.000    0.000   0.000   0.000   0.000   0.000   0.000   0.000   0.000   0.000   0.000   0.000   0.000    0.000    0.000   0.000    0.000   0.000   0.000   0.000   0.000   0.000    0.000    0.000      0.000    0.000   0.000    0.000     0.000    0.000      0.000   0.000
      3   0.000    0.000   0.000   0.000   0.000   0.000   0.000   0.000   0.000   0.000   0.000   0.000   0.000    0.000    0.000   0.000    0.000   0.000   0.000   0.000   0.000   0.000    0.000    0.000      0.000    0.000   0.000    0.000     0.000    0.000      0.000   0.000
      4   0.000    0.000   0.000   0.000   0.000   0.000   0.000   0.000   0.000   0.000   0.000   0.000   0.000    0.000    0.000   0.000    0.000   0.000   0.000   0.000   0.000   0.000    0.000    0.000      0.000    0.000   0.000    0.000     0.000    0.000      0.000   0.000
      5   0.000    0.000   0.000   0.000   0.000   0.000   0.000   0.000   0.000   0.000   0.000   0.000   0.000    0.000    0.000   0.000    0.000   0.000   0.000   0.000   0.000   0.000    0.000    0.000      0.000    0.000   0.000    0.000     0.000    0.000      0.000   0.000
      6   0.000    0.000   0.000   0.000   0.000   0.000   0.000   0.000   0.000   0.000   0.000   0.000   0.000    0.000    0.000   0.000    0.000   0.000   0.000   0.000   0.000   0.000    0.000    0.000      0.000    0.000   0.000    0.000     0.000    0.000      0.000   0.000
      7   0.000    0.000   0.000   0.000   0.000   0.000   0.000   0.000   0.000   0.000   0.000   0.000   0.000    0.000    0.000   0.000    0.000   0.000   0.000   0.000   0.000   0.000    0.000    0.000      0.000    0.000   0.000    0.000     0.000    0.000      0.000   0.000
      8   0.000    0.000   0.000   0.000   0.000   0.000   0.000   0.000   0.000   0.000   0.000   0.000   0.000    0.000    0.000   0.000    0.000   0.000   0.000   0.000   0.000   0.000    0.000    0.000      0.000    0.000   0.000    0.000     0.000    0.000      0.000   0.000
      9   0.000    0.000   0.000   0.000   0.000   0.000   0.000   0.000   0.000   0.000   0.000   0.000   0.000    0.000    0.000   0.000    0.000   0.000   0.000   0.000   0.000   0.000    0.000    0.000      0.000    0.000   0.000    0.000     0.000    0.000      0.000   0.000
    Sum   0.006    0.001   0.004   0.000   0.000   0.000   0.000   0.000   0.000   0.000   0.000   0.000   0.000    0.001    0.000   0.000    0.000   0.000   0.000   0.000   0.000   0.000    0.000    0.000      0.000    0.000   0.000    0.000     0.000    0.000      0.000   0.006


Summary
------------------------------------------------------------------------------------------------------------------------------
                  dt  Flu_Adv  Gra_Adv  Src_Adv  Che_Adv       SF   FB_Adv    FixUp     Flag   Refine MPI_Grid   Output      Aux       LB CorrSync      Par -MPI_Par    libyt         Sum
    Time      0.0006   0.0041   0.0000   0.0000   0.0000   0.0000   0.0000   0.0000   0.0000   0.0000   0.0012   0.0024   0.0082   0.0007   0.0000   0.0000   0.0000   0.0000      0.0171
    Frac      3.587%  23.843%   0.000%   0.000%   0.000%   0.000%   0.000%   0.000%   0.000%   0.000%   6.910%  13.990%  47.774%   3.891%   0.000%   0.000%   0.000%   0.000%     99.994%

==============================================================================================================================
==============================================================================================================================



Time : 6.0518512e-03 -> 6.1198495e-03,     Step :       89 ->       90

Main Loop
------------------------------------------------------------------------------------------------------------------------------
       Total    Integration       Output    Auxiliary    LoadBalance       CorrSync          libyt            Sum
      0.0177         0.0060       0.0021       0.0089         0.0007         0.0000         0.0000         0.0177


Integration Loop
------------------------------------------------------------------------------------------------------------------------------
     Lv   Total       dt Flu_Adv Gra_Adv Src_Adv Che_Adv      SF  FB_Adv   FixUp    Flag  Refine Buf_Rho Buf_Pot Buf_Flu1 Buf_Flu2 Buf_Ref Buf_Flux Buf_Res Buf_Che  Par_KD   Par_K Par_K-1 Par_2Sib -MPI_Sib -MPI_FaSib Par_2Son    -MPI Par_Coll -MPI_Real -MPI_Sib -MPI_FaSib     Sum
      0   0.006    0.001   0.004   0.000   0.000   0.000   0.000   0.000   0.000   0.000   0.000   0.000   0.000    0.001    0.000   0.000    0.000   0.000   0.000   0.000   0.000   0.000    0.000    0.000      0.000    0.000   0.000    0.000     0.000    0.000      0.000   0.006
      1   0.000    0.000   0.000   0.000   0.000   0.000   0.000   0.000   0.000   0.000   0.000   0.000   0.000    0.000    0.000   0.000    0.000   0.000   0.000   0.000   0.000   0.000    0.000    0.000      0.000    0.000   0.000    0.000     0.000    0.000      0.000   0.000
      2   0.000    0.000   0.000   0.000   0.000   0.000   0.000   0.000   0.000   0.000   0.000   0.000   0.000    0.000    0.000   0.000    0.000   0.000   0.000   0.000   0.000   0.000    0.000    0.000      0.000    0.000   0.000    0.000     0.000    0.000      0.000   0.000
      3   0.000    0.000   0.000   0.000   0.000   0.000   0.000   0.000   0.000   0.000   0.000   0.000   0.000    0.000    0.000   0.000    0.000   0.000   0.000   0.000   0.000   0.000    0.000    0.000      0.000    0.000   0.000    0.000     0.000    0.000      0.000   0.000
      4   0.000    0.000   0.000   0.000   0.000   0.000   0.000   0.000   0.000   0.000   0.000   0.000   0.000    0.000    0.000   0.000    0.000   0.000   0.000   0.000   0.000   0.000    0.000    0.000      0.000    0.000   0.000    0.000     0.000    0.000      0.000   0.000
      5   0.000    0.000   0.000   0.000   0.000   0.000   0.000   0.000   0.000   0.000   0.000   0.000   0.000    0.000    0.000   0.000    0.000   0.000   0.000   0.000   0.000   0.000    0.000    0.000      0.000    0.000   0.000    0.000     0.000    0.000      0.000   0.000
      6   0.000    0.000   0.000   0.000   0.000   0.000   0.000   0.000   0.000   0.000   0.000   0.000   0.000    0.000    0.000   0.000    0.000   0.000   0.000   0.000   0.000   0.000    0.000    0.000      0.000    0.000   0.000    0.000     0.000    0.000      0.000   0.000
      7   0.000    0.000   0.000   0.000   0.000   0.000   0.000   0.000   0.000   0.000   0.000   0.000   0.000    0.000    0.000   0.000    0.000   0.000   0.000   0.000   0.000   0.000    0.000    0.000      0.000    0.000   0.000    0.000     0.000    0.000      0.000   0.000
      8   0.000    0.000   0.000   0.000   0.000   0.000   0.000   0.000   0.000   0.000   0.000   0.000   0.000    0.000    0.000   0.000    0.000   0.000   0.000   0.000   0.000   0.000    0.000    0.000      0.000    0.000   0.000    0.000     0.000    0.000      0.000   0.000
      9   0.000    0.000   0.000   0.000   0.000   0.000   0.000   0.000   0.000   0.000   0.000   0.000   0.000    0.000    0.000   0.000    0.000   0.000   0.000   0.000   0.000   0.000    0.000    0.000      0.000    0.000   0.000    0.000     0.000    0.000      0.000   0.000
    Sum   0.006    0.001   0.004   0.000   0.000   0.000   0.000   0.000   0.000   0.000   0.000   0.000   0.000    0.001    0.000   0.000    0.000   0.000   0.000   0.000   0.000   0.000    0.000    0.000      0.000    0.000   0.000    0.000     0.000    0.000      0.000   0.006


Summary
------------------------------------------------------------------------------------------------------------------------------
                  dt  Flu_Adv  Gra_Adv  Src_Adv  Che_Adv       SF   FB_Adv    FixUp     Flag   Refine MPI_Grid   Output      Aux       LB CorrSync      Par -MPI_Par    libyt         Sum
    Time      0.0005   0.0043   0.0000   0.0000   0.0000   0.0000   0.0000   0.0000   0.0000   0.0000   0.0012   0.0021   0.0089   0.0007   0.0000   0.0000   0.0000   0.0000      0.0177
    Frac      2.900%  24.105%   0.000%   0.000%   0.000%   0.000%   0.000%   0.000%   0.000%   0.000%   6.857%  11.900%  50.155%   4.076%   0.000%   0.000%   0.000%   0.000%     99.994%

==============================================================================================================================
==============================================================================================================================



Time : 6.1198495e-03 -> 6.1878478e-03,     Step :       90 ->       91

Main Loop
------------------------------------------------------------------------------------------------------------------------------
       Total    Integration       Output    Auxiliary    LoadBalance       CorrSync          libyt            Sum
      0.0186         0.0060       0.0031       0.0089         0.0006         0.0000         0.0000         0.0186


Integration Loop
------------------------------------------------------------------------------------------------------------------------------
     Lv   Total       dt Flu_Adv Gra_Adv Src_Adv Che_Adv      SF  FB_Adv   FixUp    Flag  Refine Buf_Rho Buf_Pot Buf_Flu1 Buf_Flu2 Buf_Ref Buf_Flux Buf_Res Buf_Che  Par_KD   Par_K Par_K-1 Par_2Sib -MPI_Sib -MPI_FaSib Par_2Son    -MPI Par_Coll -MPI_Real -MPI_Sib -MPI_FaSib     Sum
      0   0.006    0.001   0.004   0.000   0.000   0.000   0.000   0.000   0.000   0.000   0.000   0.000   0.000    0.001    0.000   0.000    0.000   0.000   0.000   0.000   0.000   0.000    0.000    0.000      0.000    0.000   0.000    0.000     0.000    0.000      0.000   0.006
      1   0.000    0.000   0.000   0.000   0.000   0.000   0.000   0.000   0.000   0.000   0.000   0.000   0.000    0.000    0.000   0.000    0.000   0.000   0.000   0.000   0.000   0.000    0.000    0.000      0.000    0.000   0.000    0.000     0.000    0.000      0.000   0.000
      2   0.000    0.000   0.000   0.000   0.000   0.000   0.000   0.000   0.000   0.000   0.000   0.000   0.000    0.000    0.000   0.000    0.000   0.000   0.000   0.000   0.000   0.000    0.000    0.000      0.000    0.000   0.000    0.000     0.000    0.000      0.000   0.000
      3   0.000    0.000   0.000   0.000   0.000   0.000   0.000   0.000   0.000   0.000   0.000   0.000   0.000    0.000    0.000   0.000    0.000   0.000   0.000   0.000   0.000   0.000    0.000    0.000      0.000    0.000   0.000    0.000     0.000    0.000      0.000   0.000
      4   0.000    0.000   0.000   0.000   0.000   0.000   0.000   0.000   0.000   0.000   0.000   0.000   0.000    0.000    0.000   0.000    0.000   0.000   0.000   0.000   0.000   0.000    0.000    0.000      0.000    0.000   0.000    0.000     0.000    0.000      0.000   0.000
      5   0.000    0.000   0.000   0.000   0.000   0.000   0.000   0.000   0.000   0.000   0.000   0.000   0.000    0.000    0.000   0.000    0.000   0.000   0.000   0.000   0.000   0.000    0.000    0.000      0.000    0.000   0.000    0.000     0.000    0.000      0.000   0.000
      6   0.000    0.000   0.000   0.000   0.000   0.000   0.000   0.000   0.000   0.000   0.000   0.000   0.000    0.000    0.000   0.000    0.000   0.000   0.000   0.000   0.000   0.000    0.000    0.000      0.000    0.000   0.000    0.000     0.000    0.000      0.000   0.000
      7   0.000    0.000   0.000   0.000   0.000   0.000   0.000   0.000   0.000   0.000   0.000   0.000   0.000    0.000    0.000   0.000    0.000   0.000   0.000   0.000   0.000   0.000    0.000    0.000      0.000    0.000   0.000    0.000     0.000    0.000      0.000   0.000
      8   0.000    0.000   0.000   0.000   0.000   0.000   0.000   0.000   0.000   0.000   0.000   0.000   0.000    0.000    0.000   0.000    0.000   0.000   0.000   0.000   0.000   0.000    0.000    0.000      0.000    0.000   0.000    0.000     0.000    0.000      0.000   0.000
      9   0.000    0.000   0.000   0.000   0.000   0.000   0.000   0.000   0.000   0.000   0.000   0.000   0.000    0.000    0.000   0.000    0.000   0.000   0.000   0.000   0.000   0.000    0.000    0.000      0.000    0.000   0.000    0.000     0.000    0.000      0.000   0.000
    Sum   0.006    0.001   0.004   0.000   0.000   0.000   0.000   0.000   0.000   0.000   0.000   0.000   0.000    0.001    0.000   0.000    0.000   0.000   0.000   0.000   0.000   0.000    0.000    0.000      0.000    0.000   0.000    0.000     0.000    0.000      0.000   0.006


Summary
------------------------------------------------------------------------------------------------------------------------------
                  dt  Flu_Adv  Gra_Adv  Src_Adv  Che_Adv       SF   FB_Adv    FixUp     Flag   Refine MPI_Grid   Output      Aux       LB CorrSync      Par -MPI_Par    libyt         Sum
    Time      0.0006   0.0042   0.0000   0.0000   0.0000   0.0000   0.0000   0.0000   0.0000   0.0000   0.0012   0.0031   0.0089   0.0006   0.0000   0.0000   0.0000   0.0000      0.0186
    Frac      2.991%  22.747%   0.000%   0.000%   0.000%   0.000%   0.000%   0.000%   0.000%   0.000%   6.391%  16.782%  47.823%   3.260%   0.000%   0.000%   0.000%   0.000%     99.995%

==============================================================================================================================
==============================================================================================================================



Time : 6.1878478e-03 -> 6.2558462e-03,     Step :       91 ->       92

Main Loop
------------------------------------------------------------------------------------------------------------------------------
       Total    Integration       Output    Auxiliary    LoadBalance       CorrSync          libyt            Sum
      0.0175         0.0065       0.0022       0.0080         0.0007         0.0000         0.0000         0.0175


Integration Loop
------------------------------------------------------------------------------------------------------------------------------
     Lv   Total       dt Flu_Adv Gra_Adv Src_Adv Che_Adv      SF  FB_Adv   FixUp    Flag  Refine Buf_Rho Buf_Pot Buf_Flu1 Buf_Flu2 Buf_Ref Buf_Flux Buf_Res Buf_Che  Par_KD   Par_K Par_K-1 Par_2Sib -MPI_Sib -MPI_FaSib Par_2Son    -MPI Par_Coll -MPI_Real -MPI_Sib -MPI_FaSib     Sum
      0   0.007    0.001   0.004   0.000   0.000   0.000   0.000   0.000   0.000   0.000   0.000   0.000   0.000    0.001    0.000   0.000    0.000   0.000   0.000   0.000   0.000   0.000    0.000    0.000      0.000    0.000   0.000    0.000     0.000    0.000      0.000   0.007
      1   0.000    0.000   0.000   0.000   0.000   0.000   0.000   0.000   0.000   0.000   0.000   0.000   0.000    0.000    0.000   0.000    0.000   0.000   0.000   0.000   0.000   0.000    0.000    0.000      0.000    0.000   0.000    0.000     0.000    0.000      0.000   0.000
      2   0.000    0.000   0.000   0.000   0.000   0.000   0.000   0.000   0.000   0.000   0.000   0.000   0.000    0.000    0.000   0.000    0.000   0.000   0.000   0.000   0.000   0.000    0.000    0.000      0.000    0.000   0.000    0.000     0.000    0.000      0.000   0.000
      3   0.000    0.000   0.000   0.000   0.000   0.000   0.000   0.000   0.000   0.000   0.000   0.000   0.000    0.000    0.000   0.000    0.000   0.000   0.000   0.000   0.000   0.000    0.000    0.000      0.000    0.000   0.000    0.000     0.000    0.000      0.000   0.000
      4   0.000    0.000   0.000   0.000   0.000   0.000   0.000   0.000   0.000   0.000   0.000   0.000   0.000    0.000    0.000   0.000    0.000   0.000   0.000   0.000   0.000   0.000    0.000    0.000      0.000    0.000   0.000    0.000     0.000    0.000      0.000   0.000
      5   0.000    0.000   0.000   0.000   0.000   0.000   0.000   0.000   0.000   0.000   0.000   0.000   0.000    0.000    0.000   0.000    0.000   0.000   0.000   0.000   0.000   0.000    0.000    0.000      0.000    0.000   0.000    0.000     0.000    0.000      0.000   0.000
      6   0.000    0.000   0.000   0.000   0.000   0.000   0.000   0.000   0.000   0.000   0.000   0.000   0.000    0.000    0.000   0.000    0.000   0.000   0.000   0.000   0.000   0.000    0.000    0.000      0.000    0.000   0.000    0.000     0.000    0.000      0.000   0.000
      7   0.000    0.000   0.000   0.000   0.000   0.000   0.000   0.000   0.000   0.000   0.000   0.000   0.000    0.000    0.000   0.000    0.000   0.000   0.000   0.000   0.000   0.000    0.000    0.000      0.000    0.000   0.000    0.000     0.000    0.000      0.000   0.000
      8   0.000    0.000   0.000   0.000   0.000   0.000   0.000   0.000   0.000   0.000   0.000   0.000   0.000    0.000    0.000   0.000    0.000   0.000   0.000   0.000   0.000   0.000    0.000    0.000      0.000    0.000   0.000    0.000     0.000    0.000      0.000   0.000
      9   0.000    0.000   0.000   0.000   0.000   0.000   0.000   0.000   0.000   0.000   0.000   0.000   0.000    0.000    0.000   0.000    0.000   0.000   0.000   0.000   0.000   0.000    0.000    0.000      0.000    0.000   0.000    0.000     0.000    0.000      0.000   0.000
    Sum   0.007    0.001   0.004   0.000   0.000   0.000   0.000   0.000   0.000   0.000   0.000   0.000   0.000    0.001    0.000   0.000    0.000   0.000   0.000   0.000   0.000   0.000    0.000    0.000      0.000    0.000   0.000    0.000     0.000    0.000      0.000   0.007


Summary
------------------------------------------------------------------------------------------------------------------------------
                  dt  Flu_Adv  Gra_Adv  Src_Adv  Che_Adv       SF   FB_Adv    FixUp     Flag   Refine MPI_Grid   Output      Aux       LB CorrSync      Par -MPI_Par    libyt         Sum
    Time      0.0005   0.0042   0.0000   0.0000   0.0000   0.0000   0.0000   0.0000   0.0002   0.0004   0.0012   0.0022   0.0080   0.0007   0.0000   0.0000   0.0000   0.0000      0.0175
    Frac      3.045%  24.152%   0.000%   0.000%   0.000%   0.000%   0.000%   0.000%   1.099%   2.455%   6.673%  12.728%  45.562%   4.275%   0.000%   0.000%   0.000%   0.000%     99.989%

==============================================================================================================================
==============================================================================================================================



Time : 6.2558462e-03 -> 6.3238445e-03,     Step :       92 ->       93

Main Loop
------------------------------------------------------------------------------------------------------------------------------
       Total    Integration       Output    Auxiliary    LoadBalance       CorrSync          libyt            Sum
      0.0181         0.0059       0.0025       0.0090         0.0006         0.0000         0.0000         0.0181


Integration Loop
------------------------------------------------------------------------------------------------------------------------------
     Lv   Total       dt Flu_Adv Gra_Adv Src_Adv Che_Adv      SF  FB_Adv   FixUp    Flag  Refine Buf_Rho Buf_Pot Buf_Flu1 Buf_Flu2 Buf_Ref Buf_Flux Buf_Res Buf_Che  Par_KD   Par_K Par_K-1 Par_2Sib -MPI_Sib -MPI_FaSib Par_2Son    -MPI Par_Coll -MPI_Real -MPI_Sib -MPI_FaSib     Sum
      0   0.006    0.001   0.004   0.000   0.000   0.000   0.000   0.000   0.000   0.000   0.000   0.000   0.000    0.001    0.000   0.000    0.000   0.000   0.000   0.000   0.000   0.000    0.000    0.000      0.000    0.000   0.000    0.000     0.000    0.000      0.000   0.006
      1   0.000    0.000   0.000   0.000   0.000   0.000   0.000   0.000   0.000   0.000   0.000   0.000   0.000    0.000    0.000   0.000    0.000   0.000   0.000   0.000   0.000   0.000    0.000    0.000      0.000    0.000   0.000    0.000     0.000    0.000      0.000   0.000
      2   0.000    0.000   0.000   0.000   0.000   0.000   0.000   0.000   0.000   0.000   0.000   0.000   0.000    0.000    0.000   0.000    0.000   0.000   0.000   0.000   0.000   0.000    0.000    0.000      0.000    0.000   0.000    0.000     0.000    0.000      0.000   0.000
      3   0.000    0.000   0.000   0.000   0.000   0.000   0.000   0.000   0.000   0.000   0.000   0.000   0.000    0.000    0.000   0.000    0.000   0.000   0.000   0.000   0.000   0.000    0.000    0.000      0.000    0.000   0.000    0.000     0.000    0.000      0.000   0.000
      4   0.000    0.000   0.000   0.000   0.000   0.000   0.000   0.000   0.000   0.000   0.000   0.000   0.000    0.000    0.000   0.000    0.000   0.000   0.000   0.000   0.000   0.000    0.000    0.000      0.000    0.000   0.000    0.000     0.000    0.000      0.000   0.000
      5   0.000    0.000   0.000   0.000   0.000   0.000   0.000   0.000   0.000   0.000   0.000   0.000   0.000    0.000    0.000   0.000    0.000   0.000   0.000   0.000   0.000   0.000    0.000    0.000      0.000    0.000   0.000    0.000     0.000    0.000      0.000   0.000
      6   0.000    0.000   0.000   0.000   0.000   0.000   0.000   0.000   0.000   0.000   0.000   0.000   0.000    0.000    0.000   0.000    0.000   0.000   0.000   0.000   0.000   0.000    0.000    0.000      0.000    0.000   0.000    0.000     0.000    0.000      0.000   0.000
      7   0.000    0.000   0.000   0.000   0.000   0.000   0.000   0.000   0.000   0.000   0.000   0.000   0.000    0.000    0.000   0.000    0.000   0.000   0.000   0.000   0.000   0.000    0.000    0.000      0.000    0.000   0.000    0.000     0.000    0.000      0.000   0.000
      8   0.000    0.000   0.000   0.000   0.000   0.000   0.000   0.000   0.000   0.000   0.000   0.000   0.000    0.000    0.000   0.000    0.000   0.000   0.000   0.000   0.000   0.000    0.000    0.000      0.000    0.000   0.000    0.000     0.000    0.000      0.000   0.000
      9   0.000    0.000   0.000   0.000   0.000   0.000   0.000   0.000   0.000   0.000   0.000   0.000   0.000    0.000    0.000   0.000    0.000   0.000   0.000   0.000   0.000   0.000    0.000    0.000      0.000    0.000   0.000    0.000     0.000    0.000      0.000   0.000
    Sum   0.006    0.001   0.004   0.000   0.000   0.000   0.000   0.000   0.000   0.000   0.000   0.000   0.000    0.001    0.000   0.000    0.000   0.000   0.000   0.000   0.000   0.000    0.000    0.000      0.000    0.000   0.000    0.000     0.000    0.000      0.000   0.006


Summary
------------------------------------------------------------------------------------------------------------------------------
                  dt  Flu_Adv  Gra_Adv  Src_Adv  Che_Adv       SF   FB_Adv    FixUp     Flag   Refine MPI_Grid   Output      Aux       LB CorrSync      Par -MPI_Par    libyt         Sum
    Time      0.0006   0.0042   0.0000   0.0000   0.0000   0.0000   0.0000   0.0000   0.0000   0.0000   0.0012   0.0025   0.0090   0.0006   0.0000   0.0000   0.0000   0.0000      0.0181
    Frac      3.066%  23.337%   0.000%   0.000%   0.000%   0.000%   0.000%   0.000%   0.000%   0.000%   6.380%  13.803%  49.879%   3.529%   0.000%   0.000%   0.000%   0.000%     99.994%

==============================================================================================================================
==============================================================================================================================



Time : 6.3238445e-03 -> 6.3918428e-03,     Step :       93 ->       94

Main Loop
------------------------------------------------------------------------------------------------------------------------------
       Total    Integration       Output    Auxiliary    LoadBalance       CorrSync          libyt            Sum
      0.0192         0.0064       0.0028       0.0094         0.0007         0.0000         0.0000         0.0192


Integration Loop
------------------------------------------------------------------------------------------------------------------------------
     Lv   Total       dt Flu_Adv Gra_Adv Src_Adv Che_Adv      SF  FB_Adv   FixUp    Flag  Refine Buf_Rho Buf_Pot Buf_Flu1 Buf_Flu2 Buf_Ref Buf_Flux Buf_Res Buf_Che  Par_KD   Par_K Par_K-1 Par_2Sib -MPI_Sib -MPI_FaSib Par_2Son    -MPI Par_Coll -MPI_Real -MPI_Sib -MPI_FaSib     Sum
      0   0.006    0.001   0.005   0.000   0.000   0.000   0.000   0.000   0.000   0.000   0.000   0.000   0.000    0.001    0.000   0.000    0.000   0.000   0.000   0.000   0.000   0.000    0.000    0.000      0.000    0.000   0.000    0.000     0.000    0.000      0.000   0.006
      1   0.000    0.000   0.000   0.000   0.000   0.000   0.000   0.000   0.000   0.000   0.000   0.000   0.000    0.000    0.000   0.000    0.000   0.000   0.000   0.000   0.000   0.000    0.000    0.000      0.000    0.000   0.000    0.000     0.000    0.000      0.000   0.000
      2   0.000    0.000   0.000   0.000   0.000   0.000   0.000   0.000   0.000   0.000   0.000   0.000   0.000    0.000    0.000   0.000    0.000   0.000   0.000   0.000   0.000   0.000    0.000    0.000      0.000    0.000   0.000    0.000     0.000    0.000      0.000   0.000
      3   0.000    0.000   0.000   0.000   0.000   0.000   0.000   0.000   0.000   0.000   0.000   0.000   0.000    0.000    0.000   0.000    0.000   0.000   0.000   0.000   0.000   0.000    0.000    0.000      0.000    0.000   0.000    0.000     0.000    0.000      0.000   0.000
      4   0.000    0.000   0.000   0.000   0.000   0.000   0.000   0.000   0.000   0.000   0.000   0.000   0.000    0.000    0.000   0.000    0.000   0.000   0.000   0.000   0.000   0.000    0.000    0.000      0.000    0.000   0.000    0.000     0.000    0.000      0.000   0.000
      5   0.000    0.000   0.000   0.000   0.000   0.000   0.000   0.000   0.000   0.000   0.000   0.000   0.000    0.000    0.000   0.000    0.000   0.000   0.000   0.000   0.000   0.000    0.000    0.000      0.000    0.000   0.000    0.000     0.000    0.000      0.000   0.000
      6   0.000    0.000   0.000   0.000   0.000   0.000   0.000   0.000   0.000   0.000   0.000   0.000   0.000    0.000    0.000   0.000    0.000   0.000   0.000   0.000   0.000   0.000    0.000    0.000      0.000    0.000   0.000    0.000     0.000    0.000      0.000   0.000
      7   0.000    0.000   0.000   0.000   0.000   0.000   0.000   0.000   0.000   0.000   0.000   0.000   0.000    0.000    0.000   0.000    0.000   0.000   0.000   0.000   0.000   0.000    0.000    0.000      0.000    0.000   0.000    0.000     0.000    0.000      0.000   0.000
      8   0.000    0.000   0.000   0.000   0.000   0.000   0.000   0.000   0.000   0.000   0.000   0.000   0.000    0.000    0.000   0.000    0.000   0.000   0.000   0.000   0.000   0.000    0.000    0.000      0.000    0.000   0.000    0.000     0.000    0.000      0.000   0.000
      9   0.000    0.000   0.000   0.000   0.000   0.000   0.000   0.000   0.000   0.000   0.000   0.000   0.000    0.000    0.000   0.000    0.000   0.000   0.000   0.000   0.000   0.000    0.000    0.000      0.000    0.000   0.000    0.000     0.000    0.000      0.000   0.000
    Sum   0.006    0.001   0.005   0.000   0.000   0.000   0.000   0.000   0.000   0.000   0.000   0.000   0.000    0.001    0.000   0.000    0.000   0.000   0.000   0.000   0.000   0.000    0.000    0.000      0.000    0.000   0.000    0.000     0.000    0.000      0.000   0.006


Summary
------------------------------------------------------------------------------------------------------------------------------
                  dt  Flu_Adv  Gra_Adv  Src_Adv  Che_Adv       SF   FB_Adv    FixUp     Flag   Refine MPI_Grid   Output      Aux       LB CorrSync      Par -MPI_Par    libyt         Sum
    Time      0.0006   0.0045   0.0000   0.0000   0.0000   0.0000   0.0000   0.0000   0.0000   0.0000   0.0013   0.0028   0.0094   0.0007   0.0000   0.0000   0.0000   0.0000      0.0192
    Frac      2.946%  23.499%   0.000%   0.000%   0.000%   0.000%   0.000%   0.000%   0.000%   0.000%   6.811%  14.708%  48.649%   3.382%   0.000%   0.000%   0.000%   0.000%     99.995%

==============================================================================================================================
==============================================================================================================================



Time : 6.3918428e-03 -> 6.4598411e-03,     Step :       94 ->       95

Main Loop
------------------------------------------------------------------------------------------------------------------------------
       Total    Integration       Output    Auxiliary    LoadBalance       CorrSync          libyt            Sum
      0.0189         0.0062       0.0027       0.0093         0.0007         0.0000         0.0000         0.0189


Integration Loop
------------------------------------------------------------------------------------------------------------------------------
     Lv   Total       dt Flu_Adv Gra_Adv Src_Adv Che_Adv      SF  FB_Adv   FixUp    Flag  Refine Buf_Rho Buf_Pot Buf_Flu1 Buf_Flu2 Buf_Ref Buf_Flux Buf_Res Buf_Che  Par_KD   Par_K Par_K-1 Par_2Sib -MPI_Sib -MPI_FaSib Par_2Son    -MPI Par_Coll -MPI_Real -MPI_Sib -MPI_FaSib     Sum
      0   0.006    0.001   0.004   0.000   0.000   0.000   0.000   0.000   0.000   0.000   0.000   0.000   0.000    0.001    0.000   0.000    0.000   0.000   0.000   0.000   0.000   0.000    0.000    0.000      0.000    0.000   0.000    0.000     0.000    0.000      0.000   0.006
      1   0.000    0.000   0.000   0.000   0.000   0.000   0.000   0.000   0.000   0.000   0.000   0.000   0.000    0.000    0.000   0.000    0.000   0.000   0.000   0.000   0.000   0.000    0.000    0.000      0.000    0.000   0.000    0.000     0.000    0.000      0.000   0.000
      2   0.000    0.000   0.000   0.000   0.000   0.000   0.000   0.000   0.000   0.000   0.000   0.000   0.000    0.000    0.000   0.000    0.000   0.000   0.000   0.000   0.000   0.000    0.000    0.000      0.000    0.000   0.000    0.000     0.000    0.000      0.000   0.000
      3   0.000    0.000   0.000   0.000   0.000   0.000   0.000   0.000   0.000   0.000   0.000   0.000   0.000    0.000    0.000   0.000    0.000   0.000   0.000   0.000   0.000   0.000    0.000    0.000      0.000    0.000   0.000    0.000     0.000    0.000      0.000   0.000
      4   0.000    0.000   0.000   0.000   0.000   0.000   0.000   0.000   0.000   0.000   0.000   0.000   0.000    0.000    0.000   0.000    0.000   0.000   0.000   0.000   0.000   0.000    0.000    0.000      0.000    0.000   0.000    0.000     0.000    0.000      0.000   0.000
      5   0.000    0.000   0.000   0.000   0.000   0.000   0.000   0.000   0.000   0.000   0.000   0.000   0.000    0.000    0.000   0.000    0.000   0.000   0.000   0.000   0.000   0.000    0.000    0.000      0.000    0.000   0.000    0.000     0.000    0.000      0.000   0.000
      6   0.000    0.000   0.000   0.000   0.000   0.000   0.000   0.000   0.000   0.000   0.000   0.000   0.000    0.000    0.000   0.000    0.000   0.000   0.000   0.000   0.000   0.000    0.000    0.000      0.000    0.000   0.000    0.000     0.000    0.000      0.000   0.000
      7   0.000    0.000   0.000   0.000   0.000   0.000   0.000   0.000   0.000   0.000   0.000   0.000   0.000    0.000    0.000   0.000    0.000   0.000   0.000   0.000   0.000   0.000    0.000    0.000      0.000    0.000   0.000    0.000     0.000    0.000      0.000   0.000
      8   0.000    0.000   0.000   0.000   0.000   0.000   0.000   0.000   0.000   0.000   0.000   0.000   0.000    0.000    0.000   0.000    0.000   0.000   0.000   0.000   0.000   0.000    0.000    0.000      0.000    0.000   0.000    0.000     0.000    0.000      0.000   0.000
      9   0.000    0.000   0.000   0.000   0.000   0.000   0.000   0.000   0.000   0.000   0.000   0.000   0.000    0.000    0.000   0.000    0.000   0.000   0.000   0.000   0.000   0.000    0.000    0.000      0.000    0.000   0.000    0.000     0.000    0.000      0.000   0.000
    Sum   0.006    0.001   0.004   0.000   0.000   0.000   0.000   0.000   0.000   0.000   0.000   0.000   0.000    0.001    0.000   0.000    0.000   0.000   0.000   0.000   0.000   0.000    0.000    0.000      0.000    0.000   0.000    0.000     0.000    0.000      0.000   0.006


Summary
------------------------------------------------------------------------------------------------------------------------------
                  dt  Flu_Adv  Gra_Adv  Src_Adv  Che_Adv       SF   FB_Adv    FixUp     Flag   Refine MPI_Grid   Output      Aux       LB CorrSync      Par -MPI_Par    libyt         Sum
    Time      0.0006   0.0043   0.0000   0.0000   0.0000   0.0000   0.0000   0.0000   0.0000   0.0000   0.0012   0.0027   0.0093   0.0007   0.0000   0.0000   0.0000   0.0000      0.0189
    Frac      3.140%  22.879%   0.000%   0.000%   0.000%   0.000%   0.000%   0.000%   0.000%   0.000%   6.566%  14.513%  49.126%   3.770%   0.000%   0.000%   0.000%   0.000%     99.995%

==============================================================================================================================
==============================================================================================================================



Time : 6.4598411e-03 -> 6.5278395e-03,     Step :       95 ->       96

Main Loop
------------------------------------------------------------------------------------------------------------------------------
       Total    Integration       Output    Auxiliary    LoadBalance       CorrSync          libyt            Sum
      0.0184         0.0066       0.0022       0.0089         0.0007         0.0000         0.0000         0.0184


Integration Loop
------------------------------------------------------------------------------------------------------------------------------
     Lv   Total       dt Flu_Adv Gra_Adv Src_Adv Che_Adv      SF  FB_Adv   FixUp    Flag  Refine Buf_Rho Buf_Pot Buf_Flu1 Buf_Flu2 Buf_Ref Buf_Flux Buf_Res Buf_Che  Par_KD   Par_K Par_K-1 Par_2Sib -MPI_Sib -MPI_FaSib Par_2Son    -MPI Par_Coll -MPI_Real -MPI_Sib -MPI_FaSib     Sum
      0   0.007    0.001   0.004   0.000   0.000   0.000   0.000   0.000   0.000   0.000   0.000   0.000   0.000    0.001    0.000   0.000    0.000   0.000   0.000   0.000   0.000   0.000    0.000    0.000      0.000    0.000   0.000    0.000     0.000    0.000      0.000   0.007
      1   0.000    0.000   0.000   0.000   0.000   0.000   0.000   0.000   0.000   0.000   0.000   0.000   0.000    0.000    0.000   0.000    0.000   0.000   0.000   0.000   0.000   0.000    0.000    0.000      0.000    0.000   0.000    0.000     0.000    0.000      0.000   0.000
      2   0.000    0.000   0.000   0.000   0.000   0.000   0.000   0.000   0.000   0.000   0.000   0.000   0.000    0.000    0.000   0.000    0.000   0.000   0.000   0.000   0.000   0.000    0.000    0.000      0.000    0.000   0.000    0.000     0.000    0.000      0.000   0.000
      3   0.000    0.000   0.000   0.000   0.000   0.000   0.000   0.000   0.000   0.000   0.000   0.000   0.000    0.000    0.000   0.000    0.000   0.000   0.000   0.000   0.000   0.000    0.000    0.000      0.000    0.000   0.000    0.000     0.000    0.000      0.000   0.000
      4   0.000    0.000   0.000   0.000   0.000   0.000   0.000   0.000   0.000   0.000   0.000   0.000   0.000    0.000    0.000   0.000    0.000   0.000   0.000   0.000   0.000   0.000    0.000    0.000      0.000    0.000   0.000    0.000     0.000    0.000      0.000   0.000
      5   0.000    0.000   0.000   0.000   0.000   0.000   0.000   0.000   0.000   0.000   0.000   0.000   0.000    0.000    0.000   0.000    0.000   0.000   0.000   0.000   0.000   0.000    0.000    0.000      0.000    0.000   0.000    0.000     0.000    0.000      0.000   0.000
      6   0.000    0.000   0.000   0.000   0.000   0.000   0.000   0.000   0.000   0.000   0.000   0.000   0.000    0.000    0.000   0.000    0.000   0.000   0.000   0.000   0.000   0.000    0.000    0.000      0.000    0.000   0.000    0.000     0.000    0.000      0.000   0.000
      7   0.000    0.000   0.000   0.000   0.000   0.000   0.000   0.000   0.000   0.000   0.000   0.000   0.000    0.000    0.000   0.000    0.000   0.000   0.000   0.000   0.000   0.000    0.000    0.000      0.000    0.000   0.000    0.000     0.000    0.000      0.000   0.000
      8   0.000    0.000   0.000   0.000   0.000   0.000   0.000   0.000   0.000   0.000   0.000   0.000   0.000    0.000    0.000   0.000    0.000   0.000   0.000   0.000   0.000   0.000    0.000    0.000      0.000    0.000   0.000    0.000     0.000    0.000      0.000   0.000
      9   0.000    0.000   0.000   0.000   0.000   0.000   0.000   0.000   0.000   0.000   0.000   0.000   0.000    0.000    0.000   0.000    0.000   0.000   0.000   0.000   0.000   0.000    0.000    0.000      0.000    0.000   0.000    0.000     0.000    0.000      0.000   0.000
    Sum   0.007    0.001   0.004   0.000   0.000   0.000   0.000   0.000   0.000   0.000   0.000   0.000   0.000    0.001    0.000   0.000    0.000   0.000   0.000   0.000   0.000   0.000    0.000    0.000      0.000    0.000   0.000    0.000     0.000    0.000      0.000   0.007


Summary
------------------------------------------------------------------------------------------------------------------------------
                  dt  Flu_Adv  Gra_Adv  Src_Adv  Che_Adv       SF   FB_Adv    FixUp     Flag   Refine MPI_Grid   Output      Aux       LB CorrSync      Par -MPI_Par    libyt         Sum
    Time      0.0007   0.0041   0.0000   0.0000   0.0000   0.0000   0.0000   0.0000   0.0002   0.0003   0.0012   0.0022   0.0089   0.0007   0.0000   0.0000   0.0000   0.0000      0.0184
    Frac      3.780%  22.490%   0.000%   0.000%   0.000%   0.000%   0.000%   0.000%   1.207%   1.795%   6.412%  11.971%  48.629%   3.698%   0.000%   0.000%   0.000%   0.000%     99.984%

==============================================================================================================================
==============================================================================================================================



Time : 6.5278395e-03 -> 6.5958378e-03,     Step :       96 ->       97

Main Loop
------------------------------------------------------------------------------------------------------------------------------
       Total    Integration       Output    Auxiliary    LoadBalance       CorrSync          libyt            Sum
      0.0186         0.0060       0.0027       0.0093         0.0006         0.0000         0.0000         0.0186


Integration Loop
------------------------------------------------------------------------------------------------------------------------------
     Lv   Total       dt Flu_Adv Gra_Adv Src_Adv Che_Adv      SF  FB_Adv   FixUp    Flag  Refine Buf_Rho Buf_Pot Buf_Flu1 Buf_Flu2 Buf_Ref Buf_Flux Buf_Res Buf_Che  Par_KD   Par_K Par_K-1 Par_2Sib -MPI_Sib -MPI_FaSib Par_2Son    -MPI Par_Coll -MPI_Real -MPI_Sib -MPI_FaSib     Sum
      0   0.006    0.001   0.004   0.000   0.000   0.000   0.000   0.000   0.000   0.000   0.000   0.000   0.000    0.001    0.000   0.000    0.000   0.000   0.000   0.000   0.000   0.000    0.000    0.000      0.000    0.000   0.000    0.000     0.000    0.000      0.000   0.006
      1   0.000    0.000   0.000   0.000   0.000   0.000   0.000   0.000   0.000   0.000   0.000   0.000   0.000    0.000    0.000   0.000    0.000   0.000   0.000   0.000   0.000   0.000    0.000    0.000      0.000    0.000   0.000    0.000     0.000    0.000      0.000   0.000
      2   0.000    0.000   0.000   0.000   0.000   0.000   0.000   0.000   0.000   0.000   0.000   0.000   0.000    0.000    0.000   0.000    0.000   0.000   0.000   0.000   0.000   0.000    0.000    0.000      0.000    0.000   0.000    0.000     0.000    0.000      0.000   0.000
      3   0.000    0.000   0.000   0.000   0.000   0.000   0.000   0.000   0.000   0.000   0.000   0.000   0.000    0.000    0.000   0.000    0.000   0.000   0.000   0.000   0.000   0.000    0.000    0.000      0.000    0.000   0.000    0.000     0.000    0.000      0.000   0.000
      4   0.000    0.000   0.000   0.000   0.000   0.000   0.000   0.000   0.000   0.000   0.000   0.000   0.000    0.000    0.000   0.000    0.000   0.000   0.000   0.000   0.000   0.000    0.000    0.000      0.000    0.000   0.000    0.000     0.000    0.000      0.000   0.000
      5   0.000    0.000   0.000   0.000   0.000   0.000   0.000   0.000   0.000   0.000   0.000   0.000   0.000    0.000    0.000   0.000    0.000   0.000   0.000   0.000   0.000   0.000    0.000    0.000      0.000    0.000   0.000    0.000     0.000    0.000      0.000   0.000
      6   0.000    0.000   0.000   0.000   0.000   0.000   0.000   0.000   0.000   0.000   0.000   0.000   0.000    0.000    0.000   0.000    0.000   0.000   0.000   0.000   0.000   0.000    0.000    0.000      0.000    0.000   0.000    0.000     0.000    0.000      0.000   0.000
      7   0.000    0.000   0.000   0.000   0.000   0.000   0.000   0.000   0.000   0.000   0.000   0.000   0.000    0.000    0.000   0.000    0.000   0.000   0.000   0.000   0.000   0.000    0.000    0.000      0.000    0.000   0.000    0.000     0.000    0.000      0.000   0.000
      8   0.000    0.000   0.000   0.000   0.000   0.000   0.000   0.000   0.000   0.000   0.000   0.000   0.000    0.000    0.000   0.000    0.000   0.000   0.000   0.000   0.000   0.000    0.000    0.000      0.000    0.000   0.000    0.000     0.000    0.000      0.000   0.000
      9   0.000    0.000   0.000   0.000   0.000   0.000   0.000   0.000   0.000   0.000   0.000   0.000   0.000    0.000    0.000   0.000    0.000   0.000   0.000   0.000   0.000   0.000    0.000    0.000      0.000    0.000   0.000    0.000     0.000    0.000      0.000   0.000
    Sum   0.006    0.001   0.004   0.000   0.000   0.000   0.000   0.000   0.000   0.000   0.000   0.000   0.000    0.001    0.000   0.000    0.000   0.000   0.000   0.000   0.000   0.000    0.000    0.000      0.000    0.000   0.000    0.000     0.000    0.000      0.000   0.006


Summary
------------------------------------------------------------------------------------------------------------------------------
                  dt  Flu_Adv  Gra_Adv  Src_Adv  Che_Adv       SF   FB_Adv    FixUp     Flag   Refine MPI_Grid   Output      Aux       LB CorrSync      Par -MPI_Par    libyt         Sum
    Time      0.0006   0.0042   0.0000   0.0000   0.0000   0.0000   0.0000   0.0000   0.0000   0.0000   0.0012   0.0027   0.0093   0.0006   0.0000   0.0000   0.0000   0.0000      0.0186
    Frac      3.128%  22.777%   0.000%   0.000%   0.000%   0.000%   0.000%   0.000%   0.000%   0.000%   6.326%  14.745%  49.659%   3.354%   0.000%   0.000%   0.000%   0.000%     99.989%

==============================================================================================================================
==============================================================================================================================



Time : 6.5958378e-03 -> 6.6638361e-03,     Step :       97 ->       98

Main Loop
------------------------------------------------------------------------------------------------------------------------------
       Total    Integration       Output    Auxiliary    LoadBalance       CorrSync          libyt            Sum
      0.0171         0.0060       0.0021       0.0084         0.0006         0.0000         0.0000         0.0171


Integration Loop
------------------------------------------------------------------------------------------------------------------------------
     Lv   Total       dt Flu_Adv Gra_Adv Src_Adv Che_Adv      SF  FB_Adv   FixUp    Flag  Refine Buf_Rho Buf_Pot Buf_Flu1 Buf_Flu2 Buf_Ref Buf_Flux Buf_Res Buf_Che  Par_KD   Par_K Par_K-1 Par_2Sib -MPI_Sib -MPI_FaSib Par_2Son    -MPI Par_Coll -MPI_Real -MPI_Sib -MPI_FaSib     Sum
      0   0.006    0.001   0.004   0.000   0.000   0.000   0.000   0.000   0.000   0.000   0.000   0.000   0.000    0.001    0.000   0.000    0.000   0.000   0.000   0.000   0.000   0.000    0.000    0.000      0.000    0.000   0.000    0.000     0.000    0.000      0.000   0.006
      1   0.000    0.000   0.000   0.000   0.000   0.000   0.000   0.000   0.000   0.000   0.000   0.000   0.000    0.000    0.000   0.000    0.000   0.000   0.000   0.000   0.000   0.000    0.000    0.000      0.000    0.000   0.000    0.000     0.000    0.000      0.000   0.000
      2   0.000    0.000   0.000   0.000   0.000   0.000   0.000   0.000   0.000   0.000   0.000   0.000   0.000    0.000    0.000   0.000    0.000   0.000   0.000   0.000   0.000   0.000    0.000    0.000      0.000    0.000   0.000    0.000     0.000    0.000      0.000   0.000
      3   0.000    0.000   0.000   0.000   0.000   0.000   0.000   0.000   0.000   0.000   0.000   0.000   0.000    0.000    0.000   0.000    0.000   0.000   0.000   0.000   0.000   0.000    0.000    0.000      0.000    0.000   0.000    0.000     0.000    0.000      0.000   0.000
      4   0.000    0.000   0.000   0.000   0.000   0.000   0.000   0.000   0.000   0.000   0.000   0.000   0.000    0.000    0.000   0.000    0.000   0.000   0.000   0.000   0.000   0.000    0.000    0.000      0.000    0.000   0.000    0.000     0.000    0.000      0.000   0.000
      5   0.000    0.000   0.000   0.000   0.000   0.000   0.000   0.000   0.000   0.000   0.000   0.000   0.000    0.000    0.000   0.000    0.000   0.000   0.000   0.000   0.000   0.000    0.000    0.000      0.000    0.000   0.000    0.000     0.000    0.000      0.000   0.000
      6   0.000    0.000   0.000   0.000   0.000   0.000   0.000   0.000   0.000   0.000   0.000   0.000   0.000    0.000    0.000   0.000    0.000   0.000   0.000   0.000   0.000   0.000    0.000    0.000      0.000    0.000   0.000    0.000     0.000    0.000      0.000   0.000
      7   0.000    0.000   0.000   0.000   0.000   0.000   0.000   0.000   0.000   0.000   0.000   0.000   0.000    0.000    0.000   0.000    0.000   0.000   0.000   0.000   0.000   0.000    0.000    0.000      0.000    0.000   0.000    0.000     0.000    0.000      0.000   0.000
      8   0.000    0.000   0.000   0.000   0.000   0.000   0.000   0.000   0.000   0.000   0.000   0.000   0.000    0.000    0.000   0.000    0.000   0.000   0.000   0.000   0.000   0.000    0.000    0.000      0.000    0.000   0.000    0.000     0.000    0.000      0.000   0.000
      9   0.000    0.000   0.000   0.000   0.000   0.000   0.000   0.000   0.000   0.000   0.000   0.000   0.000    0.000    0.000   0.000    0.000   0.000   0.000   0.000   0.000   0.000    0.000    0.000      0.000    0.000   0.000    0.000     0.000    0.000      0.000   0.000
    Sum   0.006    0.001   0.004   0.000   0.000   0.000   0.000   0.000   0.000   0.000   0.000   0.000   0.000    0.001    0.000   0.000    0.000   0.000   0.000   0.000   0.000   0.000    0.000    0.000      0.000    0.000   0.000    0.000     0.000    0.000      0.000   0.006


Summary
------------------------------------------------------------------------------------------------------------------------------
                  dt  Flu_Adv  Gra_Adv  Src_Adv  Che_Adv       SF   FB_Adv    FixUp     Flag   Refine MPI_Grid   Output      Aux       LB CorrSync      Par -MPI_Par    libyt         Sum
    Time      0.0005   0.0042   0.0000   0.0000   0.0000   0.0000   0.0000   0.0000   0.0000   0.0000   0.0012   0.0021   0.0084   0.0006   0.0000   0.0000   0.0000   0.0000      0.0171
    Frac      3.126%  24.620%   0.000%   0.000%   0.000%   0.000%   0.000%   0.000%   0.000%   0.000%   7.184%  12.369%  49.370%   3.331%   0.000%   0.000%   0.000%   0.000%    100.000%

==============================================================================================================================
==============================================================================================================================



Time : 6.6638361e-03 -> 6.7318344e-03,     Step :       98 ->       99

Main Loop
------------------------------------------------------------------------------------------------------------------------------
       Total    Integration       Output    Auxiliary    LoadBalance       CorrSync          libyt            Sum
      0.0163         0.0060       0.0020       0.0078         0.0005         0.0000         0.0000         0.0163


Integration Loop
------------------------------------------------------------------------------------------------------------------------------
     Lv   Total       dt Flu_Adv Gra_Adv Src_Adv Che_Adv      SF  FB_Adv   FixUp    Flag  Refine Buf_Rho Buf_Pot Buf_Flu1 Buf_Flu2 Buf_Ref Buf_Flux Buf_Res Buf_Che  Par_KD   Par_K Par_K-1 Par_2Sib -MPI_Sib -MPI_FaSib Par_2Son    -MPI Par_Coll -MPI_Real -MPI_Sib -MPI_FaSib     Sum
      0   0.006    0.001   0.004   0.000   0.000   0.000   0.000   0.000   0.000   0.000   0.000   0.000   0.000    0.001    0.000   0.000    0.000   0.000   0.000   0.000   0.000   0.000    0.000    0.000      0.000    0.000   0.000    0.000     0.000    0.000      0.000   0.006
      1   0.000    0.000   0.000   0.000   0.000   0.000   0.000   0.000   0.000   0.000   0.000   0.000   0.000    0.000    0.000   0.000    0.000   0.000   0.000   0.000   0.000   0.000    0.000    0.000      0.000    0.000   0.000    0.000     0.000    0.000      0.000   0.000
      2   0.000    0.000   0.000   0.000   0.000   0.000   0.000   0.000   0.000   0.000   0.000   0.000   0.000    0.000    0.000   0.000    0.000   0.000   0.000   0.000   0.000   0.000    0.000    0.000      0.000    0.000   0.000    0.000     0.000    0.000      0.000   0.000
      3   0.000    0.000   0.000   0.000   0.000   0.000   0.000   0.000   0.000   0.000   0.000   0.000   0.000    0.000    0.000   0.000    0.000   0.000   0.000   0.000   0.000   0.000    0.000    0.000      0.000    0.000   0.000    0.000     0.000    0.000      0.000   0.000
      4   0.000    0.000   0.000   0.000   0.000   0.000   0.000   0.000   0.000   0.000   0.000   0.000   0.000    0.000    0.000   0.000    0.000   0.000   0.000   0.000   0.000   0.000    0.000    0.000      0.000    0.000   0.000    0.000     0.000    0.000      0.000   0.000
      5   0.000    0.000   0.000   0.000   0.000   0.000   0.000   0.000   0.000   0.000   0.000   0.000   0.000    0.000    0.000   0.000    0.000   0.000   0.000   0.000   0.000   0.000    0.000    0.000      0.000    0.000   0.000    0.000     0.000    0.000      0.000   0.000
      6   0.000    0.000   0.000   0.000   0.000   0.000   0.000   0.000   0.000   0.000   0.000   0.000   0.000    0.000    0.000   0.000    0.000   0.000   0.000   0.000   0.000   0.000    0.000    0.000      0.000    0.000   0.000    0.000     0.000    0.000      0.000   0.000
      7   0.000    0.000   0.000   0.000   0.000   0.000   0.000   0.000   0.000   0.000   0.000   0.000   0.000    0.000    0.000   0.000    0.000   0.000   0.000   0.000   0.000   0.000    0.000    0.000      0.000    0.000   0.000    0.000     0.000    0.000      0.000   0.000
      8   0.000    0.000   0.000   0.000   0.000   0.000   0.000   0.000   0.000   0.000   0.000   0.000   0.000    0.000    0.000   0.000    0.000   0.000   0.000   0.000   0.000   0.000    0.000    0.000      0.000    0.000   0.000    0.000     0.000    0.000      0.000   0.000
      9   0.000    0.000   0.000   0.000   0.000   0.000   0.000   0.000   0.000   0.000   0.000   0.000   0.000    0.000    0.000   0.000    0.000   0.000   0.000   0.000   0.000   0.000    0.000    0.000      0.000    0.000   0.000    0.000     0.000    0.000      0.000   0.000
    Sum   0.006    0.001   0.004   0.000   0.000   0.000   0.000   0.000   0.000   0.000   0.000   0.000   0.000    0.001    0.000   0.000    0.000   0.000   0.000   0.000   0.000   0.000    0.000    0.000      0.000    0.000   0.000    0.000     0.000    0.000      0.000   0.006


Summary
------------------------------------------------------------------------------------------------------------------------------
                  dt  Flu_Adv  Gra_Adv  Src_Adv  Che_Adv       SF   FB_Adv    FixUp     Flag   Refine MPI_Grid   Output      Aux       LB CorrSync      Par -MPI_Par    libyt         Sum
    Time      0.0005   0.0042   0.0000   0.0000   0.0000   0.0000   0.0000   0.0000   0.0000   0.0000   0.0012   0.0020   0.0078   0.0005   0.0000   0.0000   0.0000   0.0000      0.0163
    Frac      3.149%  26.136%   0.000%   0.000%   0.000%   0.000%   0.000%   0.000%   0.000%   0.000%   7.337%  12.392%  47.968%   3.019%   0.000%   0.000%   0.000%   0.000%    100.000%

==============================================================================================================================
==============================================================================================================================



Time : 6.7318344e-03 -> 6.7998328e-03,     Step :       99 ->      100

Main Loop
------------------------------------------------------------------------------------------------------------------------------
       Total    Integration       Output    Auxiliary    LoadBalance       CorrSync          libyt            Sum
      0.0368         0.0063       0.0214       0.0084         0.0006         0.0000         0.0000         0.0368


Integration Loop
------------------------------------------------------------------------------------------------------------------------------
     Lv   Total       dt Flu_Adv Gra_Adv Src_Adv Che_Adv      SF  FB_Adv   FixUp    Flag  Refine Buf_Rho Buf_Pot Buf_Flu1 Buf_Flu2 Buf_Ref Buf_Flux Buf_Res Buf_Che  Par_KD   Par_K Par_K-1 Par_2Sib -MPI_Sib -MPI_FaSib Par_2Son    -MPI Par_Coll -MPI_Real -MPI_Sib -MPI_FaSib     Sum
      0   0.006    0.001   0.004   0.000   0.000   0.000   0.000   0.000   0.000   0.000   0.000   0.000   0.000    0.001    0.000   0.000    0.000   0.000   0.000   0.000   0.000   0.000    0.000    0.000      0.000    0.000   0.000    0.000     0.000    0.000      0.000   0.006
      1   0.000    0.000   0.000   0.000   0.000   0.000   0.000   0.000   0.000   0.000   0.000   0.000   0.000    0.000    0.000   0.000    0.000   0.000   0.000   0.000   0.000   0.000    0.000    0.000      0.000    0.000   0.000    0.000     0.000    0.000      0.000   0.000
      2   0.000    0.000   0.000   0.000   0.000   0.000   0.000   0.000   0.000   0.000   0.000   0.000   0.000    0.000    0.000   0.000    0.000   0.000   0.000   0.000   0.000   0.000    0.000    0.000      0.000    0.000   0.000    0.000     0.000    0.000      0.000   0.000
      3   0.000    0.000   0.000   0.000   0.000   0.000   0.000   0.000   0.000   0.000   0.000   0.000   0.000    0.000    0.000   0.000    0.000   0.000   0.000   0.000   0.000   0.000    0.000    0.000      0.000    0.000   0.000    0.000     0.000    0.000      0.000   0.000
      4   0.000    0.000   0.000   0.000   0.000   0.000   0.000   0.000   0.000   0.000   0.000   0.000   0.000    0.000    0.000   0.000    0.000   0.000   0.000   0.000   0.000   0.000    0.000    0.000      0.000    0.000   0.000    0.000     0.000    0.000      0.000   0.000
      5   0.000    0.000   0.000   0.000   0.000   0.000   0.000   0.000   0.000   0.000   0.000   0.000   0.000    0.000    0.000   0.000    0.000   0.000   0.000   0.000   0.000   0.000    0.000    0.000      0.000    0.000   0.000    0.000     0.000    0.000      0.000   0.000
      6   0.000    0.000   0.000   0.000   0.000   0.000   0.000   0.000   0.000   0.000   0.000   0.000   0.000    0.000    0.000   0.000    0.000   0.000   0.000   0.000   0.000   0.000    0.000    0.000      0.000    0.000   0.000    0.000     0.000    0.000      0.000   0.000
      7   0.000    0.000   0.000   0.000   0.000   0.000   0.000   0.000   0.000   0.000   0.000   0.000   0.000    0.000    0.000   0.000    0.000   0.000   0.000   0.000   0.000   0.000    0.000    0.000      0.000    0.000   0.000    0.000     0.000    0.000      0.000   0.000
      8   0.000    0.000   0.000   0.000   0.000   0.000   0.000   0.000   0.000   0.000   0.000   0.000   0.000    0.000    0.000   0.000    0.000   0.000   0.000   0.000   0.000   0.000    0.000    0.000      0.000    0.000   0.000    0.000     0.000    0.000      0.000   0.000
      9   0.000    0.000   0.000   0.000   0.000   0.000   0.000   0.000   0.000   0.000   0.000   0.000   0.000    0.000    0.000   0.000    0.000   0.000   0.000   0.000   0.000   0.000    0.000    0.000      0.000    0.000   0.000    0.000     0.000    0.000      0.000   0.000
    Sum   0.006    0.001   0.004   0.000   0.000   0.000   0.000   0.000   0.000   0.000   0.000   0.000   0.000    0.001    0.000   0.000    0.000   0.000   0.000   0.000   0.000   0.000    0.000    0.000      0.000    0.000   0.000    0.000     0.000    0.000      0.000   0.006


Summary
------------------------------------------------------------------------------------------------------------------------------
                  dt  Flu_Adv  Gra_Adv  Src_Adv  Che_Adv       SF   FB_Adv    FixUp     Flag   Refine MPI_Grid   Output      Aux       LB CorrSync      Par -MPI_Par    libyt         Sum
    Time      0.0005   0.0041   0.0000   0.0000   0.0000   0.0000   0.0000   0.0000   0.0002   0.0003   0.0012   0.0214   0.0084   0.0006   0.0000   0.0000   0.0000   0.0000      0.0368
    Frac      1.390%  11.137%   0.000%   0.000%   0.000%   0.000%   0.000%   0.000%   0.528%   0.854%   3.245%  58.189%  22.984%   1.668%   0.000%   0.000%   0.000%   0.000%     99.995%

==============================================================================================================================
==============================================================================================================================



******************************************************************************************************************************
*************                                     Accumulated timing results                                     *************
******************************************************************************************************************************
Total Number of Steps : 100
Final Physical Time   : 6.7998328e-03
Total Simulation Time : 2.858698 sec
Timing Diagnosis      :
------------------------------------------------------------------------------------------------------------------------------
                dt  Flu_Adv  Gra_Adv  Src_Adv  Che_Adv       SF   FB_Adv    FixUp     Flag   Refine MPI_Grid   Output      Aux       LB CorrSync      Par -MPI_Par    libyt     Init    Other      Sum
    Time      0.09     0.42     0.00     0.00     0.00     0.00     0.00     0.00     0.00     0.01     0.12     0.27     1.00     0.09     0.00     0.00     0.00     0.00     0.48     0.36     2.86
    Frac    3.188%  14.648%   0.000%   0.000%   0.000%   0.000%   0.000%   0.000%   0.174%   0.276%   4.256%   9.611%  35.063%   3.186%   0.000%   0.000%   0.000%   0.000%  16.919%  12.674%  99.994%
******************************************************************************************************************************


