#                  Coord.                Numerical               Analytical                    Error
   5.0024414062500000e-01   8.9998515693572010e+00   8.9998486497517174e+00   2.9196054835978202e-06
   5.0073242187500000e-01   8.9999341299224795e+00   8.9999314780093194e+00   2.6519131601787649e-06
   5.0122070312500000e-01   8.9999796672622150e+00   8.9999766572998912e+00   3.0099623238299955e-06
   5.0170898437500000e-01   8.9999869251723190e+00   8.9999841871981889e+00   2.7379741300848082e-06
   5.0219726562500000e-01   8.9999571068108946e+00   8.9999540676333432e+00   3.0391775514004848e-06
   5.0268554687500000e-01   8.9998890728382879e+00   8.9998862988888462e+00   2.7739494417033939e-06
   5.0317382812500000e-01   8.9997839442908063e+00   8.9997808816025611e+00   3.0626882452366999e-06
   5.0366210937500000e-01   8.9996405815745728e+00   8.9996378167667181e+00   2.7648078546604893e-06
   5.0415039062500000e-01   8.9994601550874762e+00   8.9994571057279007e+00   3.0493595755132219e-06
   5.0463867187500000e-01   8.9992414881669553e+00   8.9992387501870272e+00   2.7379799281135320e-06
   5.0512695312500000e-01   8.9989857522625858e+00   8.9989827521993409e+00   3.0000632449400655e-06
   5.0561523437500000e-01   8.9986917899058412e+00   8.9986891141743950e+00   2.6757314461889337e-06
   5.0610351562500000e-01   8.9983608061080478e+00   8.9983578388760233e+00   2.9672320245310857e-06
   5.0659179687500000e-01   8.9979915321661501e+00   8.9979889294223145e+00   2.6027438355669119e-06
   5.0708007812500000e-01   8.9975853124611671e+00   8.9975823892855811e+00   2.9231755860337216e-06
   5.0756835937500000e-01   8.9971407489286204e+00   8.9971382222923424e+00   2.5266362779774454e-06
   5.0805664062500000e-01   8.9966593687886398e+00   8.9966564326232596e+00   2.9361653801629473e-06
   5.0854492187500000e-01   8.9961396934613909e+00   8.9961370248131214e+00   2.6686482694771030e-06
   5.0903320312500000e-01   8.9955830305012690e+00   8.9955800037507938e+00   3.0267504751435581e-06
   5.0952148437500000e-01   8.9949881292081297e+00   8.9949853746791693e+00   2.7545289604802292e-06
   5.1000976562500000e-01   8.9943561982756801e+00   8.9943531431951307e+00   3.0550805494300448e-06
   5.1049804687500000e-01   8.9936861047171934e+00   8.9936833152494700e+00   2.7894677234741039e-06
   5.1098632812500000e-01   8.9929789751185059e+00   8.9929758971468683e+00   3.0779716375661792e-06
   5.1147460937500000e-01   8.9922336764955038e+00   8.9922308955458163e+00   2.7809496874198203e-06
   5.1196289062500000e-01   8.9914513830458400e+00   8.9914483174585484e+00   3.0655872915730242e-06
   5.1245117187500000e-01   8.9906309249627068e+00   8.9906281702509929e+00   2.7547117138482236e-06
   5.1293945312500000e-01   8.9897734782126015e+00   8.9897704616426797e+00   3.0165699218542841e-06
   5.1342773437500000e-01   8.9888778923737860e+00   8.9888751997066993e+00   2.6926670866345148e-06
   5.1391601562500000e-01   8.9879453766159418e+00   8.9879423928695932e+00   2.9837463486614979e-06
   5.1440429687500000e-01   8.9869746683496228e+00   8.9869720499112908e+00   2.6184383319360904e-06
   5.1489257812500000e-01   8.9859671174760525e+00   8.9859641799650323e+00   2.9375110202067845e-06
   5.1538085937500000e-01   8.9849213328465627e+00   8.9849187925172735e+00   2.5403292891468254e-06
   5.1586914062500000e-01   8.9838388465457335e+00   8.9838358974076016e+00   2.9491381319246557e-06
   5.1635742187500000e-01   8.9827181869213106e+00   8.9827155048286347e+00   2.6820926759540953e-06
   5.1684570312500000e-01   8.9815606651961684e+00   8.9815576253259390e+00   3.0398702293155111e-06
   5.1733398437500000e-01   8.9803650375059565e+00   8.9803622697979097e+00   2.7677080467469750e-06
   5.1782226562500000e-01   8.9791325167768079e+00   8.9791294494956926e+00   3.0672811153209523e-06
   5.1831054687500000e-01   8.9778619775830837e+00   8.9778591760230650e+00   2.8015600186392930e-06
   5.1879882812500000e-01   8.9765545508575659e+00   8.9765514613363173e+00   3.0895212486115042e-06
   5.1928710937500000e-01   8.9752091114097645e+00   8.9752063177441670e+00   2.7936655975224767e-06
   5.1977539062500000e-01   8.9738268359917637e+00   8.9738237579076081e+00   3.0780841555611005e-06
   5.2026367187500000e-01   8.9724065628736032e+00   8.9724037948398276e+00   2.7680337755242590e-06
   5.2075195312500000e-01   8.9709494712962261e+00   8.9709464419060598e+00   3.0293901662759026e-06
   5.2124023437500000e-01   8.9694544190813961e+00   8.9694517128234565e+00   2.7062579395220610e-06
   5.2172851562500000e-01   8.9679226182693057e+00   8.9679196216609860e+00   2.9966083197052740e-06
   5.2221679687500000e-01   8.9663528137041340e+00   8.9663501828392711e+00   2.6308648628514675e-06
   5.2270507812500000e-01   8.9647463593702401e+00   8.9647434111304651e+00   2.9482397749802658e-06
   5.2319335937500000e-01   8.9631018724922420e+00   8.9630993216581167e+00   2.5508341252589162e-06
   5.2368164062500000e-01   8.9614208883897639e+00   8.9614179298970242e+00   2.9584927396797411e-06
   5.2416992187500000e-01   8.9597019438871754e+00   8.9596992516730865e+00   2.6922140889951152e-06
   5.2465820312500000e-01   8.9579463524533569e+00   8.9579433031631588e+00   3.0492901981205023e-06
   5.2514648437500000e-01   8.9561528783746205e+00   8.9561501008948934e+00   2.7774797271007401e-06
   5.2563476562500000e-01   8.9543227374962377e+00   8.9543196617465952e+00   3.0757496425337649e-06
   5.2612304687500000e-01   8.9524548131437758e+00   8.9524520029470551e+00   2.8101967206595191e-06
   5.2661132812500000e-01   8.9505502393849632e+00   8.9505471420753864e+00   3.0973095768160874e-06
   5.2709960937500000e-01   8.9486078999866265e+00   8.9486050970608702e+00   2.8029257563844112e-06
   5.2758789062500000e-01   8.9466289730031097e+00   8.9466258861827637e+00   3.0868203459988308e-06
   5.2807617187500000e-01   8.9446123059842932e+00   8.9446095280701670e+00   2.7779141262840312e-06
   5.2856445312500000e-01   8.9425590801948420e+00   8.9425560417018026e+00   3.0384930393978493e-06
   5.2905273437500000e-01   8.9404681628765932e+00   8.9404654464058666e+00   2.7164707265825427e-06
   5.2954101562500000e-01   8.9383407676464852e+00   8.9383377618598363e+00   3.0057866489130447e-06
   5.3002929687500000e-01   8.9361756480836032e+00   8.9361730080902966e+00   2.6399933066301173e-06
   5.3051757812500000e-01   8.9339741608079422e+00   8.9339712054727283e+00   2.9553352138833588e-06
   5.3100585937500000e-01   8.9317349328565410e+00   8.9317323747313360e+00   2.5581252049988734e-06
   5.5493164062500000e-01   8.7771985295734627e+00   8.7771955701620517e+00   2.9594114110409464e-06
   5.5541992187500000e-01   8.7731420958748920e+00   8.7731393967696629e+00   2.6991052290981088e-06
   5.5590820312500000e-01   8.7690507587161779e+00   8.7690477090636918e+00   3.0496524860978980e-06
   5.5639648437500000e-01   8.7649233277025989e+00   8.7649205455566541e+00   2.7821459447352481e-06
   5.5688476562500000e-01   8.7607610171276757e+00   8.7607579450949853e+00   3.0720326904543072e-06
   5.5737304687500000e-01   8.7565627567577717e+00   8.7565599468586726e+00   2.8098990991765049e-06
   5.5786132812500000e-01   8.7523296809696660e+00   8.7523265903608660e+00   3.0906087999937881e-06
   5.5834960937500000e-01   8.7480607205308250e+00   8.7480579154475357e+00   2.8050832892034805e-06
   5.5883789062500000e-01   8.7437570461680707e+00   8.7437539622970739e+00   3.0838709967895284e-06
   5.5932617187500000e-01   8.7394175540849535e+00   8.7394147714199235e+00   2.7826650299545008e-06
   5.5981445312500000e-01   8.7350434210863508e+00   8.7350403836582089e+00   3.0374281418943383e-06
   5.6030273437500000e-01   8.7306335633627832e+00   8.7306308401853236e+00   2.7231774595293246e-06
   5.6079101562500000e-01   8.7261891878631808e+00   8.7261861825055771e+00   3.0053576036692675e-06
   5.6127929687500000e-01   8.7217090956602714e+00   8.7217064524537822e+00   2.6432064892389917e-06
   5.6176757812500000e-01   8.7171946393720070e+00   8.7171916921948558e+00   2.9471771512135092e-06
   5.6225585937500000e-01   8.7126444991404899e+00   8.7126419442234493e+00   2.5549170405980703e-06
   5.4711914062500000e-01   8.8372372359803002e+00   8.8372342713135588e+00   2.9646667414340300e-06
   5.4760742187500000e-01   8.8337539932396254e+00   8.8337512908013434e+00   2.7024382820428627e-06
   5.4809570312500000e-01   8.8302352806424818e+00   8.8302322254733099e+00   3.0551691718727625e-06
   5.4858398437500000e-01   8.8266798946087643e+00   8.8266771084522446e+00   2.7861565197184746e-06
   5.4907226562500000e-01   8.8230890518055904e+00   8.8230859732002571e+00   3.0786053333287100e-06
   5.4956054687500000e-01   8.8194616687266798e+00   8.8194588535184870e+00   2.8152081927856898e-06
   5.5004882812500000e-01   8.8157988815098314e+00   8.8157957835467595e+00   3.0979630718519502e-06
   5.5053710937500000e-01   8.8120996075506550e+00   8.8120967977632887e+00   2.8097873663313067e-06
   5.5102539062500000e-01   8.8083650212823059e+00   8.8083619309843399e+00   3.0902979659686025e-06
   5.5151367187500000e-01   8.8045940050708680e+00   8.8045912183638944e+00   2.7867069736231542e-06
   5.5200195312500000e-01   8.8007877387170428e+00   8.8007846953933377e+00   3.0433237050431217e-06
   5.5249023437500000e-01   8.7969451245400574e+00   8.7969423979011179e+00   2.7266389395208535e-06
   5.5297851562500000e-01   8.7930673730970792e+00   8.7930643620523998e+00   3.0110446793685242e-06
   5.5346679687500000e-01   8.7891532717589769e+00   8.7891506243487321e+00   2.6474102448048598e-06
   5.5395507812500000e-01   8.7852041763243260e+00   8.7852012216277053e+00   2.9546966207050218e-06
   5.5444335937500000e-01   8.7812187516412621e+00   8.7812161910626028e+00   2.5605786593274615e-06
   5.3930664062500000e-01   8.8880316825946331e+00   8.8880287163281935e+00   2.9662664395857519e-06
   5.3979492187500000e-01   8.8851300219005047e+00   8.8851273195012741e+00   2.7023992306141054e-06
   5.4028320312500000e-01   8.8821924112367086e+00   8.8821893542877941e+00   3.0569489144482986e-06
   5.4077148437500000e-01   8.8792176350560545e+00   8.8792148483409914e+00   2.7867150631522009e-06
   5.4125976562500000e-01   8.8762069110765971e+00   8.8762038296580581e+00   3.0814185389971271e-06
   5.4174804687500000e-01   8.8731591436089214e+00   8.8731563265798403e+00   2.8170290811146970e-06
   5.4223632812500000e-01   8.8700754693262454e+00   8.8700723677906019e+00   3.1015356434238583e-06
   5.4272460937500000e-01   8.8669547933139050e+00   8.8669519823177385e+00   2.8109961665023775e-06
   5.4321289062500000e-01   8.8637982924658338e+00   8.8637951995315056e+00   3.0929343282082300e-06
   5.4370117187500000e-01   8.8606048364067114e+00   8.8606020491447399e+00   2.7872619714486291e-06
   5.4418945312500000e-01   8.8573756066809270e+00   8.8573725612125980e+00   3.0454683290770390e-06
   5.4467773437500000e-01   8.8541094928058524e+00   8.8541067661322437e+00   2.7266736086772880e-06
   5.4516601562500000e-01   8.8508077076561218e+00   8.8508046946425836e+00   3.0130135382222534e-06
   5.4565429687500000e-01   8.8474690260998852e+00   8.8474663778239808e+00   2.6482759043489068e-06
   5.4614257812500000e-01   8.8440948056653799e+00   8.8440918470979319e+00   2.9585674479193358e-06
   5.4663085937500000e-01   8.8406836972300038e+00   8.8406811342268163e+00   2.5630031874612769e-06
   5.3149414062500000e-01   8.9294595011457982e+00   8.9294565369388472e+00   2.9642069510060765e-06
   5.3198242187500000e-01   8.9271464125048858e+00   8.9271437135163225e+00   2.6989885633099675e-06
   5.3247070312500000e-01   8.9247969812205454e+00   8.9247939262329226e+00   3.0549876228747053e-06
   5.3295898437500000e-01   8.9224099810261865e+00   8.9224071972057502e+00   2.7838204363916930e-06
   5.3344726562500000e-01   8.9199866293655710e+00   8.9199835488996051e+00   3.0804659658656419e-06
   5.3393554687500000e-01   8.9175258194839344e+00   8.9175230041267870e+00   2.8153571474121009e-06
   5.3442382812500000e-01   8.9150286873643303e+00   8.9150255860468857e+00   3.1013174446314906e-06
   5.3491210937500000e-01   8.9124941268737423e+00   8.9124913181665413e+00   2.8087072010407610e-06
   5.3540039062500000e-01   8.9099233161136002e+00   8.9099202243392597e+00   3.0917743405467490e-06
   5.3588867187500000e-01   8.9073151130937909e+00   8.9073123287651459e+00   2.7843286449780180e-06
   5.3637695312500000e-01   8.9046706998475962e+00   8.9046676559907123e+00   3.0438568838775382e-06
   5.3686523437500000e-01   8.9019889541903279e+00   8.9019862309086211e+00   2.7232817068068016e-06
   5.3735351562500000e-01   8.8992710900169154e+00   8.8992680787574727e+00   3.0112594426867645e-06
   5.3784179687500000e-01   8.8965158709231336e+00   8.8965132251215469e+00   2.6458015867092399e-06
   5.3833007812500000e-01   8.8937246547112316e+00   8.8937216959305747e+00   2.9587806569253416e-06
   5.3881835937500000e-01   8.8908960796441932e+00   8.8908935174594923e+00   2.5621847008494569e-06
   5.8618164062500000e-01   8.4478202434486551e+00   8.4478173412289088e+00   2.9022197463035582e-06
   5.8666992187500000e-01   8.4415822014738158e+00   8.4415795491368151e+00   2.6523370006970026e-06
   5.8715820312500000e-01   8.4353123541186950e+00   8.4353093634986926e+00   2.9906200023077645e-06
   5.8764648437500000e-01   8.4290095752351402e+00   8.4290068433319192e+00   2.7319032209760508e-06
   5.8813476562500000e-01   8.4226750565603652e+00   8.4226720479582085e+00   3.0086021567399257e-06
   5.8862304687500000e-01   8.4163077911642201e+00   8.4163050370030792e+00   2.7541611409276356e-06
   5.8911132812500000e-01   8.4099088942584306e+00   8.4099058703952583e+00   3.0238631723022991e-06
   5.8959960937500000e-01   8.4034773600357724e+00   8.4034746083661318e+00   2.7516696405882612e-06
   5.9008789062500000e-01   8.3970143321548694e+00   8.3970113114491980e+00   3.0207056713749125e-06
   5.9057617187500000e-01   8.3905187724283206e+00   8.3905160404794596e+00   2.7319488609123255e-06
   5.9106445312500000e-01   8.3839918333490733e+00   8.3839888565928877e+00   2.9767561855464919e-06
   5.9155273437500000e-01   8.3774324965801430e+00   8.3774298212258209e+00   2.6753543220792153e-06
   5.9204101562500000e-01   8.3708419419489566e+00   8.3708389961143954e+00   2.9458345611743653e-06
   5.9252929687500000e-01   8.3642190366286382e+00   8.3642164432939694e+00   2.5933346687878611e-06
   5.9301757812500000e-01   8.3575651062056409e+00   8.3575622250985351e+00   2.8811071057788240e-06
   5.9350585937500000e-01   8.3508789044468337e+00   8.3508764041601271e+00   2.5002867065637702e-06
   5.7836914062500000e-01   8.5431724442890324e+00   8.5431695224061883e+00   2.9218828441202049e-06
   5.7885742187500000e-01   8.5374604719446463e+00   8.5374578029485289e+00   2.6689961174497512e-06
   5.7934570312500000e-01   8.5317157983631198e+00   8.5317127875022045e+00   3.0108609152534882e-06
   5.7983398437500000e-01   8.5259372796832871e+00   8.5259345301414857e+00   2.7495418013501194e-06
   5.8032226562500000e-01   8.5201261152169252e+00   8.5201230852535321e+00   3.0299633930752634e-06
   5.8081054687500000e-01   8.5142812807496462e+00   8.5142785075378775e+00   2.7732117686696256e-06
   5.8129882812500000e-01   8.5084038980833601e+00   8.5084008520059129e+00   3.0460774471663399e-06
   5.8178710937500000e-01   8.5024929441370531e+00   8.5024901739803678e+00   2.7701566853721715e-06
   5.8227539062500000e-01   8.4965495711433849e+00   8.4965465290947968e+00   3.0420485881421655e-06
   5.8276367187500000e-01   8.4905727230501924e+00   8.4905699732930522e+00   2.7497571402079757e-06
   5.8325195312500000e-01   8.4845635602520488e+00   8.4845605628287490e+00   2.9974232997886929e-06
   5.8374023437500000e-01   8.4785210466219212e+00   8.4785183542647502e+00   2.6923571709858152e-06
   5.8422851562500000e-01   8.4724463706412845e+00   8.4724434044726209e+00   2.9661686635762408e-06
   5.8471679687500000e-01   8.4663383813410906e+00   8.4663357706321047e+00   2.6107089858840027e-06
   5.8520507812500000e-01   8.4601984131827201e+00   8.4601955102305766e+00   2.9029521435575134e-06
   5.8569335937500000e-01   8.4540251997462903e+00   8.4540226810625061e+00   2.5186837842028353e-06
   5.7055664062500000e-01   8.6299888131775297e+00   8.6299858751837419e+00   2.9379937878104556e-06
   5.7104492187500000e-01   8.6248166707571681e+00   8.6248139883929849e+00   2.6823641832152134e-06
   5.7153320312500000e-01   8.6196110108556194e+00   8.6196079833838688e+00   3.0274717506273419e-06
   5.7202148437500000e-01   8.6143706729736813e+00   8.6143679091573038e+00   2.7638163775378644e-06
   5.7250976562500000e-01   8.6090968627172586e+00   8.6090938150348624e+00   3.0476823962288790e-06
   5.7299804687500000e-01   8.6037885395338378e+00   8.6037857506583215e+00   2.7888755163019141e-06
   5.7348632812500000e-01   8.5984468306237911e+00   8.5984437659892166e+00   3.0646345745566350e-06
   5.7397460937500000e-01   8.5930706965523083e+00   8.5930679113083279e+00   2.7852439803410789e-06
   5.7446289062500000e-01   8.5876612969326107e+00   8.5876582372152566e+00   3.0597173541480061e-06
   5.7495117187500000e-01   8.5822175587959322e+00   8.5822147946279124e+00   2.7641680198087215e-06
   5.7543945312500000e-01   8.5767406492324874e+00   8.5767376347820488e+00   3.0144504385987148e-06
   5.7592773437500000e-01   8.5712295152469924e+00   8.5712268092307813e+00   2.7060162111069985e-06
   5.7641601562500000e-01   8.5656853527366490e+00   8.5656823698441009e+00   2.9828925480757107e-06
   5.7690429687500000e-01   8.5601069936421190e+00   8.5601043688083802e+00   2.6248337388068421e-06
   5.7739257812500000e-01   8.5544957798995469e+00   8.5544928586258902e+00   2.9212736567529873e-06
   5.7788085937500000e-01   8.5488504260584701e+00   8.5488478921143010e+00   2.5339441691585307e-06
   5.6274414062500000e-01   8.7080602018770179e+00   8.7080572513635168e+00   2.9505135010765571e-06
   5.6323242187500000e-01   8.7034403491765922e+00   8.7034376567679388e+00   2.6924086533597347e-06
   5.6372070312500000e-01   8.6987862443308881e+00   8.6987832039180990e+00   3.0404127890903965e-06
   5.6420898437500000e-01   8.6940967113167957e+00   8.6940939366234709e+00   2.7746933248806727e-06
   5.6469726562500000e-01   8.6893729607380745e+00   8.6893698990212389e+00   3.0617168356172897e-06
   5.6518554687500000e-01   8.6846139366903756e+00   8.6846111355758318e+00   2.8011145438711083e-06
   5.6567382812500000e-01   8.6798207705690285e+00   8.6798176910785507e+00   3.0794904777309284e-06
   5.6616210937500000e-01   8.6749924075428151e+00   8.6749896106471187e+00   2.7968956963775327e-06
   5.6665039062500000e-01   8.6701300133944095e+00   8.6701269397252645e+00   3.0736691449817499e-06
   5.6713867187500000e-01   8.6652324992283081e+00   8.6652297240823035e+00   2.7751460045521981e-06
   5.6762695312500000e-01   8.6603010376087060e+00   8.6602980098126920e+00   3.0277960139102333e-06
   5.6811523437500000e-01   8.6553345596333457e+00   8.6553318433356043e+00   2.7162977414008083e-06
   5.6860351562500000e-01   8.6503342673604795e+00   8.6503312713944887e+00   2.9959659908485037e-06
   5.6909179687500000e-01   8.6452989767314588e+00   8.6452963410566319e+00   2.6356748268341335e-06
   5.6958007812500000e-01   8.6402300357399362e+00   8.6402270997127193e+00   2.9360272169043355e-06
   5.7006835937500000e-01   8.6351261411081062e+00   8.6351235950763812e+00   2.5460317250036724e-06
   5.9399414062500000e-01   8.3441619224600192e+00   8.3441590434082293e+00   2.8790517898613643e-06
   5.9448242187500000e-01   8.3374128384951565e+00   8.3374102060692117e+00   2.6324259447818577e-06
   5.9497070312500000e-01   8.3306329224638045e+00   8.3306299556656978e+00   2.9667981067404980e-06
   5.9545898437500000e-01   8.3238210669591215e+00   8.3238183560159875e+00   2.7109431339766843e-06
   5.9594726562500000e-01   8.3169784548842944e+00   8.3169754712334427e+00   2.9836508517178117e-06
   5.9643554687500000e-01   8.3101040974948859e+00   8.3101013657259113e+00   2.7317689745842699e-06
   5.9692382812500000e-01   8.3031991022407343e+00   8.3031961041950879e+00   2.9980456464073768e-06
   5.9741210937500000e-01   8.2962624814636428e+00   8.2962597516359224e+00   2.7298277203158250e-06
   5.9790039062500000e-01   8.2892953690758837e+00   8.2892923733360124e+00   2.9957398712809891e-06
   5.9838867187500000e-01   8.2822967456608474e+00   8.2822940348749707e+00   2.7107858766584059e-06
   5.9887695312500000e-01   8.2752677546213960e+00   8.2752648021238251e+00   2.9524975708739021e-06
   5.9936523437500000e-01   8.2682073962931302e+00   8.2682047412443929e+00   2.6550487373100395e-06
   5.9985351562500000e-01   8.2611168406273858e+00   8.2611139186886557e+00   2.9219387300827293e-06
   6.0034179687500000e-01   8.2539949739512171e+00   8.2539924011981345e+00   2.5727530825747635e-06
   6.0083007812500000e-01   8.2468431115933676e+00   8.2468402558032672e+00   2.8557901003978259e-06
   6.0131835937500000e-01   8.2396600286206638e+00   8.2396575498227627e+00   2.4787979011620109e-06
   6.0180664062500000e-01   8.2324472032980811e+00   8.2324443508629930e+00   2.8524350881298233e-06
   6.0229492187500000e-01   8.2252033361284074e+00   8.2252007268173344e+00   2.6093110729874525e-06
   6.0278320312500000e-01   8.2179296853194668e+00   8.2179267458655261e+00   2.9394539406979447e-06
   6.0327148437500000e-01   8.2106251631839626e+00   8.2106224764730573e+00   2.6867109053085869e-06
   6.0375976562500000e-01   8.2032909425615674e+00   8.2032879873904871e+00   2.9551710802877551e-06
   6.0424804687500000e-01   8.1959260537400116e+00   8.1959233476528226e+00   2.7060871889972304e-06
   6.0473632812500000e-01   8.1885315952677669e+00   8.1885286265788562e+00   2.9686889106983472e-06
   6.0522460937500000e-01   8.1811065984520059e+00   8.1811038937705227e+00   2.7046814832232258e-06
   6.0571289062500000e-01   8.1736521863253824e+00   8.1736492191122281e+00   2.9672131542923808e-06
   6.0620117187500000e-01   8.1661673590879875e+00   8.1661646727702148e+00   2.6863177726710319e-06
   6.0668945312500000e-01   8.1586532498991939e+00   8.1586503251918838e+00   2.9247073101146270e-06
   6.0717773437500000e-01   8.1511088785949717e+00   8.1511062471051332e+00   2.6314898384782737e-06
   6.0766601562500000e-01   8.1435354040554415e+00   8.1435325095176996e+00   2.8945377419375973e-06
   6.0815429687500000e-01   8.1359317327326934e+00   8.1359291837164918e+00   2.5490162016694740e-06
   6.0864257812500000e-01   8.1282991683262082e+00   8.1282963412668963e+00   2.8270593119827936e-06
   6.0913085937500000e-01   8.1206365082848482e+00   8.1206340540121413e+00   2.4542727068421755e-06
   6.0961914062500000e-01   8.1129452165005524e+00   8.1129423940725935e+00   2.8224279589039725e-06
   6.1010742187500000e-01   8.1052240168990437e+00   8.1052214338450792e+00   2.5830539644999817e-06
   6.1059570312500000e-01   8.0974741546490598e+00   8.0974712460022218e+00   2.9086468380512542e-06
   6.1108398437500000e-01   8.0896945627619239e+00   8.0896919034917367e+00   2.6592701871663849e-06
   6.1157226562500000e-01   8.0818864027626685e+00   8.0818834795357688e+00   2.9232268996537414e-06
   6.1206054687500000e-01   8.0740487248107300e+00   8.0740460476301639e+00   2.6771805661240933e-06
   6.1254882812500000e-01   8.0661826174077600e+00   8.0661796815438258e+00   2.9358639341836579e-06
   6.1303710937500000e-01   8.0582871316072922e+00   8.0582844553179811e+00   2.6762893110543473e-06
   6.1352539062500000e-01   8.0503633784641710e+00   8.0503604432655145e+00   2.9351986565728794e-06
   6.1401367187500000e-01   8.0424103785671317e+00   8.0424077199702353e+00   2.6585968964099038e-06
   6.1450195312500000e-01   8.0344292537465307e+00   8.0344263602862114e+00   2.8934603193420116e-06
   6.1499023437500000e-01   8.0264190440616385e+00   8.0264164393370372e+00   2.6047246013405356e-06
   6.1547851562500000e-01   8.0183808962213394e+00   8.0183780325151393e+00   2.8637062001735103e-06
   6.1596679687500000e-01   8.0103137376549345e+00   8.0103112154810656e+00   2.5221738688685491e-06
   6.1645507812500000e-01   8.0022188591507692e+00   8.0022160641627664e+00   2.7949880028188545e-06
   6.1694335937500000e-01   7.9940950815264955e+00   7.9940926547548923e+00   2.4267716032255748e-06
   6.1743164062500000e-01   7.9859438528135822e+00   7.9859410637180677e+00   2.7890955145437601e-06
   6.1791992187500000e-01   7.9777639215094132e+00   7.9777613677781671e+00   2.5537312460244266e-06
   6.1840820312500000e-01   7.9695565183580142e+00   7.9695536439256083e+00   2.8744324058749271e-06
   6.1889648437500000e-01   7.9613205981247308e+00   7.9613179694146128e+00   2.6287101180244576e-06
   6.1938476562500000e-01   7.9530573096330910e+00   7.9530544217624852e+00   2.8878706057611225e-06
   6.1987304687500000e-01   7.9447657238936555e+00   7.9447630787488785e+00   2.6451447769915148e-06
   6.2036132812500000e-01   7.9364469180399944e+00   7.9364440184150808e+00   2.8996249135104790e-06
   6.2084960937500000e-01   7.9280999638032466e+00   7.9280973190632498e+00   2.6447399967821639e-06
   6.2133789062500000e-01   7.9197259590152722e+00   7.9197230592556993e+00   2.8997595729052250e-06
   6.2182617187500000e-01   7.9113239455100546e+00   7.9113213178141528e+00   2.6276959017579316e-06
   6.2231445312500000e-01   7.9028950326552518e+00   7.9028921738190032e+00   2.8588362486203778e-06
   6.2280273437500000e-01   7.8944382814122713e+00   7.8944357066085562e+00   2.5748037151274161e-06
   6.2329101562500000e-01   7.8859548253217859e+00   7.8859519957783073e+00   2.8295434786329565e-06
   6.2377929687500000e-01   7.8774436134371060e+00   7.8774411211801736e+00   2.4922569323848620e-06
   6.2426757812500000e-01   7.8689059226163627e+00   7.8689031629217512e+00   2.7596946114982757e-06
   6.2475585937500000e-01   7.8603405976812342e+00   7.8603382013655505e+00   2.3963156836614985e-06
   6.2524414062500000e-01   7.8517490696938488e+00   7.8517463171282476e+00   2.7525656012272748e-06
   6.2573242187500000e-01   7.8431301124487964e+00   7.8431275910799378e+00   2.5213688585878913e-06
   6.2622070312500000e-01   7.8344849412723274e+00   7.8344821043433486e+00   2.8369289788443552e-06
   6.2670898437500000e-01   7.8258125333762187e+00   7.8258099382930961e+00   2.5950831226140281e-06
   6.2719726562500000e-01   7.8171140237436916e+00   7.8171111745549062e+00   2.8491887853476783e-06
   6.2768554687500000e-01   7.8083885050806785e+00   7.8083858950048599e+00   2.6100758185876316e-06
   6.2817382812500000e-01   7.7996370417867045e+00   7.7996341817686092e+00   2.8600180952409460e-06
   6.2866210937500000e-01   7.7908587273911110e+00   7.7908561172206099e+00   2.6101705010717069e-06
   6.2915039062500000e-01   7.7820546448893442e+00   7.7820517839833521e+00   2.8609059921080870e-06
   6.2963867187500000e-01   7.7732238586978131e+00   7.7732212649265771e+00   2.5937712360146747e-06
   6.3012695312500000e-01   7.7643674640045646e+00   7.7643646431664859e+00   2.8208380786765019e-06
   6.3061523437500000e-01   7.7554845439312103e+00   7.7554820020649773e+00   2.5418662330523034e-06
   6.3110351562500000e-01   7.7465762173161377e+00   7.7465734252288563e+00   2.7920872813780306e-06
   6.3159179687500000e-01   7.7376414558569753e+00   7.7376389965090375e+00   2.4593479377443828e-06
   6.3208007812500000e-01   7.7286815212951527e+00   7.7286787999997664e+00   2.7212953863653411e-06
   6.3256835937500000e-01   7.7196952829327365e+00   7.7196929200378266e+00   2.3628949099574470e-06
   6.3305664062500000e-01   7.7106841542846336e+00   7.7106814412017410e+00   2.7130828925692185e-06
   6.3354492187500000e-01   7.7016469341495535e+00   7.7016444483109812e+00   2.4858385723192100e-06
   6.3403320312500000e-01   7.6925848228900691e+00   7.6925820264251659e+00   2.7964649031986255e-06
   6.3452148437500000e-01   7.6834968190648461e+00   7.6834942608432613e+00   2.5582215847919088e-06
   6.3500976562500000e-01   7.6743840446115694e+00   7.6743812371027778e+00   2.8075087916690222e-06
   6.3549804687500000e-01   7.6652456128430329e+00   7.6652430409789680e+00   2.5718640648264568e-06
   6.3598632812500000e-01   7.6560825757551454e+00   7.6560797584840090e+00   2.8172711363794178e-06
   6.3647460937500000e-01   7.6468940484775985e+00   7.6468914758662141e+00   2.5726113843660414e-06
   6.3696289062500000e-01   7.6376810983033625e+00   7.6376782796091884e+00   2.8186941740671045e-06
   6.3745117187500000e-01   7.6284428134629554e+00   7.6284402564310465e+00   2.5570319088785709e-06
   6.3793945312500000e-01   7.6191802726355773e+00   7.6191774932835870e+00   2.7793519903340780e-06
   6.3842773437500000e-01   7.6098925836079934e+00   7.6098900773514577e+00   2.5062565356392952e-06
   6.3891601562500000e-01   7.6005808471828855e+00   7.6005780960513558e+00   2.7511315296990801e-06
   6.3940429687500000e-01   7.5912440608549652e+00   7.5912416370312021e+00   2.4238237630314075e-06
   6.3989257812500000e-01   7.5818834677890852e+00   7.5818807881692969e+00   2.6796197882816841e-06
   6.4038085937500000e-01   7.5724979643559553e+00   7.5724956375735148e+00   2.3267824404982207e-06
   6.4086914062500000e-01   7.5630889442330531e+00   7.5630862735804749e+00   2.6706525781960977e-06
   6.4135742187500000e-01   7.5536552319564656e+00   7.5536527847546857e+00   2.4472017798871093e-06
   6.4184570312500000e-01   7.5441980131795638e+00   7.5441952598877435e+00   2.7532918203121426e-06
   6.4233398437500000e-01   7.5347163059164668e+00   7.5347137879974682e+00   2.5179189986346273e-06
   6.4282226562500000e-01   7.5252112216938558e+00   7.5252084583270875e+00   2.7633667682991359e-06
   6.4331054687500000e-01   7.5156818903913987e+00   7.5156793603443894e+00   2.5300470092304295e-06
   6.4379882812500000e-01   7.5061293558563893e+00   7.5061265837408637e+00   2.7721155255733265e-06
   6.4428710937500000e-01   7.4965527499514817e+00   7.4965502184308868e+00   2.5315205949283381e-06
   6.4477539062500000e-01   7.4869531283280404e+00   7.4869503545508582e+00   2.7737771821634283e-06
   6.4526367187500000e-01   7.4773295996443743e+00   7.4773270824583493e+00   2.5171860249528777e-06
   6.4575195312500000e-01   7.4676832273435076e+00   7.4676804927312617e+00   2.7346122459803723e-06
   6.4624023437500000e-01   7.4580131443766078e+00   7.4580106761669764e+00   2.4682096313455304e-06
   6.4672851562500000e-01   7.4483204301292512e+00   7.4483177237814839e+00   2.7063477672228942e-06
   6.4721679687500000e-01   7.4386041132300162e+00   7.4386017268085505e+00   2.3864214657720595e-06
   6.4770507812500000e-01   7.4288654106720067e+00   7.4288627766988311e+00   2.6339731755697926e-06
   6.4819335937500000e-01   7.4191032540431125e+00   7.4191009651190374e+00   2.2889240751666762e-06
   6.4868164062500000e-01   7.4093190083721847e+00   7.4093163839510590e+00   2.6244211257520078e-06
   6.4916992187500000e-01   7.3995115317950653e+00   7.3995091252911003e+00   2.4065039649912023e-06
   6.4965820312500000e-01   7.3896819880473954e+00   7.3896792814488119e+00   2.7065985834795470e-06
   6.5014648437500000e-01   7.3798294200603678e+00   7.3798269449464362e+00   2.4751139315881687e-06
   6.5063476562500000e-01   7.3699549246902594e+00   7.3699522085179030e+00   2.7161723563651208e-06
   6.5112304687500000e-01   7.3600576502612789e+00   7.3600551651080011e+00   2.4851532778313867e-06
   6.5161132812500000e-01   7.3501386325420697e+00   7.3501359078714756e+00   2.7246705940342508e-06
   6.5209960937500000e-01   7.3401970165456500e+00   7.3401945301721430e+00   2.4863735070823623e-06
   6.5258789062500000e-01   7.3302338531807401e+00   7.3302311255820456e+00   2.7275986944630404e-06
   6.5307617187500000e-01   7.3202482602164576e+00   7.3202457878805358e+00   2.4723359217659890e-06
   6.5356445312500000e-01   7.3102413001682969e+00   7.3102386110534194e+00   2.6891148774410567e-06
   6.5405273437500000e-01   7.3002121147934158e+00   7.3002096892920507e+00   2.4255013650886781e-06
   6.5454101562500000e-01   7.2901617765072899e+00   7.2901591169924664e+00   2.6595148234775934e-06
   6.5502929687500000e-01   7.2800893354796479e+00   7.2800869887544764e+00   2.3467251715203474e-06
   6.5551757812500000e-01   7.2699959829048488e+00   7.2699933993807928e+00   2.5835240560212469e-06
   6.5600585937500000e-01   7.2598806956002591e+00   7.2598784438761168e+00   2.2517241422548295e-06
   6.5649414062500000e-01   7.2497447885410162e+00   7.2497422174462649e+00   2.5710947513246651e-06
   6.5698242187500000e-01   7.2395871828438239e+00   7.2395848154972633e+00   2.3673465605611455e-06
   6.5747070312500000e-01   7.2294089873524516e+00   7.2294063336344419e+00   2.6537180097818691e-06
   6.5795898437500000e-01   7.2192092991685870e+00   7.2192068676615531e+00   2.4315070339397948e-06
   6.5844726562500000e-01   7.2089891790811009e+00   7.2089865135798519e+00   2.6655012490550689e-06
   6.5893554687500000e-01   7.1987478050440705e+00   7.1987453675872040e+00   2.4374568665663787e-06
   6.5942382812500000e-01   7.1884862003710710e+00   7.1884835260771771e+00   2.6742938938895122e-06
   6.5991210937500000e-01   7.1782035250155465e+00   7.1782010856381344e+00   2.4393774120667899e-06
   6.6040039062500000e-01   7.1679008198537169e+00   7.1678981430523105e+00   2.6768014063094370e-06
   6.6088867187500000e-01   7.1575772217591531e+00   7.1575747952949405e+00   2.4264642126681224e-06
   6.6137695312500000e-01   7.1472337800256334e+00   7.1472311395332913e+00   2.6404923421097237e-06
   6.6186523437500000e-01   7.1368696504301381e+00   7.1368672731257972e+00   2.3773043409391903e-06
   6.6235351562500000e-01   7.1264859099662079e+00   7.1264832936211162e+00   2.6163450916882880e-06
   6.6284179687500000e-01   7.1160815937126340e+00   7.1160792987572137e+00   2.2949554203677280e-06
   6.6333007812500000e-01   7.1056579265177771e+00   7.1056553864604579e+00   2.5400573191447506e-06
   6.6381835937500000e-01   7.0952138609240745e+00   7.0952116548446771e+00   2.2060793973821546e-06
   6.6430664062500000e-01   7.0847507147214195e+00   7.0847482022102497e+00   2.5125111697832381e-06
   6.6479492187500000e-01   7.0742674635021752e+00   7.0742651270431818e+00   2.3364589933905222e-06
   6.6528320312500000e-01   7.0637651091448443e+00   7.0637625280141627e+00   2.5811306816336810e-06
   6.6577148437500000e-01   7.0532429075022911e+00   7.0532405039776584e+00   2.4035246326548076e-06
   6.6625976562500000e-01   7.0427017529523450e+00   7.0426991539709691e+00   2.5989813758897640e-06
   6.6674804687500000e-01   7.0321409665173160e+00   7.0321385772132903e+00   2.3893040257405573e-06
   6.6723632812500000e-01   7.0215615057271634e+00   7.0215588731047927e+00   2.6326223707684449e-06
   6.6772460937500000e-01   7.0109625084209144e+00   7.0109601412256861e+00   2.3671952282811048e-06
   6.6821289062500000e-01   7.0003451305714428e+00   7.0003424813352684e+00   2.6492361744345772e-06
   6.6870117187500000e-01   6.9897083525363186e+00   6.9897059933709951e+00   2.3591653235399690e-06
   6.6918945312500000e-01   6.9790533686132026e+00   6.9790507774475454e+00   2.5911656571508956e-06
   6.6967773437500000e-01   6.9683792787667880e+00   6.9683769338558665e+00   2.3449109214368491e-06
   6.7016601562500000e-01   6.9576870997903759e+00   6.9576845630622444e+00   2.5367281315524792e-06
   6.7065429687500000e-01   6.9469760414880488e+00   6.9469737657073400e+00   2.2757807087714355e-06
   6.7114257812500000e-01   6.9362471184367651e+00   6.9362446426052600e+00   2.4758315051442992e-06
   6.7163085937500000e-01   6.9254994381725066e+00   6.9254972947426001e+00   2.1434299064537754e-06
   6.7993164062500000e-01   6.7401048329575008e+00   6.7401026649964910e+00   2.1679610098246371e-06
   6.8041992187500000e-01   6.7290471195815629e+00   6.7290447310668009e+00   2.3885147619751024e-06
   6.8090820312500000e-01   6.7179730002070777e+00   6.7179705226210080e+00   2.4775860696379937e-06
   6.8139648437500000e-01   6.7068822587959351e+00   6.7068801438937751e+00   2.1149021600663787e-06
   6.8188476562500000e-01   6.6957764819362469e+00   6.6957736992719745e+00   2.7826642723383088e-06
   6.8237304687500000e-01   6.6846532940368490e+00   6.6846512932936939e+00   2.0007431551505306e-06
   6.8286132812500000e-01   6.6735156701403957e+00   6.6735130306472508e+00   2.6394931449402748e-06
   6.8334960937500000e-01   6.6623614101867830e+00   6.6623590161702158e+00   2.3940165672087232e-06
   6.8383789062500000e-01   6.6511915069956000e+00   6.6511893548484267e+00   2.1521471733620956e-06
   6.8432617187500000e-01   6.6400069168730944e+00   6.6400041518149813e+00   2.7650581131410945e-06
   6.8481445312500000e-01   6.6288055544999454e+00   6.6288035123492772e+00   2.0421506681245205e-06
   6.8530273437500000e-01   6.6175899427212350e+00   6.6175875418759915e+00   2.4008452434998162e-06
   6.8579101562500000e-01   6.6063590030976034e+00   6.6063563459641159e+00   2.6571334874603281e-06
   6.8627929687500000e-01   6.5951116311620481e+00   6.5951100303259462e+00   1.6008361019004269e-06
   6.8676757812500000e-01   6.5838517669364638e+00   6.5838487008160786e+00   3.0661203851423124e-06
   6.8725585937500000e-01   6.5725739916609882e+00   6.5725724634304417e+00   1.5282305465547097e-06
   6.7211914062500000e-01   6.9147343310546336e+00   6.9147318232774833e+00   2.5077771503845270e-06
   6.7260742187500000e-01   6.9039505558079899e+00   6.9039483295386326e+00   2.2262693573082970e-06
   6.7309570312500000e-01   6.8931494883761042e+00   6.8931469150243991e+00   2.5733517050596788e-06
   6.7358398437500000e-01   6.8823300281786590e+00   6.8823276814018062e+00   2.3467768528462329e-06
   6.7407226562500000e-01   6.8714932245000444e+00   6.8714907305056059e+00   2.4939944385238277e-06
   6.7456054687500000e-01   6.8606385997990316e+00   6.8606361643373006e+00   2.4354617309541027e-06
   6.7504882812500000e-01   6.8497665433224890e+00   6.8497640850642050e+00   2.4582582840437794e-06
   6.7553710937500000e-01   6.8388770029548613e+00   6.8388745950184733e+00   2.4079363880602500e-06
   6.7602539062500000e-01   6.8279703667705203e+00   6.8279677966961252e+00   2.5700743950807237e-06
   6.7651367187500000e-01   6.8170460306485223e+00   6.8170437927561052e+00   2.2378924171562176e-06
   6.7700195312500000e-01   6.8061053744270028e+00   6.8061026860193010e+00   2.6884077017896857e-06
   6.7749023437500000e-01   6.7951466883729355e+00   6.7951445794675696e+00   2.1089053658940315e-06
   6.7797851562500000e-01   6.7841722058343024e+00   6.7841695762427872e+00   2.6295915152019234e-06
   6.7846679687500000e-01   6.7731799671667900e+00   6.7731777796458665e+00   2.1875209235133752e-06
   6.7895507812500000e-01   6.7621716090556649e+00   6.7621692931357771e+00   2.3159198878630605e-06
   6.7944335937500000e-01   6.7511465436202478e+00   6.7511442203285927e+00   2.3232916550597338e-06
   7.4243164062500000e-01   5.2293516993428542e+00   5.2293479766494766e+00   3.7226933775613702e-06
   7.4291992187500000e-01   5.2171005344618493e+00   5.2170952749303723e+00   5.2595314770087498e-06
   7.4340820312500000e-01   5.2048368007528385e+00   5.2048405297392648e+00   3.7289864263101435e-06
   7.4389648437500000e-01   5.1925881250430006e+00   5.1925838564224849e+00   4.2686205157238533e-06
   7.4438476562500000e-01   5.1803306260407060e+00   5.1803253703445131e+00   5.2556961929184354e-06
   7.4487304687500000e-01   5.1680607961824698e+00   5.1680651868868841e+00   4.3907044142699192e-06
   7.4536132812500000e-01   5.1558085082352791e+00   5.1558034214471187e+00   5.0867881604688137e-06
   7.4584960937500000e-01   5.1435452486468289e+00   5.1435401894376165e+00   5.0592092124546184e-06
   7.4633789062500000e-01   5.1312705495386304e+00   5.1312756062845919e+00   5.0567459615180610e-06
   7.4682617187500000e-01   5.1190158921406788e+00   5.1190097874269753e+00   6.1047137034364596e-06
   7.4731445312500000e-01   5.1067472802352594e+00   5.1067428483153190e+00   4.4319199403730636e-06
   7.4780273437500000e-01   5.0944697101067611e+00   5.0944749044107294e+00   5.1943039682811332e-06
   7.4829101562500000e-01   5.0822125550779358e+00   5.0822060711837675e+00   6.4838941682410223e-06
   7.4877929687500000e-01   5.0699405935833122e+00   5.0699364641133595e+00   4.1294699526517320e-06
   7.4926757812500000e-01   5.0576608871116715e+00   5.0576661986857250e+00   5.3115740534792621e-06
   7.4975585937500000e-01   5.0454015767998497e+00   5.0453953903932760e+00   6.1864065736827456e-06
   7.3461914062500000e-01   5.4250210400567642e+00   5.4250192565259212e+00   1.7835308430136365e-06
   7.3510742187500000e-01   5.4128133274645096e+00   5.4128149184448580e+00   1.5909803483538099e-06
   7.3559570312500000e-01   5.4006132555776114e+00   5.4006066947039706e+00   6.5608736408151458e-06
   7.3608398437500000e-01   5.3883943525116766e+00   5.3883947002117143e+00   3.4770003765061119e-07
   7.3657226562500000e-01   5.3761792621542952e+00   5.3761790499120226e+00   2.1224227264582396e-07
   7.3706054687500000e-01   5.3639660168932508e+00   5.3639598587832538e+00   6.1581099970453579e-06
   7.3754882812500000e-01   5.3517360488871679e+00   5.3517372418370917e+00   1.1929499237339769e-06
   7.3803710937500000e-01   5.3395126828085324e+00   5.3395113141174546e+00   1.3686910778076822e-06
   7.3852539062500000e-01   5.3272877845072699e+00   5.3272821906994343e+00   5.5938078356021492e-06
   7.3901367187500000e-01   5.3150486508383201e+00   5.3150499866881997e+00   1.3358498796023355e-06
   7.3950195312500000e-01   5.3028163956261043e+00   5.3028148172179090e+00   1.5784081952574525e-06
   7.3999023437500000e-01   5.2905826675377483e+00   5.2905767974506430e+00   5.8700871052863590e-06
   7.4047851562500000e-01   5.2783338208986734e+00   5.2783360425752974e+00   2.2216766240035213e-06
   7.4096679687500000e-01   5.2660947903904871e+00   5.2660926678065216e+00   2.1225839654803735e-06
   7.4145507812500000e-01   5.2538529357053658e+00   5.2538467883836280e+00   6.1473217378704703e-06
   7.4194335937500000e-01   5.2415947661967452e+00   5.2415985195694876e+00   3.7533727423877394e-06
   7.2680664062500000e-01   5.6196648235445803e+00   5.6196666051108508e+00   1.7815662705089608e-06
   7.2729492187500000e-01   5.6075448009521045e+00   5.6075400319872433e+00   4.7689648612347924e-06
   7.2778320312500000e-01   5.5954099424920161e+00   5.5954077403768832e+00   2.2021151329099098e-06
   7.2827148437500000e-01   5.5832686500436388e+00   5.5832698444735218e+00   1.1944298830002253e-06
   7.2875976562500000e-01   5.5711326151196658e+00   5.5711264585236506e+00   6.1565960152165644e-06
   7.2924804687500000e-01   5.5589773851101878e+00   5.5589776968254503e+00   3.1171526249096360e-07
   7.2973632812500000e-01   5.5468246461613857e+00   5.5468236737276859e+00   9.7243369978627925e-07
   7.3022460937500000e-01   5.5346701059291528e+00   5.5346645036286546e+00   5.6023004981753388e-06
   7.3071289062500000e-01   5.5224988022175925e+00   5.5225003009750990e+00   1.4987575065461556e-06
   7.3120117187500000e-01   5.5103340432735983e+00   5.5103311802611223e+00   2.8630124759843056e-06
   7.3168945312500000e-01   5.4981616953650105e+00   5.4981572560271257e+00   4.4393378848539555e-06
   7.3217773437500000e-01   5.4859766696940806e+00   5.4859786428587238e+00   1.9731646432319394e-06
   7.3266601562500000e-01   5.4737998799331358e+00   5.4737954553856554e+00   4.4245474803972229e-06
   7.3315429687500000e-01   5.4616106150995485e+00   5.4616078082807240e+00   2.8068188244745329e-06
   7.3364257812500000e-01   5.4494141720380860e+00   5.4494158162587096e+00   1.6442206236533252e-06
   7.3413085937500000e-01   5.4372246547949681e+00   5.4372195940752759e+00   5.0607196921959030e-06
   7.1899414062500000e-01   5.8128194282481402e+00   5.8128210998924335e+00   1.6716442932107611e-06
   7.1948242187500000e-01   5.8008072057982716e+00   5.8008015057031006e+00   5.7000951709795800e-06
   7.1997070312500000e-01   5.7887750949560690e+00   5.7887743739764232e+00   7.2097964576300910e-07
   7.2045898437500000e-01   5.7767399397270616e+00   5.7767398179163383e+00   1.2181072328587561e-07
   7.2094726562500000e-01   5.7647043581187809e+00   5.7646979507966751e+00   6.4073221057725505e-06
   7.2143554687500000e-01   5.7526466405473329e+00   5.7526488859600766e+00   2.2454127437399052e-06
   7.2192382812500000e-01   5.7405966872350334e+00   5.7405927368169225e+00   3.9504181108540593e-06
   7.2241210937500000e-01   5.7285333377715908e+00   5.7285296168442832e+00   3.7209273076044269e-06
   7.2290039062500000e-01   5.7164575525636305e+00   5.7164596395848415e+00   2.0870212109613817e-06
   7.2338867187500000e-01   5.7043892330316091e+00   5.7043829186458144e+00   6.3143857946812432e-06
   7.2387695312500000e-01   5.6922997975341181e+00   5.6922995676979049e+00   2.2983621317251846e-07
   7.2436523437500000e-01   5.6802101348532794e+00   5.6802097004742063e+00   4.3437907315535540e-07
   7.2485351562500000e-01   5.6681194194229567e+00   5.6681134307691590e+00   5.9886537977504872e-06
   7.2534179687500000e-01   5.6560090111981367e+00   5.6560108724374620e+00   1.8612393253292225e-06
   7.2583007812500000e-01   5.6439054550703185e+00   5.6439021393929973e+00   3.3156773211473478e-06
   7.2631835937500000e-01   5.6317910405516898e+00   5.6317873456077745e+00   3.6949439152778041e-06
   7.1118164062500000e-01   6.0040158807361568e+00   6.0040174147744061e+00   1.5340382493178595e-06
   7.1166992187500000e-01   5.9921386363503233e+00   5.9921337557745407e+00   4.8805757826286822e-06
   7.1215820312500000e-01   5.9802425346459778e+00   5.9802407583453245e+00   1.7763006532334202e-06
   7.1264648437500000e-01   5.9683382817965862e+00   5.9683385344281721e+00   2.5263158587307544e-07
   7.1313476562500000e-01   5.9564333611767761e+00   5.9564271960513562e+00   6.1651254199546202e-06
   7.1362304687500000e-01   5.9445053906416270e+00   5.9445068553289193e+00   1.4646872923407273e-06
   7.1411132812500000e-01   5.9325811162927007e+00   5.9325776244596558e+00   3.4918330449329460e-06
   7.1459960937500000e-01   5.9206433285005335e+00   5.9206396157260297e+00   3.7127745038390003e-06
   7.1508789062500000e-01   5.9086915444969854e+00   5.9086929414931220e+00   1.3969961365489780e-06
   7.1557617187500000e-01   5.8967433654534673e+00   5.8967377142075819e+00   5.6512458854740544e-06
   7.1606445312500000e-01   5.8847746950328688e+00   5.8847740463965659e+00   6.4863630289124785e-07
   7.1655273437500000e-01   5.8728027199571864e+00   5.8728020506666647e+00   6.6929052167097325e-07
   7.1704101562500000e-01   5.8608274869557988e+00   5.8608218397028651e+00   5.6472529337270316e-06
   7.1752929687500000e-01   5.8488319019131154e+00   5.8488335262674775e+00   1.6243543621285994e-06
   7.1801757812500000e-01   5.8368408880232874e+00   5.8368372231990699e+00   3.6648242174308621e-06
   7.1850585937500000e-01   5.8248363293090630e+00   5.8248330434114193e+00   3.2858976437566412e-06
   7.0336914062500000e-01   6.1927952671026532e+00   6.1927949410873993e+00   3.2601525390418828e-07
   7.0385742187500000e-01   6.1810775878230686e+00   6.1810758460524191e+00   1.7417706494882168e-06
   7.0434570312500000e-01   6.1693503896922106e+00   6.1693456341931725e+00   4.7554990381115658e-06
   7.0483398437500000e-01   6.1576030118057794e+00   6.1576044159188807e+00   1.4041131013442509e-06
   7.0532226562500000e-01   6.1458575786736036e+00   6.1458523017423659e+00   5.2769312377520805e-06
   7.0581054687500000e-01   6.1340904654819957e+00   6.1340894022789954e+00   1.0632030003066006e-06
   7.0629882812500000e-01   6.1223167855773539e+00   6.1223158282456627e+00   9.5733169125367112e-07
   7.0678710937500000e-01   6.1105368672476059e+00   6.1105316904597329e+00   5.1767878730402117e-06
   7.0727539062500000e-01   6.0987361777599070e+00   6.0987370998379937e+00   9.2207808677358116e-07
   7.0776367187500000e-01   6.0869360456308383e+00   6.0869321673956289e+00   3.8782352094202110e-06
   7.0825195312500000e-01   6.0751198877432797e+00   6.0751170042451532e+00   2.8834981264935777e-06
   7.0874023437500000e-01   6.0632911086256005e+00   6.0632917215953857e+00   6.1296978515201772e-07
   7.0922851562500000e-01   6.0514620660277831e+00   6.0514564307503917e+00   5.6352773913914689e-06
   7.0971679687500000e-01   6.0396109337339539e+00   6.0396112431084301e+00   3.0937447625944969e-07
   7.1020507812500000e-01   6.0277584254985834e+00   6.0277562701609231e+00   2.1553376603478114e-06
   7.1069335937500000e-01   6.0158959366857019e+00   6.0158916234913935e+00   4.3131943083807300e-06
   6.9555664062500000e-01   6.3787027914243666e+00   6.3786988972355632e+00   3.8941888034216277e-06
   6.9604492187500000e-01   6.3671727792067596e+00   6.3671725984918801e+00   1.8071487950521714e-07
   6.9653320312500000e-01   6.3556371642164748e+00   6.3556334313104177e+00   3.7329060571522632e-06
   6.9702148437500000e-01   6.3440835607724324e+00   6.3440815043022223e+00   2.0564702101211196e-06
   6.9750976562500000e-01   6.3325180090693092e+00   6.3325169261984202e+00   1.0828708889576433e-06
   6.9799804687500000e-01   6.3209441638124737e+00   6.3209398058492310e+00   4.3579632427181991e-06
   6.9848632812500000e-01   6.3093505148797622e+00   6.3093502522229219e+00   2.6265684027748648e-07
   6.9897460937500000e-01   6.2977515588278461e+00   6.2977483744047804e+00   3.1844230656830064e-06
   6.9946289062500000e-01   6.2861373514728900e+00   6.2861342815961017e+00   3.0698767883308165e-06
   6.9995117187500000e-01   6.2745080086766922e+00   6.2745080831131528e+00   7.4436460550941774e-08
   7.0043945312500000e-01   6.2628751306219774e+00   6.2628698883861373e+00   5.2422358400860958e-06
   7.0092773437500000e-01   6.2512196539457197e+00   6.2512198069581775e+00   1.5301245781529360e-07
   7.0141601562500000e-01   6.2395608462443874e+00   6.2395579484842809e+00   2.8977601065349745e-06
   7.0190429687500000e-01   6.2278879652758210e+00   6.2278844227302947e+00   3.5425455262583228e-06
   7.0239257812500000e-01   6.2161985976939853e+00   6.2161993395718937e+00   7.4187790843893708e-07
   7.0288085937500000e-01   6.2045079284534221e+00   6.2045028089935270e+00   5.1194598951198600e-06
   6.8774414062500000e-01   6.5612838421040749e+00   6.5612814243052808e+00   2.4177987940632306e-06
   6.8823242187500000e-01   6.5499783290528120e+00   6.5499756897161463e+00   2.6393366656662920e-06
   6.8872070312500000e-01   6.5386569187401271e+00   6.5386553660769220e+00   1.5526632051177103e-06
   6.8920898437500000e-01   6.5273237429407196e+00   6.5273205599388096e+00   3.1830019100453910e-06
   6.8969726562500000e-01   6.5159731846344737e+00   6.5159713779893167e+00   1.8066451570319941e-06
   6.9018554687500000e-01   6.5046101306148589e+00   6.5046079270512642e+00   2.2035635947048604e-06
   6.9067382812500000e-01   6.4932335174702676e+00   6.4932303140817869e+00   3.2033884806992319e-06
   6.9116210937500000e-01   6.4818395976074488e+00   6.4818386461713047e+00   9.5143614409209931e-07
   6.9165039062500000e-01   6.4704367982404296e+00   6.4704330305425408e+00   3.7676978887901669e-06
   6.9213867187500000e-01   6.4590149725804631e+00   6.4590135745494841e+00   1.3980309789829448e-06
   6.9262695312500000e-01   6.4475827394201595e+00   6.4475803856764120e+00   2.3537437474629996e-06
   6.9311523437500000e-01   6.4361367159784759e+00   6.4361335715368497e+00   3.1444416261905417e-06
   6.9360351562500000e-01   6.4246741254482647e+00   6.4246732398725701e+00   8.8557569455360863e-07
   6.9409179687500000e-01   6.4132029895594478e+00   6.4131994985525793e+00   3.4910068684723683e-06
   6.9458007812500000e-01   6.4017141420123345e+00   6.4017124555721043e+00   1.6864402301308701e-06
   6.9506835937500000e-01   6.3902137124212590e+00   6.3902122190515627e+00   1.4933696963481680e-06
   9.6899414062500000e-01   1.0834494292872199e+00   1.0834527148552282e+00   3.2855680083265781e-06
   9.6948242187500000e-01   1.0809745721602779e+00   1.0809774179609852e+00   2.8458007073073333e-06
   9.6997070312500000e-01   1.0785370672885626e+00   1.0785390083112429e+00   1.9410226803628916e-06
   9.7045898437500000e-01   1.0761359953066856e+00   1.0761375088572400e+00   1.5135505544439098e-06
   9.7094726562500000e-01   1.0737724855556277e+00   1.0737729422028046e+00   4.5664717696070056e-07
   9.7143554687500000e-01   1.0714459080940111e+00   1.0714453306041394e+00   5.7748987170036514e-07
   9.7192382812500000e-01   1.0691555734448381e+00   1.0691546959696094e+00   8.7747522869996430e-07
   9.7241210937500000e-01   1.0669033721387433e+00   1.0669010598595423e+00   2.3122792009999671e-06
   9.7290039062500000e-01   1.0646868761129382e+00   1.0646844434860181e+00   2.4326269201235817e-06
   9.7338867187500000e-01   1.0625079293351949e+00   1.0625048677126745e+00   3.0616225203949909e-06
   9.7387695312500000e-01   1.0603659158535199e+00   1.0603623530545090e+00   3.5627990109254881e-06
   9.7436523437500000e-01   1.0582603147946239e+00   1.0582569196776852e+00   3.3951169386980951e-06
   9.7485351562500000e-01   1.0561921727134964e+00   1.0561885873993437e+00   3.5853141526764887e-06
   9.7534179687500000e-01   1.0541607259821333e+00   1.0541573756874174e+00   3.3502947158758900e-06
   9.7583007812500000e-01   1.0521662706079169e+00   1.0521633036604416e+00   2.9669474752580527e-06
   9.7631835937500000e-01   1.0502088893245038e+00   1.0502063900873839e+00   2.4992371199239471e-06
   9.7680664062500000e-01   1.0482887593707557e+00   1.0482866533874595e+00   2.1059832961967118e-06
   9.7729492187500000e-01   1.0464054399916449e+00   1.0464041116299609e+00   1.3283616839832035e-06
   9.7778320312500000e-01   1.0445596158970811e+00   1.0445587825340883e+00   8.3336299283587323e-07
   9.7827148437500000e-01   1.0427508340533409e+00   1.0427506834687832e+00   1.5058455771210788e-07
   9.7875976562500000e-01   1.0409793118359949e+00   1.0409798314525605e+00   5.1961656555299385e-07
   9.7924804687500000e-01   1.0392451506577109e+00   1.0392462431533553e+00   1.0924956443947309e-06
   9.7973632812500000e-01   1.0375482064963484e+00   1.0375499348883599e+00   1.7283920115129803e-06
   9.8022460937500000e-01   1.0358889226494663e+00   1.0358909226238748e+00   1.9999744085286153e-06
   9.8071289062500000e-01   1.0342663984669167e+00   1.0342692219751544e+00   2.8235082376593112e-06
   9.8120117187500000e-01   1.0326822002378113e+00   1.0326848482062627e+00   2.6479684513969204e-06
   9.8168945312500000e-01   1.0311345059079311e+00   1.0311378162299301e+00   3.3103219989616406e-06
   9.8217773437500000e-01   1.0296247914065479e+00   1.0296281406074104e+00   3.3492008624236291e-06
   9.8266601562500000e-01   1.0281526086967490e+00   1.0281558355483444e+00   3.2268515954836374e-06
   9.8315429687500000e-01   1.0267173061630706e+00   1.0267209149106291e+00   3.6087475585588891e-06
   9.8364257812500000e-01   1.0253201588044307e+00   1.0253233922002840e+00   3.2333958532859697e-06
   9.8413085937500000e-01   1.0239600452800703e+00   1.0239632805713246e+00   3.2352912542332746e-06
   9.8461914062500000e-01   1.0226375784553074e+00   1.0226405928256406e+00   3.0143703331209082e-06
   9.8510742187500000e-01   1.0213524740529818e+00   1.0213553414128709e+00   2.8673598890804897e-06
   9.8559570312500000e-01   1.0201052623945632e+00   1.0201075384302927e+00   2.2760357294426825e-06
   9.8608398437500000e-01   1.0188948185484006e+00   1.0188971956227029e+00   2.3770743022843988e-06
   9.8657226562500000e-01   1.0177225296540438e+00   1.0177243243823084e+00   1.7947282646701979e-06
   9.8706054687500000e-01   1.0165875725378730e+00   1.0165889357486206e+00   1.3632107476180266e-06
   9.8754882812500000e-01   1.0154895391356342e+00   1.0154910404083493e+00   1.5012727150320870e-06
   9.8803710937500000e-01   1.0144301681796584e+00   1.0144306486953032e+00   4.8051564482953779e-07
   9.8852539062500000e-01   1.0134070184842414e+00   1.0134077705902942e+00   7.5210605277042930e-07
   9.8901367187500000e-01   1.0124223393746570e+00   1.0124224157210393e+00   7.6346382327230344e-08
   9.8950195312500000e-01   1.0114747349646793e+00   1.0114745933620741e+00   1.4160260519702206e-07
   9.8999023437500000e-01   1.0105647332966046e+00   1.0105643124346644e+00   4.2086194018686740e-07
   9.9047851562500000e-01   1.0096922862248034e+00   1.0096915815067198e+00   7.0471808366612265e-07
   9.9096679687500000e-01   1.0088573912417591e+00   1.0088564087927170e+00   9.8244904211952644e-07
   9.9145507812500000e-01   1.0080601039658539e+00   1.0080588021536199e+00   1.3018122340113791e-06
   9.9194335937500000e-01   1.0072999824148807e+00   1.0072987690968045e+00   1.2133180762319284e-06
   9.9243164062500000e-01   1.0065782572974900e+00   1.0065763167759931e+00   1.9405214968237772e-06
   9.9291992187500000e-01   1.0058930526714982e+00   1.0058914519911810e+00   1.6006803171819683e-06
   9.9340820312500000e-01   1.0052463189015717e+00   1.0052441811885771e+00   2.1377129946209550e-06
   9.9389648437500000e-01   1.0046367218870225e+00   1.0046345104605399e+00   2.2114264826011976e-06
   9.9438476562500000e-01   1.0040646287766031e+00   1.0040624455455229e+00   2.1832310801439547e-06
   9.9487304687500000e-01   1.0035305737747231e+00   1.0035279918280195e+00   2.5819467035503862e-06
   9.9536132812500000e-01   1.0030334634219848e+00   1.0030311543385106e+00   2.3090834742056643e-06
   9.9584960937500000e-01   1.0025748035878714e+00   1.0025719377534204e+00   2.8658344510823497e-06
   9.9633789062500000e-01   1.0021527083610959e+00   1.0021503463950705e+00   2.3619660254325936e-06
   9.9682617187500000e-01   1.0017693715569056e+00   1.0017663842316389e+00   2.9873252667123040e-06
   9.9731445312500000e-01   1.0014227087667837e+00   1.0014200548771242e+00   2.6538896595873496e-06
   9.9780273437500000e-01   1.0011141042584648e+00   1.0011113615913096e+00   2.7426671551644688e-06
   9.9829101562500000e-01   1.0008433495203404e+00   1.0008403072797338e+00   3.0422406065433449e-06
   9.9877929687500000e-01   1.0006095502876242e+00   1.0006068944936644e+00   2.6557939598603753e-06
   9.9926757812500000e-01   1.0004141198047345e+00   1.0004111254300700e+00   2.9943746644445213e-06
   9.9975585937500000e-01   1.0002558450841119e+00   1.0002530019316045e+00   2.8431525074257280e-06
   9.3774414062500000e-01   1.3172793611131732e+00   1.3172832582544447e+00   3.8971412714694509e-06
   9.3823242187500000e-01   1.3125076170173609e+00   1.3125106169950436e+00   2.9999776827160929e-06
   9.3872070312500000e-01   1.3077715195098398e+00   1.3077726837014936e+00   1.1641916537463715e-06
   9.3920898437500000e-01   1.3030701300997265e+00   1.3030695029690293e+00   6.2713069715059078e-07
   9.3969726562500000e-01   1.2984037306833291e+00   1.2984011190657767e+00   2.6116175524393270e-06
   9.4018554687500000e-01   1.2937717330916283e+00   1.2937675759323430e+00   4.1571592852562844e-06
   9.4067382812500000e-01   1.2891727534664548e+00   1.2891689171814036e+00   3.8362850511841629e-06
   9.4116210937500000e-01   1.2846090554639604e+00   1.2846051860972825e+00   3.8693666779554547e-06
   9.4165039062500000e-01   1.2800784756115080e+00   1.2800764256355581e+00   2.0499759498804337e-06
   9.4213867187500000e-01   1.2755826493337281e+00   1.2755826784226447e+00   2.9088916608799309e-08
   9.4262695312500000e-01   1.2711227476940485e+00   1.2711239867554054e+00   1.2390613568502573e-06
   9.4311523437500000e-01   1.2666969220647000e+00   1.2667003926007445e+00   3.4705360445475009e-06
   9.4360351562500000e-01   1.2623084247761471e+00   1.2623119375952130e+00   3.5128190658539893e-06
   9.4409179687500000e-01   1.2579551783528635e+00   1.2579586630446216e+00   3.4846917580377834e-06
   9.4458007812500000e-01   1.2536379140924725e+00   1.2536406099236490e+00   2.6958311765135079e-06
   9.4506835937500000e-01   1.2493571733527584e+00   1.2493578188754544e+00   6.4552269596340750e-07
   9.4555664062500000e-01   1.2451109805091272e+00   1.2451103302112987e+00   6.5029782847503270e-07
   9.4604492187500000e-01   1.2409008977192095e+00   1.2408981839101649e+00   2.7138090445966156e-06
   9.4653320312500000e-01   1.2367250138010104e+00   1.2367214196183745e+00   3.5941826359575657e-06
   9.4702148437500000e-01   1.2325841179227328e+00   1.2325800766492268e+00   4.0412735060613159e-06
   9.4750976562500000e-01   1.2284780731016332e+00   1.2284741939826169e+00   3.8791190162257294e-06
   9.4799804687500000e-01   1.2244062482820275e+00   1.2244038102646768e+00   2.4380173506699521e-06
   9.4848632812500000e-01   1.2203703124708893e+00   1.2203689638074100e+00   1.3486634793391516e-06
   9.4897460937500000e-01   1.2163691643162626e+00   1.2163696925883252e+00   5.2827206253880377e-07
   9.4946289062500000e-01   1.2124038667798012e+00   1.2124060342500877e+00   2.1674702865848161e-06
   9.4995117187500000e-01   1.2084751449158442e+00   1.2084780261001604e+00   2.8811843162390716e-06
   9.5043945312500000e-01   1.2045818670583837e+00   1.2045857051104494e+00   3.8380520657188555e-06
   9.5092773437500000e-01   1.2007256609790018e+00   1.2007291079169640e+00   3.4469379621704377e-06
   9.5141601562500000e-01   1.1969056964889484e+00   1.1969082708194663e+00   2.5743305178682618e-06
   9.5190429687500000e-01   1.1931215603287861e+00   1.1931232297811278e+00   1.6694523417015716e-06
   9.5239257812500000e-01   1.1893741319244684e+00   1.1893740204281995e+00   1.1149626888418140e-07
   9.5288085937500000e-01   1.1856621705676589e+00   1.1856606780496644e+00   1.4925179945279865e-06
   9.5336914062500000e-01   1.1819859368453469e+00   1.1819832375969177e+00   2.6992484292165386e-06
   9.5385742187500000e-01   1.1783452979429514e+00   1.1783417336834283e+00   3.5642595230811480e-06
   9.5434570312500000e-01   1.1747402714172719e+00   1.1747362005844180e+00   4.0708328539196259e-06
   9.5483398437500000e-01   1.1711701800782848e+00   1.1711666722365377e+00   3.5078417470746359e-06
   9.5532226562500000e-01   1.1676360718206253e+00   1.1676331822375483e+00   2.8895830770370168e-06
   9.5581054687500000e-01   1.1641377363648355e+00   1.1641357638460017e+00   1.9725188338259869e-06
   9.5629882812500000e-01   1.1606744809175127e+00   1.1606744499809327e+00   3.0936579964446764e-08
   9.5678710937500000e-01   1.1572486227266447e+00   1.1572492732215469e+00   6.5049490216573247e-07
   9.5727539062500000e-01   1.1538579887501923e+00   1.1538602658069106e+00   2.2770567182917034e-06
   9.5776367187500000e-01   1.1505042632634956e+00   1.1505074596356530e+00   3.1963721573990966e-06
   9.5825195312500000e-01   1.1471876631480895e+00   1.1471908862656621e+00   3.2231175726149530e-06
   9.5874023437500000e-01   1.1439067693391722e+00   1.1439105769137901e+00   3.8075746178201086e-06
   9.5922851562500000e-01   1.1406636166382240e+00   1.1406665624555585e+00   2.9458173345098260e-06
   9.5971679687500000e-01   1.1374566215960982e+00   1.1374588734248658e+00   2.2518287676742688e-06
   9.6020507812500000e-01   1.1342862043142961e+00   1.1342875400137031e+00   1.3356994070790051e-06
   9.6069335937500000e-01   1.1311527066661247e+00   1.1311525920718695e+00   1.1459425519610988e-07
   9.6118164062500000e-01   1.1280551781838437e+00   1.1280540591066870e+00   1.1190771567193281e-06
   9.6166992187500000e-01   1.1249943068491755e+00   1.1249919702827280e+00   2.3365664474361836e-06
   9.6215820312500000e-01   1.1219694500934698e+00   1.1219663544215415e+00   3.0956719283548040e-06
   9.6264648437500000e-01   1.1189808417678144e+00   1.1189772400013727e+00   3.6017664417631323e-06
   9.6313476562500000e-01   1.1160284857007894e+00   1.1160246551569077e+00   3.8305438816443882e-06
   9.6362304687500000e-01   1.1131120406551305e+00   1.1131086276789974e+00   3.4129761330436992e-06
   9.6411132812500000e-01   1.1102322381824234e+00   1.1102291850144039e+00   3.0531680195178268e-06
   9.6459960937500000e-01   1.1073885916826058e+00   1.1073863542655393e+00   2.2374170665084847e-06
   9.6508789062500000e-01   1.1045811683109352e+00   1.1045801621902074e+00   1.0061207278422302e-06
   9.6557617187500000e-01   1.1018110301557236e+00   1.1018106352013572e+00   3.9495436632286385e-07
   9.6606445312500000e-01   1.0990767134090760e+00   1.0990777993668326e+00   1.0859577566080247e-06
   9.6655273437500000e-01   1.0963798343894464e+00   1.0963816804091238e+00   1.8460196773428805e-06
   9.6704101562500000e-01   1.0937198305449289e+00   1.0937223037051302e+00   2.4731602012995069e-06
   9.6752929687500000e-01   1.0910963205321031e+00   1.0910996942859188e+00   3.3737538156497493e-06
   9.6801757812500000e-01   1.0885105093251137e+00   1.0885138768364861e+00   3.3675113724207506e-06
   9.6850585937500000e-01   1.0859613704359012e+00   1.0859648756955336e+00   3.5052596323303931e-06
   9.0649414062500000e-01   1.6926402431102638e+00   1.6926381790350815e+00   2.0640751823286507e-06
   9.0698242187500000e-01   1.6857563897718144e+00   1.6857516033375948e+00   4.7864342196390908e-06
   9.0747070312500000e-01   1.6789012016513463e+00   1.6788962225196449e+00   4.9791317013880843e-06
   9.0795898437500000e-01   1.6720743825154456e+00   1.6720721011066935e+00   2.2814087521361159e-06
   9.0844726562500000e-01   1.6652779956829631e+00   1.6652793033299651e+00   1.3076470020134678e-06
   9.0893554687500000e-01   1.6585143753611808e+00   1.6585178931258620e+00   3.5177646811046515e-06
   9.0942382812500000e-01   1.6517834493425805e+00   1.6517879341353523e+00   4.4847927718194569e-06
   9.0991210937500000e-01   1.6450880316078824e+00   1.6450894897033712e+00   1.4580954887932762e-06
   9.1040039062500000e-01   1.6384243256732791e+00   1.6384226228782288e+00   1.7027950502956912e-06
   9.1088867187500000e-01   1.6317914535814797e+00   1.6317873964110190e+00   4.0571704607028636e-06
   9.1137695312500000e-01   1.6251894352442211e+00   1.6251838727550145e+00   5.5624892065786469e-06
   9.1186523437500000e-01   1.6186146047116088e+00   1.6186121140650982e+00   2.4906465105889453e-06
   9.1235351562500000e-01   1.6120723265337680e+00   1.6120721821971662e+00   1.4433660178170271e-07
   9.1284179687500000e-01   1.6055609660604797e+00   1.6055641387075452e+00   3.1726470655080163e-06
   9.1333007812500000e-01   1.5990834842325297e+00   1.5990880448524227e+00   4.5606198930681074e-06
   9.1381835937500000e-01   1.5926414442022310e+00   1.5926439615872567e+00   2.5173850257687036e-06
   9.1430664062500000e-01   1.5862314462978282e+00   1.5862319495662147e+00   5.0326838652026140e-07
   9.1479492187500000e-01   1.5798555572819581e+00   1.5798520691415976e+00   3.4881403605524497e-06
   9.1528320312500000e-01   1.5735090840074228e+00   1.5735043803632673e+00   4.7036441555015074e-06
   9.1577148437500000e-01   1.5671932238654536e+00   1.5671889429780885e+00   4.2808873650379553e-06
   9.1625976562500000e-01   1.5609080598353637e+00   1.5609058164293652e+00   2.2434059985254606e-06
   9.1674804687500000e-01   1.5546534571263297e+00   1.5546550598562741e+00   1.6027299443166498e-06
   9.1723632812500000e-01   1.5484334852317567e+00   1.5484367320933177e+00   3.2468615609460016e-06
   9.1772460937500000e-01   1.5422466711223080e+00   1.5422508916697670e+00   4.2205474590772951e-06
   9.1821289062500000e-01   1.5360950013344823e+00   1.5360975968091062e+00   2.5954746238898707e-06
   9.1870117187500000e-01   1.5299774904120649e+00   1.5299769054284917e+00   5.8498357313752081e-07
   9.1918945312500000e-01   1.5238918418971972e+00   1.5238888751381992e+00   2.9667589980242326e-06
   9.1967773437500000e-01   1.5178383700024343e+00   1.5178335632410893e+00   4.8067613449553903e-06
   9.2016601562500000e-01   1.5118154600324143e+00   1.5118110267320655e+00   4.4333003488272738e-06
   9.2065429687500000e-01   1.5058232742722972e+00   1.5058213222975327e+00   1.9519747644913821e-06
   9.2114257812500000e-01   1.4998638552559145e+00   1.4998645063148710e+00   6.5105895652450840e-07
   9.2163085937500000e-01   1.4939374196620461e+00   1.4939406348519035e+00   3.2151898574639404e-06
   9.2211914062500000e-01   1.4880455674403836e+00   1.4880497636663601e+00   4.1962259764716237e-06
   9.2260742187500000e-01   1.4821887755052365e+00   1.4821919482053665e+00   3.1727001299497459e-06
   9.2309570312500000e-01   1.4763665736586349e+00   1.4763672436049138e+00   6.6994627889727099e-07
   9.2358398437500000e-01   1.4705776059735389e+00   1.4705757046893373e+00   1.9012842016330467e-06
   9.2407226562500000e-01   1.4648214204061774e+00   1.4648173859708100e+00   4.0344353673393840e-06
   9.2456054687500000e-01   1.4590972955009867e+00   1.4590923416488171e+00   4.9538521695868809e-06
   9.2504882812500000e-01   1.4534037358553227e+00   1.4534006256096583e+00   3.1102456643505860e-06
   9.2553710937500000e-01   1.4477437439986001e+00   1.4477422914259337e+00   1.4525726663716654e-06
   9.2602539062500000e-01   1.4421158640094018e+00   1.4421173923560371e+00   1.5283466352489228e-06
   9.2651367187500000e-01   1.4365222007565039e+00   1.4365259813436619e+00   3.7805871579976724e-06
   9.2700195312500000e-01   1.4309646420860052e+00   1.4309681110172998e+00   3.4689312946589723e-06
   9.2749023437500000e-01   1.4254404105640601e+00   1.4254438336897395e+00   3.4231256793582077e-06
   9.2797851562500000e-01   1.4199527869985755e+00   1.4199532013575857e+00   4.1435901021458221e-07
   9.2846679687500000e-01   1.4144981218718988e+00   1.4144962657007609e+00   1.8561711379039281e-06
   9.2895507812500000e-01   1.4090766143795890e+00   1.4090730780820202e+00   3.5362975687736053e-06
   9.2944335937500000e-01   1.4036885717598313e+00   1.4036836895464728e+00   4.8822133584813798e-06
   9.2993164062500000e-01   1.3983315197666999e+00   1.3983281508210936e+00   3.3689456062635514e-06
   9.3041992187500000e-01   1.3930086245460278e+00   1.3930065123142545e+00   2.1122317732658047e-06
   9.3090820312500000e-01   1.3877181040074400e+00   1.3877188241152452e+00   7.2010780516329476e-07
   9.3139648437500000e-01   1.3824623500255582e+00   1.3824651359937974e+00   2.7859682392161744e-06
   9.3188476562500000e-01   1.3772418893099965e+00   1.3772454973996262e+00   3.6080896297363552e-06
   9.3237304687500000e-01   1.3720559986253251e+00   1.3720599574619601e+00   3.9588366349541104e-06
   9.3286132812500000e-01   1.3669066531562404e+00   1.3669085649890724e+00   1.9118328320466560e-06
   9.3334960937500000e-01   1.3617912905880780e+00   1.3617913684678320e+00   7.7879753979104294e-08
   9.3383789062500000e-01   1.3567105764019436e+00   1.3567084160632441e+00   2.1603386994861751e-06
   9.3432617187500000e-01   1.3516638762699573e+00   1.3516597556179888e+00   4.1206519685310639e-06
   9.3481445312500000e-01   1.3466496103771619e+00   1.3466454346519834e+00   4.1757251785234928e-06
   9.3530273437500000e-01   1.3416692317330832e+00   1.3416655003619242e+00   3.7313711589437304e-06
   9.3579101562500000e-01   1.3367220916381606e+00   1.3367199996208514e+00   2.0920173091631966e-06
   9.3627929687500000e-01   1.3318085658636332e+00   1.3318089789777021e+00   4.1311406895339076e-07
   9.3676757812500000e-01   1.3269303451037566e+00   1.3269324846568704e+00   2.1395531137891055e-06
   9.3725585937500000e-01   1.3220869936796917e+00   1.3220905625577788e+00   3.5688780870568593e-06
   8.7524414062500000e-01   2.1950882375098910e+00   2.1950927980930057e+00   4.5605831147099707e-06
   8.7573242187500000e-01   2.1863528312895255e+00   2.1863569351994494e+00   4.1039099238915355e-06
   8.7622070312500000e-01   2.1776487905958755e+00   2.1776475552973937e+00   1.2352984817276536e-06
   8.7670898437500000e-01   2.1689704802706689e+00   2.1689647403628411e+00   5.7399078277065030e-06
   8.7719726562500000e-01   2.1603138241420381e+00   2.1603085721217541e+00   5.2520202840078412e-06
   8.7768554687500000e-01   2.1516798831620720e+00   2.1516791320492810e+00   7.5111279107531459e-07
   8.7817382812500000e-01   2.1430716435318464e+00   2.1430765013690012e+00   4.8578371547591814e-06
   8.7866210937500000e-01   2.1344969364825195e+00   2.1345007610521516e+00   3.8245696321048683e-06
   8.7915039062500000e-01   2.1259525872562786e+00   2.1259519918168626e+00   5.9543941599571326e-07
   8.7963867187500000e-01   2.1174352888420742e+00   2.1174302741274080e+00   5.0147146661849717e-06
   8.8012695312500000e-01   2.1089420423128611e+00   2.1089356881934425e+00   6.3541194186278460e-06
   8.8061523437500000e-01   2.1004688542289074e+00   2.1004683139692406e+00   5.4025966678139525e-07
   8.8110351562500000e-01   2.0920249926415511e+00   2.0920282311529563e+00   3.2385114052679853e-06
   8.8159179687500000e-01   2.0836107669266091e+00   2.0836155191858592e+00   4.7522592501181293e-06
   8.8208007812500000e-01   2.0752291924274493e+00   2.0752302572516013e+00   1.0648241519639612e-06
   8.8256835937500000e-01   2.0668773813606260e+00   2.0668725242754631e+00   4.8570851629570200e-06
   8.8305664062500000e-01   2.0585477899950457e+00   2.0585423989236049e+00   5.3910714408189619e-06
   8.8354492187500000e-01   2.0502432553395060e+00   2.0502399596023437e+00   3.2957371622899245e-06
   8.8403320312500000e-01   2.0419628026515935e+00   2.0419652844574010e+00   2.4818058075304350e-06
   8.8452148437500000e-01   2.0337134731226549e+00   2.0337184513731654e+00   4.9782505104900565e-06
   8.8500976562500000e-01   2.0254972841354899e+00   2.0254995379719749e+00   2.2538364849999937e-06
   8.8549804687500000e-01   2.0173105487889051e+00   2.0173086216133740e+00   1.9271755311578431e-06
   8.8598632812500000e-01   2.0091519585452633e+00   2.0091457793933811e+00   6.1791518821685543e-06
   8.8647460937500000e-01   2.0010156886079375e+00   2.0010110881437830e+00   4.6004641545138725e-06
   8.8696289062500000e-01   1.9929047515682179e+00   1.9929046244313862e+00   1.2713683172904666e-07
   8.8745117187500000e-01   1.9848226969881462e+00   1.9848264645573157e+00   3.7675691695326918e-06
   8.8793945312500000e-01   1.9767721086227543e+00   1.9767766845562924e+00   4.5759335380868293e-06
   8.8842773437500000e-01   1.9687548274930107e+00   1.9687553601959058e+00   5.3270289512852287e-07
   8.8891601562500000e-01   1.9607667369652424e+00   1.9607625669759192e+00   4.1699893231772478e-06
   8.8940429687500000e-01   1.9528039760483868e+00   1.9527983801275481e+00   5.5959208387079684e-06
   8.8989257812500000e-01   1.9448663949590088e+00   1.9448628746127474e+00   3.5203462613875303e-06
   8.9038085937500000e-01   1.9369547063687982e+00   1.9369561251235194e+00   1.4187547212607399e-06
   8.9086914062500000e-01   1.9290736310441128e+00   1.9290782060812046e+00   4.5750370918362648e-06
   8.9135742187500000e-01   1.9212254945846241e+00   1.9212291916357720e+00   3.6970511478884305e-06
   8.9184570312500000e-01   1.9134096945313135e+00   1.9134091556651400e+00   5.3886617346066146e-07
   8.9233398437500000e-01   1.9056226781546959e+00   1.9056181717744605e+00   4.5063802354139426e-06
   8.9282226562500000e-01   1.8978617968263458e+00   1.8978563132954436e+00   5.4835309022394085e-06
   8.9331054687500000e-01   1.8901267777203461e+00   1.8901236532856598e+00   3.1244346863079642e-06
   8.9379882812500000e-01   1.8824180756015747e+00   1.8824202645278443e+00   2.1889262695751199e-06
   8.9428710937500000e-01   1.8747420722538983e+00   1.8747462195292297e+00   4.1472753313787081e-06
   8.9477539062500000e-01   1.8670981016906651e+00   1.8671015905208512e+00   3.4888301860824811e-06
   8.9526367187500000e-01   1.8594864791553851e+00   1.8594864494568653e+00   2.9698519865561934e-08
   8.9575195312500000e-01   1.8519058968101385e+00   1.8519008680138818e+00   5.0287962567452382e-06
   8.9624023437500000e-01   1.8443497863519911e+00   1.8443449175902829e+00   4.8687617082432411e-06
   8.9672851562500000e-01   1.8368221604066934e+00   1.8368186693055493e+00   3.4911011441707274e-06
   8.9721679687500000e-01   1.8293209586631698e+00   1.8293221939995987e+00   1.2353364289285906e-06
   8.9770507812500000e-01   1.8218510184873129e+00   1.8218555622321086e+00   4.5437447957485944e-06
   8.9819335937500000e-01   1.8144153921115249e+00   1.8144188442818636e+00   3.4521703387024871e-06
   8.9868164062500000e-01   1.8070109022578185e+00   1.8070121101460850e+00   1.2078882665189639e-06
   8.9916992187500000e-01   1.7996392781218540e+00   1.7996354295397738e+00   3.8485820801348325e-06
   8.9965820312500000e-01   1.7922941420358420e+00   1.7922888718950583e+00   5.2701407837751901e-06
   9.0014648437500000e-01   1.7849764991681718e+00   1.7849725063605384e+00   3.9928076334128093e-06
   9.0063476562500000e-01   1.7776871035348512e+00   1.7776864018006295e+00   7.0173422161978749e-07
   9.0112304687500000e-01   1.7704269238600026e+00   1.7704306267949248e+00   3.7029349222450492e-06
   9.0161132812500000e-01   1.7632012108556148e+00   1.7632052496375437e+00   4.0387819288945082e-06
   9.0209960937500000e-01   1.7560078009880835e+00   1.7560103383364836e+00   2.5373484000557056e-06
   9.0258789062500000e-01   1.7488473584985118e+00   1.7488459606129938e+00   1.3978855180063476e-06
   9.0307617187500000e-01   1.7417170498126835e+00   1.7417121839009224e+00   4.8659117610760916e-06
   9.0356445312500000e-01   1.7346139933467895e+00   1.7346090753460950e+00   4.9180006944649080e-06
   9.0405273437500000e-01   1.7275395184942230e+00   1.7275367018056751e+00   2.8166885479574688e-06
   9.0454101562500000e-01   1.7204941784562022e+00   1.7204951298475335e+00   9.5139133127197795e-07
   9.0502929687500000e-01   1.7134802933716786e+00   1.7134844257496284e+00   4.1323779498281255e-06
   9.0551757812500000e-01   1.7065007016324936e+00   1.7065046554993790e+00   3.9538668854532943e-06
   9.0600585937500000e-01   1.6995542951279379e+00   1.6995558847930372e+00   1.5896650993330042e-06
   8.4399414062500000e-01   2.8053342826208874e+00   2.8053380661976184e+00   3.7835767310312463e-06
   8.4448242187500000e-01   2.7950835168349024e+00   2.7950886304198614e+00   5.1135849590266957e-06
   8.4497070312500000e-01   2.7848627506280468e+00   2.7848599480190601e+00   2.8026089866628467e-06
   8.4545898437500000e-01   2.7746597280011409e+00   2.7746521152714640e+00   7.6127296768646602e-06
   8.4594726562500000e-01   2.7644678583642475e+00   2.7644652282570839e+00   2.6301071636147810e-06
   8.4643554687500000e-01   2.7542950883577229e+00   2.7542993828587843e+00   4.2945010614303669e-06
   8.4692382812500000e-01   2.7441500170816160e+00   2.7441546747613668e+00   4.6576797507746903e-06
   8.4741210937500000e-01   2.7340355076721599e+00   2.7340311994506901e+00   4.3082214697953702e-06
   8.4790039062500000e-01   2.7239364084767579e+00   2.7239290522127644e+00   7.3562639935076390e-06
   8.4838867187500000e-01   2.7138497967989594e+00   2.7138483281328396e+00   1.4686661198304307e-06
   8.4887695312500000e-01   2.7037846494267042e+00   2.7037891220945354e+00   4.4726678312123624e-06
   8.4936523437500000e-01   2.6937473181495721e+00   2.6937515287789244e+00   4.2106293522969906e-06
   8.4985351562500000e-01   2.6837405341007448e+00   2.6837356426636623e+00   4.8914370824881814e-06
   8.5034179687500000e-01   2.6737485448553437e+00   2.6737415580220838e+00   6.9868332599476446e-06
   8.5083007812500000e-01   2.6637705220024266e+00   2.6637693689223165e+00   1.1530801100612109e-06
   8.5131835937500000e-01   2.6538144531359342e+00   2.6538191692264030e+00   4.7160904688148264e-06
   8.5180664062500000e-01   2.6438870328680668e+00   2.6438910525894164e+00   4.0197213495574147e-06
   8.5229492187500000e-01   2.6339896984281768e+00   2.6339851124585660e+00   4.5859696107264369e-06
   8.5278320312500000e-01   2.6241084645613273e+00   2.6241014420723356e+00   7.0224889916481459e-06
   8.5327148437500000e-01   2.6142416650414284e+00   2.6142401344595982e+00   1.5305818301669660e-06
   8.5375976562500000e-01   2.6043967743630003e+00   2.6044012824387295e+00   4.5080757291593443e-06
   8.5424804687500000e-01   2.5945808257291674e+00   2.5945849786167594e+00   4.1528875920349151e-06
   8.5473632812500000e-01   2.5847950587341106e+00   2.5847913153884710e+00   3.7433456396840370e-06
   8.5522460937500000e-01   2.5750274958930448e+00   2.5750203849355553e+00   7.1109574895089622e-06
   8.5571289062500000e-01   2.5652747680096222e+00   2.5652722792257348e+00   2.4887838874221302e-06
   8.5620117187500000e-01   2.5555431079720670e+00   2.5555470900118875e+00   3.9820398205492324e-06
   8.5668945312500000e-01   2.5458402234622617e+00   2.5458449088311985e+00   4.6853689368298035e-06
   8.5717773437500000e-01   2.5361680277535443e+00   2.5361658270042993e+00   2.2007492450626387e-06
   8.5766601562500000e-01   2.5265170970879072e+00   2.5265099356343836e+00   7.1614535235298149e-06
   8.5815429687500000e-01   2.5168810180850167e+00   2.5168773256063859e+00   3.6924786308567548e-06
   8.5864257812500000e-01   2.5072653075643552e+00   2.5072680875860995e+00   2.7800217443640918e-06
   8.5913085937500000e-01   2.4976769404245842e+00   2.4976823120193283e+00   5.3715947441190792e-06
   8.5961914062500000e-01   2.4881202112438330e+00   2.4881200891310487e+00   1.2211278432872064e-07
   8.6010742187500000e-01   2.4785876542994085e+00   2.4785815089245369e+00   6.1453748716466805e-06
   8.6059570312500000e-01   2.4690723928185063e+00   2.4690666611805474e+00   5.7316379589167354e-06
   8.6108398437500000e-01   2.4595746561610801e+00   2.4595756354564524e+00   9.7929537234975328e-07
   8.6157226562500000e-01   2.4501030568311744e+00   2.4501085210853959e+00   5.4642542215432854e-06
   8.6206054687500000e-01   2.4406635581719538e+00   2.4406654071754663e+00   1.8490035125218185e-06
   8.6254882812500000e-01   2.4312502369442535e+00   2.4312463826088497e+00   3.8543354037301469e-06
   8.6303710937500000e-01   2.4218586822169184e+00   2.4218515360409887e+00   7.1461759296731486e-06
   8.6352539062500000e-01   2.4124828724840843e+00   2.4124809558997606e+00   1.9165843236912394e-06
   8.6401367187500000e-01   2.4031302104645551e+00   2.4031347303846342e+00   4.5199200791046223e-06
   8.6450195312500000e-01   2.3938091595481414e+00   2.3938129474658409e+00   3.7879176995048169e-06
   8.6499023437500000e-01   2.3845163063465886e+00   2.3845156948835555e+00   6.1146303309556060e-07
   8.6547851562500000e-01   2.3752500473111398e+00   2.3752430601470556e+00   6.9871640842045224e-06
   8.6596679687500000e-01   2.3659999068262070e+00   2.3659951305339133e+00   4.7762922936733787e-06
   8.6645507812500000e-01   2.3567703730019982e+00   2.3567719930891666e+00   1.6200871684191043e-06
   8.6694335937500000e-01   2.3475689923549217e+00   2.3475737346244920e+00   4.7422695703680517e-06
   8.6743164062500000e-01   2.3383974250956974e+00   2.3384004417174054e+00   3.0166217079852231e-06
   8.6791992187500000e-01   2.3292566131190120e+00   2.3292522007104348e+00   4.4124085771812815e-06
   8.6840820312500000e-01   2.3201355578331597e+00   2.3201290977103044e+00   6.4601228553229362e-06
   8.6889648437500000e-01   2.3110338310850636e+00   2.3110312185871345e+00   2.6124979290997885e-06
   8.6938476562500000e-01   2.3019556922063127e+00   2.3019586489736334e+00   2.9567673207608891e-06
   8.6987304687500000e-01   2.2929060933008185e+00   2.2929114742642742e+00   5.3809634557033803e-06
   8.7036132812500000e-01   2.2838897360185673e+00   2.2838897796145181e+00   4.3595950849351084e-08
   8.7084960937500000e-01   2.2748988475629059e+00   2.2748936499399846e+00   5.1976229213934744e-06
   8.7133789062500000e-01   2.2659291508862007e+00   2.2659231699156761e+00   5.9809705246216538e-06
   8.7182617187500000e-01   2.2569797649953669e+00   2.2569784239751685e+00   1.3410201984420667e-06
   8.7231445312500000e-01   2.2480550242198158e+00   2.2480594963098124e+00   4.4720899965433603e-06
   8.7280273437500000e-01   2.2391622009876451e+00   2.2391664708679535e+00   4.2698803084384451e-06
   8.7329101562500000e-01   2.2303003681582743e+00   2.2302994313541382e+00   9.3680413604246837e-07
   8.7377929687500000e-01   2.2214639916687666e+00   2.2214584612283130e+00   5.5304404535938545e-06
   8.7426757812500000e-01   2.2126493389987298e+00   2.2126436437050594e+00   5.6952936704490753e-06
   8.7475585937500000e-01   2.2038552095395496e+00   2.2038550617527979e+00   1.4778675172522071e-07
   8.1274414062500000e-01   3.4999190014811909e+00   3.4999225999251475e+00   3.5984439565872606e-06
   8.1323242187500000e-01   3.4885604916488555e+00   3.4885534713321817e+00   7.0203166737670131e-06
   8.1372070312500000e-01   3.4772050207590399e+00   3.4771985689609819e+00   6.4517980580269807e-06
   8.1420898437500000e-01   3.4658530547944904e+00   3.4658579996882164e+00   4.9448937260443415e-06
   8.1469726562500000e-01   3.4545278902415437e+00   3.4545318702556358e+00   3.9800140920753790e-06
   8.1518554687500000e-01   3.4432279321582842e+00   3.4432202872690891e+00   7.6448891950242626e-06
   8.1567382812500000e-01   3.4319289996431466e+00   3.4319233571975034e+00   5.6424456431614090e-06
   8.1616210937500000e-01   3.4206373602202160e+00   3.4206411863718817e+00   3.8261516657200900e-06
   8.1665039062500000e-01   3.4093693672447047e+00   3.4093738809843201e+00   4.5137396154082410e-06
   8.1713867187500000e-01   3.3981280432505794e+00   3.3981215470869803e+00   6.4961635990457012e-06
   8.1762695312500000e-01   3.3868916689831785e+00   3.3868842905911181e+00   7.3783920604419961e-06
   8.1811523437500000e-01   3.3756577195989430e+00   3.3756622172660751e+00   4.4976671320640094e-06
   8.1860351562500000e-01   3.3644512567454874e+00   3.3644554327382714e+00   4.1759927840168132e-06
   8.1909179687500000e-01   3.3532691827602132e+00   3.3532640424902356e+00   5.1402699776659233e-06
   8.1958007812500000e-01   3.3420957315237616e+00   3.3420881518595973e+00   7.5796641643144369e-06
   8.2006835937500000e-01   3.3309254839012334e+00   3.3309278660380905e+00   2.3821368571042001e-06
   8.2055664062500000e-01   3.3197771058295071e+00   3.3197832900705766e+00   6.1842410694623595e-06
   8.2104492187500000e-01   3.3086589273151903e+00   3.3086545288540541e+00   4.3984611362013482e-06
   8.2153320312500000e-01   3.2975499257341601e+00   3.2975416871366550e+00   8.2385975050947025e-06
   8.2202148437500000e-01   3.2864438765964619e+00   3.2864448695166830e+00   9.9292022115449186e-07
   8.2250976562500000e-01   3.2753581973466641e+00   3.2753641804416080e+00   5.9830949439287906e-06
   8.2299804687500000e-01   3.2643014615712613e+00   3.2642997242070964e+00   1.7373641649776062e-06
   8.2348632812500000e-01   3.2532603569513299e+00   3.2532516049560285e+00   8.7519953013703855e-06
   8.2397460937500000e-01   3.2422215536043231e+00   3.2422199266775045e+00   1.6269268185986618e-06
   8.2446289062500000e-01   3.2311982872432892e+00   3.2312047932058832e+00   6.5059625939944965e-06
   8.2495117187500000e-01   3.2202059668045870e+00   3.2202063082197987e+00   3.4141521165764743e-07
   8.2543945312500000e-01   3.2092325437994385e+00   3.2092245752411781e+00   7.9685582603516991e-06
   8.2592773437500000e-01   3.1982639999961617e+00   3.1982596976342732e+00   4.3023618885307258e-06
   8.2641601562500000e-01   3.1873066873006612e+00   3.1873117786046934e+00   5.0913040321454162e-06
   8.2690429687500000e-01   3.1763771319027776e+00   3.1763809211984153e+00   3.7892956377127973e-06
   8.2739257812500000e-01   3.1654739969270977e+00   3.1654672283008378e+00   6.7686262599231384e-06
   8.2788085937500000e-01   3.1545772629388424e+00   3.1545708026357904e+00   6.4603030520693494e-06
   8.2836914062500000e-01   3.1436889683023050e+00   3.1436917467645822e+00   2.7784622771420686e-06
   8.2885742187500000e-01   3.1328243562900306e+00   3.1328301630850341e+00   5.8067950035045612e-06
   8.2934570312500000e-01   3.1219896978637500e+00   3.1219861538305027e+00   3.5440332473157810e-06
   8.2983398437500000e-01   3.1111680411464926e+00   3.1111598210689353e+00   8.2200775572971452e-06
   8.3032226562500000e-01   3.1003518611635612e+00   3.1003512667019026e+00   5.9446165856513744e-07
   8.3081054687500000e-01   3.0895548780197868e+00   3.0895605924636289e+00   5.7144438421197208e-06
   8.3129882812500000e-01   3.0787864901033632e+00   3.0787878999200524e+00   1.4098166891685082e-06
   8.3178710937500000e-01   3.0680416372828923e+00   3.0680332904678598e+00   8.3468150324783608e-06
   8.3227539062500000e-01   3.0573015434178288e+00   3.0572968653335284e+00   4.6780843003801920e-06
   8.3276367187500000e-01   3.0465740856003340e+00   3.0465787255723833e+00   4.6399720492473762e-06
   8.3325195312500000e-01   3.0358750342344210e+00   3.0358789720676334e+00   3.9378332123973792e-06
   8.3374023437500000e-01   3.0252016401231376e+00   3.0251977055294361e+00   3.9345937015156096e-06
   8.3422851562500000e-01   3.0145434766065748e+00   3.0145350264939434e+00   8.4501126313973884e-06
   8.3471679687500000e-01   3.0038904068621339e+00   3.0038910353223449e+00   6.2846021098295068e-07
   8.3520507812500000e-01   2.9932595392203090e+00   2.9932658321999428e+00   6.2929796338373478e-06
   8.3569335937500000e-01   2.9826595691807514e+00   2.9826595171351986e+00   5.2045552756396773e-08
   8.3618164062500000e-01   2.9720792657800352e+00   2.9720721899587819e+00   7.0758212533661435e-06
   8.3666992187500000e-01   2.9615091304415491e+00   2.9615039503226517e+00   5.1801188973854551e-06
   8.3715820312500000e-01   2.9509506153992038e+00   2.9509548976991082e+00   4.2822999044567212e-06
   8.3764648437500000e-01   2.9404201806709791e+00   2.9404251313798460e+00   4.9507088668576671e-06
   8.3813476562500000e-01   2.9299188972280552e+00   2.9299147504750405e+00   4.1467530147443199e-06
   8.3862304687500000e-01   2.9194314153089129e+00   2.9194238539123947e+00   7.5613965182519394e-06
   8.3911132812500000e-01   2.9089538141960598e+00   2.9089525404362266e+00   1.2737598331646893e-06
   8.3959960937500000e-01   2.8984950727639105e+00   2.8985009086065276e+00   5.8358426171523092e-06
   8.4008789062500000e-01   2.8880668526977402e+00   2.8880690567980327e+00   2.2041002925021758e-06
   8.4057617187500000e-01   2.8776637727843770e+00   2.8776570831993067e+00   6.6895850703296844e-06
   8.4106445312500000e-01   2.8672712969364214e+00   2.8672650858118116e+00   6.2111246097451556e-06
   8.4155273437500000e-01   2.8568912848554535e+00   2.8568931624489813e+00   1.8775935277659528e-06
   8.4204101562500000e-01   2.8465357748679883e+00   2.8465414107353091e+00   5.6358673208301013e-06
   8.4252929687500000e-01   2.8362102195673473e+00   2.8362099281054292e+00   2.9146191815598854e-07
   8.4301757812500000e-01   2.8259066011190450e+00   2.8258988118031847e+00   7.7893158603181689e-06
   8.4350585937500000e-01   2.8156123605237418e+00   2.8156081588807349e+00   4.2016430068514410e-06
   7.8149414062500000e-01   4.2521562452214683e+00   4.2521539051719346e+00   2.3400495337000393e-06
   7.8198242187500000e-01   4.2400948961123168e+00   4.2401019929997092e+00   7.0968873924215359e-06
   7.8247070312500000e-01   4.2280629402639880e+00   4.2280572331883359e+00   5.7070756520616328e-06
   7.8295898437500000e-01   4.2160272197838244e+00   4.2160197391076881e+00   7.4806761363177543e-06
   7.8344726562500000e-01   4.2039841301780507e+00   4.2039896240592345e+00   5.4938811837601520e-06
   7.8393554687500000e-01   4.1919661694098389e+00   4.1919670012750059e+00   8.3186516697253410e-07
   7.8442382812500000e-01   4.1799610678860146e+00   4.1799519839165100e+00   9.0839695046085467e-06
   7.8491210937500000e-01   4.1679457940410298e+00   4.1679446850736568e+00   1.1089673730424465e-06
   7.8540039062500000e-01   4.1559383390010476e+00   4.1559452177637226e+00   6.8787626750221875e-06
   7.8588867187500000e-01   4.1439602344495015e+00   4.1439536949302651e+00   6.5395192363482124e-06
   7.8637695312500000e-01   4.1319775900221227e+00   4.1319702294420582e+00   7.3605800645637487e-06
   7.8686523437500000e-01   4.1199884084267460e+00   4.1199949340920456e+00   6.5256652996836806e-06
   7.8735351562500000e-01   4.1080277595304544e+00   4.1080279215962721e+00   1.6206581765487726e-07
   7.8784179687500000e-01   4.0960785855901740e+00   4.0960693045928087e+00   9.2809973653018574e-06
   7.8833007812500000e-01   4.0841196400155688e+00   4.0841191956407217e+00   4.4437484714165976e-07
   7.8881835937500000e-01   4.0721711080697736e+00   4.0721777072189793e+00   6.5991492057548840e-06
   7.8930664062500000e-01   4.0602506600840247e+00   4.0602449517254229e+00   5.7083586018080723e-06
   7.8979492187500000e-01   4.0483287841383149e+00   4.0483210414756945e+00   7.7426626203802584e-06
   7.9028320312500000e-01   4.0364005736375619e+00   4.0364060887021731e+00   5.5150646112167578e-06
   7.9077148437500000e-01   4.0244979485312289e+00   4.0245002055529353e+00   2.2570217064199483e-06
   7.9125976562500000e-01   4.0126134947848309e+00   4.0126035040906878e+00   9.9906941430916163e-06
   7.9174804687500000e-01   4.0007178695346894e+00   4.0007160962917121e+00   1.7732429773431591e-06
   7.9223632812500000e-01   3.9888308630164198e+00   3.9888380940448203e+00   7.2310284005006054e-06
   7.9272460937500000e-01   3.9769739664527122e+00   3.9769696091502964e+00   4.3573024157694817e-06
   7.9321289062500000e-01   3.9651194676935551e+00   3.9651107533188337e+00   8.7143747213858092e-06
   7.9370117187500000e-01   3.9532581363746497e+00   3.9532616381705052e+00   3.5017958555094708e-06
   7.9418945312500000e-01   3.9414177219099331e+00   3.9414223752336914e+00   4.6533237583190612e-06
   7.9467773437500000e-01   3.9296016234581246e+00   3.9295930759440454e+00   8.5475140791935189e-06
   7.9516601562500000e-01   3.9177790849615537e+00   3.9177738516434411e+00   5.2333181126407169e-06
   7.9565429687500000e-01   3.9059575328097895e+00   3.9059648135789118e+00   7.2807691222642745e-06
   7.9614257812500000e-01   3.8941666828611603e+00   3.8941660729016245e+00   6.0995953576892248e-07
   7.9663085937500000e-01   3.8823872006269444e+00   3.8823777406658251e+00   9.4599611193402211e-06
   7.9711914062500000e-01   3.8706003015002155e+00   3.8705999278277767e+00   3.7367243876929024e-07
   7.9760742187500000e-01   3.8588255288397604e+00   3.8588327452447451e+00   7.2164049846890066e-06
   7.9809570312500000e-01   3.8470814710854420e+00   3.8470763036739362e+00   5.1674115058020220e-06
   7.9858398437500000e-01   3.8353391787712150e+00   3.8353307137714494e+00   8.4649997655894538e-06
   7.9907226562500000e-01   3.8235920320459016e+00   3.8235960860912552e+00   4.0540453536408450e-06
   7.9956054687500000e-01   3.8118684279697135e+00   3.8118725310841350e+00   4.1031144215608606e-06
   8.0004882812500000e-01   3.8001674059626325e+00   3.8001601590966532e+00   7.2468659793045731e-06
   8.0053710937500000e-01   3.7884656344714305e+00   3.7884590803701217e+00   6.5541013087866418e-06
   8.0102539062500000e-01   3.7767627115826832e+00   3.7767694050395422e+00   6.6934568589971377e-06
   8.0151367187500000e-01   3.7650897928002465e+00   3.7650912431325940e+00   1.4503323475523189e-06
   8.0200195312500000e-01   3.7534345577531516e+00   3.7534247045685865e+00   9.8531845651450567e-06
   8.0249023437500000e-01   3.7417718285105455e+00   3.7417698991574193e+00   1.9293531261510566e-06
   8.0297851562500000e-01   3.7301206598983008e+00   3.7301269365985639e+00   6.2767002630970126e-06
   8.0346679687500000e-01   3.7184968892918766e+00   3.7184959264800184e+00   9.6281185824054205e-07
   8.0395507812500000e-01   3.7068866405496057e+00   3.7068769782772746e+00   9.6622723311234893e-06
   8.0444335937500000e-01   3.6952700601674930e+00   3.6952702013523040e+00   1.4118481095337643e-07
   8.0493164062500000e-01   3.6836686272718766e+00   3.6836757049525066e+00   7.0776806300187900e-06
   8.0541992187500000e-01   3.6720977664957957e+00   3.6720935982096989e+00   4.1682860967284796e-06
   8.0590820312500000e-01   3.6605328367195087e+00   3.6605239901390876e+00   8.8465804211068644e-06
   8.0639648437500000e-01   3.6489644974123716e+00   3.6489669896382186e+00   2.4922258470283509e-06
   8.0688476562500000e-01   3.6374171370393422e+00   3.6374227054859891e+00   5.5684466468974847e-06
   8.0737304687500000e-01   3.6258967458501559e+00   3.6258912463416002e+00   5.4995085556619472e-06
   8.0786132812500000e-01   3.6143805878911679e+00   3.6143727207435310e+00   7.8671476368974425e-06
   8.0834960937500000e-01   3.6028637515472104e+00   3.6028672371085335e+00   3.4855613231243865e-06
   8.0883789062500000e-01   3.5913697592376348e+00   3.5913749037306064e+00   5.1444929716204513e-06
   8.0932617187500000e-01   3.5799028109868765e+00   3.5798958287799598e+00   6.9822069166391998e-06
   8.0981445312500000e-01   3.5684369212536140e+00   3.5684301203020272e+00   6.8009515867828441e-06
   8.1030273437500000e-01   3.5569734444647070e+00   3.5569778862164156e+00   4.4417517086614566e-06
   8.1079101562500000e-01   3.5455352820409316e+00   3.5455392343159171e+00   3.9522749855080974e-06
   8.1127929687500000e-01   3.5341210418555655e+00   3.5341142722654846e+00   6.7695900809461307e-06
   8.1176757812500000e-01   3.5227098588159054e+00   3.5227031076012043e+00   6.7512147010617696e-06
   8.1225585937500000e-01   3.5113006083174754e+00   3.5113058477293069e+00   5.2394118315035598e-06
   7.5024414062500000e-01   5.0331290207009385e+00   5.0331241547335264e+00   4.8659674121154239e-06
   7.5073242187500000e-01   5.0208461801051971e+00   5.0208526072080293e+00   6.4271028321627455e-06
   7.5122070312500000e-01   5.0085881197470297e+00   5.0085808633212547e+00   7.2564257749263561e-06
   7.5170898437500000e-01   4.9963133611890980e+00   4.9963090385795335e+00   4.3226095645110263e-06
   7.5219726562500000e-01   4.9840313065219837e+00   4.9840372484899573e+00   5.9419679736549824e-06
   7.5268554687500000e-01   4.9717723134672269e+00   4.9717656085592807e+00   6.7049079461867223e-06
   7.5317382812500000e-01   4.9594989971569126e+00   4.9594942342928574e+00   4.7628640551522494e-06
   7.5366210937500000e-01   4.9472175862504955e+00   4.9472232411935382e+00   5.6549430427210723e-06
   7.5415039062500000e-01   4.9349581267905283e+00   4.9349527447605759e+00   5.3820299523721360e-06
   7.5463867187500000e-01   4.9226893746810614e+00   4.9226828604885595e+00   6.5141925018608049e-06
   7.5512695312500000e-01   4.9104070336912589e+00   4.9104137038663183e+00   6.6701750593978204e-06
   7.5561523437500000e-01   4.8981503513405178e+00   4.8981453903758174e+00   4.9609647003734381e-06
   7.5610351562500000e-01   4.8858856291659816e+00   4.8858780354911042e+00   7.5936748773486329e-06
   7.5659179687500000e-01   4.8736043667738764e+00   4.8736117546771878e+00   7.3879033113399828e-06
   7.5708007812500000e-01   4.8613512950667195e+00   4.8613466633889777e+00   4.6316777417843014e-06
   7.5756835937500000e-01   4.8490905456512792e+00   4.8490828770701890e+00   7.6685810901366835e-06
   7.5805664062500000e-01   4.8368140263569428e+00   4.8368205111522418e+00   6.4847952989666169e-06
   7.5854492187500000e-01   4.8245622777633095e+00   4.8245596810531959e+00   2.5967101136004089e-06
   7.5903320312500000e-01   4.8123098447461379e+00   4.8123005021766589e+00   9.3425694789317504e-06
   7.5952148437500000e-01   4.8000370012749265e+00   4.8000430899106847e+00   6.0886357582390360e-06
   7.6000976562500000e-01   4.7877886453444427e+00   4.7877875596267074e+00   1.0857177352718850e-06
   7.6049804687500000e-01   4.7755440898741544e+00   4.7755340266784501e+00   1.0063195704290706e-05
   7.6098632812500000e-01   4.7632777314376167e+00   4.7632826064008249e+00   4.8749632082234484e-06
   7.6147460937500000e-01   4.7510326347934981e+00   4.7510334141088730e+00   7.7931537489916991e-07
   7.6196289062500000e-01   4.7387967150855701e+00   4.7387865650966488e+00   1.0149988921348552e-05
   7.6245117187500000e-01   4.7265396785376046e+00   4.7265421746361627e+00   2.4960985580690931e-06
   7.6293945312500000e-01   4.7142968982288762e+00   4.7143003579762865e+00   3.4597474103392756e-06
   7.6342773437500000e-01   4.7020715243384217e+00   4.7020612303416520e+00   1.0293996769661362e-05
   7.6391601562500000e-01   4.6898247535923314e+00   4.6898249069315936e+00   1.5333926217664384e-07
   7.6440429687500000e-01   4.6775858820238430e+00   4.6775915029190518e+00   5.6208952088354636e-06
   7.6489257812500000e-01   4.6653706636116850e+00   4.6653611334494771e+00   9.5301622078380888e-06
   7.6538085937500000e-01   4.6531360346531709e+00   4.6531339136397678e+00   2.1210134031335315e-06
   7.6586914062500000e-01   4.6409036628163092e+00   4.6409099585771756e+00   6.2957608664149234e-06
   7.6635742187500000e-01   4.6286960019838048e+00   4.6286893833182159e+00   6.6186655889310941e-06
   7.6684570312500000e-01   4.6164785264225534e+00   4.6164723028876047e+00   6.2235349487238523e-06
   7.6733398437500000e-01   4.6042515750443842e+00   4.6042588322771465e+00   7.2572327622921762e-06
   7.6782226562500000e-01   4.5920531864735779e+00   4.5920490864446846e+00   4.1000288932835360e-06
   7.6831054687500000e-01   4.5798519305391387e+00   4.5798431803129978e+00   8.7502261409966309e-06
   7.6879882812500000e-01   4.5676347995043187e+00   4.5676412287687187e+00   6.4292643999763754e-06
   7.6928710937500000e-01   4.5554445461998938e+00   4.5554433466612627e+00   1.1995386310914569e-06
   7.6977539062500000e-01   4.5432588631548718e+00   4.5432496488017478e+00   9.2143531240651555e-06
   7.7026367187500000e-01   4.5310576424567630e+00   4.5310602499618939e+00   2.6075051309248920e-06
   7.7075195312500000e-01   4.5188720388016650e+00   4.5188752648729693e+00   3.2260713043186229e-06
   7.7124023437500000e-01   4.5067039918516691e+00   4.5066948082246974e+00   9.1836269717759933e-06
   7.7172851562500000e-01   4.4945206681099688e+00   4.4945189946641682e+00   1.6734458005984720e-06
   7.7221679687500000e-01   4.4823412868134964e+00   4.4823479387947831e+00   6.6519812866872030e-06
   7.7270507812500000e-01   4.4701894159047724e+00   4.4701817551751475e+00   7.6607296248809575e-06
   7.7319335937500000e-01   4.4580256793829864e+00   4.4580205583180206e+00   5.1210649658628427e-06
   7.7368164062500000e-01   4.4458576941948733e+00   4.4458644626892196e+00   6.7684943463319769e-06
   7.7416992187500000e-01   4.4337167352902576e+00   4.4337135827065417e+00   3.1525837158596914e-06
   7.7465820312500000e-01   4.4215769614728888e+00   4.4215680327386995e+00   8.9287341893395933e-06
   7.7514648437500000e-01   4.4094230985713407e+00   4.4094279271042369e+00   4.8285328961839014e-06
   7.7563476562500000e-01   4.3972918366260156e+00   4.3972933800704475e+00   1.5434444318174201e-06
   7.7612304687500000e-01   4.3851743240337662e+00   4.3851645058523099e+00   9.8181814562892100e-06
   7.7661132812500000e-01   4.3730410244880176e+00   4.3730414186114128e+00   3.9412339525313200e-07
   7.7709960937500000e-01   4.3609190014995729e+00   4.3609242324548640e+00   5.2309552911466994e-06
   7.7758789062500000e-01   4.3488203167572603e+00   4.3488130614342397e+00   7.2553230205940622e-06
   7.7807617187500000e-01   4.3367134919215840e+00   4.3367080195444885e+00   5.4723770954723250e-06
   7.7856445312500000e-01   4.3246024864824895e+00   4.3246092207228770e+00   6.7342403875514378e-06
   7.7905273437500000e-01   4.3125193747399484e+00   4.3125167788479111e+00   2.5958920373270189e-06
   7.7954101562500000e-01   4.3004401149754852e+00   4.3004308077382536e+00   9.3072372315816665e-06
   7.8002929687500000e-01   4.2883472564926102e+00   4.2883514211516696e+00   4.1646590593913402e-06
   7.8051757812500000e-01   4.2762759714338419e+00   4.2762787327839495e+00   2.7613501076828584e-06
   7.8100585937500000e-01   4.2642216933939183e+00   4.2642128562678279e+00   8.8371260904551718e-06
   1.0961914062500000e-01   1.8870350418859243e+00   1.8870387811657132e+00   3.7392797889168605e-06
   1.1010742187500000e-01   1.8947556962959800e+00   1.8947597413932260e+00   4.0450972460526202e-06
   1.1059570312500000e-01   1.9025094794595798e+00   1.9025099292360828e+00   4.4977650293098748e-07
   1.1108398437500000e-01   1.9102923308951616e+00   1.9102892717465649e+00   3.0591485966624532e-06
   1.1157226562500000e-01   1.9181022179802816e+00   1.9180976957025377e+00   4.5222777438347350e-06
   1.1206054687500000e-01   1.9259372251409441e+00   1.9259351276081411e+00   2.0975328030026219e-06
   1.1254882812500000e-01   1.9337997197622456e+00   1.9338014936944798e+00   1.7739322342169572e-06
   1.1303710937500000e-01   1.9416925245235439e+00   1.9416967199203228e+00   4.1953967788721513e-06
   1.1352539062500000e-01   1.9496173150413842e+00   1.9496207319727923e+00   3.4169314080401136e-06
   1.1401367187500000e-01   1.9575747381457094e+00   1.9575734552680693e+00   1.2828776401185848e-06
   1.1450195312500000e-01   1.9655582237878688e+00   1.9655548149520932e+00   3.4088357756534293e-06
   1.1499023437500000e-01   1.9735692303457675e+00   1.9735647359012676e+00   4.4944444999028832e-06
   1.1547851562500000e-01   1.9816033409483551e+00   1.9816031427231651e+00   1.9822519004009109e-07
   1.1596679687500000e-01   1.9896663019117540e+00   1.9896699597572391e+00   3.6578454851721176e-06
   1.1645507812500000e-01   1.9977616090603536e+00   1.9977651110755374e+00   3.5020151838427438e-06
   1.1694335937500000e-01   2.0058861377812951e+00   2.0058885204834107e+00   2.3827021156108685e-06
   1.1743164062500000e-01   2.0140440491389611e+00   2.0140401115202375e+00   3.9376187235262705e-06
   1.1791992187500000e-01   2.0222236881159446e+00   2.0222198074601367e+00   3.8806558078086084e-06
   1.1840820312500000e-01   2.0304298829496430e+00   2.0304275313126960e+00   2.3516369469511744e-06
   1.1889648437500000e-01   2.0386614578928426e+00   2.0386632058236924e+00   1.7479308498380419e-06
   1.1938476562500000e-01   2.0469216047106271e+00   2.0469267534758218e+00   5.1487651946402480e-06
   1.1987304687500000e-01   2.0552164010403073e+00   2.0552180964894244e+00   1.6954491171006225e-06
   1.2036132812500000e-01   2.0635383546317678e+00   2.0635371568232230e+00   1.1978085447950093e-06
   1.2084960937500000e-01   2.0718887974251983e+00   2.0718838561750550e+00   4.9412501432755107e-06
   1.2133789062500000e-01   2.0802612861871874e+00   2.0802581159826046e+00   3.1702045828474468e-06
   1.2182617187500000e-01   2.0886582015814619e+00   2.0886598574241515e+00   1.6558426896295941e-06
   1.2231445312500000e-01   2.0970851398922998e+00   2.0970890014193033e+00   3.8615270034902949e-06
   1.2280273437500000e-01   2.1055418504547037e+00   2.1055454686297490e+00   3.6181750453501138e-06
   1.2329101562500000e-01   2.1140305987583541e+00   2.1140291794599966e+00   1.4192983575078699e-06
   1.2377929687500000e-01   2.1225445967277308e+00   2.1225400540581294e+00   4.5426696013706191e-06
   1.2426757812500000e-01   2.1310813630156811e+00   2.1310780123165540e+00   3.3506991270471076e-06
   1.2475585937500000e-01   2.1396419167830385e+00   2.1396429738727569e+00   1.0570897184258854e-06
   9.3994140625000000e-02   1.6558259043256025e+00   1.6558221318300732e+00   3.7724955292972595e-06
   9.4482421875000000e-02   1.6625717944378107e+00   1.6625709691690902e+00   8.2526872047239408e-07
   9.4970703125000000e-02   1.6693493702926869e+00   1.6693512195726061e+00   1.8492799191971443e-06
   9.5458984375000000e-02   1.6761586545788150e+00   1.6761628192223197e+00   4.1646435047226760e-06
   9.5947265625000000e-02   1.6830023320436551e+00   1.6830057040048612e+00   3.3719612060334470e-06
   9.6435546875000000e-02   1.6898789284092295e+00   1.6898798095123926e+00   8.8110316309730763e-07
   9.6923828125000000e-02   1.6967874502565774e+00   1.6967850710432164e+00   2.3792133609923383e-06
   9.7412109375000000e-02   1.7037257825220524e+00   1.7037214236023794e+00   4.3589196729865165e-06
   9.7900390625000000e-02   1.7106916573129296e+00   1.7106888019022919e+00   2.8554106377143285e-06
   9.8388671875000000e-02   1.7176880857129408e+00   1.7176871403633331e+00   9.4534960770609189e-07
   9.8876953125000000e-02   1.7247127829772524e+00   1.7247163731144781e+00   3.5901372257285402e-06
   9.9365234375000000e-02   1.7317728232005734e+00   1.7317764339939106e+00   3.6107933372164780e-06
   9.9853515625000000e-02   1.7388641564458709e+00   1.7388672565496486e+00   3.1001037776867690e-06
   1.0034179687500000e-01   1.7459890145222223e+00   1.7459887740401698e+00   2.4048205249371790e-07
   1.0083007812500000e-01   1.7531451515110839e+00   1.7531409194350400e+00   4.2320760438308014e-06
   1.0131835937500000e-01   1.7603265998147255e+00   1.7603236254155414e+00   2.9743991840636141e-06
   1.0180664062500000e-01   1.7675399606628970e+00   1.7675368243753105e+00   3.1362875865248441e-06
   1.0229492187500000e-01   1.7747781045207081e+00   1.7747804484209719e+00   2.3439002638792061e-06
   1.0278320312500000e-01   1.7820507065048199e+00   1.7820544293727774e+00   3.7228679574674572e-06
   1.0327148437500000e-01   1.7893553654716281e+00   1.7893586987652477e+00   3.3332936195673568e-06
   1.0375976562500000e-01   1.7966917564644802e+00   1.7966931878478174e+00   1.4313833371915052e-06
   1.0424804687500000e-01   1.8040615130845850e+00   1.8040578275854822e+00   3.6854991027901463e-06
   1.0473632812500000e-01   1.8114561285696071e+00   1.8114525486594475e+00   3.5799101596456495e-06
   1.0522460937500000e-01   1.8188805603304670e+00   1.8188772814677832e+00   3.2788626838087254e-06
   1.0571289062500000e-01   1.8263310241997579e+00   1.8263319561260760e+00   9.3192631811511717e-07
   1.0620117187500000e-01   1.8338124998531498e+00   1.8338165024680888e+00   4.0026149390470778e-06
   1.0668945312500000e-01   1.8413273025553956e+00   1.8413308500464209e+00   3.5474910253796565e-06
   1.0717773437500000e-01   1.8488733685552665e+00   1.8488749281331711e+00   1.5595779045973757e-06
   1.0766601562500000e-01   1.8564514989267087e+00   1.8564486657206034e+00   2.8332061052793733e-06
   1.0815429687500000e-01   1.8640562848136932e+00   1.8640519915218157e+00   4.2932918775662188e-06
   1.0864257812500000e-01   1.8716876392501740e+00   1.8716848339714083e+00   2.8052787657273370e-06
   1.0913085937500000e-01   1.8793461089415173e+00   1.8793471212261630e+00   1.0122846456628309e-06
   7.8369140625000000e-02   1.4568087083905423e+00   1.4568116528321160e+00   2.9444415736712415e-06
   7.8857421875000000e-02   1.4625192130372779e+00   1.4625233722897746e+00   4.1592524966382882e-06
   7.9345703125000000e-02   1.4682656381737855e+00   1.4682683877360998e+00   2.7495623142748116e-06
   7.9833984375000000e-02   1.4740455759982969e+00   1.4740466450968184e+00   1.0690985214889537e-06
   8.0322265625000000e-02   1.4798599228885814e+00   1.4798580899847718e+00   1.8329038096176475e-06
   8.0810546875000000e-02   1.4857061221656960e+00   1.4857026677004272e+00   3.4544652687262811e-06
   8.1298828125000000e-02   1.4915839907536026e+00   1.4915803232323925e+00   3.6675212100600874e-06
   8.1787109375000000e-02   1.4974936209625056e+00   1.4974910012579368e+00   2.6197045688292064e-06
   8.2275390625000000e-02   1.5034339416002478e+00   1.5034346461435062e+00   7.0454325840074716e-07
   8.2763671875000000e-02   1.5094091938468370e+00   1.5094112019452519e+00   2.0080984148851400e-06
   8.3251953125000000e-02   1.5154159447043707e+00   1.5154206124095548e+00   4.6677051841470529e-06
   8.3740234375000000e-02   1.5214600538921736e+00   1.5214628209735548e+00   2.7670813811386807e-06
   8.4228515625000000e-02   1.5275362299927711e+00   1.5275377707656834e+00   1.5407729123673164e-06
   8.4716796875000000e-02   1.5336467054285898e+00   1.5336454046061996e+00   1.3008223902488680e-06
   8.5205078125000000e-02   1.5397899217672213e+00   1.5397856650077277e+00   4.2567594935594144e-06
   8.5693359375000000e-02   1.5459611380014755e+00   1.5459584941757987e+00   2.6438256768290813e-06
   8.6181640625000000e-02   1.5521671733791162e+00   1.5521638340093931e+00   3.3393697231876018e-06
   8.6669921875000000e-02   1.5584001700897032e+00   1.5584016261014897e+00   1.4560117864714783e-06
   8.7158203125000000e-02   1.5646690771018070e+00   1.5646718117396121e+00   2.7346378050907560e-06
   8.7646484375000000e-02   1.5709705878157143e+00   1.5709743319063874e+00   3.7440906730523693e-06
   8.8134765625000000e-02   1.5773055580393562e+00   1.5773091272800932e+00   3.5692407369669610e-06
   8.8623046875000000e-02   1.5836767888380616e+00   1.5836761382352249e+00   6.5060283671591890e-07
   8.9111328125000000e-02   1.5900770424227535e+00   1.5900753048430483e+00   1.7375797052299191e-06
   8.9599609375000000e-02   1.5965111604215658e+00   1.5965065668721727e+00   4.5935493930837623e-06
   9.0087890625000000e-02   1.6029728702276504e+00   1.6029698637891086e+00   3.0064385418970829e-06
   9.0576171875000000e-02   1.6094658235016297e+00   1.6094651347588451e+00   6.8874278458253002e-07
   9.1064453125000000e-02   1.6159903997611356e+00   1.6159923186454175e+00   1.9188842819151120e-06
   9.1552734375000000e-02   1.6225469733919431e+00   1.6225513540124847e+00   4.3806205416441202e-06
   9.2041015625000000e-02   1.6291389134325016e+00   1.6291421791239085e+00   3.2656914068507348e-06
   9.2529296875000000e-02   1.6357635030951934e+00   1.6357647319443331e+00   1.2288491397782764e-06
   9.3017578125000000e-02   1.6424210036652491e+00   1.6424189501397684e+00   2.0535254807718673e-06
   9.3505859375000000e-02   1.6491085899360884e+00   1.6491047710781799e+00   3.8188579085662866e-06
   6.2744140625000000e-02   1.2919212208982414e+00   1.2919239238747873e+00   2.7029765459207766e-06
   6.3232421875000000e-02   1.2965395927577181e+00   1.2965435184703660e+00   3.9257126478453586e-06
   6.3720703125000000e-02   1.3011947895337190e+00   1.3011979713202080e+00   3.1817864889482905e-06
   6.4208984375000000e-02   1.3058846661609125e+00   1.3058872386148312e+00   2.5724539187699236e-06
   6.4697265625000000e-02   1.3106108997341428e+00   1.3106112762170663e+00   3.7648292350311863e-07
   6.5185546875000000e-02   1.3153714360690760e+00   1.3153700396624717e+00   1.3964066043481438e-06
   6.5673828125000000e-02   1.3201662849449738e+00   1.3201634841597536e+00   2.8007852201916705e-06
   6.6162109375000000e-02   1.3249955371812507e+00   1.3249915645911865e+00   3.9725900642384460e-06
   6.6650390625000000e-02   1.3298568950446252e+00   1.3298542355130389e+00   2.6595315862909530e-06
   6.7138671875000000e-02   1.3347538621067141e+00   1.3347514511560006e+00   2.4109507135161579e-06
   6.7626953125000000e-02   1.3396822422646637e+00   1.3396831654256123e+00   9.2316094857380904e-07
   6.8115234375000000e-02   1.3446477014746085e+00   1.3446493319027009e+00   1.6304280923140624e-06
   6.8603515625000000e-02   1.3496460872245621e+00   1.3496499038438161e+00   3.8166192539712540e-06
   6.9091796875000000e-02   1.3546809341078427e+00   1.3546848341816715e+00   3.9000738287775505e-06
   6.9580078125000000e-02   1.3597519959936288e+00   1.3597540755255841e+00   2.0795319553013059e-06
   7.0068359375000000e-02   1.3648556284858557e+00   1.3648575801619243e+00   1.9516760685345247e-06
   7.0556640625000000e-02   1.3699977219898285e+00   1.3699953000545624e+00   2.4219352661170035e-06
   7.1044921875000000e-02   1.3751693397886724e+00   1.3751671868453221e+00   2.1529433502642803e-06
   7.1533203125000000e-02   1.3803772521878401e+00   1.3803731918544355e+00   4.0603334046096506e-06
   7.2021484375000000e-02   1.3856165536482707e+00   1.3856132660810005e+00   3.2875672701937475e-06
   7.2509765625000000e-02   1.3908880715744594e+00   1.3908873602034435e+00   7.1137101587126494e-07
   7.2998046875000000e-02   1.3961953410982506e+00   1.3961954245799806e+00   8.3481729973300389e-08
   7.3486328125000000e-02   1.4015337304322544e+00   1.4015374092490895e+00   3.6788168351620243e-06
   7.3974609375000000e-02   1.4069100969977288e+00   1.4069132639299764e+00   3.1669322475558204e-06
   7.4462890625000000e-02   1.4123192327295286e+00   1.4123229380230480e+00   3.7052935193404579e-06
   7.4951171875000000e-02   1.4177648078230816e+00   1.4177663806103924e+00   1.5727873108328794e-06
   7.5439453125000000e-02   1.4232444522188643e+00   1.4232435404562556e+00   9.1176260874625825e-07
   7.5927734375000000e-02   1.4287567992066841e+00   1.4287543660075217e+00   2.4331991623771643e-06
   7.6416015625000000e-02   1.4343028280193439e+00   1.4342988053942030e+00   4.0226251409869462e-06
   7.6904296875000000e-02   1.4398798141921982e+00   1.4398768064299239e+00   3.0077622743540644e-06
   7.7392578125000000e-02   1.4454897435022893e+00   1.4454883166124144e+00   1.4268898749225656e-06
   7.7880859375000000e-02   1.4511320395258964e+00   1.4511332831240036e+00   1.2435981071590163e-06
   4.7119140625000000e-02   1.1627502364583471e+00   1.1627469039247464e+00   3.3325336006306827e-06
   4.7607421875000000e-02   1.1662321147621675e+00   1.1662298844369619e+00   2.2303252056321554e-06
   4.8095703125000000e-02   1.1697505947179652e+00   1.1697489497649949e+00   1.6449529702811105e-06
   4.8583984375000000e-02   1.1733038007558401e+00   1.1733040667860621e+00   2.6603022207360993e-07
   4.9072265625000000e-02   1.1768939567688530e+00   1.1768952020380468e+00   1.2452691937614446e-06
   4.9560546875000000e-02   1.1805197468610604e+00   1.1805223217198189e+00   2.5748587584306648e-06
   5.0048828125000000e-02   1.1841818249585341e+00   1.1841853916915444e+00   3.5667330102739925e-06
   5.0537109375000000e-02   1.1878811758190961e+00   1.1878843774750145e+00   3.2016559183833948e-06
   5.1025390625000000e-02   1.1916155385892713e+00   1.1916192442539666e+00   3.7056646953192995e-06
   5.1513671875000000e-02   1.1953883058918799e+00   1.1953899568744115e+00   1.6509825315758064e-06
   5.2001953125000000e-02   1.1991950131120994e+00   1.1991964798449659e+00   1.4667328664952350e-06
   5.2490234375000000e-02   1.2030399286852738e+00   1.2030387773371862e+00   1.1513480875358084e-06
   5.2978515625000000e-02   1.2069185991307392e+00   1.2069168131859056e+00   1.7859448335766359e-06
   5.3466796875000000e-02   1.2108334845240813e+00   1.2108305508895734e+00   2.9336345079844506e-06
   5.3955078125000000e-02   1.2147839904430433e+00   1.2147799536105990e+00   4.0368324443207371e-06
   5.4443359375000000e-02   1.2187671866479071e+00   1.2187649841757007e+00   2.2024722063918034e-06
   5.4931640625000000e-02   1.2227888188508473e+00   1.2227856050762531e+00   3.2137745942240059e-06
   5.5419921875000000e-02   1.2268417187883403e+00   1.2268417784686405e+00   5.9680300257269892e-08
   5.5908203125000000e-02   1.2309329231172914e+00   1.2309334661746145e+00   5.4305732311021870e-07
   5.6396484375000000e-02   1.2350584242233742e+00   1.2350606296816522e+00   2.2054582780040022e-06
   5.6884765625000000e-02   1.2392193243128038e+00   1.2392232301433186e+00   3.9058305147943173e-06
   5.7373046875000000e-02   1.2434183310432114e+00   1.2434212283796335e+00   2.8973364221140940e-06
   5.7861328125000000e-02   1.2476507381101722e+00   1.2476545848774376e+00   3.8467672653919038e-06
   5.8349609375000000e-02   1.2519220113793044e+00   1.2519232597907686e+00   1.2484114642052901e-06
   5.8837890625000000e-02   1.2562265941755069e+00   1.2562272129412317e+00   6.1876572488017700e-07
   5.9326171875000000e-02   1.2605680512407522e+00   1.2605664038183804e+00   1.6474223718532244e-06
   5.9814453125000000e-02   1.2649437647510711e+00   1.2649407915800983e+00   2.9731709727531808e-06
   6.0302734375000000e-02   1.2693535616165579e+00   1.2693503350529811e+00   3.2265635767636525e-06
   6.0791015625000000e-02   1.2737985437156580e+00   1.2737949927327268e+00   3.5509829312552199e-06
   6.1279296875000000e-02   1.2782766873280509e+00   1.2782747227845241e+00   1.9645435267445777e-06
   6.1767578125000000e-02   1.2827900914509553e+00   1.2827894830434485e+00   6.0840750681911970e-07
   6.2255859375000000e-02   1.2873377448821177e+00   1.2873392310148566e+00   1.4861327388704382e-06
   3.1494140625000000e-02   1.0705220789082355e+00   1.0705246382994549e+00   2.5593912194032953e-06
   3.1982421875000000e-02   1.0728341105528496e+00   1.0728374617219842e+00   3.3511691346355121e-06
   3.2470703125000000e-02   1.0751841331106113e+00   1.0751872490053818e+00   3.1158947704224005e-06
   3.2958984375000000e-02   1.0775703036930184e+00   1.0775739780325542e+00   3.6743395357419217e-06
   3.3447265625000000e-02   1.0799945741108590e+00   1.0799976263386997e+00   3.0522278406941439e-06
   3.3935546875000000e-02   1.0824554968359301e+00   1.0824581711115162e+00   2.6742755860897915e-06
   3.4423828125000000e-02   1.0849533162148939e+00   1.0849555891914204e+00   2.2729765265516733e-06
   3.4912109375000000e-02   1.0874890777669504e+00   1.0874898570717617e+00   7.7930481134913521e-07
   3.5400390625000000e-02   1.0900602729255808e+00   1.0900609508990458e+00   6.7797346492426414e-07
   3.5888671875000000e-02   1.0926701158997272e+00   1.0926688464731580e+00   1.2694265691948203e-06
   3.6376953125000000e-02   1.0953147663409291e+00   1.0953135192475922e+00   1.2470933368202708e-06
   3.6865234375000000e-02   1.0979978317746721e+00   1.0979949443296810e+00   2.8874449911064914e-06
   3.7353515625000000e-02   1.1007159209018686e+00   1.1007130964808307e+00   2.8244210379391177e-06
   3.7841796875000000e-02   1.1034711646540143e+00   1.1034679501167575e+00   3.2145372568237462e-06
   3.8330078125000000e-02   1.1062631656406543e+00   1.1062594793077298e+00   3.6863329244685161e-06
   3.8818359375000000e-02   1.1090896773879360e+00   1.1090876577788120e+00   2.0196091239377267e-06
   3.9306640625000000e-02   1.1119554253752362e+00   1.1119524589101109e+00   2.9664651253202834e-06
   3.9794921875000000e-02   1.1148542928674976e+00   1.1148538557370276e+00   4.3713047004345640e-07
   4.0283203125000000e-02   1.1177921569365339e+00   1.1177918209505098e+00   3.3598602411366585e-07
   4.0771484375000000e-02   1.1207653389135850e+00   1.1207663268973109e+00   9.8798372594188777e-07
   4.1259765625000000e-02   1.1237747499383322e+00   1.1237773455802467e+00   2.5956419145156673e-06
   4.1748046875000000e-02   1.1268225049701965e+00   1.1268248486584638e+00   2.3436882672367432e-06
   4.2236328125000000e-02   1.1299047423797655e+00   1.1299088074477015e+00   4.0650679360432207e-06
   4.2724609375000000e-02   1.1330262680039949e+00   1.1330291929205663e+00   2.9249165713896019e-06
   4.3212890625000000e-02   1.1361824267172629e+00   1.1361859757068005e+00   3.5489895375828695e-06
   4.3701171875000000e-02   1.1393769594462082e+00   1.1393791260935635e+00   2.1666473553061394e-06
   4.4189453125000000e-02   1.1426073617528807e+00   1.1426086140257070e+00   1.2522728263242300e-06
   4.4677734375000000e-02   1.1458741503848737e+00   1.1458744091060611e+00   2.5872118736280925e-07
   4.5166015625000000e-02   1.1491779790685612e+00   1.1491764805957185e+00   1.4984728426981064e-06
   4.5654296875000000e-02   1.1525168989148462e+00   1.1525147974143244e+00   2.1015005218227856e-06
   4.6142578125000000e-02   1.1558925383582070e+00   1.1558893281403704e+00   3.2102178366688605e-06
   4.6630859375000000e-02   1.1593033152149395e+00   1.1593000410114869e+00   3.2742034525856667e-06
   1.5869140625000000e-02   1.0161426440750529e+00   1.0161452778307027e+00   2.6337556497946224e-06
   1.6357421875000000e-02   1.0172625555925408e+00   1.0172656704096685e+00   3.1148171277806114e-06
   1.6845703125000000e-02   1.0184206844279944e+00   1.0184235499123679e+00   2.8654843735598234e-06
   1.7333984375000000e-02   1.0196153968304400e+00   1.0196189054403955e+00   3.5086099554604289e-06
   1.7822265625000000e-02   1.0208484947144005e+00   1.0208517257426113e+00   3.2310282107594901e-06
   1.8310546875000000e-02   1.0221187166424488e+00   1.0221219992152406e+00   3.2825727918073255e-06
   1.8798828125000000e-02   1.0234261313080142e+00   1.0234297139019866e+00   3.5825939723732603e-06
   1.9287109375000000e-02   1.0247720698366891e+00   1.0247748574941393e+00   2.7876574502094797e-06
   1.9775390625000000e-02   1.0261540490995502e+00   1.0261574173306960e+00   3.3682311457727820e-06
   2.0263671875000000e-02   1.0275750788566573e+00   1.0275773803984758e+00   2.3015418184613168e-06
   2.0751953125000000e-02   1.0290321258081805e+00   1.0290347333322469e+00   2.6075240664447108e-06
   2.1240234375000000e-02   1.0305278896512708e+00   1.0305294624148473e+00   1.5727635764850589e-06
   2.1728515625000000e-02   1.0320600749083895e+00   1.0320615535773185e+00   1.4786689290779975e-06
   2.2216796875000000e-02   1.0336301939858690e+00   1.0336309923990343e+00   7.9841316535933515e-07
   2.2705078125000000e-02   1.0352379588532452e+00   1.0352377641078390e+00   1.9474540624564440e-07
   2.3193359375000000e-02   1.0368817297648538e+00   1.0368818535801854e+00   1.2381533154304236e-07
   2.3681640625000000e-02   1.0385650472336969e+00   1.0385632453412774e+00   1.8018924194951325e-06
   2.4169921875000000e-02   1.0402830722589691e+00   1.0402819235652152e+00   1.1486937538940367e-06
   2.4658203125000000e-02   1.0420403714891089e+00   1.0420378720751453e+00   2.4994139635747814e-06
   2.5146484375000000e-02   1.0438338598320738e+00   1.0438310743434100e+00   2.7854886637257437e-06
   2.5634765625000000e-02   1.0456642020325273e+00   1.0456615134917089e+00   2.6885408184185167e-06
   2.6123046875000000e-02   1.0475328717460584e+00   1.0475291722912501e+00   3.6994548082702750e-06
   2.6611328125000000e-02   1.0494368082519365e+00   1.0494340331629173e+00   2.7750890192468347e-06
   2.7099609375000000e-02   1.0513797263837512e+00   1.0513760781774364e+00   3.6482063148213228e-06
   2.7587890625000000e-02   1.0533577747731173e+00   1.0533552890555384e+00   2.4857175788817187e-06
   2.8076171875000000e-02   1.0553743266232423e+00   1.0553716471681374e+00   2.6794551049036386e-06
   2.8564453125000000e-02   1.0574269659478330e+00   1.0574251335365024e+00   1.8324113306711354e-06
   2.9052734375000000e-02   1.0595167148989824e+00   1.0595157288324386e+00   9.8606654375110736e-07
   2.9541015625000000e-02   1.0616440282190658e+00   1.0616434133784660e+00   6.1484059976635308e-07
   3.0029296875000000e-02   1.0638074813017548e+00   1.0638081671480077e+00   6.8584625290135648e-07
   3.0517578125000000e-02   1.0660088120574329e+00   1.0660099697655767e+00   1.1577081437952330e-06
   3.1005859375000000e-02   1.0682466651040419e+00   1.0682488005069681e+00   2.1354029262621310e-06
   2.4414062500000000e-04   1.0001354628324730e+00   1.0001325254865863e+00   2.9373458867443247e-06
   7.3242187500000000e-04   1.0000524695109521e+00   1.0000496972289852e+00   2.7722819668785093e-06
   1.2207031250000000e-03   1.0000076643197444e+00   1.0000045179384127e+00   3.1463813316978673e-06
   1.7089843750000000e-03   9.9999966562965048e-01   9.9999698804011339e-01   2.6775895370922953e-06
   2.1972656250000000e-03   1.0000300775812279e+00   1.0000271076049609e+00   2.9699762669199714e-06
   2.6855468750000000e-03   1.0000978466626966e+00   1.0000948763494593e+00   2.9703132373715135e-06
   3.1738281250000000e-03   1.0002028066474429e+00   1.0002002936357435e+00   2.5130116994009910e-06
   3.6621093750000000e-03   1.0003464992340438e+00   1.0003433584715855e+00   3.1407624583312810e-06
   4.1503906250000000e-03   1.0005264483384682e+00   1.0005240695104041e+00   2.3788280640868464e-06
   4.6386718750000000e-03   1.0007452992368380e+00   1.0007424250512786e+00   2.8741855593317212e-06
   5.1269531250000000e-03   1.0010008292193011e+00   1.0009984230389639e+00   2.4061803371999702e-06
   5.6152343750000000e-03   1.0012946618439671e+00   1.0012920610639087e+00   2.6007800584260110e-06
   6.1035156250000000e-03   1.0016256209114882e+00   1.0016233363622804e+00   2.2845492078094054e-06
   6.5917968750000000e-03   1.0019944833604364e+00   1.0019922458159896e+00   2.2375444468369921e-06
   7.0800781250000000e-03   1.0024011183159380e+00   1.0023987859527201e+00   2.3323632178939846e-06
   7.5683593750000000e-03   1.0028445148675174e+00   1.0028429529459617e+00   1.5619215556483823e-06
   8.0566406250000000e-03   1.0033270580076292e+00   1.0033247426150453e+00   2.3153925838848011e-06
   8.5449218750000000e-03   1.0038453978991932e+00   1.0038441504251827e+00   1.2474740105350435e-06
   9.0332031250000000e-03   1.0044028201262536e+00   1.0044011714875098e+00   1.6486387437453232e-06
   9.5214843750000000e-03   1.0049971104582398e+00   1.0049958005591324e+00   1.3098991074045330e-06
   1.0009765625000000e-02   1.0056288095468946e+00   1.0056280320431756e+00   7.7750371896279091e-07
   1.0498046875000000e-02   1.0062989255576666e+00   1.0062978599888353e+00   1.0655688313931932e-06
   1.0986328125000000e-02   1.0070053904553313e+00   1.0070052780914356e+00   1.1236389574342809e-07
   1.1474609375000000e-02   1.0077508301846858e+00   1.0077502796924886e+00   5.5049219715996855e-07
   1.1962890625000000e-02   1.0085323572643408e+00   1.0085328577797552e+00   5.0051541444773306e-07
   1.2451171875000000e-02   1.0093527906828581e+00   1.0093530049873123e+00   2.1430445418246791e-07
   1.2939453125000000e-02   1.0102098310547167e+00   1.0102107135956222e+00   8.8254090546691089e-07
   1.3427734375000000e-02   1.0111047141912051e+00   1.0111059755316045e+00   1.2613403994610195e-06
   1.3916015625000000e-02   1.0120375224818976e+00   1.0120387823687136e+00   1.2598868159852117e-06
   1.4404296875000000e-02   1.0130070896776739e+00   1.0130091253270150e+00   2.0356493410922383e-06
   1.4892578125000000e-02   1.0140149761184971e+00   1.0140169952732729e+00   2.0191547758230399e-06
   1.5380859375000000e-02   1.0150598700726419e+00   1.0150623827210303e+00   2.5126483884641004e-06
   1.4868164062500000e-01   2.5906655405394319e+00   2.5906647912872440e+00   7.4925218784827052e-07
   1.4916992187500000e-01   2.6004670262607483e+00   2.6004720499472023e+00   5.0236864539421333e-06
   1.4965820312500000e-01   2.6102989761430400e+00   2.6103018937894893e+00   2.9176464493296805e-06
   1.5014648437500000e-01   2.6201581015218460e+00   2.6201542302918686e+00   3.8712299774701364e-06
   1.5063476562500000e-01   2.6300336083440863e+00   2.6300289667204000e+00   4.6416236862967253e-06
   1.5112304687500000e-01   2.6399266720795369e+00   2.6399260101303006e+00   6.6194923631357483e-07
   1.5161132812500000e-01   2.6498402283005014e+00   2.6498452673668300e+00   5.0390663286492554e-06
   1.5209960937500000e-01   2.6597839369515022e+00   2.6597866450661600e+00   2.7081146578566972e-06
   1.5258789062500000e-01   2.6697543052895831e+00   2.6697500496562587e+00   4.2556333244014866e-06
   1.5307617187500000e-01   2.6797397442079776e+00   2.6797353873577676e+00   4.3568502099411432e-06
   1.5356445312500000e-01   2.6897427071891600e+00   2.6897425641848858e+00   1.4300427420010919e-07
   1.5405273437500000e-01   2.6997660391004930e+00   2.6997714859462523e+00   5.4468457593159769e-06
   1.5454101562500000e-01   2.7098201723503994e+00   2.7098220582458370e+00   1.8858954375922110e-06
   1.5502929687500000e-01   2.7198988718021777e+00   2.7198941864838253e+00   4.6853183524042663e-06
   1.5551757812500000e-01   2.7299920676644112e+00   2.7299877758575111e+00   4.2918069000918990e-06
   1.5600585937500000e-01   2.7401011030088696e+00   2.7401027313621866e+00   1.6283533170735609e-06
   1.4086914062500000e-01   2.4368980883476539e+00   2.4368949016578298e+00   3.1866898240195951e-06
   1.4135742187500000e-01   2.4463256693132758e+00   2.4463283904836186e+00   2.7211703428342560e-06
   1.4184570312500000e-01   2.4557811760976875e+00   2.4557859153505612e+00   4.7392528736978079e-06
   1.4233398437500000e-01   2.4652668357999241e+00   2.4652673872408348e+00   5.5144091071213097e-07
   1.4282226562500000e-01   2.4747772376084636e+00   2.4747727169112137e+00   4.5206972498768039e-06
   1.4331054687500000e-01   2.4843059953156006e+00   2.4843018148939149e+00   4.1804216857066478e-06
   1.4379882812500000e-01   2.4938536080482181e+00   2.4938545914974393e+00   9.8344922117021838e-07
   1.4428710937500000e-01   2.5034258480131162e+00   2.5034309568074145e+00   5.1087942982697143e-06
   1.4477539062500000e-01   2.5130289851441612e+00   2.5130308206874443e+00   1.8355432831462792e-06
   1.4526367187500000e-01   2.5226581289800221e+00   2.5226540927799537e+00   4.0362000683913379e-06
   1.4575195312500000e-01   2.5323051924905258e+00   2.5323006825070400e+00   4.5099834857786902e-06
   1.4624023437500000e-01   2.5419705007784130e+00   2.5419704990713270e+00   1.7070860280909983e-09
   1.4672851562500000e-01   2.5516584700549654e+00   2.5516634514568195e+00   4.9814018541205485e-06
   1.4721679687500000e-01   2.5613765929010746e+00   2.5613794484297556e+00   2.8555286810671987e-06
   1.4770507812500000e-01   2.5711223731301689e+00   2.5711183985394745e+00   3.9745906943444709e-06
   1.4819335937500000e-01   2.5808845903041391e+00   2.5808802101192656e+00   4.3801848734759119e-06
   1.3305664062500000e-01   2.2893015934120808e+00   2.2892997340365646e+00   1.8593755162221726e-06
   1.3354492187500000e-01   2.2983324519778678e+00   2.2983367269273240e+00   4.2749494562066559e-06
   1.3403320312500000e-01   2.3073950646059713e+00   2.3073991488131389e+00   4.0842071675761815e-06
   1.3452148437500000e-01   2.3164877920932412e+00   2.3164869143950431e+00   8.7769819812066885e-07
   1.3500976562500000e-01   2.3256039707119207e+00   2.3255999381355252e+00   4.0325763954740523e-06
   1.3549804687500000e-01   2.3347426122250585e+00   2.3347381342593372e+00   4.4779657213389612e-06
   1.3598632812500000e-01   2.3438995744729980e+00   2.3439014167542940e+00   1.8422812959606460e-06
   1.3647460937500000e-01   2.3530850896255595e+00   2.3530896993720929e+00   4.6097465333794219e-06
   1.3696289062500000e-01   2.3623008840219275e+00   2.3623028956291181e+00   2.0116071905995625e-06
   1.3745117187500000e-01   2.3715434503749147e+00   2.3715409188072569e+00   2.5315676577264412e-06
   1.3793945312500000e-01   2.3808092990978058e+00   2.3808036819547178e+00   5.6171430879992101e-06
   1.3842773437500000e-01   2.3900917488700180e+00   2.3900910978868453e+00   6.5098317270084749e-07
   1.3891601562500000e-01   2.3993992026785640e+00   2.3994030791869454e+00   3.8765083814062962e-06
   1.3940429687500000e-01   2.4087356266863731e+00   2.4087395382071017e+00   3.9115207286499754e-06
   1.3989257812500000e-01   2.4181012517570992e+00   2.4181003870690074e+00   8.6468809179507389e-07
   1.4038085937500000e-01   2.4274906171297705e+00   2.4274855376647868e+00   5.0794649837371253e-06
   1.2524414062500000e-01   2.1482306567194147e+00   2.1482348581100568e+00   4.2013906420557134e-06
   1.2573242187500000e-01   2.1568501814851779e+00   2.1568535841583669e+00   3.4026731889902351e-06
   1.2622070312500000e-01   2.1655005160429588e+00   2.1654990708949557e+00   1.4451480030430730e-06
   1.2670898437500000e-01   2.1741759343624336e+00   2.1741712369452095e+00   4.6974172240865641e-06
   1.2719726562500000e-01   2.1828733611304942e+00   2.1828700006833994e+00   3.3604470948134235e-06
   1.2768554687500000e-01   2.1915938343014258e+00   2.1915952802334457e+00   1.4459320198945136e-06
   1.2817382812500000e-01   2.2003426396966841e+00   2.2003469934696973e+00   4.3537730132214847e-06
   1.2866210937500000e-01   2.2091222404853177e+00   2.2091250580176940e+00   2.8175323762980042e-06
   1.2915039062500000e-01   2.2179313373829981e+00   2.2179293912549500e+00   1.9461280480470577e-06
   1.2963867187500000e-01   2.2267651517352185e+00   2.2267599103117273e+00   5.2414234912312452e-06
   1.3012695312500000e-01   2.2356185744550578e+00   2.2356165320718189e+00   2.0423832389759866e-06
   1.3061523437500000e-01   2.2444972100084688e+00   2.2444991731733261e+00   1.9631648573437133e-06
   1.3110351562500000e-01   2.2534028829977677e+00   2.2534077500094480e+00   4.8670116803428698e-06
   1.3159179687500000e-01   2.2623402709181732e+00   2.2623421787292677e+00   1.9078110944370508e-06
   1.3208007812500000e-01   2.2713063979286643e+00   2.2713023752385393e+00   4.0226901250051128e-06
   1.3256835937500000e-01   2.2802920821672790e+00   2.2802882552004786e+00   3.8269668003465540e-06
   1.5649414062500000e-01   2.7502340156835099e+00   2.7502389577920376e+00   4.9421085277501220e-06
   1.5698242187500000e-01   2.7603957755422615e+00   2.7603963597410406e+00   5.8419877912996299e-07
   1.5747070312500000e-01   2.7705800528582643e+00   2.7705748416038607e+00   5.2112544035587405e-06
   1.5795898437500000e-01   2.7807780492092165e+00   2.7807743075767513e+00   3.7416324651928790e-06
   1.5844726562500000e-01   2.7909913995328370e+00   2.7909946616584520e+00   3.2621256149667488e-06
   1.5893554687500000e-01   2.8012311833385479e+00   2.8012358076510995e+00   4.6243125515488259e-06
   1.5942382812500000e-01   2.8114995226098736e+00   2.8114976491611263e+00   1.8734487472471528e-06
   1.5991210937500000e-01   2.8217854394818169e+00   2.8217800896001712e+00   5.3498816456887255e-06
   1.6040039062500000e-01   2.8320848656996351e+00   2.8320830321859907e+00   1.8335136444669331e-06
   1.6088867187500000e-01   2.8424017095417606e+00   2.8424063799433648e+00   4.6704016041232421e-06
   1.6137695312500000e-01   2.8527468180214082e+00   2.8527500357050126e+00   3.2176836044506274e-06
   1.6186523437500000e-01   2.8631178692640575e+00   2.8631139021125054e+00   3.9671515521533252e-06
   1.6235351562500000e-01   2.8735029213288223e+00   2.8734978816171872e+00   5.0397116351241777e-06
   1.6284179687500000e-01   2.8839004416267051e+00   2.8839018764810880e+00   1.4348543828646143e-06
   1.6333007812500000e-01   2.8943210196874927e+00   2.8943257887778455e+00   4.7690903528518902e-06
   1.6381835937500000e-01   2.9047687210866084e+00   2.9047695203936259e+00   7.9930701746278032e-07
   1.6430664062500000e-01   2.9152388517473846e+00   2.9152329730280533e+00   5.8787193313314390e-06
   1.6479492187500000e-01   2.9257189502784122e+00   2.9257160481951230e+00   2.9020832892356907e-06
   1.6528320312500000e-01   2.9362144055260861e+00   2.9362186472241394e+00   4.2416980532422599e-06
   1.6577148437500000e-01   2.9467373627528004e+00   2.9467406712606441e+00   3.3085078436911886e-06
   1.6625976562500000e-01   2.9572847950266876e+00   2.9572820212673339e+00   2.7737593537580096e-06
   1.6674804687500000e-01   2.9678484460083765e+00   2.9678425980250132e+00   5.8479833633384715e-06
   1.6723632812500000e-01   2.9784215598049228e+00   2.9784223021335081e+00   7.4232858526812606e-07
   1.6772460937500000e-01   2.9890154329733232e+00   2.9890210340126173e+00   5.6010392941452380e-06
   1.6821289062500000e-01   2.9996391909371924e+00   2.9996386939030359e+00   4.9703415649915428e-07
   1.6870117187500000e-01   3.0102800720119318e+00   3.0102751818673088e+00   4.8901446230154022e-06
   1.6918945312500000e-01   3.0209336623494836e+00   3.0209303977907589e+00   3.2645587246804553e-06
   1.6967773437500000e-01   3.0315995049381237e+00   3.0316042413824364e+00   4.7364443127584366e-06
   1.7016601562500000e-01   3.0422931779289897e+00   3.0422966121760600e+00   3.4342470702775074e-06
   1.7065429687500000e-01   3.0530119500929174e+00   3.0530074095309629e+00   4.5405619544247600e-06
   1.7114257812500000e-01   3.0637411288465555e+00   3.0637365326330426e+00   4.5962135128974069e-06
   1.7163085937500000e-01   3.0744817133952522e+00   3.0744838804957051e+00   2.1671004528656113e-06
   1.7211914062500000e-01   3.0852445557597976e+00   3.0852493519608197e+00   4.7962010221169749e-06
   1.7260742187500000e-01   3.0960344424739370e+00   3.0960328456996695e+00   1.5967742674760643e-06
   1.7309570312500000e-01   3.1068401690822891e+00   3.1068342602139043e+00   5.9088683848074197e-06
   1.7358398437500000e-01   3.1176542002235887e+00   3.1176534938364959e+00   7.0638709281922729e-07
   1.7407226562500000e-01   3.1284849883195962e+00   3.1284904447326980e+00   5.4564131017897921e-06
   1.7456054687500000e-01   3.1393441909729622e+00   3.1393450109010024e+00   8.1992804012998022e-07
   1.7504882812500000e-01   3.1502234043430724e+00   3.1502170901740967e+00   6.3141689756740504e-06
   1.7553710937500000e-01   3.1611086947885845e+00   3.1611065802198306e+00   2.1145687538748348e-06
   1.7602539062500000e-01   3.1720092253469909e+00   3.1720133785421769e+00   4.1531951859852256e-06
   1.7651367187500000e-01   3.1829343367952760e+00   3.1829373824821960e+00   3.0456869200001790e-06
   1.7700195312500000e-01   3.1938834819729744e+00   3.1938784892190020e+00   4.9927539724770043e-06
   1.7749023437500000e-01   3.2048409606813135e+00   3.2048365957707330e+00   4.3649105805343424e-06
   1.7797851562500000e-01   3.2158079875651717e+00   3.2158115989955149e+00   3.6114303432199790e-06
   1.7846679687500000e-01   3.2267991258000537e+00   3.2268033955924369e+00   4.2697923832157869e-06
   1.7895507812500000e-01   3.2378158649920192e+00   3.2378118821025259e+00   3.9828894933258141e-06
   1.7944335937500000e-01   3.2488421277249353e+00   3.2488369549097125e+00   5.1728152228314173e-06
   1.7993164062500000e-01   3.2598761734863690e+00   3.2598785102418129e+00   2.3367554438102900e-06
   1.8041992187500000e-01   3.2709317701058405e+00   3.2709364441715025e+00   4.6740656620691823e-06
   1.8090820312500000e-01   3.2820129526229724e+00   3.2820106526172967e+00   2.3000056756927734e-06
   1.8139648437500000e-01   3.2931075241413086e+00   3.2931010313445279e+00   6.4927967806660547e-06
   1.8188476562500000e-01   3.3042059058379314e+00   3.3042074759663280e+00   1.5701283966329527e-06
   1.8237304687500000e-01   3.3153246840002377e+00   3.3153298819446091e+00   5.1979443713712215e-06
   1.8286132812500000e-01   3.3264702787839378e+00   3.3264681445910527e+00   2.1341928850837633e-06
   1.8334960937500000e-01   3.3376278636579775e+00   3.3376221590680855e+00   5.7045898920193849e-06
   1.8383789062500000e-01   3.3487921808850807e+00   3.3487918203898781e+00   3.6049520257819267e-07
   1.8432617187500000e-01   3.3599706121396009e+00   3.3599770234233222e+00   6.4112837212526586e-06
   1.8481445312500000e-01   3.3711795255324422e+00   3.3711776628890289e+00   1.8626434132862357e-06
   1.8530273437500000e-01   3.3823999285059245e+00   3.3823936333623119e+00   6.2951436126112981e-06
   1.8579101562500000e-01   3.3936242859653398e+00   3.3936248292741862e+00   5.4330884635689358e-07
   1.8627929687500000e-01   3.4048660882630242e+00   3.4048711449123590e+00   5.0566493348114250e-06
   1.8676757812500000e-01   3.4161330721525460e+00   3.4161324744222243e+00   5.9773032168308760e-07
   1.8725585937500000e-01   3.4274153291080030e+00   3.4274087118078591e+00   6.6173001438407653e-06
   1.8774414062500000e-01   3.4386997774199526e+00   3.4386997509330239e+00   2.6486928650371055e-08
   1.8823242187500000e-01   3.4499997235345452e+00   3.4500054855221576e+00   5.7619876123737868e-06
   1.8872070312500000e-01   3.4613269759220811e+00   3.4613258091613788e+00   1.1667607022758375e-06
   1.8920898437500000e-01   3.4726676723172565e+00   3.4726606152994930e+00   7.0570177634898812e-06
   1.8969726562500000e-01   3.4840089767752467e+00   3.4840097972489863e+00   8.2047373961557923e-07
   1.9018554687500000e-01   3.4953676282678510e+00   3.4953732481870365e+00   5.6199191855732522e-06
   1.9067382812500000e-01   3.5067533133371169e+00   3.5067508611565170e+00   2.4521805999100366e-06
   1.9116210937500000e-01   3.5181484532869334e+00   3.5181425290669979e+00   5.9242199355047376e-06
   1.9165039062500000e-01   3.5295474362811321e+00   3.5295481446957648e+00   7.0841463273296768e-07
   1.9213867187500000e-01   3.5409617311286086e+00   3.5409676006888184e+00   5.8695602098701727e-06
   1.9262695312500000e-01   3.5524039393259130e+00   3.5524007895618919e+00   3.1497640211597400e-06
   1.9311523437500000e-01   3.5638537785370121e+00   3.5638476037014541e+00   6.1748355579815950e-06
   1.9360351562500000e-01   3.5753053565388191e+00   3.5753079353657342e+00   2.5788269151227894e-06
   1.9409179687500000e-01   3.5867767191702162e+00   3.5867816766857228e+00   4.9575155065539889e-06
   1.9458007812500000e-01   3.5982730310965776e+00   3.5982687196661995e+00   4.3114303780455998e-06
   1.9506835937500000e-01   3.6097744228818560e+00   3.6097689561867399e+00   5.4666951161408406e-06
   1.9555664062500000e-01   3.6212781163918430e+00   3.6212822780027372e+00   4.1616108941155971e-06
   1.9604492187500000e-01   3.6328052416660865e+00   3.6328085767464247e+00   3.3350803381182459e-06
   1.9653320312500000e-01   3.6443530410588520e+00   3.6443477439278831e+00   5.2971309689731072e-06
   1.9702148437500000e-01   3.6559040533581593e+00   3.6558996709360825e+00   4.3824220767874067e-06
   1.9750976562500000e-01   3.6674589737524466e+00   3.6674642490398814e+00   5.2752874348804824e-06
   1.9799804687500000e-01   3.6790393887515109e+00   3.6790413693890707e+00   1.9806375597397619e-06
   1.9848632812500000e-01   3.6906383103328140e+00   3.6906309230153815e+00   7.3873174324390334e-06
   1.9897460937500000e-01   3.7022337712589524e+00   3.7022328008335221e+00   9.7042543023562189e-07
   1.9946289062500000e-01   3.7138419581616287e+00   3.7138468936421996e+00   4.9354805709000971e-06
   1.9995117187500000e-01   3.7254729985291308e+00   3.7254730921251507e+00   9.3596019823394272e-08
   2.0043945312500000e-01   3.7371188134616560e+00   3.7371112868521643e+00   7.5266094916592863e-06
   2.0092773437500000e-01   3.7487602608627082e+00   3.7487613682801237e+00   1.1074174155467631e-06
   2.0141601562500000e-01   3.7604171967272069e+00   3.7604232267540230e+00   6.0300268160951020e-06
   2.0190429687500000e-01   3.7721011720939179e+00   3.7720967525080074e+00   4.4195859105755630e-06
   2.0239257812500000e-01   3.7837871857704304e+00   3.7837818356664097e+00   5.3501040206960226e-06
   2.0288085937500000e-01   3.7954743592309477e+00   3.7954783662447737e+00   4.0070138260794863e-06
   2.1118164062500000e-01   3.9959694880490466e+00   3.9959637604638969e+00   5.7275851497173846e-06
   2.1166992187500000e-01   4.0078443777319777e+00   4.0078474194637606e+00   3.0417317828934642e-06
   2.1215820312500000e-01   4.0197370187018215e+00   4.0197404168929793e+00   3.3981911577996016e-06
   2.1264648437500000e-01   4.0316492825161845e+00   4.0316426408101291e+00   6.6417060553547458e-06
   2.1313476562500000e-01   4.0435560253140039e+00   4.0435539791869495e+00   2.0461270544558374e-06
   2.1362304687500000e-01   4.0554684556860714e+00   4.0554743199093837e+00   5.8642233122796483e-06
   2.1411132812500000e-01   4.0674065150183853e+00   4.0674035507786472e+00   2.9642397381124397e-06
   2.1459960937500000e-01   4.0793469190332585e+00   4.0793415595122733e+00   5.3595209852375092e-06
   2.1508789062500000e-01   4.0912857885169363e+00   4.0912882337451819e+00   2.4452282456621788e-06
   2.1557617187500000e-01   4.1032398950402387e+00   4.1032434610307194e+00   3.5659904806806253e-06
   2.1606445312500000e-01   4.1152138453477729e+00   4.1152071288417380e+00   6.7165060348983729e-06
   2.1655273437500000e-01   4.1271808132278007e+00   4.1271791245716383e+00   1.6886561624573915e-06
   2.1704101562500000e-01   4.1391532315137836e+00   4.1391593355354370e+00   6.1040216534635761e-06
   2.1752929687500000e-01   4.1511513603271277e+00   4.1511476489708254e+00   3.7113563022828089e-06
   2.1801757812500000e-01   4.1631491400138199e+00   4.1631439520392322e+00   5.1879745877059236e-06
   2.1850585937500000e-01   4.1751438391303877e+00   4.1751481318268846e+00   4.2926964969325354e-06
   2.0336914062500000e-01   3.8071831541716858e+00   3.8071862341509042e+00   3.0799792183344721e-06
   2.0385742187500000e-01   3.8189113683002551e+00   3.8189053291858834e+00   6.0391143716920226e-06
   2.0434570312500000e-01   3.8306384183865267e+00   3.8306355410451296e+00   2.8773413971450168e-06
   2.0483398437500000e-01   3.8423715066036106e+00   3.8423767593194200e+00   5.2527158094228810e-06
   2.0532226562500000e-01   3.8541287255313343e+00   3.8541288734959385e+00   1.4796460412469514e-07
   2.0581054687500000e-01   3.8658988993462433e+00   3.8658917729593076e+00   7.1263869356741338e-06
   2.0629882812500000e-01   3.8776648898799486e+00   3.8776653469926385e+00   4.5711268992221221e-07
   2.0678710937500000e-01   3.8894435170420674e+00   3.8894494847785710e+00   5.9677365036314711e-06
   2.0727539062500000e-01   3.9012490291099344e+00   3.9012440754003088e+00   4.9537096256102586e-06
   2.0776367187500000e-01   3.9130537734029671e+00   3.9130490078426750e+00   4.7655602921636842e-06
   2.0825195312500000e-01   3.9248598897540941e+00   3.9248641709931489e+00   4.2812390548263579e-06
   2.0874023437500000e-01   3.9366871972736259e+00   3.9366894536429169e+00   2.2563692909649546e-06
   2.0922851562500000e-01   3.9485315255195688e+00   3.9485247444879117e+00   6.7810316570771079e-06
   2.0971679687500000e-01   3.9603710204544629e+00   3.9603699321298715e+00   1.0883245913362316e-06
   2.1020507812500000e-01   3.9722191294200675e+00   3.9722249050773777e+00   5.7756573101919173e-06
   2.1069335937500000e-01   3.9840923968120148e+00   3.9840895517469104e+00   2.8450651043954167e-06
   2.2680664062500000e-01   4.3803089727235491e+00   4.3803145701274540e+00   5.5974039048223290e-06
   2.2729492187500000e-01   4.3924427891888715e+00   4.3924411432510597e+00   1.6459378118227619e-06
   2.2778320312500000e-01   4.4045797389310142e+00   4.4045734348614172e+00   6.3040695970073557e-06
   2.2827148437500000e-01   4.4167078696382189e+00   4.4167113307647821e+00   3.4611265631312449e-06
   2.2875976562500000e-01   4.4288530549111353e+00   4.4288547167146506e+00   1.6618035152404786e-06
   2.2924804687500000e-01   4.4410101509703228e+00   4.4410034784128554e+00   6.6725574674464383e-06
   2.2973632812500000e-01   4.4531574684206428e+00   4.4531575015106180e+00   3.3089975204347866e-08
   2.3022460937500000e-01   4.4653115539879868e+00   4.4653166716096484e+00   5.1176216615544945e-06
   2.3071289062500000e-01   4.4774878144939123e+00   4.4774808742632040e+00   6.9402307083521464e-06
   2.3120117187500000e-01   4.4896517208372391e+00   4.4896499949771798e+00   1.7258600593095252e-06
   2.3168945312500000e-01   4.5018183448471154e+00   4.5018239192111746e+00   5.5743640592353927e-06
   2.3217773437500000e-01   4.5140072211753823e+00   4.5140025323795800e+00   4.6887958022878706e-06
   2.3266601562500000e-01   4.5261896420531293e+00   4.5261857198526476e+00   3.9222004817318634e-06
   2.3315429687500000e-01   4.5383684601432481e+00   4.5383733669575772e+00   4.9068143290753596e-06
   2.3364257812500000e-01   4.5505669285473305e+00   4.5505653589795942e+00   1.5695677362259630e-06
   2.3413085937500000e-01   4.5627676790655345e+00   4.5627615811630262e+00   6.0979025082730232e-06
   2.1899414062500000e-01   4.1871589464273606e+00   4.1871600753458695e+00   1.1289185088969589e-06
   2.1948242187500000e-01   4.1991860341817855e+00   4.1991796695352015e+00   6.3646465839894972e-06
   2.1997070312500000e-01   4.2112066497313823e+00   4.2112068012618797e+00   1.5153049748306557e-07
   2.2045898437500000e-01   4.2232370320380346e+00   4.2232413573219638e+00   4.3252839292406975e-06
   2.2094726562500000e-01   4.2352875559505918e+00   4.2352832244416252e+00   4.3315089666151607e-06
   2.2143554687500000e-01   4.2473364543109673e+00   4.2473322892782264e+00   4.1650327409215038e-06
   2.2192382812500000e-01   4.2593838415063505e+00   4.2593884384213796e+00   4.5969150290758876e-06
   2.2241210937500000e-01   4.2714517278408888e+00   4.2714515583940180e+00   1.6944687075692855e-07
   2.2290039062500000e-01   4.2835288329949774e+00   4.2835215356534615e+00   7.2973415159438559e-06
   2.2338867187500000e-01   4.2955949697538447e+00   4.2955982565924868e+00   3.2868386421469609e-06
   2.2387695312500000e-01   4.3076789587819668e+00   4.3076816075403990e+00   2.6487584321444047e-06
   2.2436523437500000e-01   4.3197779267465544e+00   4.3197714747640958e+00   6.4519824585218544e-06
   2.2485351562500000e-01   4.3318685565824868e+00   4.3318677444691422e+00   8.1211334457265139e-07
   2.2534179687500000e-01   4.3439652102240789e+00   4.3439703028008427e+00   5.0925767638432262e-06
   2.2583007812500000e-01   4.3560833130939125e+00   4.3560790358453065e+00   4.2772486059661219e-06
   2.2631835937500000e-01   4.3681983853927067e+00   4.3681938296305276e+00   4.5557621790592862e-06
   2.3461914062500000e-01   4.5749581325227577e+00   4.5749619187123853e+00   3.7861896275970253e-06
   2.3510742187500000e-01   4.5871650600785108e+00   4.5871662567934450e+00   1.1967149342595462e-06
   2.3559570312500000e-01   4.5993820723077281e+00   4.5993744805343315e+00   7.5917733965980005e-06
   2.3608398437500000e-01   4.6115839601999129e+00   4.6115864750265896e+00   2.5148266766805705e-06
   2.3657226562500000e-01   4.6237990432578204e+00   4.6238021253262804e+00   3.0820684600030290e-06
   2.3706054687500000e-01   4.6360291674982586e+00   4.6360213164550483e+00   7.8510432102163463e-06
   2.3754882812500000e-01   4.6482431932251398e+00   4.6482439334012122e+00   7.4017607243348493e-07
   2.3803710937500000e-01   4.6604650950268427e+00   4.6604698611208484e+00   4.7660940056815093e-06
   2.3852539062500000e-01   4.6727067952905053e+00   4.6726989845388678e+00   7.8107516374714692e-06
   2.3901367187500000e-01   4.6849314882852227e+00   4.6849311885501042e+00   2.9973511850300838e-07
   2.3950195312500000e-01   4.6971613060022195e+00   4.6971663580203922e+00   5.0520181726909641e-06
   2.3999023437500000e-01   4.7094106743213171e+00   4.7094043777876617e+00   6.2965336553588713e-06
   2.4047851562500000e-01   4.7216473543340483e+00   4.7216451326630056e+00   2.2216710426903319e-06
   2.4096679687500000e-01   4.7338827949640434e+00   4.7338885074317796e+00   5.7124677361741760e-06
   2.4145507812500000e-01   4.7461395909490767e+00   4.7461343868546759e+00   5.2040944007458734e-06
   2.4194335937500000e-01   4.7583864008485559e+00   4.7583826556688154e+00   3.7451797405552156e-06
   2.4243164062500000e-01   4.7706271031105745e+00   4.7706331985888255e+00   6.0954782510336258e-06
   2.4291992187500000e-01   4.7828904753672346e+00   4.7828859003079316e+00   4.5750593029580955e-06
   2.4340820312500000e-01   4.7951451580785776e+00   4.7951406454990391e+00   4.5125795384848288e-06
   2.4389648437500000e-01   4.8073915190235930e+00   4.8073973188158172e+00   5.7997922242591926e-06
   2.4438476562500000e-01   4.8196596771799500e+00   4.8196558048937908e+00   3.8722861592788149e-06
   2.4487304687500000e-01   4.8319207346405619e+00   4.8319159883514180e+00   4.7462891439309374e-06
   2.4536132812500000e-01   4.8441729989392011e+00   4.8441777537911861e+00   4.7548519850337811e-06
   2.4584960937500000e-01   4.8564431773295391e+00   4.8564409858006865e+00   2.1915288526130894e-06
   2.4633789062500000e-01   4.8687115900978837e+00   4.8687055689537102e+00   6.0211441734736582e-06
   2.4682617187500000e-01   4.8809662041881161e+00   4.8809713878113277e+00   5.1836232115576308e-06
   2.4731445312500000e-01   4.8932401896413795e+00   4.8932383269229840e+00   1.8627183955288729e-06
   2.4780273437500000e-01   4.9055126384071626e+00   4.9055062708275745e+00   6.3675795880513419e-06
   2.4829101562500000e-01   4.9177695405010828e+00   4.9177751040545363e+00   5.5635534534914655e-06
   2.4877929687500000e-01   4.9300470141614579e+00   4.9300447111249426e+00   2.3030365152720833e-06
   2.4926757812500000e-01   4.9423207080339644e+00   4.9423149765525771e+00   5.7314813872721970e-06
   2.4975585937500000e-01   4.9545806711658331e+00   4.9545857848450288e+00   5.1136791956452043e-06
   2.5024414062500000e-01   4.9668595519304368e+00   4.9668570205047748e+00   2.5314256619779485e-06
   2.5073242187500000e-01   4.9791334041561282e+00   4.9791285680302755e+00   4.8361258526696815e-06
   2.5122070312500000e-01   4.9913964903518373e+00   4.9914003119170491e+00   3.8215652118367416e-06
   2.5170898437500000e-01   5.0036741254771968e+00   5.0036721366587695e+00   1.9888184272787157e-06
   2.5219726562500000e-01   5.0159487753666490e+00   5.0159439267483465e+00   4.8486183024110119e-06
   2.5268554687500000e-01   5.0282120979354792e+00   5.0282155666790205e+00   3.4687435412905643e-06
   2.5317382812500000e-01   5.0404889207029182e+00   5.0404869409454438e+00   1.9797574744018220e-06
   2.5366210937500000e-01   5.0527624845601187e+00   5.0527579340447648e+00   4.5505153538627496e-06
   2.5415039062500000e-01   5.0650252573564707e+00   5.0650284304777262e+00   3.1731212555285992e-06
   2.5463867187500000e-01   5.0773001629774148e+00   5.0772983147497408e+00   1.8482276740172665e-06
   2.5512695312500000e-01   5.0895719270842541e+00   5.0895674713719856e+00   4.4557122684807382e-06
   2.5561523437500000e-01   5.1018323660898695e+00   5.1018357848624847e+00   3.4187726152268283e-06
   2.5610351562500000e-01   5.1141055129806805e+00   5.1141031397471997e+00   2.3732334808457267e-06
   2.5659179687500000e-01   5.1263732425658670e+00   5.1263694205611143e+00   3.8220047526849044e-06
   2.5708007812500000e-01   5.1386312169996833e+00   5.1386345118493226e+00   3.2948496393458981e-06
   2.5756835937500000e-01   5.1509011990609279e+00   5.1508982981681140e+00   2.9008928139617751e-06
   2.5805664062500000e-01   5.1631638172509469e+00   5.1631606640860612e+00   3.1531648856386596e-06
   2.5854492187500000e-01   5.1754186135094749e+00   5.1754214941851053e+00   2.8806756304788905e-06
   2.5903320312500000e-01   5.1876840527570467e+00   5.1876806730616449e+00   3.3796954017617509e-06
   2.5952148437500000e-01   5.1999404481142228e+00   5.1999380853276191e+00   2.3627866037045919e-06
   2.6000976562500000e-01   5.2121914636227586e+00   5.2121936156115947e+00   2.1519888360188588e-06
   2.6049804687500000e-01   5.2244504958299398e+00   5.2244471485598538e+00   3.3472700859960014e-06
   2.6098632812500000e-01   5.2367007587032219e+00   5.2366985688374763e+00   2.1898657456276283e-06
   2.6147460937500000e-01   5.2489454995378839e+00   5.2489477611294317e+00   2.2615915478141346e-06
   2.6196289062500000e-01   5.2611986574778662e+00   5.2611946101416542e+00   4.0473362119541889e-06
   2.6245117187500000e-01   5.2734401912998514e+00   5.2734390006021394e+00   1.1906977119835460e-06
   2.6293945312500000e-01   5.2856788415810847e+00   5.2856808172620173e+00   1.9756809326310076e-06
   2.6342773437500000e-01   5.2979247459370260e+00   5.2979199448966510e+00   4.8010403750353703e-06
   2.6391601562500000e-01   5.3101557632923031e+00   5.3101562683067085e+00   5.0501440540529074e-07
   2.6440429687500000e-01   5.3223891571737170e+00   5.3223896723192512e+00   5.1514553423004372e-07
   2.6489257812500000e-01   5.3346244987388323e+00   5.3346200417888268e+00   4.4569500055047229e-06
   2.6538085937500000e-01   5.3468457435558756e+00   5.3468472615985352e+00   1.5180426595762242e-06
   2.6586914062500000e-01   5.3590723816673620e+00   5.3590712166611283e+00   1.1650062337054123e-06
   2.6635742187500000e-01   5.3712949281148754e+00   5.3712917919200862e+00   3.1361947891994646e-06
   2.6684570312500000e-01   5.3835080141743274e+00   5.3835088723507010e+00   8.5817637351937037e-07
   2.6733398437500000e-01   5.3957238373777887e+00   5.3957223429611556e+00   1.4944166331076758e-06
   2.6782226562500000e-01   5.4079350720265307e+00   5.4079320887936175e+00   2.9832329131451729e-06
   2.6831054687500000e-01   5.4201367885166505e+00   5.4201379949253052e+00   1.2064086547525221e-06
   2.6879882812500000e-01   5.4323424280353345e+00   5.4323399464695843e+00   2.4815657502230692e-06
   2.6928710937500000e-01   5.4445399940234447e+00   5.4445378285770394e+00   2.1654464053000311e-06
   2.6977539062500000e-01   5.4567302916091389e+00   5.4567315264365561e+00   1.2348274172069296e-06
   2.7026367187500000e-01   5.4689242611671220e+00   5.4689209252764091e+00   3.3358907129965587e-06
   2.7075195312500000e-01   5.4811068647752617e+00   5.4811059103653328e+00   9.5440992886608456e-07
   2.7124023437500000e-01   5.4932855331947046e+00   5.4932863670136065e+00   8.3381890192413266e-07
   2.7172851562500000e-01   5.5054662652575210e+00   5.5054621805741348e+00   4.0846833861962750e-06
   2.7221679687500000e-01   5.5176324139495989e+00   5.5176332364435225e+00   8.2249392363564766e-07
   2.7270507812500000e-01   5.5298002946931337e+00   5.5297994200631546e+00   8.7462997910847662e-07
   2.7319335937500000e-01   5.5419640367681691e+00   5.5419606169202815e+00   3.4198478875424598e-06
   2.7368164062500000e-01   5.5541153007489488e+00   5.5541167125490842e+00   1.4118001354646026e-06
   2.7416992187500000e-01   5.5662699854936388e+00   5.5662675925317604e+00   2.3929618784279683e-06
   2.7465820312500000e-01   5.5784156038468371e+00   5.5784131424996026e+00   2.4613472344725551e-06
   2.7514648437500000e-01   5.5905515164355508e+00   5.5905532481340670e+00   1.7316985161386356e-06
   2.7563476562500000e-01   5.6026921913425696e+00   5.6026877951678555e+00   4.3961747140386365e-06
   2.7612304687500000e-01   5.6148166025026605e+00   5.6148166693859913e+00   6.6883330873679370e-08
   2.7661132812500000e-01   5.6269399449360300e+00   5.6269397566268902e+00   1.8830913983691744e-07
   2.7709960937500000e-01   5.6390611863868649e+00   5.6390569427834389e+00   4.2436034259907274e-06
   2.7758789062500000e-01   5.6511663845663085e+00   5.6511681138040650e+00   1.7292377565425454e-06
   2.7807617187500000e-01   5.6632757573702879e+00   5.6632731556938154e+00   2.6016764724801078e-06
   2.7856445312500000e-01   5.6753742607525988e+00   5.6753719545154260e+00   2.3062371727888831e-06
   2.7905273437500000e-01   5.6874628626898280e+00   5.6874643963903946e+00   1.5337005665472248e-06
   2.7954101562500000e-01   5.6995543958944994e+00   5.6995503675000503e+00   4.0283944491292800e-06
   2.8002929687500000e-01   5.7116297025018428e+00   5.7116297540866334e+00   5.1584790661252100e-08
   2.8051757812500000e-01   5.7237027931983313e+00   5.7237024424543543e+00   3.5074397697343329e-07
   2.8100585937500000e-01   5.7357718140866938e+00   5.7357683189704742e+00   3.4951162195540064e-06
   3.0493164062500000e-01   6.3163082392448811e+00   6.3163054702857977e+00   2.7689590833546163e-06
   3.0541992187500000e-01   6.3278884930566299e+00   6.3278875770286023e+00   9.1602802765322622e-07
   3.0590820312500000e-01   6.3394584914583723e+00   6.3394571850992190e+00   1.3063591532969099e-06
   3.0639648437500000e-01   6.3510166309952254e+00   6.3510141856000839e+00   2.4453951414926678e-06
   3.0688476562500000e-01   6.3625590097552962e+00   6.3625584697523134e+00   5.4000298277401271e-07
   3.0737304687500000e-01   6.3740922783258558e+00   6.3740899288967032e+00   2.3494291525594235e-06
   3.0786132812500000e-01   6.3856099629956073e+00   6.3856084544947720e+00   1.5085008353565854e-06
   3.0834960937500000e-01   6.3971149678573598e+00   6.3971139381297686e+00   1.0297275911952397e-06
   3.0883789062500000e-01   6.4086088561975370e+00   6.4086062715076988e+00   2.5846898381587380e-06
   3.0932617187500000e-01   6.4200858477910376e+00   6.4200853464583423e+00   5.0133269535734826e-07
   3.0981445312500000e-01   6.4315533494084107e+00   6.4315510549362775e+00   2.2944721331796814e-06
   3.1030273437500000e-01   6.4430045606791584e+00   6.4430032890218882e+00   1.2716572701521045e-06
   3.1079101562500000e-01   6.4544432014669937e+00   6.4544419409223845e+00   1.2605446091384920e-06
   3.1127929687500000e-01   6.4658689421496796e+00   6.4658669029728202e+00   2.0391768593697179e-06
   3.1176757812500000e-01   6.4772790336942920e+00   6.4772780676370987e+00   9.6605719335229878e-07
   3.1225585937500000e-01   6.4886771030161681e+00   6.4886753275089957e+00   1.7755071723968285e-06
   2.9711914062500000e-01   6.1293817143803988e+00   6.1293812474105263e+00   4.6696987254790656e-07
   2.9760742187500000e-01   6.1411519296969868e+00   6.1411484299935566e+00   3.4997034301653684e-06
   2.9809570312500000e-01   6.1529042508934317e+00   6.1529048715643677e+00   6.2067093598017209e-07
   2.9858398437500000e-01   6.1646530942899656e+00   6.1646504614668540e+00   2.6328231115257950e-06
   2.9907226562500000e-01   6.1763869310585733e+00   6.1763850891470486e+00   1.8419115246359752e-06
   2.9956054687500000e-01   6.1881085883539981e+00   6.1881086441541697e+00   5.5800171594455605e-08
   3.0004882812500000e-01   6.1998246753791673e+00   6.1998210161416480e+00   3.6592375192157078e-06
   3.0053710937500000e-01   6.2115218911091006e+00   6.2115220948681831e+00   2.0375908249548047e-07
   3.0102539062500000e-01   6.2232139308742802e+00   6.2232117701987608e+00   2.1606755193914751e-06
   3.0151367187500000e-01   6.2348919868356258e+00   6.2348899321057099e+00   2.0547299159900945e-06
   3.0200195312500000e-01   6.2465565538437424e+00   6.2465564706697165e+00   8.3174025888865799e-08
   3.0249023437500000e-01   6.2582141834228766e+00   6.2582112760808819e+00   2.9073419947067691e-06
   3.0297851562500000e-01   6.2698548498442825e+00   6.2698542386397387e+00   6.1120454386554002e-07
   3.0346679687500000e-01   6.2814864802121289e+00   6.2814852487582851e+00   1.2314538437863121e-06
   3.0395507812500000e-01   6.2931067597996915e+00   6.2931041969610275e+00   2.5628386639553469e-06
   3.0444335937500000e-01   6.3047108355625046e+00   6.3047109738859994e+00   1.3832349488041018e-07
   2.8930664062500000e-01   5.9397349085305997e+00   5.9397362235128783e+00   1.3149822786218124e-06
   2.8979492187500000e-01   5.9516633522495006e+00   5.9516601337626094e+00   3.2184868912210618e-06
   2.9028320312500000e-01   5.9635764645773017e+00   5.9635750865361290e+00   1.3780411727282171e-06
   2.9077148437500000e-01   5.9754805389483110e+00   5.9754809696853686e+00   4.3073705757734615e-07
   2.9125976562500000e-01   5.9873819429498916e+00   5.9873776711476161e+00   4.2718022754684171e-06
   2.9174804687500000e-01   5.9992641340562969e+00   5.9992650789465909e+00   9.4489029400790514e-07
   2.9223632812500000e-01   6.0111453655310036e+00   6.0111430811934810e+00   2.2843375226955231e-06
   2.9272460937500000e-01   6.0230141536863950e+00   6.0230115660880070e+00   2.5875983880041531e-06
   2.9321289062500000e-01   6.0348693463140641e+00   6.0348704219194680e+00   1.0756054038552065e-06
   2.9370117187500000e-01   6.0467235830048072e+00   6.0467195370677977e+00   4.0459370094225733e-06
   2.9418945312500000e-01   6.0585587182530638e+00   6.0585588000046116e+00   8.1751547753583509e-08
   2.9467773437500000e-01   6.0703890773927061e+00   6.0703880992942567e+00   9.7809844934459989e-07
   2.9516601562500000e-01   6.0822107746195462e+00   6.0822073235948642e+00   3.4510246820218526e-06
   2.9565429687500000e-01   6.0940148804251155e+00   6.0940163616593903e+00   1.4812342747916318e-06
   2.9614257812500000e-01   6.1058188101874187e+00   6.1058151023366776e+00   3.7078507411081318e-06
   2.9663085937500000e-01   6.1176039188963092e+00   6.1176034345724783e+00   4.8432383081831176e-07
   2.8149414062500000e-01   5.7478264678207651e+00   5.7478272700663675e+00   8.0224560239372522e-07
   2.8198242187500000e-01   5.7598809728887668e+00   5.7598791822385946e+00   1.7906501721398627e-06
   2.8247070312500000e-01   5.7719268023489345e+00   5.7719239420499662e+00   2.8602989683434998e-06
   2.8295898437500000e-01   5.7839599969024782e+00   5.7839614361306175e+00   1.4392281393327266e-06
   2.8344726562500000e-01   5.7959954445902788e+00   5.7959915511790694e+00   3.8934112094324291e-06
   2.8393554687500000e-01   5.8080147221520804e+00   5.8080141739632953e+00   5.4818878503226642e-07
   2.8442382812500000e-01   5.8200292449588256e+00   5.8200291913217956e+00   5.3637029928665925e-08
   2.8491210937500000e-01   5.8320406704064514e+00   5.8320364901646453e+00   4.1802418060399305e-06
   2.8540039062500000e-01   5.8440345638663631e+00   5.8440359574745795e+00   1.3936082163823471e-06
   2.8588867187500000e-01   5.8560300057418857e+00   5.8560274803080388e+00   2.5254338469338222e-06
   2.8637695312500000e-01   5.8680133275086552e+00   5.8680109457962448e+00   2.3817124104041909e-06
   2.8686523437500000e-01   5.8799847322002794e+00   5.8799862411462565e+00   1.5089459770578628e-06
   2.8735351562500000e-01   5.8919576928425910e+00   5.8919532536420327e+00   4.4392005582594152e-06
   2.8784179687500000e-01   5.9039112192835388e+00   5.9039118706454943e+00   6.5136195548376463e-07
   2.8833007812500000e-01   5.9158631159866077e+00   5.9158619795975831e+00   1.1363890246585129e-06
   2.8881835937500000e-01   5.9278067746348562e+00   5.9278034680193246e+00   3.3066155316063828e-06
   3.3618164062500000e-01   7.0279108637113712e+00   7.0279089852795202e+00   1.8784318509545983e-06
   3.3666992187500000e-01   7.0384789022836109e+00   7.0384772249156491e+00   1.6773679618609094e-06
   3.3715820312500000e-01   7.0490282307739829e+00   7.0490262775391948e+00   1.9532347881323631e-06
   3.3764648437500000e-01   7.0595577897063029e+00   7.0595560438584570e+00   1.7458478458465265e-06
   3.3813476562500000e-01   7.0700684153090174e+00   7.0700664247632634e+00   1.9905457540048133e-06
   3.3862304687500000e-01   7.0805591110401522e+00   7.0805573213259070e+00   1.7897142452483195e-06
   3.3911132812500000e-01   7.0910306520026856e+00   7.0910286348020746e+00   2.0172006109930862e-06
   3.3959960937500000e-01   7.1014820364988669e+00   7.1014802666317776e+00   1.7698670893295798e-06
   3.4008789062500000e-01   7.1119141084494579e+00   7.1119121184402703e+00   1.9900091876579040e-06
   3.4057617187500000e-01   7.1223258260394298e+00   7.1223240920389967e+00   1.7340004330179681e-06
   3.4106445312500000e-01   7.1327180369543814e+00   7.1327160894264914e+00   1.9475278900671356e-06
   3.4155273437500000e-01   7.1430896934875783e+00   7.1430880127893221e+00   1.6806982561234918e-06
   3.4204101562500000e-01   7.1534416860522576e+00   7.1534397645029939e+00   1.9215492637059128e-06
   3.4252929687500000e-01   7.1637728936155725e+00   7.1637712471328721e+00   1.6464827004014637e-06
   3.4301757812500000e-01   7.1740842849481314e+00   7.1740823634351196e+00   1.9215130118155344e-06
   3.4350585937500000e-01   7.1843746402898248e+00   7.1843730163575685e+00   1.6239322562228153e-06
   3.2836914062500000e-01   6.8562912577020949e+00   6.8562894284737190e+00   1.8292283758825079e-06
   3.2885742187500000e-01   6.8671526183153118e+00   6.8671510121532702e+00   1.6061620415896982e-06
   3.2934570312500000e-01   6.8779968892363499e+00   6.8779950214078003e+00   1.8678285496065428e-06
   3.2983398437500000e-01   6.8888230522215856e+00   6.8888213541693659e+00   1.6980522197229675e-06
   3.3032226562500000e-01   6.8996318067556510e+00   6.8996299085363999e+00   1.8982192511174389e-06
   3.3081054687500000e-01   6.9104223130103266e+00   6.9104205827746750e+00   1.7302356516424311e-06
   3.3129882812500000e-01   6.9211952219742532e+00   6.9211932753182488e+00   1.9466560043923664e-06
   3.3178710937500000e-01   6.9319495720664044e+00   6.9319478847704428e+00   1.6872959616165417e-06
   3.3227539062500000e-01   6.9426862438638928e+00   6.9426843099047755e+00   1.9339591172951032e-06
   3.3276367187500000e-01   6.9534040986068391e+00   6.9534024496659210e+00   1.6489409180309167e-06
   3.3325195312500000e-01   6.9641040861944532e+00   6.9641022031706701e+00   1.8830237831224395e-06
   3.3374023437500000e-01   6.9747850825153037e+00   6.9747834697088642e+00   1.6128064395104502e-06
   3.3422851562500000e-01   6.9854479895726875e+00   6.9854461487443613e+00   1.8408283262161262e-06
   3.3471679687500000e-01   6.9960917326287344e+00   6.9960901399159567e+00   1.5927127776649286e-06
   3.3520507812500000e-01   7.0067171809733173e+00   7.0067153430383584e+00   1.8379349588926175e-06
   3.3569335937500000e-01   7.0173232276879425e+00   7.0173216581031062e+00   1.5695848363250775e-06
   3.2055664062500000e-01   6.6801994764685464e+00   6.6801978851677246e+00   1.5913008217793845e-06
   3.2104492187500000e-01   6.6913283256585299e+00   6.6913266463842493e+00   1.6792742805193939e-06
   3.2153320312500000e-01   6.7024412176457595e+00   6.7024394881016480e+00   1.7295441114839605e-06
   3.2202148437500000e-01   6.7135379079844331e+00   6.7135363057216209e+00   1.6022628122058791e-06
   3.2250976562500000e-01   6.7246189138581478e+00   6.7246169947966958e+00   1.9190614519715155e-06
   3.2299804687500000e-01   6.7356829917420882e+00   6.7356814510312049e+00   1.5407108833187522e-06
   3.2348632812500000e-01   6.7467315409501225e+00   6.7467295702822749e+00   1.9706678475728268e-06
   3.2397460937500000e-01   6.7577628185315515e+00   6.7577612485607990e+00   1.5699707525129725e-06
   3.2446289062500000e-01   6.7687782307733126e+00   6.7687763820324189e+00   1.8487408937062355e-06
   3.2495117187500000e-01   6.7797764981411444e+00   6.7797748670185030e+00   1.6311226413989743e-06
   3.2543945312500000e-01   6.7907583425846560e+00   6.7907565999971258e+00   1.7425875302734539e-06
   3.2592773437500000e-01   6.8017230744023784e+00   6.8017214776040280e+00   1.5967983504339145e-06
   3.2641601562500000e-01   6.8126711411596137e+00   6.8126693966336092e+00   1.7445260045434452e-06
   3.2690429687500000e-01   6.8236017704096295e+00   6.8236002540398886e+00   1.5163697408837606e-06
   3.2739257812500000e-01   6.8345157435906350e+00   6.8345139469374647e+00   1.7966531702384714e-06
   3.2788085937500000e-01   6.8454118427631858e+00   6.8454103726025126e+00   1.4701606732003825e-06
   3.1274414062500000e-01   6.5000602440112054e+00   6.5000585753131572e+00   1.6686980481850355e-06
   3.1323242187500000e-01   6.5114288630532409e+00   6.5114277039061221e+00   1.1591471187344382e-06
   3.1372070312500000e-01   6.5227847804993768e+00   6.5227826062773211e+00   2.1742220557285918e-06
   3.1420898437500000e-01   6.5341243406631211e+00   6.5341231755500875e+00   1.1651130336076676e-06
   3.1469726562500000e-01   6.5454512375508092e+00   6.5454493049826663e+00   1.9325681428483676e-06
   3.1518554687500000e-01   6.5567625475122835e+00   6.5567608879692125e+00   1.6595430709642756e-06
   3.1567382812500000e-01   6.5680593543394474e+00   6.5680578180408009e+00   1.5362986465206063e-06
   3.1616210937500000e-01   6.5793418595476547e+00   6.5793399888664208e+00   1.8706812339175372e-06
   3.1665039062500000e-01   6.5906088210423253e+00   6.5906072942539851e+00   1.5267883402003690e-06
   3.1713867187500000e-01   6.6018612419740688e+00   6.6018596281513231e+00   1.6138227456607979e-06
   3.1762695312500000e-01   6.6130986746808151e+00   6.6130968846471845e+00   1.7900336306553299e-06
   3.1811523437500000e-01   6.6243202690172680e+00   6.6243189579722301e+00   1.3110450378661653e-06
   3.1860351562500000e-01   6.6355276186500616e+00   6.6355257425000325e+00   1.8761500291120115e-06
   3.1909179687500000e-01   6.6467184684450977e+00   6.6467171327480656e+00   1.3356970320899109e-06
   3.1958007812500000e-01   6.6578947349193234e+00   6.6578930233787048e+00   1.7115406185652660e-06
   3.2006835937500000e-01   6.6690548313817075e+00   6.6690533092002129e+00   1.5221814946286827e-06
   3.4399414062500000e-01   7.1946450617617028e+00   7.1946431090406850e+00   1.9527210177727738e-06
   3.4448242187500000e-01   7.2048942884690401e+00   7.2048925448184411e+00   1.7436505990175988e-06
   3.4497070312500000e-01   7.2151232502775136e+00   7.2151212272192451e+00   2.0230582684632736e-06
   3.4545898437500000e-01   7.2253308757878703e+00   7.2253290599668398e+00   1.8158210304264344e-06
   3.4594726562500000e-01   7.2355180082440125e+00   7.2355159469812174e+00   2.0612627951166473e-06
   3.4643554687500000e-01   7.2456836502467041e+00   7.2456817923795196e+00   1.8578671845403960e-06
   3.4692382812500000e-01   7.2558285906422517e+00   7.2558265004769380e+00   2.0901653137173071e-06
   3.4741210937500000e-01   7.2659518133554108e+00   7.2659499757876098e+00   1.8375678010329466e-06
   3.4790039062500000e-01   7.2760541856935319e+00   7.2760521230255382e+00   2.0626679937407744e-06
   3.4838867187500000e-01   7.2861346504613280e+00   7.2861328471054634e+00   1.8033558646379788e-06
   3.4887695312500000e-01   7.2961940710568998e+00   7.2961920531437716e+00   2.0179131281494733e-06
   3.4936523437500000e-01   7.3062313962770524e+00   7.3062296464593794e+00   1.7498176729802140e-06
   3.4985351562500000e-01   7.3162475243755365e+00   7.3162455325746407e+00   1.9918008957731104e-06
   3.5034179687500000e-01   7.3262413292570194e+00   7.3262396172162205e+00   1.7120407989068553e-06
   3.5083007812500000e-01   7.3362137984703439e+00   7.3362118063159869e+00   1.9921543570333711e-06
   3.5131835937500000e-01   7.3461636908595427e+00   7.3461620060118982e+00   1.6848476445119331e-06
   3.5180664062500000e-01   7.3560921472641194e+00   7.3560901226488884e+00   2.0246152310221532e-06
   3.5229492187500000e-01   7.3659978687433032e+00   7.3659960627797361e+00   1.8059635671363594e-06
   3.5278320312500000e-01   7.3758818294171897e+00   7.3758797331659656e+00   2.0962512241595732e-06
   3.5327148437500000e-01   7.3857429212536543e+00   7.3857410407787052e+00   1.8804749490897166e-06
   3.5375976562500000e-01   7.3955820260062417e+00   7.3955798927995744e+00   2.1332066673096506e-06
   3.5424804687500000e-01   7.4053981207843078e+00   7.4053961966215454e+00   1.9241627624566604e-06
   3.5473632812500000e-01   7.4151920210742066e+00   7.4151898598498320e+00   2.1612243745749993e-06
   3.5522460937500000e-01   7.4249626952371814e+00   7.4249607903027472e+00   1.9049344341937058e-06
   3.5571289062500000e-01   7.4347110297300496e+00   7.4347088960125705e+00   2.1337174791469238e-06
   3.5620117187500000e-01   7.4444359562822893e+00   7.4444340852264155e+00   1.8710558737922156e-06
   3.5668945312500000e-01   7.4541383545789994e+00   7.4541362664071027e+00   2.0881718967302731e-06
   3.5717773437500000e-01   7.4638171648842064e+00   7.4638153482340055e+00   1.8166502009364649e-06
   3.5766601562500000e-01   7.4734733010569352e+00   7.4734712396039189e+00   2.0614530162887945e-06
   3.5815429687500000e-01   7.4831056264321116e+00   7.4831038496319167e+00   1.7768001949747259e-06
   3.5864257812500000e-01   7.4927151478254528e+00   7.4927130876522048e+00   2.0601732479974544e-06
   3.5913085937500000e-01   7.5023006098944283e+00   7.5022988632189751e+00   1.7466754531625384e-06
   3.5961914062500000e-01   7.5118631789214509e+00   7.5118610861072561e+00   2.0928141948317602e-06
   3.6010742187500000e-01   7.5214015355005799e+00   7.5213996663137657e+00   1.8691868142184376e-06
   3.6059570312500000e-01   7.5309166805470724e+00   7.5309145140577529e+00   2.1664893194994761e-06
   3.6108398437500000e-01   7.5404074843932776e+00   7.5404055397818501e+00   1.9446114274401793e-06
   3.6157226562500000e-01   7.5498748578026582e+00   7.5498726541529084e+00   2.2036497497879282e-06
   3.6206054687500000e-01   7.5593177566561724e+00   7.5593157680628380e+00   1.9885933344454543e-06
   3.6254882812500000e-01   7.5687370242137515e+00   7.5687347926294555e+00   2.2315842960196619e-06
   3.6303710937500000e-01   7.5781316092597866e+00   7.5781296391973143e+00   1.9700624722673865e-06
   3.6352539062500000e-01   7.5875024235147634e+00   7.5875002193385415e+00   2.2041762219870975e-06
   3.6401367187500000e-01   7.5968483815074013e+00   7.5968464448536697e+00   1.9366537316045651e-06
   3.6450195312500000e-01   7.6061703855032077e+00   7.6061682277724625e+00   2.1577307451892125e-06
   3.6499023437500000e-01   7.6154673619130229e+00   7.6154654803547484e+00   1.8815582745190795e-06
   3.6547851562500000e-01   7.6247402453868593e+00   7.6247381150912474e+00   2.1302956119129135e-06
   3.6596679687500000e-01   7.6339878845119866e+00   7.6339860447043897e+00   1.8398075969372485e-06
   3.6645507812500000e-01   7.6432113091879748e+00   7.6432091821491390e+00   2.1270388357308434e-06
   3.6694335937500000e-01   7.6524092477348695e+00   7.6524074406138105e+00   1.8071210590164810e-06
   3.6743164062500000e-01   7.6615828927942031e+00   7.6615807335208972e+00   2.1592733059350167e-06
   3.6791992187500000e-01   7.6707309059942794e+00   7.6707289745278695e+00   1.9314664099212564e-06
   3.6840820312500000e-01   7.6798543120882155e+00   7.6798520775280004e+00   2.2345602150863897e-06
   3.6889648437500000e-01   7.6889519645959954e+00   7.6889499566511699e+00   2.0079448255216903e-06
   3.6938476562500000e-01   7.6980247981347425e+00   7.6980225262646726e+00   2.2718700698476368e-06
   3.6987304687500000e-01   7.7070717529419746e+00   7.7070697009740288e+00   2.0519679457819961e-06
   3.7036132812500000e-01   7.7160936956119457e+00   7.7160913956237875e+00   2.2999881581498016e-06
   3.7084960937500000e-01   7.7250895590825284e+00   7.7250875252983180e+00   2.0337842103756998e-06
   3.7133789062500000e-01   7.7340602784182506e+00   7.7340580053226242e+00   2.2730956263927737e-06
   3.7182617187500000e-01   7.7430047518110694e+00   7.7430027512631359e+00   2.0005479335338805e-06
   3.7231445312500000e-01   7.7519239049694004e+00   7.7519216789284924e+00   2.2260409080487875e-06
   3.7280273437500000e-01   7.7608166490189232e+00   7.7608147043703486e+00   1.9446485746144049e-06
   3.7329101562500000e-01   7.7696839418674095e+00   7.7696817438841679e+00   2.1979832416363365e-06
   3.7377929687500000e-01   7.7785246150153675e+00   7.7785227140099913e+00   1.9010053762258394e-06
   3.7426757812500000e-01   7.7873397241437150e+00   7.7873375315332440e+00   2.1926104709635297e-06
   3.7475585937500000e-01   7.7961279793557452e+00   7.7961261134855047e+00   1.8658702405360827e-06
   3.7524414062500000e-01   7.8048906013100847e+00   7.8048883771452982e+00   2.2241647865683944e-06
   3.7573242187500000e-01   7.8136262322164738e+00   7.8136242400388545e+00   1.9921776193143614e-06
   3.7622070312500000e-01   7.8223359207847842e+00   7.8223336199409097e+00   2.3008438745364401e-06
   3.7670898437500000e-01   7.8310185046707392e+00   7.8310164348754601e+00   2.0697952791692842e-06
   3.7719726562500000e-01   7.8396749412496138e+00   7.8396726031165525e+00   2.3381330613858609e-06
   3.7768554687500000e-01   7.8483041570492684e+00   7.8483020431890234e+00   2.1138602450676558e-06
   3.7817382812500000e-01   7.8569070402325059e+00   7.8569046738693036e+00   2.3663632022774550e-06
   3.7866210937500000e-01   7.8654825102161841e+00   7.8654804141861545e+00   2.0960300295413958e-06
   3.7915039062500000e-01   7.8740315235011886e+00   7.8740291834214409e+00   2.3400797477535207e-06
   3.7963867187500000e-01   7.8825529640274485e+00   7.8825509011108936e+00   2.0629165549124195e-06
   3.8012695312500000e-01   7.8910477795964615e+00   7.8910454870448588e+00   2.2925516027783033e-06
   3.8061523437500000e-01   7.8995148674362090e+00   7.8995128612690628e+00   2.0061671461846231e-06
   3.8110351562500000e-01   7.9079552080640347e+00   7.9079529440853484e+00   2.2639786863010158e-06
   3.8159179687500000e-01   7.9163676166216677e+00   7.9163656560524434e+00   1.9605692243018780e-06
   3.8208007812500000e-01   7.9247531744633353e+00   7.9247509179867013e+00   2.2564766339883136e-06
   3.8256835937500000e-01   7.9331105739110424e+00   7.9331086509628417e+00   1.9229482006721810e-06
   3.8305664062500000e-01   7.9414410635912622e+00   7.9414387763146967e+00   2.2872765654824434e-06
   3.8354492187500000e-01   7.9497432667854149e+00   7.9497412156359584e+00   2.0511494565056410e-06
   3.8403320312500000e-01   7.9580182560495025e+00   7.9580158907809047e+00   2.3652685978703403e-06
   3.8452148437500000e-01   7.9662648537455514e+00   7.9662627238651371e+00   2.1298804142588779e-06
   3.8500976562500000e-01   7.9744840397034231e+00   7.9744816372663294e+00   2.4024370937070216e-06
   3.8549804687500000e-01   7.9826747275837402e+00   7.9826725536249308e+00   2.1739588094149553e-06
   3.8598632812500000e-01   7.9908378265403019e+00   7.9908353958449228e+00   2.4306953791963792e-06
   3.8647460937500000e-01   7.9989722436329558e+00   7.9989700870945226e+00   2.1565384331623250e-06
   3.8696289062500000e-01   8.0070789558398783e+00   8.0070765508069197e+00   2.4050329585634245e-06
   3.8745117187500000e-01   8.0151568342744692e+00   8.0151547106809886e+00   2.1235934806185242e-06
   3.8793945312500000e-01   8.0232068477512932e+00   8.0232044906820121e+00   2.3570692810892524e-06
   3.8842773437500000e-01   8.0312278810819535e+00   8.0312258150423972e+00   2.0660395563254497e-06
   3.8891601562500000e-01   8.0392209362813283e+00   8.0392186082623827e+00   2.3280189456187372e-06
   3.8940429687500000e-01   8.0471848135865613e+00   8.0471827951107571e+00   2.0184758042773865e-06
   3.8989257812500000e-01   8.0551206189871163e+00   8.0551183006255584e+00   2.3183615578403760e-06
   3.9038085937500000e-01   8.0630270284431749e+00   8.0630250501147813e+00   1.9783283935481677e-06
   3.9086914062500000e-01   8.0709053175308103e+00   8.0709029691570962e+00   2.3483737141560823e-06
   3.9135742187500000e-01   8.0787540919044609e+00   8.0787519836025332e+00   2.1083019277057247e-06
   3.9184570312500000e-01   8.0865744472122216e+00   8.0865720195731630e+00   2.4276390586663865e-06
   3.9233398437500000e-01   8.0943651915372090e+00   8.0943630034638421e+00   2.1880733669377150e-06
   3.9282226562500000e-01   8.1021273265736244e+00   8.1021248619428583e+00   2.4646307661413402e-06
   3.9331054687500000e-01   8.1098597540502926e+00   8.1098575219526445e+00   2.2320976480472154e-06
   3.9379882812500000e-01   8.1175634035746000e+00   8.1175609107104609e+00   2.4928641391142037e-06
   3.9428710937500000e-01   8.1252371708299211e+00   8.1252349557090717e+00   2.2151208494136654e-06
   3.9477539062500000e-01   8.1328820525633354e+00   8.1328795847174522e+00   2.4678458832028127e-06
   3.9526367187500000e-01   8.1404969081691103e+00   8.1404947257814388e+00   2.1823876714677226e-06
   3.9575195312500000e-01   8.1480827267028797e+00   8.1480803072244221e+00   2.4194784575826134e-06
   3.9624023437500000e-01   8.1556383817392870e+00   8.1556362576480179e+00   2.1240912690956293e-06
   3.9672851562500000e-01   8.1631648959033285e+00   8.1631625059327568e+00   2.3899705716701192e-06
   3.9721679687500000e-01   8.1706610558144739e+00   8.1706589812387058e+00   2.0745757680629140e-06
   3.9770507812500000e-01   8.1781279911228921e+00   8.1781256130061966e+00   2.3781166955672006e-06
   3.9819335937500000e-01   8.1855643628420012e+00   8.1855623309564400e+00   2.0318855611378694e-06
   3.9868164062500000e-01   8.1929714723846345e+00   8.1929690650922176e+00   2.4072924169615817e-06
   3.9916992187500000e-01   8.2003479092165534e+00   8.2003457456985291e+00   2.1635180242896013e-06
   3.9965820312500000e-01   8.2076947911265510e+00   8.2076923033432436e+00   2.4877833073588818e-06
   4.0014648437500000e-01   8.2150109131322377e+00   8.2150086688777648e+00   2.2442544729273095e-06
   4.0063476562500000e-01   8.2222972979851701e+00   8.2222947734376710e+00   2.5245474990498451e-06
   4.0112304687500000e-01   8.2295528365924397e+00   8.2295505484433775e+00   2.2881490622239653e-06
   4.0161132812500000e-01   8.2367784783140401e+00   8.2367759256007620e+00   2.5527132780922557e-06
   4.0209960937500000e-01   8.2439731085379382e+00   8.2439708369018199e+00   2.2716361183228173e-06
   4.0258789062500000e-01   8.2511377429975283e+00   8.2511352146253110e+00   2.5283722173696788e-06
   4.0307617187500000e-01   8.2582712304847696e+00   8.2582689913373795e+00   2.2391473901706149e-06
   4.0356445312500000e-01   8.2653745795339795e+00   8.2653720998922076e+00   2.4796417719130659e-06
   4.0405273437500000e-01   8.2724466535989993e+00   8.2724444734326266e+00   2.1801663727671894e-06
   4.0454101562500000e-01   8.2794884950911811e+00   8.2794860453907724e+00   2.4497004087464802e-06
   4.0502929687500000e-01   8.2864988782070039e+00   8.2864967494886717e+00   2.1287183322726833e-06
   4.0551757812500000e-01   8.2934789553496060e+00   8.2934765197389275e+00   2.4356106784750864e-06
   4.0600585937500000e-01   8.3004273739266701e+00   8.3004252904452667e+00   2.0834814034031979e-06
   4.0649414062500000e-01   8.3073454600997589e+00   8.3073429962032233e+00   2.4638965356871267e-06
   4.0698242187500000e-01   8.3142317885633013e+00   8.3142295719007091e+00   2.2166625921471450e-06
   4.0747070312500000e-01   8.3210874982744034e+00   8.3210849527186603e+00   2.5455557430831277e-06
   4.0795898437500000e-01   8.3279113724223102e+00   8.3279090741316111e+00   2.2982906990876018e-06
   4.0844726562500000e-01   8.3347044539468875e+00   8.3347018719083383e+00   2.5820385491925890e-06
   4.0893554687500000e-01   8.3414656240952247e+00   8.3414632821124428e+00   2.3419827819282091e-06
   4.0942382812500000e-01   8.3481958511972518e+00   8.3481932411029547e+00   2.6100942971396535e-06
   4.0991210937500000e-01   8.3548940114873691e+00   8.3548916855349322e+00   2.3259524368768325e-06
   4.1040039062500000e-01   8.3615611388229887e+00   8.3615585523600711e+00   2.5864629176197695e-06
   4.1088867187500000e-01   8.3681960725656186e+00   8.3681937788272851e+00   2.2937383334920014e-06
   4.1137695312500000e-01   8.3747998398967809e+00   8.3747973024832891e+00   2.5374134917655056e-06
   4.1186523437500000e-01   8.3813712953029942e+00   8.3813690611732046e+00   2.2341297896133483e-06
   4.1235351562500000e-01   8.3879115001067319e+00   8.3879089930411368e+00   2.5070655951253684e-06
   4.1284179687500000e-01   8.3944192173022145e+00   8.3944170365307578e+00   2.1807714567501080e-06
   4.1333007812500000e-01   8.4008956210934347e+00   8.4008931303858816e+00   2.4907075530933298e-06
   4.1381835937500000e-01   8.4073393466396134e+00   8.4073372136510489e+00   2.1329885644405522e-06
   4.1430664062500000e-01   8.4137517437239051e+00   8.4137492256720865e+00   2.5180518186118661e-06
   4.1479492187500000e-01   8.4201313737024268e+00   8.4201291060967041e+00   2.2676057227499768e-06
   4.1528320312500000e-01   8.4264793956940096e+00   8.4264767948750361e+00   2.6008189735193810e-06
   4.1577148437500000e-01   8.4327945823106099e+00   8.4327922322602120e+00   2.3500503978368670e-06
   4.1625976562500000e-01   8.4390779957750031e+00   8.4390753588089389e+00   2.6369660641734072e-06
   4.1674804687500000e-01   8.4453285088503538e+00   8.4453261153820307e+00   2.3934683230919518e-06
   4.1723632812500000e-01   8.4515471080131679e+00   8.4515444431449858e+00   2.6648681821228593e-06
   4.1772460937500000e-01   8.4577326615078992e+00   8.4577302835685355e+00   2.3779393636402801e-06
   4.1821289062500000e-01   8.4638862204058114e+00   8.4638835784291970e+00   2.6419766143703782e-06
   4.1870117187500000e-01   8.4700066158397203e+00   8.4700042698098148e+00   2.3460299054534062e-06
   4.1918945312500000e-01   8.4760948927532649e+00   8.4760923001001043e+00   2.5926531606046410e-06
   4.1967773437500000e-01   8.4821498978501388e+00   8.4821476119972168e+00   2.2858529220570745e-06
   4.2016601562500000e-01   8.4881727104329805e+00   8.4881701485062386e+00   2.5619267418619529e-06
   4.2065429687500000e-01   8.4941620835513820e+00   8.4941598529407685e+00   2.2306106135516757e-06
   4.2114257812500000e-01   8.5001192121973030e+00   8.5001166689234289e+00   2.5432738741670846e-06
   4.2163085937500000e-01   8.5060427206746034e+00   8.5060405403864010e+00   2.1802882024246628e-06
   4.2993164062500000e-01   8.6016556429163469e+00   8.6016530244172102e+00   2.6184991366307031e-06
   4.3041992187500000e-01   8.6069770253252464e+00   8.6069746629240491e+00   2.3624011973311099e-06
   4.3090820312500000e-01   8.6122650544156958e+00   8.6122623511230589e+00   2.7032926368519838e-06
   4.3139648437500000e-01   8.6175184854921785e+00   8.6175160392445065e+00   2.4462476719833148e-06
   4.3188476562500000e-01   8.6227384164486658e+00   8.6227356778386763e+00   2.7386099894499694e-06
   4.3237304687500000e-01   8.6279237066807415e+00   8.6279212177763434e+00   2.4889043981346504e-06
   4.3286132812500000e-01   8.6330753763246157e+00   8.6330726102492310e+00   2.7660753847413844e-06
   4.3334960937500000e-01   8.6381922812008085e+00   8.6381898067704697e+00   2.4744303388501976e-06
   4.3383789062500000e-01   8.6432755039211493e+00   8.6432727591750584e+00   2.7447460908547328e-06
   4.3432617187500000e-01   8.6483238628377421e+00   8.6483214196203164e+00   2.4432174257071892e-06
   4.3481445312500000e-01   8.6533384355963374e+00   8.6533357405863214e+00   2.6950100160405555e-06
   4.3530273437500000e-01   8.6583180569625622e+00   8.6583156748763770e+00   2.3820861851930886e-06
   4.3579101562500000e-01   8.6632638392320160e+00   8.6632611756174516e+00   2.6636145644687304e-06
   4.3627929687500000e-01   8.6681745194336663e+00   8.6681721962606026e+00   2.3231730637007786e-06
   4.3676757812500000e-01   8.6730513308954844e+00   8.6730486905814335e+00   2.6403140509501100e-06
   4.3725585937500000e-01   8.6778928804969713e+00   8.6778906126805229e+00   2.2678164484091212e-06
   4.2211914062500000e-01   8.5119339811992774e+00   8.5119314115719433e+00   2.5696273340258813e-06
   4.2260742187500000e-01   8.5177915432571378e+00   8.5177892270329387e+00   2.3162241991059318e-06
   4.2309570312500000e-01   8.5236165850736327e+00   8.5236139316333883e+00   2.6534402444156058e-06
   4.2358398437500000e-01   8.5294078699581739e+00   8.5294054705489657e+00   2.3994092082091356e-06
   4.2407226562500000e-01   8.5351664784660315e+00   8.5351637892674930e+00   2.6891985385191219e-06
   4.2456054687500000e-01   8.5408912760708784e+00   8.5408888335894861e+00   2.4424813922507838e-06
   4.2504882812500000e-01   8.5465832665322541e+00   8.5465805496286453e+00   2.7169036087570930e-06
   4.2553710937500000e-01   8.5522413112842912e+00   8.5522388838123700e+00   2.4274719212513673e-06
   4.2602539062500000e-01   8.5578664776624755e+00   8.5578637828822650e+00   2.6947802105325991e-06
   4.2651367187500000e-01   8.5634575897911098e+00   8.5634551938946402e+00   2.3958964696646490e-06
   4.2700195312500000e-01   8.5690157094485020e+00   8.5690130642210036e+00   2.6452274983768120e-06
   4.2749023437500000e-01   8.5745396767599278e+00   8.5745373415485631e+00   2.3352113647234773e-06
   4.2797851562500000e-01   8.5800305880324572e+00   8.5800279738807177e+00   2.6141517395217306e-06
   4.2846679687500000e-01   8.5854871876535395e+00   8.5854849095375414e+00   2.2781159980667098e-06
   4.2895507812500000e-01   8.5909106903391184e+00   8.5909080971562837e+00   2.5931828346870134e-06
   4.2944335937500000e-01   8.5962997109588581e+00   8.5962974856918315e+00   2.2252670266453833e-06
   4.9243164062500000e-01   8.9934077579611973e+00   8.9934048584623110e+00   2.8994988863217941e-06
   4.9291992187500000e-01   8.9940923551752388e+00   8.9940897232471233e+00   2.6319281154485452e-06
   4.9340820312500000e-01   8.9947399835963502e+00   8.9947369940497293e+00   2.9895466209239885e-06
   4.9389648437500000e-01   8.9953493828613347e+00   8.9953466647777649e+00   2.7180835697748762e-06
   4.9438476562500000e-01   8.9959217493031947e+00   8.9959187296927805e+00   3.0196104141566593e-06
   4.9487304687500000e-01   8.9964559384525700e+00   8.9964531834102868e+00   2.7550422831978949e-06
   4.9536132812500000e-01   8.9969530646077303e+00   8.9969500208997939e+00   3.0437079363565545e-06
   4.9584960937500000e-01   8.9974119827645040e+00   8.9974092374848826e+00   2.7452796214078035e-06
   4.9633789062500000e-01   8.9978338582832968e+00   8.9978308288432345e+00   3.0294400623631645e-06
   4.9682617187500000e-01   8.9982175088849203e+00   8.9982147910066672e+00   2.7178782531223078e-06
   4.9731445312500000e-01   8.9985641002710661e+00   8.9985611203611811e+00   2.9799098850702421e-06
   4.9780273437500000e-01   8.9988724691388047e+00   8.9988698136469942e+00   2.6554918104437775e-06
   4.9829101562500000e-01   8.9991438150635279e+00   8.9991408679585696e+00   2.9471049582951991e-06
   4.9877929687500000e-01   8.9993768645634198e+00   8.9993742807446395e+00   2.5838187802662560e-06
   4.9926757812500000e-01   8.9995729550755357e+00   8.9995700498082343e+00   2.9052673014007269e-06
   4.9975585937500000e-01   8.9997306830943078e+00   8.9997281733066998e+00   2.5097876079627213e-06
   4.8461914062500000e-01   8.9773434583065139e+00   8.9773405824126637e+00   2.8758938501738385e-06
   4.8510742187500000e-01   8.9786284425664338e+00   8.9786258338254328e+00   2.6087410009978385e-06
   4.8559570312500000e-01   8.9798766023601235e+00   8.9798736368080103e+00   2.9655521132099238e-06
   4.8608398437500000e-01   8.9810866745208244e+00   8.9810839796156010e+00   2.6949052234215287e-06
   4.8657226562500000e-01   8.9822598472819752e+00   8.9822568508559950e+00   2.9964259802284232e-06
   4.8706054687500000e-01   8.9833949722811575e+00   8.9833922394896852e+00   2.7327914722263813e-06
   4.8754882812500000e-01   8.9844931559066055e+00   8.9844901348299526e+00   3.0210766528426802e-06
   4.8803710937500000e-01   8.9855532489546004e+00   8.9855505265430011e+00   2.7224115992652287e-06
   4.8852539062500000e-01   8.9865764105247834e+00   8.9865734046480110e+00   3.0058767723772917e-06
   4.8901367187500000e-01   8.9875614539731483e+00   8.9875587595172650e+00   2.6944558833008614e-06
   4.8950195312500000e-01   8.9885095380347035e+00   8.9885065818762300e+00   2.9561584735660063e-06
   4.8999023437500000e-01   8.9894194948003125e+00   8.9894168628036422e+00   2.6319966703880482e-06
   4.9047851562500000e-01   8.9902925171450843e+00   8.9902895937315837e+00   2.9234135006106499e-06
   4.9096679687500000e-01   8.9911273281546311e+00   8.9911247664455871e+00   2.5617090440022139e-06
   4.9145507812500000e-01   8.9919252569143531e+00   8.9919223730846856e+00   2.8838296675104402e-06
   4.9194335937500000e-01   8.9926848959656720e+00   8.9926824061414994e+00   2.4898241726134529e-06
   4.7680664062500000e-01   8.9516973706980565e+00   8.9516945218508450e+00   2.8488472114673868e-06
   4.7729492187500000e-01   8.9535796460161539e+00   8.9535770636083427e+00   2.5824078111469362e-06
   4.7778320312500000e-01   8.9554253307411109e+00   8.9554223927042127e+00   2.9380368982145910e-06
   4.7827148437500000e-01   8.9572331602645381e+00   8.9572304917695202e+00   2.6684950178434974e-06
   4.7875976562500000e-01   8.9590043134662629e+00   8.9590013437857454e+00   2.9696805174950214e-06
   4.7924804687500000e-01   8.9607376393359033e+00   8.9607349320849483e+00   2.7072509549697088e-06
   4.7973632812500000e-01   8.9624342351984030e+00   8.9624312403499449e+00   2.9948484581154844e-06
   4.8022460937500000e-01   8.9640929488734553e+00   8.9640902526144313e+00   2.6962590240486861e-06
   4.8071289062500000e-01   8.9657149319899592e+00   8.9657119532631473e+00   2.9787268118752763e-06
   4.8120117187500000e-01   8.9672989948007427e+00   8.9672963270320416e+00   2.6677687010590034e-06
   4.8168945312500000e-01   8.9688462878744453e+00   8.9688433590083729e+00   2.9288660723381099e-06
   4.8217773437500000e-01   8.9703556399340378e+00   8.9703530346308948e+00   2.6053031429995599e-06
   4.8266601562500000e-01   8.9718282359053436e+00   8.9718253396899605e+00   2.8962153830747184e-06
   4.8315429687500000e-01   8.9732627967955043e+00   8.9732602603276739e+00   2.5364678304384825e-06
   4.8364257812500000e-01   8.9746606419521271e+00   8.9746577830380208e+00   2.8589141063406487e-06
   4.8413085937500000e-01   8.9760203614610905e+00   8.9760178946669793e+00   2.4667941111999880e-06
   4.6899414062500000e-01   8.9165312788067421e+00   8.9165284603830752e+00   2.8184236668948870e-06
   4.6948242187500000e-01   8.9190063102690722e+00   8.9190037572773200e+00   2.5529917522248979e-06
   4.6997070312500000e-01   8.9214450739941888e+00   8.9214421669270614e+00   2.9070671274666893e-06
   4.7045898437500000e-01   8.9238463052971433e+00   8.9238436663810639e+00   2.6389160794337840e-06
   4.7094726562500000e-01   8.9262111724738240e+00   8.9262082330354993e+00   2.9394383247449696e-06
   4.7143554687500000e-01   8.9285385231166323e+00   8.9285358446341636e+00   2.6784824687098308e-06
   4.7192382812500000e-01   8.9308294443556644e+00   8.9308264792686938e+00   2.9650869706188132e-06
   4.7241210937500000e-01   8.9330827822638543e+00   8.9330801153787611e+00   2.6668850932054511e-06
   4.7290039062500000e-01   8.9352996798074731e+00   8.9352967317522847e+00   2.9480551884120132e-06
   4.7338867187500000e-01   8.9374789454066317e+00   8.9374763075256318e+00   2.6378809998561792e-06
   4.7387695312500000e-01   8.9396217202822150e+00   8.9396188221837924e+00   2.8980984225768225e-06
   4.7436523437500000e-01   8.9417268310354228e+00   8.9417242555606187e+00   2.5754748040895947e-06
   4.7485351562500000e-01   8.9437954534142676e+00   8.9437925878389617e+00   2.8655753059325662e-06
   4.7534179687500000e-01   8.9458263077068452e+00   8.9458237995508867e+00   2.5081559584805291e-06
   4.7583007812500000e-01   8.9478207021583867e+00   8.9478178715778629e+00   2.8305805237494042e-06
   4.7631835937500000e-01   8.9497772259033734e+00   8.9497747851509200e+00   2.4407524534808545e-06
   4.6118164062500000e-01   8.8719299008289010e+00   8.8719271161316193e+00   2.7846972816547577e-06
   4.6166992187500000e-01   8.8749917255194806e+00   8.8749892049555772e+00   2.5205639033742955e-06
   4.6215820312500000e-01   8.8780176935341313e+00   8.8780148208167624e+00   2.8727173688736229e-06
   4.6264648437500000e-01   8.8810065414771255e+00   8.8810039352369312e+00   2.6062401943249824e-06
   4.6313476562500000e-01   8.8839594258536714e+00   8.8839565200813961e+00   2.9057722752412474e-06
   4.6362304687500000e-01   8.8868751941143547e+00   8.8868725475593084e+00   2.6465550462262399e-06
   4.6411132812500000e-01   8.8897549220877234e+00   8.8897519902238997e+00   2.9318638237185723e-06
   4.6459960937500000e-01   8.8925974553329787e+00   8.8925948209727661e+00   2.6343602126388532e-06
   4.6508789062500000e-01   8.8954039269837839e+00   8.8954010130480992e+00   2.9139356847451836e-06
   4.6557617187500000e-01   8.8981731449019961e+00   8.8981705400369471e+00   2.6048650489940428e-06
   4.6606445312500000e-01   8.9009062398011647e+00   8.9009033758714722e+00   2.8639296925092594e-06
   4.6655273437500000e-01   8.9036020374130374e+00   8.9035994948291801e+00   2.5425838572346038e-06
   4.6704101562500000e-01   8.9062617031008227e+00   8.9062588715331739e+00   2.8315676487977726e-06
   4.6752929687500000e-01   8.9088839577941386e+00   8.9088814809523846e+00   2.4768417539178245e-06
   4.6801757812500000e-01   8.9114700972994729e+00   8.9114672984018171e+00   2.7988976558646073e-06
   4.6850585937500000e-01   8.9140187113051219e+00   8.9140162995427712e+00   2.4117623507180497e-06
   4.5336914062500000e-01   8.8180006853902331e+00   8.8179979376413868e+00   2.7477488462324118e-06
   4.5385742187500000e-01   8.8216419267573123e+00   8.8216394415548756e+00   2.4852024367305603e-06
   4.5434570312500000e-01   8.8252478097244946e+00   8.8252449746538861e+00   2.8350706084978583e-06
   4.5483398437500000e-01   8.8288170735475724e+00   8.8288145030017660e+00   2.5705458064351205e-06
   4.5532226562500000e-01   8.8323508617639579e+00   8.8323479930007576e+00   2.8687632003254748e-06
   4.5581054687500000e-01   8.8358480229377889e+00   8.8358454113923024e+00   2.6115454865305310e-06
   4.5629882812500000e-01   8.8393096205163300e+00   8.8393067252573712e+00   2.8952589588016053e-06
   4.5678710937500000e-01   8.8427345007798763e+00   8.8427319020167570e+00   2.5987631193657990e-06
   4.5727539062500000e-01   8.8461237858823054e+00   8.8461209094313933e+00   2.8764509121259607e-06
   4.5776367187500000e-01   8.8494762844029768e+00   8.8494737156026488e+00   2.5688003280066596e-06
   4.5825195312500000e-01   8.8527931154152206e+00   8.8527902889726420e+00   2.8264425786517222e-06
   4.5874023437500000e-01   8.8560731050342980e+00   8.8560705983245107e+00   2.5067097872977229e-06
   4.5922851562500000e-01   8.8593174070566061e+00   8.8593146127827449e+00   2.7942738611841378e-06
   4.5971679687500000e-01   8.8625247444137365e+00   8.8625223018134367e+00   2.4426002998012564e-06
   4.6020507812500000e-01   8.8656963991661790e+00   8.8656936352246021e+00   2.7639415769442621e-06
   4.6069335937500000e-01   8.8688309630601587e+00   8.8688285831664331e+00   2.3798937256458430e-06
   4.4555664062500000e-01   8.7548735526943204e+00   8.7548708450270034e+00   2.7076673170256527e-06
   4.4604492187500000e-01   8.7590854383204064e+00   8.7590829913281389e+00   2.4469922674796862e-06
   4.4653320312500000e-01   8.7632625498371812e+00   8.7632597556199290e+00   2.7942172522443798e-06
   4.4702148437500000e-01   8.7674036305081788e+00   8.7674010985890760e+00   2.5319191028216892e-06
   4.4750976562500000e-01   8.7715098097564237e+00   8.7715069812556870e+00   2.8285007367401249e-06
   4.4799804687500000e-01   8.7755799385120099e+00   8.7755773649736248e+00   2.5735383850644666e-06
   4.4848632812500000e-01   8.7796150667913082e+00   8.7796122114308961e+00   2.8553604121128728e-06
   4.4897460937500000e-01   8.7836140428292193e+00   8.7836114826499792e+00   2.5601792401630519e-06
   4.4946289062500000e-01   8.7875779766792093e+00   8.7875751409882152e+00   2.8356909940185915e-06
   4.4995117187500000e-01   8.7915056789117454e+00   8.7915031491381441e+00   2.5297736012674932e-06
   4.5043945312500000e-01   8.7953982558546215e+00   8.7953954701278541e+00   2.7857267674846753e-06
   4.5092773437500000e-01   8.7992545352599372e+00   8.7992520673213388e+00   2.4679385983716884e-06
   4.5141601562500000e-01   8.8030756582031220e+00   8.8030729044188369e+00   2.7537842850478000e-06
   4.5190429687500000e-01   8.8068603509717036e+00   8.8068579454571765e+00   2.4055145271262290e-06
   4.5239257812500000e-01   8.8106098806065027e+00   8.8106071548101035e+00   2.7257963992610712e-06
   4.5288085937500000e-01   8.8143228424117179e+00   8.8143204971886409e+00   2.3452230770715232e-06
   4.3774414062500000e-01   8.6827005815333962e+00   8.6826979169838623e+00   2.6645495339039371e-06
   4.3823242187500000e-01   8.6874729642688600e+00   8.6874705582432625e+00   2.4060255974234224e-06
   4.3872070312500000e-01   8.6922112417929469e+00   8.6922084915368067e+00   2.7502561401604453e-06
   4.3920898437500000e-01   8.6969141627225923e+00   8.6969116722692750e+00   2.4904533173497612e-06
   4.3969726562500000e-01   8.7015828412539058e+00   8.7015800561725278e+00   2.7850813779650707e-06
   4.4018554687500000e-01   8.7062161319310487e+00   8.7062135993059595e+00   2.5326250892021562e-06
   4.4067382812500000e-01   8.7108150703215408e+00   8.7108122580569010e+00   2.8122646398287543e-06
   4.4116210937500000e-01   8.7153785078426615e+00   8.7153759891410232e+00   2.5187016383654282e-06
   4.4165039062500000e-01   8.7199075413568234e+00   8.7199047496027458e+00   2.7917540776911665e-06
   4.4213867187500000e-01   8.7244009846947517e+00   8.7243984968156578e+00   2.4878790938487327e-06
   4.4262695312500000e-01   8.7288599303637877e+00   8.7288571884828983e+00   2.7418808894452695e-06
   4.4311523437500000e-01   8.7332832090015664e+00   8.7332807826375607e+00   2.4263640057142766e-06
   4.4360351562500000e-01   8.7376719478389475e+00   8.7376692376430931e+00   2.7101958544051286e-06
   4.4409179687500000e-01   8.7420248778670331e+00   8.7420225121936816e+00   2.3656733514343387e-06
   4.4458007812500000e-01   8.7463432498689286e+00   8.7463405653146520e+00   2.6845542766551489e-06
   4.4506835937500000e-01   8.7506256641967095e+00   8.7506233563628495e+00   2.3078338600157622e-06
