#                  Coord.                Numerical               Analytical                    Error
   4.8828125000000000e-04   7.5778650921548851e-01   7.5778650921550672e-01   1.8207657603852567e-14
   1.4648437500000000e-03   2.2733595276465373e+00   2.2733595276465204e+00   1.6875389974302379e-14
   2.4414062500000000e-03  -2.4942527611020506e+00  -2.4942527611020533e+00   2.6645352591003757e-15
   3.4179687500000000e-03  -9.7867974267104130e-01  -9.7867974267103930e-01   1.9984014443252818e-15
   4.3945312500000000e-03   5.3689327575997359e-01   5.3689327575997381e-01   2.2204460492503131e-16
   5.3710937500000000e-03   2.0524662941909866e+00   2.0524662941909866e+00   0.0000000000000000e+00
   6.3476562500000000e-03  -2.7151459945575853e+00  -2.7151459945575849e+00   4.4408920985006262e-16
   7.3242187500000000e-03  -1.1995729761265721e+00  -1.1995729761265719e+00   2.2204460492503131e-16
   8.3007812500000000e-03   3.1600004230444084e-01   3.1600004230444106e-01   2.2204460492503131e-16
   9.2773437500000000e-03   1.8315730607354539e+00   1.8315730607354541e+00   2.2204460492503131e-16
   1.0253906250000000e-02  -2.9360392280131196e+00  -2.9360392280131178e+00   1.7763568394002505e-15
   1.1230468750000000e-02  -1.4204662095821066e+00  -1.4204662095821063e+00   2.2204460492503131e-16
   1.2207031250000000e-02   9.5106808848909888e-02   9.5106808848910138e-02   2.4980018054066022e-16
   1.3183593750000000e-02   1.6106798272799230e+00   1.6106798272799232e+00   2.2204460492503131e-16
   1.4160156250000000e-02   3.1262528457109360e+00   3.1262528457109360e+00   0.0000000000000000e+00
   1.5136718750000000e-02  -1.6413594430376377e+00  -1.6413594430376373e+00   4.4408920985006262e-16
   1.6113281250000000e-02  -1.2578642460662451e-01  -1.2578642460662434e-01   1.6653345369377348e-16
   1.7089843750000000e-02   1.3897865938243885e+00   1.3897865938243887e+00   2.2204460492503131e-16
   1.8066406250000000e-02   2.9053596122554004e+00   2.9053596122554017e+00   1.3322676295501878e-15
   1.9042968750000000e-02  -1.8622526764931728e+00  -1.8622526764931719e+00   8.8817841970012523e-16
   2.0019531250000000e-02  -3.4667965806215628e-01  -3.4667965806215528e-01   9.9920072216264089e-16
   2.0996093750000000e-02   1.1688933603688567e+00   1.1688933603688543e+00   2.4424906541753444e-15
   2.1972656250000000e-02   2.6844663787998679e+00   2.6844663787998670e+00   8.8817841970012523e-16
   2.2949218750000000e-02  -2.0831459099487057e+00  -2.0831459099487062e+00   4.4408920985006262e-16
   2.3925781250000000e-02  -5.6757289151768542e-01  -5.6757289151768620e-01   7.7715611723760958e-16
   2.4902343750000000e-02   9.4800012691332747e-01   9.4800012691332680e-01   6.6613381477509392e-16
   2.5878906250000000e-02   2.4635731453443408e+00   2.4635731453443399e+00   8.8817841970012523e-16
   2.6855468750000000e-02  -2.3040391434042329e+00  -2.3040391434042338e+00   8.8817841970012523e-16
   2.7832031250000000e-02  -7.8846612497322000e-01  -7.8846612497322077e-01   7.7715611723760958e-16
   2.8808593750000000e-02   7.2710689345779300e-01   7.2710689345779234e-01   6.6613381477509392e-16
   2.9785156250000000e-02   2.2426799118888061e+00   2.2426799118888052e+00   8.8817841970012523e-16
   3.0761718750000000e-02  -2.5249323768597676e+00  -2.5249323768597680e+00   4.4408920985006262e-16
   3.1738281250000000e-02  -1.0093593584287552e+00  -1.0093593584287552e+00   0.0000000000000000e+00
   3.2714843750000000e-02   5.0621366000225776e-01   5.0621366000225776e-01   0.0000000000000000e+00
   3.3691406250000000e-02   2.0217866784332705e+00   2.0217866784332710e+00   4.4408920985006262e-16
   3.4667968750000000e-02  -2.7458256103153027e+00  -2.7458256103153027e+00   0.0000000000000000e+00
   3.5644531250000000e-02  -1.2302525918842897e+00  -1.2302525918842897e+00   0.0000000000000000e+00
   3.6621093750000000e-02   2.8532042654672329e-01   2.8532042654672335e-01   5.5511151231257827e-17
   3.7597656250000000e-02   1.8008934449777363e+00   1.8008934449777363e+00   0.0000000000000000e+00
   3.8574218750000000e-02  -2.9667188437708374e+00  -2.9667188437708369e+00   4.4408920985006262e-16
   3.9550781250000000e-02  -1.4511458253398188e+00  -1.4511458253398171e+00   1.7763568394002505e-15
   4.0527343750000000e-02   6.4427193091194088e-02   6.4427193091195920e-02   1.8318679906315083e-15
   4.1503906250000000e-02   1.5800002115222000e+00   1.5800002115222018e+00   1.7763568394002505e-15
   4.2480468750000000e-02   3.0955732299532128e+00   3.0955732299532146e+00   1.7763568394002505e-15
   4.3457031250000000e-02  -1.6720390587953604e+00  -1.6720390587953586e+00   1.7763568394002505e-15
   4.4433593750000000e-02  -1.5646604036434750e-01  -1.5646604036434567e-01   1.8318679906315083e-15
   4.5410156250000000e-02   1.3591069780666656e+00   1.3591069780666674e+00   1.7763568394002505e-15
   4.6386718750000000e-02   2.8746799964976786e+00   2.8746799964976804e+00   1.7763568394002505e-15
   4.7363281250000000e-02  -1.8929322922508816e+00  -1.8929322922508789e+00   2.6645352591003757e-15
   4.8339843750000000e-02  -3.7735927381986506e-01  -3.7735927381986595e-01   8.8817841970012523e-16
   4.9316406250000000e-02   1.1382137446111462e+00   1.1382137446111471e+00   8.8817841970012523e-16
   5.0292968750000000e-02   2.6537867630421590e+00   2.6537867630421599e+00   8.8817841970012523e-16
   5.1269531250000000e-02  -2.1138255257064142e+00  -2.1138255257064134e+00   8.8817841970012523e-16
   5.2246093750000000e-02  -5.9825250727540125e-01  -5.9825250727540047e-01   7.7715611723760958e-16
   5.3222656250000000e-02   9.1732051115561164e-01   9.1732051115561253e-01   8.8817841970012523e-16
   5.4199218750000000e-02   2.4328935295866247e+00   2.4328935295866256e+00   8.8817841970012523e-16
   5.5175781250000000e-02  -2.3347187591619489e+00  -2.3347187591619480e+00   8.8817841970012523e-16
   5.6152343750000000e-02  -8.1914574073093571e-01  -8.1914574073093493e-01   7.7715611723760958e-16
   5.7128906250000000e-02   6.9642727770007717e-01   6.9642727770007806e-01   8.8817841970012523e-16
   5.8105468750000000e-02   2.2120002961310901e+00   2.2120002961310909e+00   8.8817841970012523e-16
   5.9082031250000000e-02  -2.5556119926174832e+00  -2.5556119926174823e+00   8.8817841970012523e-16
   6.0058593750000000e-02  -1.0400389741864702e+00  -1.0400389741864695e+00   6.6613381477509392e-16
   6.1035156250000000e-02   4.7553404424454271e-01   4.7553404424454360e-01   8.8817841970012523e-16
   6.2011718750000000e-02   1.9911070626755556e+00   1.9911070626755565e+00   8.8817841970012523e-16
   6.2988281250000000e-02  -2.7765052260730165e+00  -2.7765052260730170e+00   4.4408920985006262e-16
   6.3964843750000000e-02  -1.2609322076420038e+00  -1.2609322076420040e+00   2.2204460492503131e-16
   6.4941406250000000e-02   2.5464081078900919e-01   2.5464081078900913e-01   5.5511151231257827e-17
   6.5917968750000000e-02   1.7702138292200222e+00   1.7702138292200220e+00   2.2204460492503131e-16
   6.6894531250000000e-02  -2.9973984595285512e+00  -2.9973984595285512e+00   0.0000000000000000e+00
   6.7871093750000000e-02  -1.4818254410975382e+00  -1.4818254410975384e+00   2.2204460492503131e-16
   6.8847656250000000e-02   3.3747577333474728e-02   3.3747577333474610e-02   1.1796119636642288e-16
   6.9824218750000000e-02   1.5493205957644878e+00   1.5493205957644876e+00   2.2204460492503131e-16
   7.0800781250000000e-02   3.0648936141955008e+00   3.0648936141955008e+00   0.0000000000000000e+00
   7.1777343750000000e-02  -1.7027186745530727e+00  -1.7027186745530729e+00   2.2204460492503131e-16
   7.2753906250000000e-02  -1.8714565612205977e-01  -1.8714565612205988e-01   1.1102230246251565e-16
   7.3730468750000000e-02   1.3284273623089533e+00   1.3284273623089531e+00   2.2204460492503131e-16
   7.4707031250000000e-02   2.8440003807399661e+00   2.8440003807399661e+00   0.0000000000000000e+00
   7.5683593750000000e-02  -1.9236119080086072e+00  -1.9236119080086074e+00   2.2204460492503131e-16
   7.6660156250000000e-02  -4.0803888957759776e-01  -4.0803888957759438e-01   3.3861802251067274e-15
   7.7636718750000000e-02   1.1075341288534224e+00   1.1075341288534186e+00   3.7747582837255322e-15
   7.8613281250000000e-02   2.6231071472844434e+00   2.6231071472844461e+00   2.6645352591003757e-15
   7.9589843750000000e-02  -2.1445051414641254e+00  -2.1445051414641276e+00   2.2204460492503131e-15
   8.0566406250000000e-02  -6.2893212303311274e-01  -6.2893212303311463e-01   1.8873791418627661e-15
   8.1542968750000000e-02   8.8664089539789492e-01   8.8664089539789837e-01   3.4416913763379853e-15
   8.2519531250000000e-02   2.4022139138288985e+00   2.4022139138289114e+00   1.2878587085651816e-14
   8.3496093750000000e-02  -2.3653983749196787e+00  -2.3653983749196623e+00   1.6431300764452317e-14
   8.4472656250000000e-02  -8.4982535648866397e-01  -8.4982535648864910e-01   1.4876988529977098e-14
   8.5449218750000000e-02   6.6574766194234902e-01   6.6574766194236379e-01   1.4765966227514582e-14
   8.6425781250000000e-02   2.1813206803733620e+00   2.1813206803733767e+00   1.4654943925052066e-14
   8.7402343750000000e-02  -2.5862916083752134e+00  -2.5862916083751966e+00   1.6875389974302379e-14
   8.8378906250000000e-02  -1.0707185899442002e+00  -1.0707185899441836e+00   1.6653345369377348e-14
   8.9355468750000000e-02   4.4485442848681267e-01   4.4485442848682938e-01   1.6708856520608606e-14
   9.0332031250000000e-02   1.9604274469178258e+00   1.9604274469178424e+00   1.6653345369377348e-14
   9.1308593750000000e-02  -2.8071848418307477e+00  -2.8071848418307312e+00   1.6431300764452317e-14
   9.2285156250000000e-02  -1.2916118233997385e+00  -1.2916118233997180e+00   2.0428103653102880e-14
   9.3261718750000000e-02   2.2396119503128178e-01   2.2396119503129489e-01   1.3100631690576847e-14
   1.0986328125000000e-01   8.5596127964018343e-01   8.5596127964016988e-01   1.3544720900426910e-14
   1.1083984375000000e-01   2.3715342980711962e+00   2.3715342980711829e+00   1.3322676295501878e-14
   1.1181640625000000e-01  -2.3960779906773770e+00  -2.3960779906773904e+00   1.3322676295501878e-14
   1.1279296875000000e-01  -8.8050497224636415e-01  -8.8050497224637747e-01   1.3322676295501878e-14
   1.1376953125000000e-01   6.3506804618464896e-01   6.3506804618463553e-01   1.3433698597964394e-14
   1.1474609375000000e-01   2.1506410646156620e+00   2.1506410646156486e+00   1.3322676295501878e-14
   1.1572265625000000e-01  -2.6169712241329117e+00  -2.6169712241329250e+00   1.3322676295501878e-14
   1.1669921875000000e-01  -1.1013982057018985e+00  -1.1013982057019120e+00   1.3544720900426910e-14
   1.1767578125000000e-01   4.1417481272911449e-01   4.1417481272910095e-01   1.3544720900426910e-14
   1.1865234375000000e-01   1.9297478311601275e+00   1.9297478311601139e+00   1.3544720900426910e-14
   1.1962890625000000e-01  -2.8378644575884460e+00  -2.8378644575884597e+00   1.3766765505351941e-14
   1.2060546875000000e-01  -1.3222914391574330e+00  -1.3222914391574465e+00   1.3544720900426910e-14
   1.2158203125000000e-01   1.9328157927357992e-01   1.9328157927356648e-01   1.3433698597964394e-14
   1.2255859375000000e-01   1.7088545977045930e+00   1.7088545977045795e+00   1.3544720900426910e-14
   1.2353515625000000e-01  -3.0587576910439807e+00  -3.0587576910439940e+00   1.3322676295501878e-14
   1.2451171875000000e-01  -1.5431846726129677e+00  -1.5431846726129810e+00   1.3322676295501878e-14
   9.4238281250000000e-02   1.7395342134623186e+00   1.7395342134623080e+00   1.0658141036401503e-14
   9.5214843750000000e-02  -3.0280780752862477e+00  -3.0280780752862655e+00   1.7763568394002505e-14
   9.6191406250000000e-02  -1.5125050568552365e+00  -1.5125050568552525e+00   1.5987211554602254e-14
   9.7167968750000000e-02   3.0679615757728913e-03   3.0679615757603978e-03   1.2493478473984965e-14
   9.8144531250000000e-02   1.5186409800067877e+00   1.5186409800067735e+00   1.4210854715202004e-14
   9.9121093750000000e-02   3.0342139984378007e+00   3.0342139984377865e+00   1.4210854715202004e-14
   1.0009765625000000e-01  -1.7333982903107745e+00  -1.7333982903107872e+00   1.2656542480726785e-14
   1.0107421875000000e-01  -2.1782527187976158e-01  -2.1782527187977407e-01   1.2490009027033011e-14
   1.0205078125000000e-01   1.2977477465512515e+00   1.2977477465512388e+00   1.2656542480726785e-14
   1.0302734375000000e-01   2.8133207649822642e+00   2.8133207649822518e+00   1.2434497875801753e-14
   1.0400390625000000e-01  -1.9542915237663090e+00  -1.9542915237663216e+00   1.2656542480726785e-14
   1.0498046875000000e-01  -4.3871850533529611e-01  -4.3871850533530854e-01   1.2434497875801753e-14
   1.0595703125000000e-01   1.0768545130957170e+00   1.0768545130957043e+00   1.2656542480726785e-14
   1.0693359375000000e-01   2.5924275315267300e+00   2.5924275315267176e+00   1.2434497875801753e-14
   1.0791015625000000e-01  -2.1751847572218437e+00  -2.1751847572218561e+00   1.2434497875801753e-14
   1.0888671875000000e-01  -6.5961173879083057e-01  -6.5961173879084301e-01   1.2434497875801753e-14
   2.3486328125000000e-01   7.0563116242695151e-02   7.0563116242738047e-02   4.2896242113954486e-14
   2.3583984375000000e-01   1.5861361346737082e+00   1.5861361346737226e+00   1.4432899320127035e-14
   2.3681640625000000e-01   3.1017091531047210e+00   3.1017091531047640e+00   4.3076653355456074e-14
   2.3779296875000000e-01  -1.6659031356438523e+00  -1.6659031356438379e+00   1.4432899320127035e-14
   2.3876953125000000e-01  -1.5033011721283931e-01  -1.5033011721279646e-01   4.2854608750531042e-14
   2.3974609375000000e-01   1.3652429012181737e+00   1.3652429012181881e+00   1.4432899320127035e-14
   2.4072265625000000e-01   2.8808159196491867e+00   2.8808159196492293e+00   4.2632564145606011e-14
   2.4169921875000000e-01  -1.8867963690993867e+00  -1.8867963690993723e+00   1.4432899320127035e-14
   2.4267578125000000e-01  -3.7122335066837381e-01  -3.7122335066833095e-01   4.2854608750531042e-14
   2.4365234375000000e-01   1.1443496677626392e+00   1.1443496677626537e+00   1.4432899320127035e-14
   2.4462890625000000e-01   2.6599226861936520e+00   2.6599226861936951e+00   4.3076653355456074e-14
   2.4560546875000000e-01  -2.1076896025549212e+00  -2.1076896025549070e+00   1.4210854715202004e-14
   2.4658203125000000e-01  -5.9211658412390833e-01  -5.9211658412386536e-01   4.2965631052993558e-14
   2.4755859375000000e-01   9.2345643430710467e-01   9.2345643430711910e-01   1.4432899320127035e-14
   2.4853515625000000e-01   2.4390294527381107e+00   2.4390294527381604e+00   4.9737991503207013e-14
   2.4951171875000000e-01  -2.3285828360104488e+00  -2.3285828360104412e+00   7.5495165674510645e-15
   2.1923828125000000e-01   9.5413605006483293e-01   9.5413605006487601e-01   4.3076653355456074e-14
   2.2021484375000000e-01   2.4697090684958449e+00   2.4697090684958605e+00   1.5543122344752192e-14
   2.2119140625000000e-01  -2.2979032202527283e+00  -2.2979032202526843e+00   4.3964831775156199e-14
   2.2216796875000000e-01  -7.8233020182171542e-01  -7.8233020182169988e-01   1.5543122344752192e-14
   2.2314453125000000e-01   7.3324281660929758e-01   7.3324281660934143e-01   4.3853809472693683e-14
   2.2412109375000000e-01   2.2488158350403107e+00   2.2488158350403262e+00   1.5543122344752192e-14
   2.2509765625000000e-01  -2.5187964537082630e+00  -2.5187964537082190e+00   4.3964831775156199e-14
   2.2607421875000000e-01  -1.0032234352772498e+00  -1.0032234352772345e+00   1.5321077739827160e-14
   2.2705078125000000e-01   5.1234958315376311e-01   5.1234958315380708e-01   4.3964831775156199e-14
   2.2802734375000000e-01   2.0279226015847760e+00   2.0279226015847915e+00   1.5543122344752192e-14
   2.2900390625000000e-01  -2.7396896871637972e+00  -2.7396896871637533e+00   4.3964831775156199e-14
   2.2998046875000000e-01  -1.2241166687327842e+00  -1.2241166687327689e+00   1.5321077739827160e-14
   2.3095703125000000e-01   2.9145634969822865e-01   2.9145634969827250e-01   4.3853809472693683e-14
   2.3193359375000000e-01   1.8070293681292418e+00   1.8070293681292571e+00   1.5321077739827160e-14
   2.3291015625000000e-01  -2.9605829206193319e+00  -2.9605829206192880e+00   4.3964831775156199e-14
   2.3388671875000000e-01  -1.4450099021883189e+00  -1.4450099021883034e+00   1.5543122344752192e-14
   2.0361328125000000e-01   1.8377089838869709e+00   1.8377089838869571e+00   1.3766765505351941e-14
   2.0458984375000000e-01  -2.9299033048616026e+00  -2.9299033048615879e+00   1.4654943925052066e-14
   2.0556640625000000e-01  -1.4143302864305896e+00  -1.4143302864306033e+00   1.3766765505351941e-14
   2.0654296875000000e-01   1.0124273200042340e-01   1.0124273200043804e-01   1.4641066137244252e-14
   2.0751953125000000e-01   1.6168157504314364e+00   1.6168157504314227e+00   1.3766765505351941e-14
   2.0849609375000000e-01   3.1323887688624494e+00   3.1323887688624641e+00   1.4654943925052066e-14
   2.0947265625000000e-01  -1.6352235198861258e+00  -1.6352235198861378e+00   1.1990408665951691e-14
   2.1044921875000000e-01  -1.1965050145511286e-01  -1.1965050145509645e-01   1.6403545188836688e-14
   2.1142578125000000e-01   1.3959225169759002e+00   1.3959225169758882e+00   1.1990408665951691e-14
   2.1240234375000000e-01   2.9114955354069130e+00   2.9114955354069294e+00   1.6431300764452317e-14
   2.1337890625000000e-01  -1.8561167533416603e+00  -1.8561167533416723e+00   1.1990408665951691e-14
   2.1435546875000000e-01  -3.4054373491064738e-01  -3.4054373491063095e-01   1.6431300764452317e-14
   2.1533203125000000e-01   1.1750292835203657e+00   1.1750292835203535e+00   1.2212453270876722e-14
   2.1630859375000000e-01   2.6906023019513787e+00   2.6906023019513952e+00   1.6431300764452317e-14
   2.1728515625000000e-01  -2.0770099867971950e+00  -2.0770099867972069e+00   1.1990408665951691e-14
   2.1826171875000000e-01  -5.6143696836618184e-01  -5.6143696836616541e-01   1.6431300764452317e-14
   1.8798828125000000e-01   2.7212819177091090e+00   2.7212819177090952e+00   1.3766765505351941e-14
   1.8896484375000000e-01  -2.0463303710394647e+00  -2.0463303710394500e+00   1.4654943925052066e-14
   1.8994140625000000e-01  -5.3075735260845147e-01  -5.3075735260846546e-01   1.3988810110276972e-14
   1.9091796875000000e-01   9.8481566582256153e-01   9.8481566582257607e-01   1.4543921622589551e-14
   1.9189453125000000e-01   2.5003886842535756e+00   2.5003886842535605e+00   1.5099033134902129e-14
   1.9287109375000000e-01  -2.2672236044949980e+00  -2.2672236044949847e+00   1.3322676295501878e-14
   1.9384765625000000e-01  -7.5165058606398694e-01  -7.5165058606399993e-01   1.2989609388114332e-14
   1.9482421875000000e-01   7.6392243236702617e-01   7.6392243236704149e-01   1.5321077739827160e-14
   1.9580078125000000e-01   2.2794954507980409e+00   2.2794954507980263e+00   1.4654943925052066e-14
   1.9677734375000000e-01  -2.4881168379505327e+00  -2.4881168379505190e+00   1.3766765505351941e-14
   1.9775390625000000e-01  -9.7254381951951951e-01  -9.7254381951953450e-01   1.4988010832439613e-14
   1.9873046875000000e-01   5.4302919891149337e-01   5.4302919891150703e-01   1.3655743202889425e-14
   1.9970703125000000e-01   2.0586022173425063e+00   2.0586022173424916e+00   1.4654943925052066e-14
   2.0068359375000000e-01  -2.7090100714060670e+00  -2.7090100714060537e+00   1.3322676295501878e-14
   2.0166015625000000e-01  -1.1934370529750540e+00  -1.1934370529750689e+00   1.4876988529977098e-14
   2.0263671875000000e-01   3.2213596545595891e-01   3.2213596545597251e-01   1.3600232051658168e-14
   1.7236328125000000e-01  -2.6783304556483398e+00  -2.6783304556483536e+00   1.3766765505351941e-14
   1.7333984375000000e-01  -1.1627574372173266e+00  -1.1627574372173120e+00   1.4654943925052066e-14
   1.7431640625000000e-01   3.5281558121368639e-01   3.5281558121367257e-01   1.3822276656583199e-14
   1.7529296875000000e-01   1.8683885996446994e+00   1.8683885996447140e+00   1.4654943925052066e-14
   1.7626953125000000e-01  -2.8992236891038741e+00  -2.8992236891038878e+00   1.3766765505351941e-14
   1.7724609375000000e-01  -1.3836506706728611e+00  -1.3836506706728466e+00   1.4432899320127035e-14
   1.7822265625000000e-01   1.3192234775815187e-01   1.3192234775813805e-01   1.3822276656583199e-14
   1.7919921875000000e-01   1.6474953661891649e+00   1.6474953661891794e+00   1.4432899320127035e-14
   1.8017578125000000e-01  -3.1201169225594088e+00  -3.1201169225594225e+00   1.3766765505351941e-14
   1.8115234375000000e-01  -1.6045439041283955e+00  -1.6045439041283811e+00   1.4432899320127035e-14
   1.8212890625000000e-01  -8.8970885697382596e-02  -8.8970885697396446e-02   1.3850032232198828e-14
   1.8310546875000000e-01   1.4266021327336305e+00   1.4266021327336449e+00   1.4432899320127035e-14
   1.8408203125000000e-01   2.9421751511646432e+00   2.9421751511646295e+00   1.3766765505351941e-14
   1.8505859375000000e-01  -1.8254371375839302e+00  -1.8254371375839156e+00   1.4654943925052066e-14
   1.8603515625000000e-01  -3.0986411915291706e-01  -3.0986411915293088e-01   1.3822276656583199e-14
   1.8701171875000000e-01   1.2057088992780960e+00   1.2057088992781104e+00   1.4432899320127035e-14
   1.5673828125000000e-01  -1.7947575218262062e+00  -1.7947575218262155e+00   9.3258734068513149e-15
   1.5771484375000000e-01  -2.7918450339518430e-01  -2.7918450339520251e-01   1.8207657603852567e-14
   1.5869140625000000e-01   1.2363885150358260e+00   1.2363885150358105e+00   1.5543122344752192e-14
   1.5966796875000000e-01   2.7519615334668379e+00   2.7519615334668233e+00   1.4654943925052066e-14
   1.6064453125000000e-01  -2.0156507552817353e+00  -2.0156507552817500e+00   1.4654943925052066e-14
   1.6162109375000000e-01  -5.0007773685072232e-01  -5.0007773685073698e-01   1.4654943925052066e-14
   1.6259765625000000e-01   1.0154952815802907e+00   1.0154952815802760e+00   1.4654943925052066e-14
   1.6357421875000000e-01   2.5310683000113037e+00   2.5310683000112890e+00   1.4654943925052066e-14
   1.6455078125000000e-01  -2.2365439887372713e+00  -2.2365439887372847e+00   1.3322676295501878e-14
   1.6552734375000000e-01  -7.2097097030625867e-01  -7.2097097030624302e-01   1.5654144647214707e-14
   1.6650390625000000e-01   7.9460204812475432e-01   7.9460204812474144e-01   1.2878587085651816e-14
   1.6748046875000000e-01   2.3101750665557672e+00   2.3101750665557828e+00   1.5543122344752192e-14
   1.6845703125000000e-01  -2.4574372221928060e+00  -2.4574372221928189e+00   1.2878587085651816e-14
   1.6943359375000000e-01  -9.4186420376179314e-01  -9.4186420376177749e-01   1.5654144647214707e-14
   1.7041015625000000e-01   5.7370881466921986e-01   5.7370881466920709e-01   1.2767564783189300e-14
   1.7138671875000000e-01   2.0892818331002330e+00   2.0892818331002485e+00   1.5543122344752192e-14
   1.4111328125000000e-01  -9.1118458800409241e-01  -9.1118458800407753e-01   1.4876988529977098e-14
   1.4208984375000000e-01   6.0438843042692070e-01   6.0438843042693546e-01   1.4765966227514582e-14
   1.4306640625000000e-01   2.1199614488579339e+00   2.1199614488579486e+00   1.4654943925052066e-14
   1.4404296875000000e-01  -2.6476508398906398e+00  -2.6476508398906251e+00   1.4654943925052066e-14
   1.4501953125000000e-01  -1.1320778214596268e+00  -1.1320778214596121e+00   1.4654943925052066e-14
   1.4599609375000000e-01   3.8349519697138612e-01   3.8349519697140100e-01   1.4876988529977098e-14
   1.4697265625000000e-01   1.8990682154023992e+00   1.8990682154024139e+00   1.4654943925052066e-14
   1.4794921875000000e-01  -2.8685440733461745e+00  -2.8685440733461594e+00   1.5099033134902129e-14
   1.4892578125000000e-01  -1.3529710549151630e+00  -1.3529710549151466e+00   1.6431300764452317e-14
   1.4990234375000000e-01   1.6260196351584991e-01   1.6260196351586645e-01   1.6542323066914832e-14
   1.5087890625000000e-01   1.6781749819468630e+00   1.6781749819468794e+00   1.6431300764452317e-14
   1.5185546875000000e-01  -3.0894373068017105e+00  -3.0894373068016940e+00   1.6431300764452317e-14
   1.5283203125000000e-01  -1.5738642883706975e+00  -1.5738642883706810e+00   1.6431300764452317e-14
   1.5380859375000000e-01  -5.8291269939684566e-02  -5.8291269939668024e-02   1.6542323066914832e-14
   1.5478515625000000e-01   1.4572817484913250e+00   1.4572817484913450e+00   1.9984014443252818e-14
   1.5576171875000000e-01   2.9728547669223451e+00   2.9728547669223579e+00   1.2878587085651816e-14
   1.2548828125000000e-01  -2.7611654181953573e-02  -2.7611654181939605e-02   1.3967993428565251e-14
   1.2646484375000000e-01   1.4879613642490594e+00   1.4879613642490734e+00   1.3988810110276972e-14
   1.2744140625000000e-01   3.0035343826800722e+00   3.0035343826800864e+00   1.4210854715202004e-14
   1.2841796875000000e-01  -1.7640779060685010e+00  -1.7640779060684870e+00   1.3988810110276972e-14
   1.2939453125000000e-01  -2.4850488763748807e-01  -2.4850488763747408e-01   1.3988810110276972e-14
   1.3037109375000000e-01   1.2670681307935250e+00   1.2670681307935390e+00   1.3988810110276972e-14
   1.3134765625000000e-01   2.7826411492245380e+00   2.7826411492245517e+00   1.3766765505351941e-14
   1.3232421875000000e-01  -1.9849711395240355e+00  -1.9849711395240215e+00   1.3988810110276972e-14
   1.3330078125000000e-01  -4.6939812109302259e-01  -4.6939812109300860e-01   1.3988810110276972e-14
   1.3427734375000000e-01   1.0461748973379905e+00   1.0461748973380045e+00   1.3988810110276972e-14
   1.3525390625000000e-01   2.5617479157690033e+00   2.5617479157690175e+00   1.4210854715202004e-14
   1.3623046875000000e-01  -2.2058643729795699e+00  -2.2058643729795562e+00   1.3766765505351941e-14
   1.3720703125000000e-01  -6.9029135454855695e-01  -6.9029135454854307e-01   1.3877787807814457e-14
   1.3818359375000000e-01   8.2528166388245594e-01   8.2528166388246993e-01   1.3988810110276972e-14
   1.3916015625000000e-01   2.3408546823134690e+00   2.3408546823134828e+00   1.3766765505351941e-14
   1.4013671875000000e-01  -2.4267576064351042e+00  -2.4267576064350904e+00   1.3766765505351941e-14
   3.5986328125000000e-01  -7.1483504715476553e-01  -7.1483504715477919e-01   1.3655743202889425e-14
   3.6083984375000000e-01   8.0073797127624746e-01   8.0073797127626223e-01   1.4765966227514582e-14
   3.6181640625000000e-01   2.3163109897073184e+00   2.3163109897073038e+00   1.4654943925052066e-14
   3.6279296875000000e-01  -2.4513012990412553e+00  -2.4513012990412415e+00   1.3766765505351941e-14
   3.6376953125000000e-01  -9.3572828061029922e-01  -9.3572828061031366e-01   1.4432899320127035e-14
   3.6474609375000000e-01   5.7984473782071377e-01   5.7984473782072776e-01   1.3988810110276972e-14
   3.6572265625000000e-01   2.0954177562517837e+00   2.0954177562517691e+00   1.4654943925052066e-14
   3.6669921875000000e-01  -2.6721945324967900e+00  -2.6721945324967757e+00   1.4210854715202004e-14
   3.6767578125000000e-01  -1.1566215140658336e+00  -1.1566215140658480e+00   1.4432899320127035e-14
   3.6865234375000000e-01   3.5895150436517931e-01   3.5895150436519335e-01   1.4044321261508230e-14
   3.6962890625000000e-01   1.8745245227962493e+00   1.8745245227962348e+00   1.4432899320127035e-14
   3.7060546875000000e-01  -2.8930877659523242e+00  -2.8930877659523104e+00   1.3766765505351941e-14
   3.7158203125000000e-01  -1.3775147475213680e+00  -1.3775147475213827e+00   1.4654943925052066e-14
   3.7255859375000000e-01   1.3805827090964487e-01   1.3805827090965883e-01   1.3961054534661343e-14
   3.7353515625000000e-01   1.6536312893407148e+00   1.6536312893407004e+00   1.4432899320127035e-14
   3.7451171875000000e-01  -3.1139809994078589e+00  -3.1139809994078447e+00   1.4210854715202004e-14
   3.4423828125000000e-01   1.6873788666737322e-01   1.6873788666735884e-01   1.4377388168895777e-14
   3.4521484375000000e-01   1.6843109050983862e+00   1.6843109050984002e+00   1.3988810110276972e-14
   3.4619140625000000e-01  -3.0833013836501313e+00  -3.0833013836501446e+00   1.3322676295501878e-14
   3.4716796875000000e-01  -1.5677283652191183e+00  -1.5677283652191034e+00   1.4876988529977098e-14
   3.4814453125000000e-01  -5.2155346788162187e-02  -5.2155346788175648e-02   1.3461454173580023e-14
   3.4912109375000000e-01   1.4634176716428509e+00   1.4634176716428657e+00   1.4876988529977098e-14
   3.5009765625000000e-01   2.9789906900739207e+00   2.9789906900739074e+00   1.3322676295501878e-14
   3.5107421875000000e-01  -1.7886215986746528e+00  -1.7886215986746379e+00   1.4876988529977098e-14
   3.5205078125000000e-01  -2.7304858024369671e-01  -2.7304858024371015e-01   1.3433698597964394e-14
   3.5302734375000000e-01   1.2425244381873164e+00   1.2425244381873313e+00   1.4876988529977098e-14
   3.5400390625000000e-01   2.7580974566183860e+00   2.7580974566183727e+00   1.3322676295501878e-14
   3.5498046875000000e-01  -2.0095148321301872e+00  -2.0095148321301726e+00   1.4654943925052066e-14
   3.5595703125000000e-01  -4.9394181369923112e-01  -4.9394181369924467e-01   1.3544720900426910e-14
   3.5693359375000000e-01   1.0216312047317819e+00   1.0216312047317968e+00   1.4876988529977098e-14
   3.5791015625000000e-01   2.5372042231628518e+00   2.5372042231628384e+00   1.3322676295501878e-14
   3.5888671875000000e-01  -2.2304080655857219e+00  -2.2304080655857068e+00   1.5099033134902129e-14
   3.2861328125000000e-01   1.0523108204895013e+00   1.0523108204894969e+00   4.4408920985006262e-15
   3.2958984375000000e-01   2.5678838389205327e+00   2.5678838389205381e+00   5.3290705182007514e-15
   3.3056640625000000e-01  -2.1997284498279908e+00  -2.1997284498280067e+00   1.5987211554602254e-14
   3.3154296875000000e-01  -6.8415543139698132e-01  -6.8415543139707913e-01   9.7810648469476291e-14
   3.3251953125000000e-01   8.3141758703397661e-01   8.3141758703396229e-01   1.4321877017664519e-14
   3.3349609375000000e-01   2.3469906054649896e+00   2.3469906054650038e+00   1.4210854715202004e-14
   3.3447265625000000e-01  -2.4206216832835290e+00  -2.4206216832835414e+00   1.2434497875801753e-14
   3.3544921875000000e-01  -9.0504866485251578e-01  -9.0504866485261359e-01   9.7810648469476291e-14
   3.3642578125000000e-01   6.1052435357844037e-01   6.1052435357842771e-01   1.2656542480726785e-14
   3.3740234375000000e-01   2.1260973720094531e+00   2.1260973720094691e+00   1.5987211554602254e-14
   3.3837890625000000e-01  -2.6415149167390632e+00  -2.6415149167390757e+00   1.2434497875801753e-14
   3.3935546875000000e-01  -1.1259418983080505e+00  -1.1259418983081482e+00   9.7699626167013776e-14
   3.4033203125000000e-01   3.8963112012290579e-01   3.8963112012289330e-01   1.2490009027033011e-14
   3.4130859375000000e-01   1.9052041385539189e+00   1.9052041385539347e+00   1.5765166949677223e-14
   3.4228515625000000e-01  -2.8624081501945979e+00  -2.8624081501946104e+00   1.2434497875801753e-14
   3.4326171875000000e-01  -1.3468351317635849e+00  -1.3468351317636826e+00   9.7699626167013776e-14
   3.1298828125000000e-01   1.9358837543116481e+00   1.9358837543116347e+00   1.3322676295501878e-14
   3.1396484375000000e-01  -2.8317285344369254e+00  -2.8317285344369103e+00   1.5099033134902129e-14
   3.1494140625000000e-01  -1.3161555160059124e+00  -1.3161555160059257e+00   1.3322676295501878e-14
   3.1591796875000000e-01   1.9941750242510053e-01   1.9941750242511569e-01   1.5154544286133387e-14
   3.1689453125000000e-01   1.7149905208561136e+00   1.7149905208561003e+00   1.3322676295501878e-14
   3.1787109375000000e-01  -3.0526217678924601e+00  -3.0526217678924450e+00   1.5099033134902129e-14
   3.1884765625000000e-01  -1.5370487494614451e+00  -1.5370487494614602e+00   1.5099033134902129e-14
   3.1982421875000000e-01  -2.1475731030432169e-02  -2.1475731030418804e-02   1.3364309658925322e-14
   3.2080078125000000e-01   1.4940972874005809e+00   1.4940972874005658e+00   1.5099033134902129e-14
   3.2177734375000000e-01   3.0096703058315937e+00   3.0096703058316070e+00   1.3322676295501878e-14
   3.2275390625000000e-01  -1.7579419829169831e+00  -1.7579419829169947e+00   1.1546319456101628e-14
   3.2373046875000000e-01  -2.4236896448597023e-01  -2.4236896448595330e-01   1.6930901125533637e-14
   3.2470703125000000e-01   1.2732040539450429e+00   1.2732040539450313e+00   1.1546319456101628e-14
   3.2568359375000000e-01   2.7887770723760559e+00   2.7887770723760728e+00   1.6875389974302379e-14
   3.2666015625000000e-01  -1.9788352163725178e+00  -1.9788352163725291e+00   1.1324274851176597e-14
   3.2763671875000000e-01  -4.6326219794150469e-01  -4.6326219794148782e-01   1.6875389974302379e-14
   2.9736328125000000e-01   2.8194566881337866e+00   2.8194566881337728e+00   1.3766765505351941e-14
   2.9833984375000000e-01  -1.9481556006147864e+00  -1.9481556006147724e+00   1.3988810110276972e-14
   2.9931640625000000e-01  -4.3258258218377343e-01  -4.3258258218378776e-01   1.4321877017664519e-14
   3.0029296875000000e-01   1.0829904362472396e+00   1.0829904362472536e+00   1.3988810110276972e-14
   3.0126953125000000e-01   2.5985634546782528e+00   2.5985634546782381e+00   1.4654943925052066e-14
   3.0224609375000000e-01  -2.1690488340703209e+00  -2.1690488340703067e+00   1.4210854715202004e-14
   3.0322265625000000e-01  -6.5347581563930801e-01  -6.5347581563932222e-01   1.4210854715202004e-14
   3.0419921875000000e-01   8.6209720279170499e-01   8.6209720279171920e-01   1.4210854715202004e-14
   3.0517578125000000e-01   2.3776702212227181e+00   2.3776702212227034e+00   1.4654943925052066e-14
   3.0615234375000000e-01  -2.3899420675258556e+00  -2.3899420675258414e+00   1.4210854715202004e-14
   3.0712890625000000e-01  -8.7436904909484237e-01  -8.7436904909485669e-01   1.4321877017664519e-14
   3.0810546875000000e-01   6.4120396933617052e-01   6.4120396933618462e-01   1.4099832412739488e-14
   3.0908203125000000e-01   2.1567769877671834e+00   2.1567769877671692e+00   1.4210854715202004e-14
   3.1005859375000000e-01  -2.6108353009813898e+00  -2.6108353009813761e+00   1.3766765505351941e-14
   3.1103515625000000e-01  -1.0952622825503768e+00  -1.0952622825503913e+00   1.4432899320127035e-14
   3.1201171875000000e-01   4.2031073588063611e-01   4.2031073588065015e-01   1.4044321261508230e-14
   2.8173828125000000e-01  -2.5801556852236618e+00  -2.5801556852236756e+00   1.3766765505351941e-14
   2.8271484375000000e-01  -1.0645826667926486e+00  -1.0645826667926344e+00   1.4210854715202004e-14
   2.8369140625000000e-01   4.5099035163836437e-01   4.5099035163835016e-01   1.4210854715202004e-14
   2.8466796875000000e-01   1.9665633700693765e+00   1.9665633700693916e+00   1.5099033134902129e-14
   2.8564453125000000e-01  -2.8010489186791969e+00  -2.8010489186792102e+00   1.3322676295501878e-14
   2.8662109375000000e-01  -1.2854759002481839e+00  -1.2854759002481688e+00   1.5099033134902129e-14
   2.8759765625000000e-01   2.3009711818282899e-01   2.3009711818281567e-01   1.3322676295501878e-14
   2.8857421875000000e-01   1.7456701366138421e+00   1.7456701366138572e+00   1.5099033134902129e-14
   2.8955078125000000e-01  -3.0219421521347316e+00  -3.0219421521347449e+00   1.3322676295501878e-14
   2.9052734375000000e-01  -1.5063691337037184e+00  -1.5063691337037033e+00   1.5099033134902129e-14
   2.9150390625000000e-01   9.2038847272945413e-03   9.2038847272811943e-03   1.3346962424165554e-14
   2.9248046875000000e-01   1.5247769031583076e+00   1.5247769031583227e+00   1.5099033134902129e-14
   2.9345703125000000e-01   3.0403499215893204e+00   3.0403499215893071e+00   1.3322676295501878e-14
   2.9443359375000000e-01  -1.7272623671592529e+00  -1.7272623671592378e+00   1.5099033134902129e-14
   2.9541015625000000e-01  -2.1168934872823991e-01  -2.1168934872825326e-01   1.3350431871117507e-14
   2.9638671875000000e-01   1.3038836697027731e+00   1.3038836697027880e+00   1.4876988529977098e-14
   2.6611328125000000e-01  -1.6965827514015237e+00  -1.6965827514015379e+00   1.4210854715202004e-14
   2.6708984375000000e-01  -1.8100973297051076e-01  -1.8100973297055328e-01   4.2521541843143495e-14
   2.6806640625000000e-01   1.3345632854605023e+00   1.3345632854604881e+00   1.4210854715202004e-14
   2.6904296875000000e-01   2.8501363038915155e+00   2.8501363038914729e+00   4.2632564145606011e-14
   2.7001953125000000e-01  -1.9174759848570582e+00  -1.9174759848570724e+00   1.4210854715202004e-14
   2.7099609375000000e-01  -4.0190296642604523e-01  -4.0190296642608780e-01   4.2577052994374753e-14
   2.7197265625000000e-01   1.1136700520049678e+00   1.1136700520049536e+00   1.4210854715202004e-14
   2.7294921875000000e-01   2.6292430704359808e+00   2.6292430704359382e+00   4.2632564145606011e-14
   2.7392578125000000e-01  -2.1383692183125946e+00  -2.1383692183126066e+00   1.1990408665951691e-14
   2.7490234375000000e-01  -6.2279619988158152e-01  -6.2279619988162227e-01   4.0745185003743245e-14
   2.7587890625000000e-01   8.9277681854943158e-01   8.9277681854941915e-01   1.2434497875801753e-14
   2.7685546875000000e-01   2.4083498369804444e+00   2.4083498369804039e+00   4.0412118096355698e-14
   2.7783203125000000e-01  -2.3592624517681289e+00  -2.3592624517681413e+00   1.2434497875801753e-14
   2.7880859375000000e-01  -8.4368943333711599e-01  -8.4368943333715674e-01   4.0745185003743245e-14
   2.7978515625000000e-01   6.7188358509389701e-01   6.7188358509388457e-01   1.2434497875801753e-14
   2.8076171875000000e-01   2.1874566035249101e+00   2.1874566035248693e+00   4.0856207306205761e-14
   2.5048828125000000e-01  -8.1300981757939395e-01  -8.1300981757939994e-01   5.9952043329758453e-15
   2.5146484375000000e-01   7.0256320085163515e-01   7.0256320085158463e-01   5.0515147620444623e-14
   2.5244140625000000e-01   2.2181362192826426e+00   2.2181362192826262e+00   1.6431300764452317e-14
   2.5341796875000000e-01  -2.5494760694659342e+00  -2.5494760694659759e+00   4.1744385725905886e-14
   2.5439453125000000e-01  -1.0339030510349212e+00  -1.0339030510349345e+00   1.3322676295501878e-14
   2.5537109375000000e-01   4.8166996739609175e-01   4.8166996739605017e-01   4.1577852272212112e-14
   2.5634765625000000e-01   1.9972429858271048e+00   1.9972429858270917e+00   1.3100631690576847e-14
   2.5732421875000000e-01  -2.7703693029214671e+00  -2.7703693029215102e+00   4.3076653355456074e-14
   2.5830078125000000e-01  -1.2547962844904539e+00  -1.2547962844904690e+00   1.5099033134902129e-14
   2.5927734375000000e-01   2.6077673394055906e-01   2.6077673394051565e-01   4.3409720262843621e-14
   2.6025390625000000e-01   1.7763497523715721e+00   1.7763497523715570e+00   1.5099033134902129e-14
   2.6123046875000000e-01  -2.9912625363770013e+00  -2.9912625363770449e+00   4.3520742565306136e-14
   2.6220703125000000e-01  -1.4756895179459919e+00  -1.4756895179460034e+00   1.1546319456101628e-14
   2.6318359375000000e-01   3.9883500485021005e-02   3.9883500484981196e-02   3.9808434326715769e-14
   2.6416015625000000e-01   1.5554565189160376e+00   1.5554565189160225e+00   1.5099033134902129e-14
   2.6513671875000000e-01   3.0710295373470506e+00   3.0710295373470071e+00   4.3520742565306136e-14
   3.9111328125000000e-01  -2.4819809147990410e+00  -2.4819809147990548e+00   1.3766765505351941e-14
   3.9208984375000000e-01  -9.6640789636802826e-01  -9.6640789636801350e-01   1.4765966227514582e-14
   3.9306640625000000e-01   5.4916512206304158e-01   5.4916512206302781e-01   1.3766765505351941e-14
   3.9404296875000000e-01   2.0647381404940552e+00   2.0647381404940695e+00   1.4210854715202004e-14
   3.9501953125000000e-01  -2.7028741482545748e+00  -2.7028741482545895e+00   1.4654943925052066e-14
   3.9599609375000000e-01  -1.1873011298235618e+00  -1.1873011298235481e+00   1.3766765505351941e-14
   3.9697265625000000e-01   3.2827188860750617e-01   3.2827188860749335e-01   1.2823075934420558e-14
   3.9794921875000000e-01   1.8438449070385192e+00   1.8438449070385348e+00   1.5543122344752192e-14
   3.9892578125000000e-01  -2.9237673817101113e+00  -2.9237673817101242e+00   1.2878587085651816e-14
   3.9990234375000000e-01  -1.4081943632790981e+00  -1.4081943632790825e+00   1.5543122344752192e-14
   4.0087890625000000e-01   1.0737865515197169e-01   1.0737865515195884e-01   1.2850831510036187e-14
   4.0185546875000000e-01   1.6229516735829848e+00   1.6229516735830003e+00   1.5543122344752192e-14
   4.0283203125000000e-01   3.1385246920139407e+00   3.1385246920139278e+00   1.2878587085651816e-14
   4.0380859375000000e-01  -1.6290875967346325e+00  -1.6290875967346170e+00   1.5543122344752192e-14
   4.0478515625000000e-01  -1.1351457830356280e-01  -1.1351457830357566e-01   1.2850831510036187e-14
   4.0576171875000000e-01   1.4020584401274503e+00   1.4020584401274658e+00   1.5543122344752192e-14
   3.7548828125000000e-01  -1.5984079809769034e+00  -1.5984079809769172e+00   1.3766765505351941e-14
   3.7646484375000000e-01  -8.2834962545890414e-02  -8.2834962545875648e-02   1.4765966227514582e-14
   3.7744140625000000e-01   1.4327380558851794e+00   1.4327380558851657e+00   1.3766765505351941e-14
   3.7841796875000000e-01   2.9483110743161922e+00   2.9483110743162073e+00   1.5099033134902129e-14
   3.7939453125000000e-01  -1.8193012144324379e+00  -1.8193012144324516e+00   1.3766765505351941e-14
   3.8037109375000000e-01  -3.0372819600142487e-01  -3.0372819600141016e-01   1.4710455076283324e-14
   3.8134765625000000e-01   1.2118448224296450e+00   1.2118448224296312e+00   1.3766765505351941e-14
   3.8232421875000000e-01   2.7274178408606580e+00   2.7274178408606726e+00   1.4654943925052066e-14
   3.8330078125000000e-01  -2.0401944478879708e+00  -2.0401944478879859e+00   1.5099033134902129e-14
   3.8427734375000000e-01  -5.2462142945695756e-01  -5.2462142945694468e-01   1.2878587085651816e-14
   3.8525390625000000e-01   9.9095158897410873e-01   9.9095158897409674e-01   1.1990408665951691e-14
   3.8623046875000000e-01   2.5065246074051215e+00   2.5065246074051384e+00   1.6875389974302379e-14
   3.8720703125000000e-01  -2.2610876813435086e+00  -2.2610876813435206e+00   1.1990408665951691e-14
   3.8818359375000000e-01  -7.4551466291249568e-01  -7.4551466291247914e-01   1.6542323066914832e-14
   3.8916015625000000e-01   7.7005835551857427e-01   7.7005835551856228e-01   1.1990408665951691e-14
   3.9013671875000000e-01   2.2856313739495873e+00   2.2856313739496037e+00   1.6431300764452317e-14
   4.0673828125000000e-01   2.9176314585584078e+00   2.9176314585585073e+00   9.9475983006414026e-14
   4.0771484375000000e-01  -1.8499808301901661e+00  -1.8499808301901515e+00   1.4654943925052066e-14
   4.0869140625000000e-01  -3.3440781175909629e-01  -3.3440781175911011e-01   1.3822276656583199e-14
   4.0966796875000000e-01   1.1811652066719167e+00   1.1811652066719314e+00   1.4654943925052066e-14
   4.1064453125000000e-01   2.6967382251028731e+00   2.6967382251029726e+00   9.9475983006414026e-14
   4.1162109375000000e-01  -2.0708740636457006e+00  -2.0708740636456859e+00   1.4654943925052066e-14
   4.1259765625000000e-01  -5.5530104521463086e-01  -5.5530104521464463e-01   1.3766765505351941e-14
   4.1357421875000000e-01   9.6027197321638214e-01   9.6027197321639679e-01   1.4654943925052066e-14
   4.1455078125000000e-01   2.4758449916473384e+00   2.4758449916474383e+00   9.9920072216264089e-14
   4.1552734375000000e-01  -2.2917672971012353e+00  -2.2917672971012206e+00   1.4654943925052066e-14
   4.1650390625000000e-01  -7.7619427867016522e-01  -7.7619427867017909e-01   1.3877787807814457e-14
   4.1748046875000000e-01   7.3937873976084767e-01   7.3937873976086232e-01   1.4654943925052066e-14
   4.1845703125000000e-01   2.2549517581918037e+00   2.2549517581919036e+00   9.9920072216264089e-14
   4.1943359375000000e-01  -2.5126605305567695e+00  -2.5126605305567549e+00   1.4654943925052066e-14
   4.2041015625000000e-01  -9.9708751212569979e-01  -9.9708751212571367e-01   1.3877787807814457e-14
   4.2138671875000000e-01   5.1848550630531320e-01   5.1848550630532786e-01   1.4654943925052066e-14
   4.2236328125000000e-01   2.0340585247362699e+00   2.0340585247363694e+00   9.9475983006414026e-14
   4.2333984375000000e-01  -2.7335537640123033e+00  -2.7335537640122896e+00   1.3766765505351941e-14
   4.2431640625000000e-01  -1.2179807455812353e+00  -1.2179807455812481e+00   1.2878587085651816e-14
   4.2529296875000000e-01   2.9759227284977768e-01   2.9759227284979328e-01   1.5598633495983449e-14
   4.2626953125000000e-01   1.8131652912807357e+00   1.8131652912808347e+00   9.9031893796563963e-14
   4.2724609375000000e-01  -2.9544469974678380e+00  -2.9544469974678238e+00   1.4210854715202004e-14
   4.2822265625000000e-01  -1.4388739790367679e+00  -1.4388739790367826e+00   1.4654943925052066e-14
   4.2919921875000000e-01   7.6699039394244981e-02   7.6699039394258831e-02   1.3850032232198828e-14
   4.3017578125000000e-01   1.5922720578252012e+00   1.5922720578253002e+00   9.9031893796563963e-14
   4.3115234375000000e-01   3.1078450762562140e+00   3.1078450762562282e+00   1.4210854715202004e-14
   4.3212890625000000e-01  -1.6597672124923024e+00  -1.6597672124923171e+00   1.4654943925052066e-14
   4.3310546875000000e-01  -1.4419419406128950e-01  -1.4419419406127565e-01   1.3850032232198828e-14
   4.3408203125000000e-01   1.3713788243696703e+00   1.3713788243697658e+00   9.5479180117763462e-14
   4.3505859375000000e-01   2.8869518428006762e+00   2.8869518428006935e+00   1.7319479184152442e-14
   4.3603515625000000e-01  -1.8806604459478582e+00  -1.8806604459478515e+00   6.6613381477509392e-15
   4.3701171875000000e-01  -3.6508742751680973e-01  -3.6508742751681011e-01   3.8857805861880479e-16
   4.3798828125000000e-01   1.1504855909142477e+00   1.1504855909142313e+00   1.6431300764452317e-14
   4.3896484375000000e-01   2.6660586093452543e+00   2.6660586093451593e+00   9.5035090907913400e-14
   4.3994140625000000e-01  -2.1015536794033722e+00  -2.1015536794033860e+00   1.3766765505351941e-14
   4.4091796875000000e-01  -5.8598066097235924e-01  -5.8598066097234458e-01   1.4654943925052066e-14
   4.4189453125000000e-01   9.2959235745871061e-01   9.2959235745869684e-01   1.3766765505351941e-14
   4.4287109375000000e-01   2.4451653758897236e+00   2.4451653758896246e+00   9.9031893796563963e-14
   4.4384765625000000e-01  -2.3224469128589087e+00  -2.3224469128589207e+00   1.1990408665951691e-14
   4.4482421875000000e-01  -8.0687389442789559e-01  -8.0687389442787916e-01   1.6431300764452317e-14
   4.4580078125000000e-01   7.0869912400317425e-01   7.0869912400316226e-01   1.1990408665951691e-14
   4.4677734375000000e-01   2.2242721424341871e+00   2.2242721424340899e+00   9.7255536957163713e-14
   4.4775390625000000e-01  -2.5433401463144429e+00  -2.5433401463144549e+00   1.1990408665951691e-14
   4.4873046875000000e-01  -1.0277671278834302e+00  -1.0277671278834135e+00   1.6653345369377348e-14
   4.4970703125000000e-01   4.8780589054763979e-01   4.8780589054762780e-01   1.1990408665951691e-14
   4.5068359375000000e-01   2.0033789089786529e+00   2.0033789089785556e+00   9.7255536957163713e-14
   4.5166015625000000e-01  -2.7642333797699776e+00  -2.7642333797699896e+00   1.1990408665951691e-14
   4.5263671875000000e-01  -1.2486603613389646e+00  -1.2486603613389480e+00   1.6653345369377348e-14
   4.5361328125000000e-01   2.6691265709210721e-01   2.6691265709209333e-01   1.3877787807814457e-14
   4.5458984375000000e-01   1.7824856755231193e+00   1.7824856755230210e+00   9.8365759981788869e-14
   4.5556640625000000e-01  -2.9851266132255110e+00  -2.9851266132255239e+00   1.2878587085651816e-14
   4.5654296875000000e-01  -1.4695535947944980e+00  -1.4695535947944827e+00   1.5321077739827160e-14
   4.5751953125000000e-01   4.6019423636571806e-02   4.6019423636558830e-02   1.2975731600306517e-14
   4.5849609375000000e-01   1.5615924420675849e+00   1.5615924420674865e+00   9.8365759981788869e-14
   4.5947265625000000e-01   3.0771654604985410e+00   3.0771654604985281e+00   1.2878587085651816e-14
   4.6044921875000000e-01  -1.6904468282500325e+00  -1.6904468282500171e+00   1.5321077739827160e-14
   4.6142578125000000e-01  -1.7487380981896267e-01  -1.7487380981897568e-01   1.3017364963729960e-14
   4.6240234375000000e-01   1.3406992086120504e+00   1.3406992086119520e+00   9.8365759981788869e-14
   4.6337890625000000e-01   2.8562722270430063e+00   2.8562722270429934e+00   1.2878587085651816e-14
   4.6435546875000000e-01  -1.9113400617055669e+00  -1.9113400617055516e+00   1.5321077739827160e-14
   4.6533203125000000e-01  -3.9576704327449719e-01  -3.9576704327451018e-01   1.2989609388114332e-14
   4.6630859375000000e-01   1.1198059751565159e+00   1.1198059751564176e+00   9.8365759981788869e-14
   4.6728515625000000e-01   2.6353789935874721e+00   2.6353789935874592e+00   1.2878587085651816e-14
   4.6826171875000000e-01  -2.1322332951611016e+00  -2.1322332951610861e+00   1.5543122344752192e-14
   4.6923828125000000e-01  -6.1666027673003065e-01  -6.1666027673004464e-01   1.3988810110276972e-14
   4.7021484375000000e-01   8.9891274170098234e-01   8.9891274170099678e-01   1.4432899320127035e-14
   4.7119140625000000e-01   2.4144857601319383e+00   2.4144857601319245e+00   1.3766765505351941e-14
   4.7216796875000000e-01  -2.3531265286166350e+00  -2.3531265286166207e+00   1.4210854715202004e-14
   4.7314453125000000e-01  -8.3755351018556512e-01  -8.3755351018557911e-01   1.3988810110276972e-14
   4.7412109375000000e-01   6.7801950824544788e-01   6.7801950824546231e-01   1.4432899320127035e-14
   4.7509765625000000e-01   2.1935925266764040e+00   2.1935925266763898e+00   1.4210854715202004e-14
   4.7607421875000000e-01  -2.5740197620721696e+00  -2.5740197620721550e+00   1.4654943925052066e-14
   4.7705078125000000e-01  -1.0584467436410996e+00  -1.0584467436411136e+00   1.3988810110276972e-14
   4.7802734375000000e-01   4.5712627478991336e-01   4.5712627478992779e-01   1.4432899320127035e-14
   4.7900390625000000e-01   1.9726992932208696e+00   1.9726992932208556e+00   1.3988810110276972e-14
   4.7998046875000000e-01  -2.7949129955277039e+00  -2.7949129955276897e+00   1.4210854715202004e-14
   4.8095703125000000e-01  -1.2793399770966341e+00  -1.2793399770966480e+00   1.3988810110276972e-14
   4.8193359375000000e-01   2.3623304133437886e-01   2.3623304133439332e-01   1.4460654895742664e-14
   4.8291015625000000e-01   1.7518060597653351e+00   1.7518060597653211e+00   1.3988810110276972e-14
   4.8388671875000000e-01  -3.0158062289832386e+00  -3.0158062289832239e+00   1.4654943925052066e-14
   4.8486328125000000e-01  -1.5002332105521694e+00  -1.5002332105521825e+00   1.3100631690576847e-14
   4.8583984375000000e-01   1.5339807878843570e-02   1.5339807878858832e-02   1.5262097141643949e-14
   4.8681640625000000e-01   1.5309128263098015e+00   1.5309128263097866e+00   1.4876988529977098e-14
   4.8779296875000000e-01   3.0464858447408143e+00   3.0464858447408281e+00   1.3766765505351941e-14
   4.8876953125000000e-01  -1.7211264440077021e+00  -1.7211264440077170e+00   1.4876988529977098e-14
   4.8974609375000000e-01  -2.0555342557668912e-01  -2.0555342557667566e-01   1.3461454173580023e-14
   4.9072265625000000e-01   1.3100195928542671e+00   1.3100195928542522e+00   1.4876988529977098e-14
   4.9169921875000000e-01   2.8255926112852801e+00   2.8255926112852934e+00   1.3322676295501878e-14
   4.9267578125000000e-01  -1.9420196774632366e+00  -1.9420196774632517e+00   1.5099033134902129e-14
   4.9365234375000000e-01  -4.2644665903222362e-01  -4.2644665903221013e-01   1.3489209749195652e-14
   4.9462890625000000e-01   1.0891263593987326e+00   1.0891263593987175e+00   1.5099033134902129e-14
   4.9560546875000000e-01   2.6046993778297454e+00   2.6046993778297591e+00   1.3766765505351941e-14
   4.9658203125000000e-01  -2.1629129109187710e+00  -2.1629129109187861e+00   1.5099033134902129e-14
   4.9755859375000000e-01  -6.4733989248775803e-01  -6.4733989248774459e-01   1.3433698597964394e-14
   4.9853515625000000e-01   8.6823312594319801e-01   8.6823312594318314e-01   1.4876988529977098e-14
   4.9951171875000000e-01   2.3838061443742111e+00   2.3838061443742244e+00   1.3322676295501878e-14
   5.0048828125000000e-01  -2.3838061443743066e+00  -2.3838061443743204e+00   1.3766765505351941e-14
   5.0146484375000000e-01  -8.6823312594329338e-01  -8.6823312594327917e-01   1.4210854715202004e-14
   5.0244140625000000e-01   6.4733989248766277e-01   6.4733989248764856e-01   1.4210854715202004e-14
   5.0341796875000000e-01   2.1629129109186755e+00   2.1629129109186902e+00   1.4654943925052066e-14
   5.0439453125000000e-01  -2.6046993778298408e+00  -2.6046993778298551e+00   1.4210854715202004e-14
   5.0537109375000000e-01  -1.0891263593988278e+00  -1.0891263593988136e+00   1.4210854715202004e-14
   5.0634765625000000e-01   4.2644665903212825e-01   4.2644665903211415e-01   1.4099832412739488e-14
   5.0732421875000000e-01   1.9420196774631413e+00   1.9420196774631555e+00   1.4210854715202004e-14
   5.0830078125000000e-01  -2.8255926112853773e+00  -2.8255926112853897e+00   1.2434497875801753e-14
   5.0927734375000000e-01  -1.3100195928543641e+00  -1.3100195928543481e+00   1.5987211554602254e-14
   5.1025390625000000e-01   2.0555342557659201e-01   2.0555342557657963e-01   1.2378986724570495e-14
   5.1123046875000000e-01   1.7211264440076051e+00   1.7211264440076210e+00   1.5987211554602254e-14
   5.1220703125000000e-01  -3.0464858447409116e+00  -3.0464858447409240e+00   1.2434497875801753e-14
   5.1318359375000000e-01  -1.5309128263098986e+00  -1.5309128263098826e+00   1.5987211554602254e-14
   5.1416015625000000e-01  -1.5339807878942492e-02  -1.5339807878954857e-02   1.2365108936762681e-14
   5.1513671875000000e-01   1.5002332105520706e+00   1.5002332105520866e+00   1.5987211554602254e-14
   5.1611328125000000e-01   3.0158062289831418e+00   3.0158062289831280e+00   1.3766765505351941e-14
   5.1708984375000000e-01  -1.7518060597654321e+00  -1.7518060597654170e+00   1.5099033134902129e-14
   5.1806640625000000e-01  -2.3623304133447512e-01  -2.3623304133448933e-01   1.4210854715202004e-14
   5.1904296875000000e-01   1.2793399770965379e+00   1.2793399770965521e+00   1.4210854715202004e-14
   5.2001953125000000e-01   2.7949129955276066e+00   2.7949129955275933e+00   1.3322676295501878e-14
   5.2099609375000000e-01  -1.9726992932209666e+00  -1.9726992932209515e+00   1.5099033134902129e-14
   5.2197265625000000e-01  -4.5712627479001050e-01  -4.5712627479002382e-01   1.3322676295501878e-14
   5.2294921875000000e-01   1.0584467436410026e+00   1.0584467436410177e+00   1.5099033134902129e-14
   5.2392578125000000e-01   2.5740197620720724e+00   2.5740197620720591e+00   1.3322676295501878e-14
   5.2490234375000000e-01  -2.1935925266765013e+00  -2.1935925266764862e+00   1.5099033134902129e-14
   5.2587890625000000e-01  -6.7801950824554502e-01  -6.7801950824555834e-01   1.3322676295501878e-14
   5.2685546875000000e-01   8.3755351018546809e-01   8.3755351018548307e-01   1.4988010832439613e-14
   5.2783203125000000e-01   2.3531265286165377e+00   2.3531265286165244e+00   1.3322676295501878e-14
   5.2880859375000000e-01  -2.4144857601320355e+00  -2.4144857601320204e+00   1.5099033134902129e-14
   5.2978515625000000e-01  -8.9891274170107949e-01  -8.9891274170109281e-01   1.3322676295501878e-14
   5.3076171875000000e-01   6.1666027672993351e-01   6.1666027672994861e-01   1.5099033134902129e-14
   5.4736328125000000e-01   1.2486603613388654e+00   1.2486603613388521e+00   1.3322676295501878e-14
   5.4833984375000000e-01   2.7642333797698782e+00   2.7642333797698937e+00   1.5543122344752192e-14
   5.4931640625000000e-01  -2.0033789089787519e+00  -2.0033789089786516e+00   1.0036416142611415e-13
   5.5029296875000000e-01  -4.8780589054773899e-01  -4.8780589054772383e-01   1.5154544286133387e-14
   5.5126953125000000e-01   1.0277671278833309e+00   1.0277671278833176e+00   1.3322676295501878e-14
   5.5224609375000000e-01   2.5433401463143439e+00   2.5433401463143590e+00   1.5099033134902129e-14
   5.5322265625000000e-01  -2.2242721424342848e+00  -2.2242721424341858e+00   9.9031893796563963e-14
   5.5419921875000000e-01  -7.0869912400327162e-01  -7.0869912400325830e-01   1.3322676295501878e-14
   5.5517578125000000e-01   8.0687389442779467e-01   8.0687389442778312e-01   1.1546319456101628e-14
   5.5615234375000000e-01   2.3224469128588074e+00   2.3224469128588243e+00   1.6875389974302379e-14
   5.5712890625000000e-01  -2.4451653758898226e+00  -2.4451653758897205e+00   1.0214051826551440e-13
   5.5810546875000000e-01  -9.2959235745880986e-01  -9.2959235745879276e-01   1.7097434579227411e-14
   5.5908203125000000e-01   5.8598066097226009e-01   5.8598066097224866e-01   1.1435297153639112e-14
   5.6005859375000000e-01   2.1015536794032732e+00   2.1015536794032901e+00   1.6875389974302379e-14
   5.6103515625000000e-01  -2.6660586093453538e+00  -2.6660586093452552e+00   9.8587804586713901e-14
   5.6201171875000000e-01  -1.1504855909143477e+00  -1.1504855909143272e+00   2.0428103653102880e-14
   5.3173828125000000e-01   2.1322332951610039e+00   2.1322332951609901e+00   1.3766765505351941e-14
   5.3271484375000000e-01  -2.6353789935875693e+00  -2.6353789935875551e+00   1.4210854715202004e-14
   5.3369140625000000e-01  -1.1198059751566132e+00  -1.1198059751565137e+00   9.9475983006414026e-14
   5.3466796875000000e-01   3.9576704327439977e-01   3.9576704327441414e-01   1.4377388168895777e-14
   5.3564453125000000e-01   1.9113400617054697e+00   1.9113400617054555e+00   1.4210854715202004e-14
   5.3662109375000000e-01  -2.8562722270431040e+00  -2.8562722270430894e+00   1.4654943925052066e-14
   5.3759765625000000e-01  -1.3406992086121476e+00  -1.3406992086120482e+00   9.9475983006414026e-14
   5.3857421875000000e-01   1.7487380981886530e-01   1.7487380981887962e-01   1.4321877017664519e-14
   5.3955078125000000e-01   1.6904468282499352e+00   1.6904468282499210e+00   1.4210854715202004e-14
   5.4052734375000000e-01  -3.0771654604986383e+00  -3.0771654604986240e+00   1.4210854715202004e-14
   5.4150390625000000e-01  -1.5615924420676821e+00  -1.5615924420675826e+00   9.9475983006414026e-14
   5.4248046875000000e-01  -4.6019423636669200e-02  -4.6019423636654858e-02   1.4342693699376241e-14
   5.4345703125000000e-01   1.4695535947944007e+00   1.4695535947943865e+00   1.4210854715202004e-14
   5.4443359375000000e-01   2.9851266132254137e+00   2.9851266132254279e+00   1.4210854715202004e-14
   5.4541015625000000e-01  -1.7824856755232166e+00  -1.7824856755231171e+00   9.9475983006414026e-14
   5.4638671875000000e-01  -2.6691265709220369e-01  -2.6691265709218936e-01   1.4321877017664519e-14
   5.7861328125000000e-01  -5.1848550630541035e-01  -5.1848550630542378e-01   1.3433698597964394e-14
   5.7958984375000000e-01   9.9708751212560265e-01   9.9708751212561764e-01   1.4988010832439613e-14
   5.8056640625000000e-01   2.5126605305566723e+00   2.5126605305566589e+00   1.3322676295501878e-14
   5.8154296875000000e-01  -2.2549517581919010e+00  -2.2549517581919996e+00   9.8587804586713901e-14
   5.8251953125000000e-01  -7.3937873976094481e-01  -7.3937873976095836e-01   1.3544720900426910e-14
   5.8349609375000000e-01   7.7619427867006818e-01   7.7619427867008306e-01   1.4876988529977098e-14
   5.8447265625000000e-01   2.2917672971011380e+00   2.2917672971011247e+00   1.3322676295501878e-14
   5.8544921875000000e-01  -2.4758449916474357e+00  -2.4758449916475342e+00   9.8587804586713901e-14
   5.8642578125000000e-01  -9.6027197321647928e-01  -9.6027197321649282e-01   1.3544720900426910e-14
   5.8740234375000000e-01   5.5530104521453361e-01   5.5530104521454859e-01   1.4988010832439613e-14
   5.8837890625000000e-01   2.0708740636456033e+00   2.0708740636455900e+00   1.3322676295501878e-14
   5.8935546875000000e-01  -2.6967382251029699e+00  -2.6967382251030689e+00   9.9031893796563963e-14
   5.9033203125000000e-01  -1.1811652066720137e+00  -1.1811652066720273e+00   1.3544720900426910e-14
   5.9130859375000000e-01   3.3440781175899920e-01   3.3440781175901407e-01   1.4876988529977098e-14
   5.9228515625000000e-01   1.8499808301900689e+00   1.8499808301900555e+00   1.3322676295501878e-14
   5.9326171875000000e-01  -2.9176314585585046e+00  -2.9176314585586032e+00   9.8587804586713901e-14
   5.6298828125000000e-01   3.6508742751670881e-01   3.6508742751671408e-01   5.2735593669694936e-15
   5.6396484375000000e-01   1.8806604459477609e+00   1.8806604459477556e+00   5.3290705182007514e-15
   5.6494140625000000e-01  -2.8869518428007717e+00  -2.8869518428007894e+00   1.7763568394002505e-14
   5.6591796875000000e-01  -1.3713788243697658e+00  -1.3713788243698617e+00   9.5923269327613525e-14
   5.6689453125000000e-01   1.4419419406119388e-01   1.4419419406117964e-01   1.4238610290817633e-14
   5.6787109375000000e-01   1.6597672124922069e+00   1.6597672124922211e+00   1.4210854715202004e-14
   5.6884765625000000e-01  -3.1078450762563117e+00  -3.1078450762563241e+00   1.2434497875801753e-14
   5.6982421875000000e-01  -1.5922720578252985e+00  -1.5922720578253964e+00   9.7921670771938807e-14
   5.7080078125000000e-01  -7.6699039394342361e-02  -7.6699039394354851e-02   1.2490009027033011e-14
   5.7177734375000000e-01   1.4388739790366707e+00   1.4388739790366865e+00   1.5765166949677223e-14
   5.7275390625000000e-01   2.9544469974677403e+00   2.9544469974677279e+00   1.2434497875801753e-14
   5.7373046875000000e-01  -1.8131652912808329e+00  -1.8131652912809308e+00   9.7921670771938807e-14
   5.7470703125000000e-01  -2.9759227284987683e-01  -2.9759227284988937e-01   1.2545520178264269e-14
   5.7568359375000000e-01   1.2179807455811362e+00   1.2179807455811520e+00   1.5765166949677223e-14
   5.7666015625000000e-01   2.7335537640122061e+00   2.7335537640121936e+00   1.2434497875801753e-14
   5.7763671875000000e-01  -2.0340585247363676e+00  -2.0340585247364653e+00   9.7699626167013776e-14
   5.9423828125000000e-01  -1.4020584401275473e+00  -1.4020584401275618e+00   1.4432899320127035e-14
   5.9521484375000000e-01   1.1351457830346565e-01   1.1351457830347964e-01   1.3988810110276972e-14
   5.9619140625000000e-01   1.6290875967345355e+00   1.6290875967345211e+00   1.4432899320127035e-14
   5.9716796875000000e-01  -3.1385246920140379e+00  -3.1385246920140242e+00   1.3766765505351941e-14
   5.9814453125000000e-01  -1.6229516735830818e+00  -1.6229516735830962e+00   1.4432899320127035e-14
   5.9912109375000000e-01  -1.0737865515206885e-01  -1.0737865515205486e-01   1.3988810110276972e-14
   6.0009765625000000e-01   1.4081943632790010e+00   1.4081943632789866e+00   1.4432899320127035e-14
   6.0107421875000000e-01   2.9237673817100140e+00   2.9237673817100278e+00   1.3766765505351941e-14
   6.0205078125000000e-01  -1.8438449070386163e+00  -1.8438449070386307e+00   1.4432899320127035e-14
   6.0302734375000000e-01  -3.2827188860760331e-01  -3.2827188860758932e-01   1.3988810110276972e-14
   6.0400390625000000e-01   1.1873011298234666e+00   1.1873011298234522e+00   1.4432899320127035e-14
   6.0498046875000000e-01   2.7028741482544794e+00   2.7028741482544936e+00   1.4210854715202004e-14
   6.0595703125000000e-01  -2.0647381404941507e+00  -2.0647381404941654e+00   1.4654943925052066e-14
   6.0693359375000000e-01  -5.4916512206313783e-01  -5.4916512206312385e-01   1.3988810110276972e-14
   6.0791015625000000e-01   9.6640789636793201e-01   9.6640789636791757e-01   1.4432899320127035e-14
   6.0888671875000000e-01   2.4819809147989451e+00   2.4819809147989589e+00   1.3766765505351941e-14
   6.0986328125000000e-01  -2.2856313739496859e+00  -2.2856313739496996e+00   1.3766765505351941e-14
   6.1083984375000000e-01  -7.7005835551867308e-01  -7.7005835551865831e-01   1.4765966227514582e-14
   6.1181640625000000e-01   7.4551466291239665e-01   7.4551466291238311e-01   1.3544720900426910e-14
   6.1279296875000000e-01   2.2610876813434100e+00   2.2610876813434246e+00   1.4654943925052066e-14
   6.1376953125000000e-01  -2.5065246074052205e+00  -2.5065246074052343e+00   1.3766765505351941e-14
   6.1474609375000000e-01  -9.9095158897420754e-01  -9.9095158897419278e-01   1.4765966227514582e-14
   6.1572265625000000e-01   5.2462142945686230e-01   5.2462142945684853e-01   1.3766765505351941e-14
   6.1669921875000000e-01   2.0401944478878753e+00   2.0401944478878900e+00   1.4654943925052066e-14
   6.1767578125000000e-01  -2.7274178408607570e+00  -2.7274178408607685e+00   1.1546319456101628e-14
   6.1865234375000000e-01  -1.2118448224297438e+00  -1.2118448224297274e+00   1.6431300764452317e-14
   6.1962890625000000e-01   3.0372819600132600e-01   3.0372819600131412e-01   1.1879386363489175e-14
   6.2060546875000000e-01   1.8193012144323391e+00   1.8193012144323555e+00   1.6431300764452317e-14
   6.2158203125000000e-01  -2.9483110743162912e+00  -2.9483110743163032e+00   1.1990408665951691e-14
   6.2255859375000000e-01  -1.4327380558852782e+00  -1.4327380558852618e+00   1.6431300764452317e-14
   6.2353515625000000e-01   8.2834962545791493e-02   8.2834962545779628e-02   1.1865508575681361e-14
   6.2451171875000000e-01   1.5984079809768046e+00   1.5984079809768210e+00   1.6431300764452317e-14
   6.2548828125000000e-01   3.1139809994077625e+00   3.1139809994077488e+00   1.3766765505351941e-14
   6.2646484375000000e-01  -1.6536312893408109e+00  -1.6536312893407963e+00   1.4654943925052066e-14
   6.2744140625000000e-01  -1.3805827090974113e-01  -1.3805827090975487e-01   1.3739009929736312e-14
   6.2841796875000000e-01   1.3775147475212719e+00   1.3775147475212866e+00   1.4654943925052066e-14
   6.2939453125000000e-01   2.8930877659522269e+00   2.8930877659522145e+00   1.2434497875801753e-14
   6.3037109375000000e-01  -1.8745245227963463e+00  -1.8745245227963307e+00   1.5543122344752192e-14
   6.3134765625000000e-01  -3.5895150436527645e-01  -3.5895150436528933e-01   1.2878587085651816e-14
   6.3232421875000000e-01   1.1566215140657365e+00   1.1566215140657521e+00   1.5543122344752192e-14
   6.3330078125000000e-01   2.6721945324966927e+00   2.6721945324966798e+00   1.2878587085651816e-14
   6.3427734375000000e-01  -2.0954177562518810e+00  -2.0954177562518654e+00   1.5543122344752192e-14
   6.3525390625000000e-01  -5.7984473782081103e-01  -5.7984473782082380e-01   1.2767564783189300e-14
   6.3623046875000000e-01   9.3572828061020208e-01   9.3572828061021762e-01   1.5543122344752192e-14
   6.3720703125000000e-01   2.4513012990411580e+00   2.4513012990411451e+00   1.2878587085651816e-14
   6.3818359375000000e-01  -2.3163109897074152e+00  -2.3163109897073997e+00   1.5543122344752192e-14
   6.3916015625000000e-01  -8.0073797127634549e-01  -8.0073797127635826e-01   1.2767564783189300e-14
   6.4013671875000000e-01   7.1483504715466739e-01   7.1483504715468305e-01   1.5654144647214707e-14
   6.4111328125000000e-01   2.2304080655856251e+00   2.2304080655856109e+00   1.4210854715202004e-14
   6.4208984375000000e-01  -2.5372042231629481e+00  -2.5372042231629344e+00   1.3766765505351941e-14
   6.4306640625000000e-01  -1.0216312047318790e+00  -1.0216312047318927e+00   1.3766765505351941e-14
   6.4404296875000000e-01   4.9394181369913404e-01   4.9394181369914864e-01   1.4599432773820809e-14
   6.4501953125000000e-01   2.0095148321300900e+00   2.0095148321300762e+00   1.3766765505351941e-14
   6.4599609375000000e-01  -2.7580974566184833e+00  -2.7580974566184686e+00   1.4654943925052066e-14
   6.4697265625000000e-01  -1.2425244381874134e+00  -1.2425244381874274e+00   1.3988810110276972e-14
   6.4794921875000000e-01   2.7304858024359951e-01   2.7304858024361411e-01   1.4599432773820809e-14
   6.4892578125000000e-01   1.7886215986745557e+00   1.7886215986745417e+00   1.3988810110276972e-14
   6.4990234375000000e-01  -2.9789906900740180e+00  -2.9789906900740033e+00   1.4654943925052066e-14
   6.5087890625000000e-01  -1.4634176716429479e+00  -1.4634176716429619e+00   1.3988810110276972e-14
   6.5185546875000000e-01   5.2155346788065028e-02   5.2155346788079628e-02   1.4599432773820809e-14
   6.5283203125000000e-01   1.5677283652190213e+00   1.5677283652190073e+00   1.3988810110276972e-14
   6.5380859375000000e-01   3.0833013836500340e+00   3.0833013836500487e+00   1.4654943925052066e-14
   6.5478515625000000e-01  -1.6843109050984824e+00  -1.6843109050984963e+00   1.3988810110276972e-14
   6.5576171875000000e-01  -1.6873788666746944e-01  -1.6873788666745484e-01   1.4599432773820809e-14
   6.5673828125000000e-01   1.3468351317634901e+00   1.3468351317635865e+00   9.6367358537463588e-14
   6.5771484375000000e-01   2.8624081501944985e+00   2.8624081501945144e+00   1.5987211554602254e-14
   6.5869140625000000e-01  -1.9052041385540393e+00  -1.9052041385540308e+00   8.4376949871511897e-15
   6.5966796875000000e-01  -3.8963112012298007e-01  -3.8963112012298934e-01   9.2703622556200571e-15
   6.6064453125000000e-01   1.1259418983080862e+00   1.1259418983080520e+00   3.4194869158454821e-14
   6.6162109375000000e-01   2.6415149167390601e+00   2.6415149167390934e+00   3.3306690738754696e-14
   6.6259765625000000e-01  -2.1260973720096468e+00  -2.1260973720094518e+00   1.9495516312417749e-13
   6.6357421875000000e-01  -6.1052435357866919e-01  -6.1052435357863755e-01   3.1641356201816961e-14
   6.6455078125000000e-01   9.0504866485240065e-01   9.0504866485240387e-01   3.2196467714129540e-15
   6.6552734375000000e-01   2.4206216832834491e+00   2.4206216832834455e+00   3.5527136788005009e-15
   6.6650390625000000e-01  -2.3469906054651029e+00  -2.3469906054650997e+00   3.1086244689504383e-15
   6.6748046875000000e-01  -8.3141758703405444e-01  -8.3141758703405833e-01   3.8857805861880479e-15
   6.6845703125000000e-01   6.8415543139701529e-01   6.8415543139698309e-01   3.2196467714129540e-14
   6.6943359375000000e-01   2.1997284498279930e+00   2.1997284498280245e+00   3.1530333899354446e-14
   6.7041015625000000e-01  -2.5678838389207157e+00  -2.5678838389205207e+00   1.9495516312417749e-13
   6.7138671875000000e-01  -1.0523108204897453e+00  -1.0523108204897065e+00   3.8857805861880479e-14
   6.7236328125000000e-01   4.6326219794132917e-01   4.6326219794133494e-01   5.7731597280508140e-15
   6.7333984375000000e-01   1.9788352163723812e+00   1.9788352163723764e+00   4.8849813083506888e-15
   6.7431640625000000e-01  -2.7887770723761744e+00  -2.7887770723761687e+00   5.7731597280508140e-15
   6.7529296875000000e-01  -1.2732040539451224e+00  -1.2732040539451273e+00   4.8849813083506888e-15
   6.7626953125000000e-01   2.4236896448594741e-01   2.4236896448591411e-01   3.3306690738754696e-14
   6.7724609375000000e-01   1.7579419829169214e+00   1.7579419829169556e+00   3.4194869158454821e-14
   6.7822265625000000e-01  -3.0096703058317855e+00  -3.0096703058315897e+00   1.9584334154387761e-13
   6.7919921875000000e-01  -1.4940972874008132e+00  -1.4940972874007754e+00   3.7747582837255322e-14
   6.8017578125000000e-01   2.1475731030256611e-02   2.1475731030265940e-02   9.3293428538032686e-15
   6.8115234375000000e-01   1.5370487494613123e+00   1.5370487494613074e+00   4.8849813083506888e-15
   6.8212890625000000e-01   3.0526217678923393e+00   3.0526217678923486e+00   9.3258734068513149e-15
   6.8310546875000000e-01  -1.7149905208561913e+00  -1.7149905208561962e+00   4.8849813083506888e-15
   6.8408203125000000e-01  -1.9941750242512155e-01  -1.9941750242515485e-01   3.3306690738754696e-14
   6.8505859375000000e-01   1.3161555160058489e+00   1.3161555160058866e+00   3.7747582837255322e-14
   6.8603515625000000e-01   2.8317285344367340e+00   2.8317285344369281e+00   1.9406698470447736e-13
   6.8701171875000000e-01  -1.9358837543118821e+00  -1.9358837543118443e+00   3.7747582837255322e-14
   7.3486328125000000e-01  -3.0710295373471839e+00  -3.0710295373472167e+00   3.2862601528904634e-14
   7.3583984375000000e-01  -1.5554565189162093e+00  -1.5554565189161755e+00   3.3750779948604759e-14
   7.3681640625000000e-01  -3.9883500485139466e-02  -3.9883500485134060e-02   5.4053983511437309e-15
   7.3779296875000000e-01   1.4756895179459126e+00   1.4756895179459073e+00   5.3290705182007514e-15
   7.3876953125000000e-01   2.9912625363769432e+00   2.9912625363769489e+00   5.7731597280508140e-15
   7.3974609375000000e-01  -1.7763497523715910e+00  -1.7763497523715963e+00   5.3290705182007514e-15
   7.4072265625000000e-01  -2.6077673394052114e-01  -2.6077673394055484e-01   3.3695268797373501e-14
   7.4169921875000000e-01   1.2547962844904528e+00   1.2547962844904865e+00   3.3750779948604759e-14
   7.4267578125000000e-01   2.7703693029213325e+00   2.7703693029213006e+00   3.1974423109204508e-14
   7.4365234375000000e-01  -1.9972429858272818e+00  -1.9972429858272445e+00   3.7303493627405260e-14
   7.4462890625000000e-01  -4.8166996739620843e-01  -4.8166996739620305e-01   5.3845816694320092e-15
   7.4560546875000000e-01   1.0339030510348401e+00   1.0339030510348384e+00   1.7763568394002505e-15
   7.4658203125000000e-01   2.5494760694658742e+00   2.5494760694658800e+00   5.7731597280508140e-15
   7.4755859375000000e-01  -2.2181362192826635e+00  -2.2181362192826652e+00   1.7763568394002505e-15
   7.4853515625000000e-01  -7.0256320085159008e-01  -7.0256320085162383e-01   3.3750779948604759e-14
   7.4951171875000000e-01   8.1300981757938018e-01   8.1300981757941759e-01   3.7414515929867775e-14
   7.1923828125000000e-01  -2.1874566035250456e+00  -2.1874566035250789e+00   3.3306690738754696e-14
   7.2021484375000000e-01  -6.7188358509407142e-01  -6.7188358509403756e-01   3.3861802251067274e-14
   7.2119140625000000e-01   8.4368943333699842e-01   8.4368943333700397e-01   5.5511151231257827e-15
   7.2216796875000000e-01   2.3592624517680498e+00   2.3592624517680454e+00   4.4408920985006262e-15
   7.2314453125000000e-01  -2.4083498369805061e+00  -2.4083498369804999e+00   6.2172489379008766e-15
   7.2412109375000000e-01  -8.9277681854945412e-01  -8.9277681854945834e-01   4.2188474935755949e-15
   7.2509765625000000e-01   6.2279619988161761e-01   6.2279619988158308e-01   3.4527936065842368e-14
   7.2607421875000000e-01   2.1383692183125915e+00   2.1383692183126244e+00   3.2862601528904634e-14
   7.2705078125000000e-01  -2.6292430704361154e+00  -2.6292430704361478e+00   3.2418512319054571e-14
   7.2802734375000000e-01  -1.1136700520051377e+00  -1.1136700520051066e+00   3.1086244689504383e-14
   7.2900390625000000e-01   4.0190296642593204e-01   4.0190296642593493e-01   2.8865798640254070e-15
   7.2998046875000000e-01   1.9174759848569807e+00   1.9174759848569765e+00   4.2188474935755949e-15
   7.3095703125000000e-01  -2.8501363038915786e+00  -2.8501363038915688e+00   9.7699626167013776e-15
   7.3193359375000000e-01  -1.3345632854605229e+00  -1.3345632854605274e+00   4.4408920985006262e-15
   7.3291015625000000e-01   1.8100973297054682e-01   1.8100973297051412e-01   3.2696068075210860e-14
   7.3388671875000000e-01   1.6965827514015244e+00   1.6965827514015555e+00   3.1086244689504383e-14
   7.0361328125000000e-01  -1.3038836697029075e+00  -1.3038836697029410e+00   3.3528735343679728e-14
   7.0458984375000000e-01   2.1168934872806641e-01   2.1168934872810044e-01   3.4028335704761048e-14
   7.0556640625000000e-01   1.7272623671591363e+00   1.7272623671591418e+00   5.5511151231257827e-15
   7.0654296875000000e-01  -3.0403499215893981e+00  -3.0403499215894034e+00   5.3290705182007514e-15
   7.0751953125000000e-01  -1.5247769031583673e+00  -1.5247769031583618e+00   5.5511151231257827e-15
   7.0849609375000000e-01  -9.2038847273153042e-03  -9.2038847273203748e-03   5.0705967202802071e-15
   7.0947265625000000e-01   1.5063691337037546e+00   1.5063691337037211e+00   3.3528735343679728e-14
   7.1044921875000000e-01   3.0219421521347285e+00   3.0219421521345349e+00   1.9362289549462730e-13
   7.1142578125000000e-01  -1.7456701366139746e+00  -1.7456701366140099e+00   3.5305092183079978e-14
   7.1240234375000000e-01  -2.3009711818300432e-01  -2.3009711818296855e-01   3.5776936968545670e-14
   7.1337890625000000e-01   1.2854759002480656e+00   1.2854759002480729e+00   7.3274719625260332e-15
   7.1435546875000000e-01   2.8010489186791210e+00   2.8010489186791143e+00   6.6613381477509392e-15
   7.1533203125000000e-01  -1.9665633700694380e+00  -1.9665633700694307e+00   7.3274719625260332e-15
   7.1630859375000000e-01  -4.5099035163838253e-01  -4.5099035163838935e-01   6.8278716014447127e-15
   7.1728515625000000e-01   1.0645826667926874e+00   1.0645826667926521e+00   3.5305092183079978e-14
   7.1826171875000000e-01   2.5801556852236578e+00   2.5801556852234659e+00   1.9184653865522705e-13
   6.8798828125000000e-01  -4.2031073588080869e-01  -4.2031073588080303e-01   5.6621374255882984e-15
   6.8896484375000000e-01   1.0952622825502434e+00   1.0952622825502385e+00   4.8849813083506888e-15
   6.8994140625000000e-01   2.6108353009812784e+00   2.6108353009812797e+00   1.3322676295501878e-15
   6.9091796875000000e-01  -2.1567769877672665e+00  -2.1567769877672651e+00   1.3322676295501878e-15
   6.9189453125000000e-01  -6.4120396933623036e-01  -6.4120396933622381e-01   6.5503158452884236e-15
   6.9287109375000000e-01   8.7436904909482172e-01   8.7436904909481761e-01   4.1078251911130792e-15
   6.9384765625000000e-01   2.3899420675258916e+00   2.3899420675258591e+00   3.2418512319054571e-14
   6.9482421875000000e-01  -2.3776702212227230e+00  -2.3776702212229135e+00   1.9051427102567686e-13
   6.9580078125000000e-01  -8.6209720279184132e-01  -8.6209720279187196e-01   3.0642155479654321e-14
   6.9677734375000000e-01   6.5347581563913615e-01   6.5347581563916946e-01   3.3306690738754696e-14
   6.9775390625000000e-01   2.1690488340702023e+00   2.1690488340702108e+00   8.4376949871511897e-15
   6.9873046875000000e-01  -2.5985634546783283e+00  -2.5985634546783341e+00   5.7731597280508140e-15
   6.9970703125000000e-01  -1.0829904362473011e+00  -1.0829904362472929e+00   8.2156503822261584e-15
   7.0068359375000000e-01   4.3258258218375445e-01   4.3258258218374862e-01   5.8286708792820718e-15
   7.0166015625000000e-01   1.9481556006148208e+00   1.9481556006147900e+00   3.0864200084579352e-14
   7.0263671875000000e-01  -2.8194566881337884e+00  -2.8194566881339824e+00   1.9406698470447736e-13
   9.6923828125000000e-01   2.5249323768596952e+00   2.5249323768597005e+00   5.3290705182007514e-15
   9.7021484375000000e-01  -2.2426799118888394e+00  -2.2426799118888443e+00   4.8849813083506888e-15
   9.7119140625000000e-01  -7.2710689345776935e-01  -7.2710689345780299e-01   3.3639757646142243e-14
   9.7216796875000000e-01   7.8846612497320456e-01   7.8846612497323842e-01   3.3861802251067274e-14
   9.7314453125000000e-01   2.3040391434040859e+00   2.3040391434040526e+00   3.3306690738754696e-14
   9.7412109375000000e-01  -2.4635731453445264e+00  -2.4635731453444927e+00   3.3750779948604759e-14
   9.7509765625000000e-01  -9.4800012691345670e-01  -9.4800012691345126e-01   5.4400928206632670e-15
   9.7607421875000000e-01   5.6757289151759549e-01   5.6757289151759027e-01   5.2180482157382357e-15
   9.7705078125000000e-01   2.0831459099486263e+00   2.0831459099486316e+00   5.3290705182007514e-15
   9.7802734375000000e-01  -2.6844663787999083e+00  -2.6844663787999132e+00   4.8849813083506888e-15
   9.7900390625000000e-01  -1.1688933603688383e+00  -1.1688933603688720e+00   3.3750779948604759e-14
   9.7998046875000000e-01   3.4667965806213202e-01   3.4667965806216938e-01   3.7359004778636518e-14
   9.8095703125000000e-01   1.8622526764930172e+00   1.8622526764929834e+00   3.3750779948604759e-14
   9.8193359375000000e-01  -2.9053596122555989e+00  -2.9053596122555616e+00   3.7303493627405260e-14
   9.8291015625000000e-01  -1.3897865938245255e+00  -1.3897865938245202e+00   5.3290705182007514e-15
   9.8388671875000000e-01   1.2578642460652292e-01   1.2578642460652123e-01   1.6930901125533637e-15
   9.8486328125000000e-01   1.6413594430375562e+00   1.6413594430375626e+00   6.4392935428259079e-15
   9.8583984375000000e-01  -3.1262528457109782e+00  -3.1262528457109826e+00   4.4408920985006262e-15
   9.8681640625000000e-01  -1.6106798272799083e+00  -1.6106798272799410e+00   3.2640556923979602e-14
   9.8779296875000000e-01  -9.5106808848934452e-02  -9.5106808848899577e-02   3.4874880761037730e-14
   9.8876953125000000e-01   1.4204662095819471e+00   1.4204662095819145e+00   3.2640556923979602e-14
   9.8974609375000000e-01   2.9360392280129211e+00   2.9360392280129557e+00   3.4638958368304884e-14
   9.9072265625000000e-01  -1.8315730607355938e+00  -1.8315730607355891e+00   4.6629367034256575e-15
   9.9169921875000000e-01  -3.1600004230454531e-01  -3.1600004230454781e-01   2.4980018054066022e-15
   9.9267578125000000e-01   1.1995729761264891e+00   1.1995729761264937e+00   4.6629367034256575e-15
   9.9365234375000000e-01   2.7151459945575374e+00   2.7151459945575351e+00   2.2204460492503131e-15
   9.9462890625000000e-01  -2.0524662941909755e+00  -2.0524662941910101e+00   3.4638958368304884e-14
   9.9560546875000000e-01  -5.3689327576000512e-01  -5.3689327575996859e-01   3.6526337510167650e-14
   9.9658203125000000e-01   9.7867974267087987e-01   9.7867974267084556e-01   3.4305891460917337e-14
   9.9755859375000000e-01   2.4942527611018503e+00   2.4942527611018868e+00   3.6415315207705135e-14
   9.9853515625000000e-01  -2.2733595276466771e+00  -2.2733595276466581e+00   1.9095836023552692e-14
   9.9951171875000000e-01  -7.5778650921560009e-01  -7.5778650921561674e-01   1.6653345369377348e-14
   9.3798828125000000e-01  -1.9911070626756155e+00  -1.9911070626756100e+00   5.5511151231257827e-15
   9.3896484375000000e-01  -4.7553404424456347e-01  -4.7553404424456858e-01   5.1070259132757201e-15
   9.3994140625000000e-01   1.0400389741865064e+00   1.0400389741864728e+00   3.3528735343679728e-14
   9.4091796875000000e-01   2.5556119926174801e+00   2.5556119926172869e+00   1.9317880628477724e-13
   9.4189453125000000e-01  -2.2120002961312246e+00  -2.2120002961312584e+00   3.3750779948604759e-14
   9.4287109375000000e-01  -6.9642727770025070e-01  -6.9642727770021673e-01   3.3972824553529790e-14
   9.4384765625000000e-01   8.1914574073081914e-01   8.1914574073082469e-01   5.5511151231257827e-15
   9.4482421875000000e-01   2.3347187591618712e+00   2.3347187591618663e+00   4.8849813083506888e-15
   9.4580078125000000e-01  -2.4328935295866865e+00  -2.4328935295866789e+00   7.5495165674510645e-15
   9.4677734375000000e-01  -9.1732051115563074e-01  -9.1732051115563751e-01   6.7723604502134549e-15
   9.4775390625000000e-01   5.9825250727543922e-01   5.9825250727540391e-01   3.5305092183079978e-14
   9.4873046875000000e-01   2.1138255257064094e+00   2.1138255257062180e+00   1.9140244944537699e-13
   9.4970703125000000e-01  -2.6537867630422918e+00  -2.6537867630423273e+00   3.5527136788005009e-14
   9.5068359375000000e-01  -1.1382137446113214e+00  -1.1382137446112857e+00   3.5749181392930041e-14
   9.5166015625000000e-01   3.7735927381974838e-01   3.7735927381975570e-01   7.3274719625260332e-15
   9.5263671875000000e-01   1.8929322922508038e+00   1.8929322922507972e+00   6.6613381477509392e-15
   9.5361328125000000e-01  -2.8746799964977536e+00  -2.8746799964977479e+00   5.7731597280508140e-15
   9.5458984375000000e-01  -1.3591069780667013e+00  -1.3591069780667064e+00   5.1070259132757201e-15
   9.5556640625000000e-01   1.5646604036436848e-01   1.5646604036433490e-01   3.3584246494910985e-14
   9.5654296875000000e-01   1.6720390587953424e+00   1.6720390587951490e+00   1.9340085088970227e-13
   9.5751953125000000e-01  -3.0955732299533634e+00  -3.0955732299533962e+00   3.2862601528904634e-14
   9.5849609375000000e-01  -1.5800002115223895e+00  -1.5800002115223546e+00   3.4861002973229915e-14
   9.5947265625000000e-01  -6.4427193091319654e-02  -6.4427193091313256e-02   6.3976601794024646e-15
   9.6044921875000000e-01   1.4511458253397325e+00   1.4511458253397282e+00   4.2188474935755949e-15
   9.6142578125000000e-01   2.9667188437707650e+00   2.9667188437707694e+00   4.4408920985006262e-15
   9.6240234375000000e-01  -1.8008934449777676e+00  -1.8008934449777756e+00   7.9936057773011271e-15
   9.6337890625000000e-01  -2.8532042654670137e-01  -2.8532042654673406e-01   3.2696068075210860e-14
   9.6435546875000000e-01   1.2302525918842762e+00   1.2302525918840801e+00   1.9606538614880265e-13
   9.6533203125000000e-01   2.7458256103151539e+00   2.7458256103151215e+00   3.2418512319054571e-14
   9.6630859375000000e-01  -2.0217866784334548e+00  -2.0217866784334237e+00   3.1086244689504383e-14
   9.6728515625000000e-01  -5.0621366000238865e-01  -5.0621366000238222e-01   6.4392935428259079e-15
   9.6826171875000000e-01   1.0093593584286671e+00   1.0093593584286591e+00   7.9936057773011271e-15
   9.0673828125000000e-01  -2.2396119503130077e-01  -2.2396119503133408e-01   3.3306690738754696e-14
   9.0771484375000000e-01   1.2916118233996732e+00   1.2916118233997074e+00   3.4194869158454821e-14
   9.0869140625000000e-01   2.8071848418305545e+00   2.8071848418307486e+00   1.9406698470447736e-13
   9.0966796875000000e-01  -1.9604274469180578e+00  -1.9604274469180236e+00   3.4194869158454821e-14
   9.1064453125000000e-01  -4.4485442848698803e-01  -4.4485442848698220e-01   5.8286708792820718e-15
   9.1162109375000000e-01   1.0707185899440641e+00   1.0707185899440592e+00   4.8849813083506888e-15
   9.1259765625000000e-01   2.5862916083750949e+00   2.5862916083751006e+00   5.7731597280508140e-15
   9.1357421875000000e-01  -2.1813206803734397e+00  -2.1813206803734446e+00   4.8849813083506888e-15
   9.1455078125000000e-01  -6.6574766194236967e-01  -6.6574766194240309e-01   3.3417713041217212e-14
   9.1552734375000000e-01   8.4982535648860069e-01   8.4982535648863844e-01   3.7747582837255322e-14
   9.1650390625000000e-01   2.3653983749194856e+00   2.3653983749196796e+00   1.9406698470447736e-13
   9.1748046875000000e-01  -2.4022139138291303e+00  -2.4022139138290926e+00   3.7747582837255322e-14
   9.1845703125000000e-01  -8.8664089539806057e-01  -8.8664089539805124e-01   9.3258734068513149e-15
   9.1943359375000000e-01   6.2893212303299517e-01   6.2893212303299018e-01   4.9960036108132044e-15
   9.2041015625000000e-01   2.1445051414640224e+00   2.1445051414640317e+00   9.3258734068513149e-15
   9.2138671875000000e-01  -2.6231071472845087e+00  -2.6231071472845136e+00   4.8849813083506888e-15
   9.2236328125000000e-01  -1.1075341288534386e+00  -1.1075341288534721e+00   3.3528735343679728e-14
   9.2333984375000000e-01   4.0803888957753531e-01   4.0803888957756940e-01   3.4083846855992306e-14
   9.2431640625000000e-01   1.9236119080084160e+00   1.9236119080086109e+00   1.9495516312417749e-13
   9.2529296875000000e-01  -2.8440003807401966e+00  -2.8440003807401615e+00   3.5083047578154947e-14
   9.2626953125000000e-01  -1.3284273623091267e+00  -1.3284273623091203e+00   6.4392935428259079e-15
   9.2724609375000000e-01   1.8714565612192530e-01   1.8714565612192122e-01   4.0800696154974503e-15
   9.2822265625000000e-01   1.7027186745529561e+00   1.7027186745529626e+00   6.4392935428259079e-15
   9.2919921875000000e-01  -3.0648936141955785e+00  -3.0648936141955825e+00   3.9968028886505635e-15
   9.3017578125000000e-01  -1.5493205957645102e+00  -1.5493205957645411e+00   3.0864200084579352e-14
   9.3115234375000000e-01  -3.3747577333532799e-02  -3.3747577333499576e-02   3.3223424011907809e-14
   9.3212890625000000e-01   1.4818254410973453e+00   1.4818254410975418e+00   1.9650947535865271e-13
   9.3310546875000000e-01   2.9973984595283225e+00   2.9973984595283558e+00   3.3306690738754696e-14
   9.3408203125000000e-01  -1.7702138292201974e+00  -1.7702138292201892e+00   8.2156503822261584e-15
   9.3505859375000000e-01  -2.5464081078914191e-01  -2.5464081078914774e-01   5.8286708792820718e-15
   9.3603515625000000e-01   1.2609322076418925e+00   1.2609322076418936e+00   1.1102230246251565e-15
   9.3701171875000000e-01   2.7765052260729339e+00   2.7765052260729353e+00   1.3322676295501878e-15
   8.7548828125000000e-01   1.5431846726129750e+00   1.5431846726129419e+00   3.3084646133829665e-14
   8.7646484375000000e-01   3.0587576910439487e+00   3.0587576910439833e+00   3.4638958368304884e-14
   8.7744140625000000e-01  -1.7088545977047560e+00  -1.7088545977047891e+00   3.3084646133829665e-14
   8.7841796875000000e-01  -1.9328157927378217e-01  -1.9328157927374776e-01   3.4416913763379853e-14
   8.7939453125000000e-01   1.3222914391572878e+00   1.3222914391572937e+00   5.9952043329758453e-15
   8.8037109375000000e-01   2.8378644575883398e+00   2.8378644575883349e+00   4.8849813083506888e-15
   8.8134765625000000e-01  -1.9297478311602141e+00  -1.9297478311602099e+00   4.2188474935755949e-15
   8.8232421875000000e-01  -4.1417481272916562e-01  -4.1417481272916856e-01   2.9420910152566648e-15
   8.8330078125000000e-01   1.1013982057019078e+00   1.1013982057018730e+00   3.4861002973229915e-14
   8.8427734375000000e-01   2.6169712241328780e+00   2.6169712241329144e+00   3.6415315207705135e-14
   8.8525390625000000e-01  -2.1506410646158232e+00  -2.1506410646158582e+00   3.5083047578154947e-14
   8.8623046875000000e-01  -6.3506804618485291e-01  -6.3506804618481671e-01   3.6193270602780103e-14
   8.8720703125000000e-01   8.8050497224622060e-01   8.8050497224622470e-01   4.1078251911130792e-15
   8.8818359375000000e-01   2.3960779906772691e+00   2.3960779906772660e+00   3.1086244689504383e-15
   8.8916015625000000e-01  -2.3715342980712832e+00  -2.3715342980712788e+00   4.4408920985006262e-15
   8.9013671875000000e-01  -8.5596127964023461e-01  -8.5596127964023749e-01   2.8865798640254070e-15
   8.9111328125000000e-01   6.5961173879083723e-01   6.5961173879080381e-01   3.3417713041217212e-14
   8.9208984375000000e-01   2.1751847572218117e+00   2.1751847572218455e+00   3.3750779948604759e-14
   8.9306640625000000e-01  -2.5924275315268930e+00  -2.5924275315269272e+00   3.4194869158454821e-14
   8.9404296875000000e-01  -1.0768545130959191e+00  -1.0768545130958858e+00   3.3306690738754696e-14
   8.9501953125000000e-01   4.3871850533515078e-01   4.3871850533515572e-01   4.9404924595819466e-15
   8.9599609375000000e-01   1.9542915237662029e+00   1.9542915237661971e+00   5.7731597280508140e-15
   8.9697265625000000e-01  -2.8133207649823548e+00  -2.8133207649823477e+00   7.1054273576010019e-15
   8.9794921875000000e-01  -1.2977477465512990e+00  -1.2977477465513065e+00   7.5495165674510645e-15
   8.9892578125000000e-01   2.1782527187976725e-01   2.1782527187973491e-01   3.2335245592207684e-14
   8.9990234375000000e-01   1.7333982903107448e+00   1.7333982903107763e+00   3.1530333899354446e-14
   9.0087890625000000e-01  -3.0342139984379601e+00  -3.0342139984379961e+00   3.5971225997855072e-14
   9.0185546875000000e-01  -1.5186409800069898e+00  -1.5186409800069547e+00   3.5083047578154947e-14
   9.0283203125000000e-01  -3.0679615759164696e-03  -3.0679615759132656e-03   3.2040342601291627e-15
   9.0380859375000000e-01   1.5125050568551321e+00   1.5125050568551281e+00   3.9968028886505635e-15
   9.0478515625000000e-01   3.0280780752861594e+00   3.0280780752861696e+00   1.0214051826551440e-14
   9.0576171875000000e-01  -1.7395342134623715e+00  -1.7395342134623755e+00   3.9968028886505635e-15
   8.4423828125000000e-01  -2.9728547669223357e+00  -2.9728547669223686e+00   3.2862601528904634e-14
   8.4521484375000000e-01  -1.4572817484913616e+00  -1.4572817484913274e+00   3.4194869158454821e-14
   8.4619140625000000e-01   5.8291269939519920e-02   5.8291269939486738e-02   3.3181790648484366e-14
   8.4716796875000000e-01   1.5738642883704939e+00   1.5738642883705281e+00   3.4194869158454821e-14
   8.4814453125000000e-01   3.0894373068015635e+00   3.0894373068015697e+00   6.2172489379008766e-15
   8.4912109375000000e-01  -1.6781749819469707e+00  -1.6781749819469756e+00   4.8849813083506888e-15
   8.5009765625000000e-01  -1.6260196351593997e-01  -1.6260196351593406e-01   5.9119376061289586e-15
   8.5107421875000000e-01   1.3529710549151122e+00   1.3529710549151073e+00   4.8849813083506888e-15
   8.5205078125000000e-01   2.8685440733461838e+00   2.8685440733461487e+00   3.5083047578154947e-14
   8.5302734375000000e-01  -1.8990682154024305e+00  -1.8990682154023963e+00   3.4194869158454821e-14
   8.5400390625000000e-01  -3.8349519697154905e-01  -3.8349519697158224e-01   3.3195668436292181e-14
   8.5498046875000000e-01   1.1320778214594214e+00   1.1320778214594591e+00   3.7747582837255322e-14
   8.5595703125000000e-01   2.6476508398904910e+00   2.6476508398905008e+00   9.7699626167013776e-15
   8.5693359375000000e-01  -2.1199614488580396e+00  -2.1199614488580445e+00   4.8849813083506888e-15
   8.5791015625000000e-01  -6.0438843042701240e-01  -6.0438843042700308e-01   9.3258734068513149e-15
   8.5888671875000000e-01   9.1118458800404301e-01   9.1118458800403845e-01   4.5519144009631418e-15
   8.5986328125000000e-01   2.4267576064351131e+00   2.4267576064350798e+00   3.3306690738754696e-14
   8.6083984375000000e-01  -2.3408546823134997e+00  -2.3408546823134651e+00   3.4638958368304884e-14
   8.6181640625000000e-01  -8.2528166388261792e-01  -8.2528166388265123e-01   3.3306690738754696e-14
   8.6279296875000000e-01   6.9029135454835588e-01   6.9029135454839019e-01   3.4305891460917337e-14
   8.6376953125000000e-01   2.2058643729794265e+00   2.2058643729794318e+00   5.3290705182007514e-15
   8.6474609375000000e-01  -2.5617479157691077e+00  -2.5617479157691134e+00   5.7731597280508140e-15
   8.6572265625000000e-01  -1.0461748973380787e+00  -1.0461748973380720e+00   6.6613381477509392e-15
   8.6669921875000000e-01   4.6939812109297335e-01   4.6939812109296941e-01   3.9412917374193057e-15
   8.6767578125000000e-01   1.9849711395240432e+00   1.9849711395240108e+00   3.2418512319054571e-14
   8.6865234375000000e-01  -2.7826411492245677e+00  -2.7826411492245344e+00   3.3306690738754696e-14
   8.6962890625000000e-01  -1.2670681307936895e+00  -1.2670681307937202e+00   3.0642155479654321e-14
   8.7060546875000000e-01   2.4850488763728787e-01   2.4850488763732123e-01   3.3362201889985954e-14
   8.7158203125000000e-01   1.7640779060683542e+00   1.7640779060683627e+00   8.4376949871511897e-15
   8.7255859375000000e-01  -3.0035343826801766e+00  -3.0035343826801824e+00   5.7731597280508140e-15
   8.7353515625000000e-01  -1.4879613642491494e+00  -1.4879613642491409e+00   8.4376949871511897e-15
   8.7451171875000000e-01   2.7611654181906163e-02   2.7611654181900421e-02   5.7419347054832315e-15
   8.1298828125000000e-01  -1.2057088992780589e+00  -1.2057088992780929e+00   3.3972824553529790e-14
   8.1396484375000000e-01   3.0986411915291501e-01   3.0986411915272122e-01   1.9378942894832107e-13
   8.1494140625000000e-01   1.8254371375837957e+00   1.8254371375837626e+00   3.3084646133829665e-14
   8.1591796875000000e-01  -2.9421751511648169e+00  -2.9421751511647822e+00   3.4638958368304884e-14
   8.1689453125000000e-01  -1.4266021327337470e+00  -1.4266021327337410e+00   5.9952043329758453e-15
   8.1787109375000000e-01   8.8970885697304991e-02   8.8970885697300425e-02   4.5657921887709563e-15
   8.1884765625000000e-01   1.6045439041283358e+00   1.6045439041283418e+00   5.9952043329758453e-15
   8.1982421875000000e-01   3.1201169225593879e+00   3.1201169225593834e+00   4.4408920985006262e-15
   8.2080078125000000e-01  -1.6474953661891270e+00  -1.6474953661891618e+00   3.4861002973229915e-14
   8.2177734375000000e-01  -1.3192234775815667e-01  -1.3192234775834777e-01   1.9109713811360507e-13
   8.2275390625000000e-01   1.3836506706727285e+00   1.3836506706726936e+00   3.4861002973229915e-14
   8.2373046875000000e-01   2.8992236891036987e+00   2.8992236891037351e+00   3.6415315207705135e-14
   8.2470703125000000e-01  -1.8683885996448142e+00  -1.8683885996448100e+00   4.2188474935755949e-15
   8.2568359375000000e-01  -3.5281558121376577e-01  -3.5281558121376855e-01   2.7755575615628914e-15
   8.2666015625000000e-01   1.1627574372172684e+00   1.1627574372172729e+00   4.4408920985006262e-15
   8.2763671875000000e-01   2.6783304556483172e+00   2.6783304556483141e+00   3.1086244689504383e-15
   8.2861328125000000e-01  -2.0892818331001979e+00  -2.0892818331002307e+00   3.2862601528904634e-14
   8.2958984375000000e-01  -5.7370881466922374e-01  -5.7370881466941670e-01   1.9295676167985221e-13
   8.3056640625000000e-01   9.4186420376165780e-01   9.4186420376162461e-01   3.3195668436292181e-14
   8.3154296875000000e-01   2.4574372221926311e+00   2.4574372221926661e+00   3.5083047578154947e-14
   8.3251953125000000e-01  -2.3101750665558840e+00  -2.3101750665558787e+00   5.3290705182007514e-15
   8.3349609375000000e-01  -7.9460204812483193e-01  -7.9460204812483748e-01   5.5511151231257827e-15
   8.3447265625000000e-01   7.2097097030619883e-01   7.2097097030620394e-01   5.1070259132757201e-15
   8.3544921875000000e-01   2.2365439887372509e+00   2.2365439887372451e+00   5.7731597280508140e-15
   8.3642578125000000e-01  -2.5310683000112641e+00  -2.5310683000112997e+00   3.5527136788005009e-14
   8.3740234375000000e-01  -1.0154952815802936e+00  -1.0154952815804856e+00   1.9206858326015208e-13
   8.3837890625000000e-01   5.0007773685059154e-01   5.0007773685055568e-01   3.5860203695392556e-14
   8.3935546875000000e-01   2.0156507552815617e+00   2.0156507552815972e+00   3.5527136788005009e-14
   8.4033203125000000e-01  -2.7519615334669547e+00  -2.7519615334669481e+00   6.6613381477509392e-15
   8.4130859375000000e-01  -1.2363885150358993e+00  -1.2363885150359064e+00   7.1054273576010019e-15
   8.4228515625000000e-01   2.7918450339512801e-01   2.7918450339513490e-01   6.8833827526759706e-15
   8.4326171875000000e-01   1.7947575218261838e+00   1.7947575218261764e+00   7.3274719625260332e-15
   7.8173828125000000e-01   5.6143696836598944e-01   5.6143696836618306e-01   1.9362289549462730e-13
   7.8271484375000000e-01   2.0770099867969622e+00   2.0770099867969973e+00   3.5083047578154947e-14
   7.8369140625000000e-01  -2.6906023019515541e+00  -2.6906023019515479e+00   6.2172489379008766e-15
   7.8466796875000000e-01  -1.1750292835205021e+00  -1.1750292835205065e+00   4.4408920985006262e-15
   7.8564453125000000e-01   3.4054373491052864e-01   3.4054373491053491e-01   6.2727600891321345e-15
   7.8662109375000000e-01   1.8561167533415808e+00   1.8561167533415763e+00   4.4408920985006262e-15
   7.8759765625000000e-01  -2.9114955354069343e+00  -2.9114955354069689e+00   3.4638958368304884e-14
   7.8857421875000000e-01  -1.3959225169759584e+00  -1.3959225169759273e+00   3.1086244689504383e-14
   7.8955078125000000e-01   1.1965050145492311e-01   1.1965050145511412e-01   1.9101387138675818e-13
   7.9052734375000000e-01   1.6352235198858935e+00   1.6352235198859282e+00   3.4638958368304884e-14
   7.9150390625000000e-01  -3.1323887688626231e+00  -3.1323887688626169e+00   6.2172489379008766e-15
   7.9248046875000000e-01  -1.6168157504315745e+00  -1.6168157504315754e+00   8.8817841970012523e-16
   7.9345703125000000e-01  -1.0124273200054033e-01  -1.0124273200053406e-01   6.2727600891321345e-15
   7.9443359375000000e-01   1.4143302864305083e+00   1.4143302864305074e+00   8.8817841970012523e-16
   7.9541015625000000e-01   2.9299033048615781e+00   2.9299033048615488e+00   2.9309887850104133e-14
   7.9638671875000000e-01  -1.8377089838870309e+00  -1.8377089838869962e+00   3.4638958368304884e-14
   7.9736328125000000e-01  -3.2213596545614931e-01  -3.2213596545595485e-01   1.9445556276309617e-13
   7.9833984375000000e-01   1.1934370529748246e+00   1.1934370529748592e+00   3.4638958368304884e-14
   7.9931640625000000e-01   2.7090100714058951e+00   2.7090100714059004e+00   5.3290705182007514e-15
   8.0029296875000000e-01  -2.0586022173426390e+00  -2.0586022173426444e+00   5.3290705182007514e-15
   8.0126953125000000e-01  -5.4302919891160828e-01  -5.4302919891160306e-01   5.2180482157382357e-15
   8.0224609375000000e-01   9.7254381951944380e-01   9.7254381951943836e-01   5.4400928206632670e-15
   8.0322265625000000e-01   2.4881168379505136e+00   2.4881168379504799e+00   3.3750779948604759e-14
   8.0419921875000000e-01  -2.2794954507980991e+00  -2.2794954507980654e+00   3.3750779948604759e-14
   8.0517578125000000e-01  -7.6392243236721746e-01  -7.6392243236702373e-01   1.9373391779708982e-13
   8.0615234375000000e-01   7.5165058606375301e-01   7.5165058606379020e-01   3.7192471324942744e-14
   8.0712890625000000e-01   2.2672236044948226e+00   2.2672236044948315e+00   8.8817841970012523e-15
   8.0810546875000000e-01  -2.5003886842537080e+00  -2.5003886842537133e+00   5.3290705182007514e-15
   8.0908203125000000e-01  -9.8481566582267366e-01  -9.8481566582267199e-01   1.6653345369377348e-15
   8.1005859375000000e-01   5.3075735260836765e-01   5.3075735260836943e-01   1.7763568394002505e-15
   8.1103515625000000e-01   2.0463303710394021e+00   2.0463303710394110e+00   8.8817841970012523e-15
   8.1201171875000000e-01  -2.7212819177091290e+00  -2.7212819177091343e+00   5.3290705182007514e-15
   7.5048828125000000e-01   2.3285828360102654e+00   2.3285828360102316e+00   3.3750779948604759e-14
   7.5146484375000000e-01  -2.4390294527383474e+00  -2.4390294527383132e+00   3.4194869158454821e-14
   7.5244140625000000e-01  -9.2345643430727731e-01  -9.2345643430727198e-01   5.3290705182007514e-15
   7.5341796875000000e-01   5.9211658412377477e-01   5.9211658412376944e-01   5.3290705182007514e-15
   7.5439453125000000e-01   2.1076896025548049e+00   2.1076896025548106e+00   5.7731597280508140e-15
   7.5537109375000000e-01  -2.6599226861937297e+00  -2.6599226861937342e+00   4.4408920985006262e-15
   7.5634765625000000e-01  -1.1443496677626599e+00  -1.1443496677626928e+00   3.2862601528904634e-14
   7.5732421875000000e-01   3.7122335066831397e-01   3.7122335066834861e-01   3.4638958368304884e-14
   7.5830078125000000e-01   1.8867963690991956e+00   1.8867963690991627e+00   3.2862601528904634e-14
   7.5927734375000000e-01  -2.8808159196494172e+00  -2.8808159196493826e+00   3.4638958368304884e-14
   7.6025390625000000e-01  -1.3652429012183489e+00  -1.3652429012183409e+00   7.9936057773011271e-15
   7.6123046875000000e-01   1.5033011721270664e-01   1.5033011721270040e-01   6.2450045135165055e-15
   7.6220703125000000e-01   1.6659031356437339e+00   1.6659031356437419e+00   7.9936057773011271e-15
   7.6318359375000000e-01  -3.1017091531047969e+00  -3.1017091531048031e+00   6.2172489379008766e-15
   7.6416015625000000e-01  -1.5861361346737306e+00  -1.5861361346737617e+00   3.1086244689504383e-14
   7.6513671875000000e-01  -7.0563116242753215e-02  -7.0563116242720381e-02   3.2834845953289005e-14
   7.6611328125000000e-01   1.4450099021881273e+00   1.4450099021880938e+00   3.3528735343679728e-14
   7.6708984375000000e-01   2.9605829206191010e+00   2.9605829206191352e+00   3.4194869158454821e-14
   7.6806640625000000e-01  -1.8070293681294154e+00  -1.8070293681294101e+00   5.3290705182007514e-15
   7.6904296875000000e-01  -2.9145634969836337e-01  -2.9145634969836853e-01   5.1625370645069779e-15
   7.7001953125000000e-01   1.2241166687326674e+00   1.2241166687326730e+00   5.5511151231257827e-15
   7.7099609375000000e-01   2.7396896871637195e+00   2.7396896871637142e+00   5.3290705182007514e-15
   7.7197265625000000e-01  -2.0279226015847991e+00  -2.0279226015848306e+00   3.1530333899354446e-14
   7.7294921875000000e-01  -5.1234958315382151e-01  -5.1234958315378931e-01   3.2196467714129540e-14
   7.7392578125000000e-01   1.0032234352770566e+00   1.0032234352770248e+00   3.1752378504279477e-14
   7.7490234375000000e-01   2.5187964537080338e+00   2.5187964537080663e+00   3.2418512319054571e-14
   7.7587890625000000e-01  -2.2488158350404861e+00  -2.2488158350404790e+00   7.1054273576010019e-15
   7.7685546875000000e-01  -7.3324281660943058e-01  -7.3324281660943758e-01   6.9944050551384862e-15
   7.7783203125000000e-01   7.8233020182160018e-01   7.8233020182160384e-01   3.6637359812630166e-15
   7.7880859375000000e-01   2.2979032202526488e+00   2.2979032202526453e+00   3.5527136788005009e-15
   7.7978515625000000e-01  -2.4697090684958645e+00  -2.4697090684958996e+00   3.5083047578154947e-14
   7.8076171875000000e-01  -9.5413605006489399e-01  -9.5413605006485835e-01   3.5638159090467525e-14
