# dt         : calculate time-step
# Flu_Adv    : evolve fluid variables
# Gra_Adv    : calculate gravitational potential and acceleration
# Src_Adv    : Source terms
# Che_Adv    : Grackle cooling and chemistry library
# SF         : Star formation
# FB_Adv     : Feedback
# FixUp      : use fine-grid data to correct coarse-grid data
# Flag       : check refinement criteria
# Refine     : allocate/remove patches on a higher level
# Buf_Rho    : MPI for exchanging density for the Poisson solver
# Buf_Pot    : MPI for exchanging potential
# Buf_Flu1   : MPI for exchanging fluid data after advance
# Buf_Flu2   : MPI for exchanging fluid data after fix-up
# Buf_Ref    : MPI for exchanging fluid data and potential after grid refinement
# Buf_Flux   : MPI for exchanging fluxes across coarse-fine boundaries
# Buf_Res    : MPI for exchanging restricted fluid data in the father buffer patches (LOAD_BALANCE only)
# Buf_Che    : MPI for exchanging fluid data after calling Grackle
# Par_KD     : kick-drift for particles
# Par_K      : last kick for particles staying at the same level
# Par_K-1    : last kick for particles entering coarser grids
# Par_2Sib   : pass particles to sibling patches after drift
# -MPI_Sib   : MPI for exchanging particles staying at the same level after drift (included in Par_2Sib)
# -MPI_FaSib : MPI for exchanging particles entering coarser grids after drift (included in Par_2Sib)
# Par_2Son   : pass particles to son patches after the last kick
# -MPI       : MPI for exchanging particles after the last kick (included in Par_2Son)
# Par_Coll   : collect particles from finer grids for the Poisson solver
# -MPI_Real  : MPI for collecting particles from leaf patches in other ranks (included in Par_Coll)
# -MPI_Sib   : MPI for collecting particles to sibling buffer patches (included in Par_Coll)
# -MPI_FaSib : MPI for collecting particles to father-sibling buffer patches (included in Par_Coll)
#-----------------------------------------------------------------------------------------------------------------------------

Time : 0.0000000e+00 -> 1.0879732e-03,     Step :        0 ->        1

Main Loop
------------------------------------------------------------------------------------------------------------------------------
       Total    Integration       Output    Auxiliary    LoadBalance       CorrSync          libyt            Sum
      0.1328         0.0040       0.0409       0.0866         0.0013         0.0000         0.0000         0.1328


Integration Loop
------------------------------------------------------------------------------------------------------------------------------
     Lv   Total       dt Flu_Adv Gra_Adv Src_Adv Che_Adv      SF  FB_Adv   FixUp    Flag  Refine Buf_Rho Buf_Pot Buf_Flu1 Buf_Flu2 Buf_Ref Buf_Flux Buf_Res Buf_Che  Par_KD   Par_K Par_K-1 Par_2Sib -MPI_Sib -MPI_FaSib Par_2Son    -MPI Par_Coll -MPI_Real -MPI_Sib -MPI_FaSib     Sum
      0   0.004    0.001   0.002   0.000   0.000   0.000   0.000   0.000   0.000   0.000   0.000   0.000   0.000    0.001    0.000   0.000    0.000   0.000   0.000   0.000   0.000   0.000    0.000    0.000      0.000    0.000   0.000    0.000     0.000    0.000      0.000   0.004
      1   0.000    0.000   0.000   0.000   0.000   0.000   0.000   0.000   0.000   0.000   0.000   0.000   0.000    0.000    0.000   0.000    0.000   0.000   0.000   0.000   0.000   0.000    0.000    0.000      0.000    0.000   0.000    0.000     0.000    0.000      0.000   0.000
      2   0.000    0.000   0.000   0.000   0.000   0.000   0.000   0.000   0.000   0.000   0.000   0.000   0.000    0.000    0.000   0.000    0.000   0.000   0.000   0.000   0.000   0.000    0.000    0.000      0.000    0.000   0.000    0.000     0.000    0.000      0.000   0.000
      3   0.000    0.000   0.000   0.000   0.000   0.000   0.000   0.000   0.000   0.000   0.000   0.000   0.000    0.000    0.000   0.000    0.000   0.000   0.000   0.000   0.000   0.000    0.000    0.000      0.000    0.000   0.000    0.000     0.000    0.000      0.000   0.000
      4   0.000    0.000   0.000   0.000   0.000   0.000   0.000   0.000   0.000   0.000   0.000   0.000   0.000    0.000    0.000   0.000    0.000   0.000   0.000   0.000   0.000   0.000    0.000    0.000      0.000    0.000   0.000    0.000     0.000    0.000      0.000   0.000
      5   0.000    0.000   0.000   0.000   0.000   0.000   0.000   0.000   0.000   0.000   0.000   0.000   0.000    0.000    0.000   0.000    0.000   0.000   0.000   0.000   0.000   0.000    0.000    0.000      0.000    0.000   0.000    0.000     0.000    0.000      0.000   0.000
      6   0.000    0.000   0.000   0.000   0.000   0.000   0.000   0.000   0.000   0.000   0.000   0.000   0.000    0.000    0.000   0.000    0.000   0.000   0.000   0.000   0.000   0.000    0.000    0.000      0.000    0.000   0.000    0.000     0.000    0.000      0.000   0.000
      7   0.000    0.000   0.000   0.000   0.000   0.000   0.000   0.000   0.000   0.000   0.000   0.000   0.000    0.000    0.000   0.000    0.000   0.000   0.000   0.000   0.000   0.000    0.000    0.000      0.000    0.000   0.000    0.000     0.000    0.000      0.000   0.000
      8   0.000    0.000   0.000   0.000   0.000   0.000   0.000   0.000   0.000   0.000   0.000   0.000   0.000    0.000    0.000   0.000    0.000   0.000   0.000   0.000   0.000   0.000    0.000    0.000      0.000    0.000   0.000    0.000     0.000    0.000      0.000   0.000
      9   0.000    0.000   0.000   0.000   0.000   0.000   0.000   0.000   0.000   0.000   0.000   0.000   0.000    0.000    0.000   0.000    0.000   0.000   0.000   0.000   0.000   0.000    0.000    0.000      0.000    0.000   0.000    0.000     0.000    0.000      0.000   0.000
    Sum   0.004    0.001   0.002   0.000   0.000   0.000   0.000   0.000   0.000   0.000   0.000   0.000   0.000    0.001    0.000   0.000    0.000   0.000   0.000   0.000   0.000   0.000    0.000    0.000      0.000    0.000   0.000    0.000     0.000    0.000      0.000   0.004


Summary
------------------------------------------------------------------------------------------------------------------------------
                  dt  Flu_Adv  Gra_Adv  Src_Adv  Che_Adv       SF   FB_Adv    FixUp     Flag   Refine MPI_Grid   Output      Aux       LB CorrSync      Par -MPI_Par    libyt         Sum
    Time      0.0008   0.0016   0.0000   0.0000   0.0000   0.0000   0.0000   0.0000   0.0000   0.0000   0.0015   0.0409   0.0866   0.0013   0.0000   0.0000   0.0000   0.0000      0.1327
    Frac      0.630%   1.238%   0.000%   0.000%   0.000%   0.000%   0.000%   0.000%   0.000%   0.000%   1.110%  30.817%  65.248%   0.948%   0.000%   0.000%   0.000%   0.000%     99.991%

==============================================================================================================================
==============================================================================================================================



Time : 1.0879732e-03 -> 2.1759465e-03,     Step :        1 ->        2

Main Loop
------------------------------------------------------------------------------------------------------------------------------
       Total    Integration       Output    Auxiliary    LoadBalance       CorrSync          libyt            Sum
      0.1369         0.0049       0.0304       0.1006         0.0010         0.0000         0.0000         0.1369


Integration Loop
------------------------------------------------------------------------------------------------------------------------------
     Lv   Total       dt Flu_Adv Gra_Adv Src_Adv Che_Adv      SF  FB_Adv   FixUp    Flag  Refine Buf_Rho Buf_Pot Buf_Flu1 Buf_Flu2 Buf_Ref Buf_Flux Buf_Res Buf_Che  Par_KD   Par_K Par_K-1 Par_2Sib -MPI_Sib -MPI_FaSib Par_2Son    -MPI Par_Coll -MPI_Real -MPI_Sib -MPI_FaSib     Sum
      0   0.005    0.001   0.002   0.000   0.000   0.000   0.000   0.000   0.000   0.000   0.000   0.000   0.000    0.002    0.000   0.000    0.000   0.000   0.000   0.000   0.000   0.000    0.000    0.000      0.000    0.000   0.000    0.000     0.000    0.000      0.000   0.005
      1   0.000    0.000   0.000   0.000   0.000   0.000   0.000   0.000   0.000   0.000   0.000   0.000   0.000    0.000    0.000   0.000    0.000   0.000   0.000   0.000   0.000   0.000    0.000    0.000      0.000    0.000   0.000    0.000     0.000    0.000      0.000   0.000
      2   0.000    0.000   0.000   0.000   0.000   0.000   0.000   0.000   0.000   0.000   0.000   0.000   0.000    0.000    0.000   0.000    0.000   0.000   0.000   0.000   0.000   0.000    0.000    0.000      0.000    0.000   0.000    0.000     0.000    0.000      0.000   0.000
      3   0.000    0.000   0.000   0.000   0.000   0.000   0.000   0.000   0.000   0.000   0.000   0.000   0.000    0.000    0.000   0.000    0.000   0.000   0.000   0.000   0.000   0.000    0.000    0.000      0.000    0.000   0.000    0.000     0.000    0.000      0.000   0.000
      4   0.000    0.000   0.000   0.000   0.000   0.000   0.000   0.000   0.000   0.000   0.000   0.000   0.000    0.000    0.000   0.000    0.000   0.000   0.000   0.000   0.000   0.000    0.000    0.000      0.000    0.000   0.000    0.000     0.000    0.000      0.000   0.000
      5   0.000    0.000   0.000   0.000   0.000   0.000   0.000   0.000   0.000   0.000   0.000   0.000   0.000    0.000    0.000   0.000    0.000   0.000   0.000   0.000   0.000   0.000    0.000    0.000      0.000    0.000   0.000    0.000     0.000    0.000      0.000   0.000
      6   0.000    0.000   0.000   0.000   0.000   0.000   0.000   0.000   0.000   0.000   0.000   0.000   0.000    0.000    0.000   0.000    0.000   0.000   0.000   0.000   0.000   0.000    0.000    0.000      0.000    0.000   0.000    0.000     0.000    0.000      0.000   0.000
      7   0.000    0.000   0.000   0.000   0.000   0.000   0.000   0.000   0.000   0.000   0.000   0.000   0.000    0.000    0.000   0.000    0.000   0.000   0.000   0.000   0.000   0.000    0.000    0.000      0.000    0.000   0.000    0.000     0.000    0.000      0.000   0.000
      8   0.000    0.000   0.000   0.000   0.000   0.000   0.000   0.000   0.000   0.000   0.000   0.000   0.000    0.000    0.000   0.000    0.000   0.000   0.000   0.000   0.000   0.000    0.000    0.000      0.000    0.000   0.000    0.000     0.000    0.000      0.000   0.000
      9   0.000    0.000   0.000   0.000   0.000   0.000   0.000   0.000   0.000   0.000   0.000   0.000   0.000    0.000    0.000   0.000    0.000   0.000   0.000   0.000   0.000   0.000    0.000    0.000      0.000    0.000   0.000    0.000     0.000    0.000      0.000   0.000
    Sum   0.005    0.001   0.002   0.000   0.000   0.000   0.000   0.000   0.000   0.000   0.000   0.000   0.000    0.002    0.000   0.000    0.000   0.000   0.000   0.000   0.000   0.000    0.000    0.000      0.000    0.000   0.000    0.000     0.000    0.000      0.000   0.005


Summary
------------------------------------------------------------------------------------------------------------------------------
                  dt  Flu_Adv  Gra_Adv  Src_Adv  Che_Adv       SF   FB_Adv    FixUp     Flag   Refine MPI_Grid   Output      Aux       LB CorrSync      Par -MPI_Par    libyt         Sum
    Time      0.0008   0.0023   0.0000   0.0000   0.0000   0.0000   0.0000   0.0000   0.0000   0.0000   0.0018   0.0304   0.1006   0.0010   0.0000   0.0000   0.0000   0.0000      0.1369
    Frac      0.568%   1.665%   0.000%   0.000%   0.000%   0.000%   0.000%   0.000%   0.000%   0.000%   1.304%  22.233%  73.516%   0.703%   0.000%   0.000%   0.000%   0.000%     99.991%

==============================================================================================================================
==============================================================================================================================



Time : 2.1759465e-03 -> 3.2639197e-03,     Step :        2 ->        3

Main Loop
------------------------------------------------------------------------------------------------------------------------------
       Total    Integration       Output    Auxiliary    LoadBalance       CorrSync          libyt            Sum
      0.1776         0.0128       0.0576       0.1060         0.0011         0.0000         0.0000         0.1776


Integration Loop
------------------------------------------------------------------------------------------------------------------------------
     Lv   Total       dt Flu_Adv Gra_Adv Src_Adv Che_Adv      SF  FB_Adv   FixUp    Flag  Refine Buf_Rho Buf_Pot Buf_Flu1 Buf_Flu2 Buf_Ref Buf_Flux Buf_Res Buf_Che  Par_KD   Par_K Par_K-1 Par_2Sib -MPI_Sib -MPI_FaSib Par_2Son    -MPI Par_Coll -MPI_Real -MPI_Sib -MPI_FaSib     Sum
      0   0.013    0.001   0.010   0.000   0.000   0.000   0.000   0.000   0.000   0.000   0.000   0.000   0.000    0.002    0.000   0.000    0.000   0.000   0.000   0.000   0.000   0.000    0.000    0.000      0.000    0.000   0.000    0.000     0.000    0.000      0.000   0.013
      1   0.000    0.000   0.000   0.000   0.000   0.000   0.000   0.000   0.000   0.000   0.000   0.000   0.000    0.000    0.000   0.000    0.000   0.000   0.000   0.000   0.000   0.000    0.000    0.000      0.000    0.000   0.000    0.000     0.000    0.000      0.000   0.000
      2   0.000    0.000   0.000   0.000   0.000   0.000   0.000   0.000   0.000   0.000   0.000   0.000   0.000    0.000    0.000   0.000    0.000   0.000   0.000   0.000   0.000   0.000    0.000    0.000      0.000    0.000   0.000    0.000     0.000    0.000      0.000   0.000
      3   0.000    0.000   0.000   0.000   0.000   0.000   0.000   0.000   0.000   0.000   0.000   0.000   0.000    0.000    0.000   0.000    0.000   0.000   0.000   0.000   0.000   0.000    0.000    0.000      0.000    0.000   0.000    0.000     0.000    0.000      0.000   0.000
      4   0.000    0.000   0.000   0.000   0.000   0.000   0.000   0.000   0.000   0.000   0.000   0.000   0.000    0.000    0.000   0.000    0.000   0.000   0.000   0.000   0.000   0.000    0.000    0.000      0.000    0.000   0.000    0.000     0.000    0.000      0.000   0.000
      5   0.000    0.000   0.000   0.000   0.000   0.000   0.000   0.000   0.000   0.000   0.000   0.000   0.000    0.000    0.000   0.000    0.000   0.000   0.000   0.000   0.000   0.000    0.000    0.000      0.000    0.000   0.000    0.000     0.000    0.000      0.000   0.000
      6   0.000    0.000   0.000   0.000   0.000   0.000   0.000   0.000   0.000   0.000   0.000   0.000   0.000    0.000    0.000   0.000    0.000   0.000   0.000   0.000   0.000   0.000    0.000    0.000      0.000    0.000   0.000    0.000     0.000    0.000      0.000   0.000
      7   0.000    0.000   0.000   0.000   0.000   0.000   0.000   0.000   0.000   0.000   0.000   0.000   0.000    0.000    0.000   0.000    0.000   0.000   0.000   0.000   0.000   0.000    0.000    0.000      0.000    0.000   0.000    0.000     0.000    0.000      0.000   0.000
      8   0.000    0.000   0.000   0.000   0.000   0.000   0.000   0.000   0.000   0.000   0.000   0.000   0.000    0.000    0.000   0.000    0.000   0.000   0.000   0.000   0.000   0.000    0.000    0.000      0.000    0.000   0.000    0.000     0.000    0.000      0.000   0.000
      9   0.000    0.000   0.000   0.000   0.000   0.000   0.000   0.000   0.000   0.000   0.000   0.000   0.000    0.000    0.000   0.000    0.000   0.000   0.000   0.000   0.000   0.000    0.000    0.000      0.000    0.000   0.000    0.000     0.000    0.000      0.000   0.000
    Sum   0.013    0.001   0.010   0.000   0.000   0.000   0.000   0.000   0.000   0.000   0.000   0.000   0.000    0.002    0.000   0.000    0.000   0.000   0.000   0.000   0.000   0.000    0.000    0.000      0.000    0.000   0.000    0.000     0.000    0.000      0.000   0.013


Summary
------------------------------------------------------------------------------------------------------------------------------
                  dt  Flu_Adv  Gra_Adv  Src_Adv  Che_Adv       SF   FB_Adv    FixUp     Flag   Refine MPI_Grid   Output      Aux       LB CorrSync      Par -MPI_Par    libyt         Sum
    Time      0.0006   0.0103   0.0000   0.0000   0.0000   0.0000   0.0000   0.0000   0.0000   0.0000   0.0019   0.0576   0.1060   0.0011   0.0000   0.0000   0.0000   0.0000      0.1776
    Frac      0.366%   5.791%   0.000%   0.000%   0.000%   0.000%   0.000%   0.000%   0.000%   0.000%   1.057%  32.453%  59.705%   0.621%   0.000%   0.000%   0.000%   0.000%     99.993%

==============================================================================================================================
==============================================================================================================================



Time : 3.2639197e-03 -> 4.3518930e-03,     Step :        3 ->        4

Main Loop
------------------------------------------------------------------------------------------------------------------------------
       Total    Integration       Output    Auxiliary    LoadBalance       CorrSync          libyt            Sum
      0.1961         0.0130       0.0360       0.1461         0.0010         0.0000         0.0000         0.1961


Integration Loop
------------------------------------------------------------------------------------------------------------------------------
     Lv   Total       dt Flu_Adv Gra_Adv Src_Adv Che_Adv      SF  FB_Adv   FixUp    Flag  Refine Buf_Rho Buf_Pot Buf_Flu1 Buf_Flu2 Buf_Ref Buf_Flux Buf_Res Buf_Che  Par_KD   Par_K Par_K-1 Par_2Sib -MPI_Sib -MPI_FaSib Par_2Son    -MPI Par_Coll -MPI_Real -MPI_Sib -MPI_FaSib     Sum
      0   0.013    0.001   0.009   0.000   0.000   0.000   0.000   0.000   0.000   0.000   0.001   0.000   0.000    0.002    0.000   0.000    0.000   0.000   0.000   0.000   0.000   0.000    0.000    0.000      0.000    0.000   0.000    0.000     0.000    0.000      0.000   0.013
      1   0.000    0.000   0.000   0.000   0.000   0.000   0.000   0.000   0.000   0.000   0.000   0.000   0.000    0.000    0.000   0.000    0.000   0.000   0.000   0.000   0.000   0.000    0.000    0.000      0.000    0.000   0.000    0.000     0.000    0.000      0.000   0.000
      2   0.000    0.000   0.000   0.000   0.000   0.000   0.000   0.000   0.000   0.000   0.000   0.000   0.000    0.000    0.000   0.000    0.000   0.000   0.000   0.000   0.000   0.000    0.000    0.000      0.000    0.000   0.000    0.000     0.000    0.000      0.000   0.000
      3   0.000    0.000   0.000   0.000   0.000   0.000   0.000   0.000   0.000   0.000   0.000   0.000   0.000    0.000    0.000   0.000    0.000   0.000   0.000   0.000   0.000   0.000    0.000    0.000      0.000    0.000   0.000    0.000     0.000    0.000      0.000   0.000
      4   0.000    0.000   0.000   0.000   0.000   0.000   0.000   0.000   0.000   0.000   0.000   0.000   0.000    0.000    0.000   0.000    0.000   0.000   0.000   0.000   0.000   0.000    0.000    0.000      0.000    0.000   0.000    0.000     0.000    0.000      0.000   0.000
      5   0.000    0.000   0.000   0.000   0.000   0.000   0.000   0.000   0.000   0.000   0.000   0.000   0.000    0.000    0.000   0.000    0.000   0.000   0.000   0.000   0.000   0.000    0.000    0.000      0.000    0.000   0.000    0.000     0.000    0.000      0.000   0.000
      6   0.000    0.000   0.000   0.000   0.000   0.000   0.000   0.000   0.000   0.000   0.000   0.000   0.000    0.000    0.000   0.000    0.000   0.000   0.000   0.000   0.000   0.000    0.000    0.000      0.000    0.000   0.000    0.000     0.000    0.000      0.000   0.000
      7   0.000    0.000   0.000   0.000   0.000   0.000   0.000   0.000   0.000   0.000   0.000   0.000   0.000    0.000    0.000   0.000    0.000   0.000   0.000   0.000   0.000   0.000    0.000    0.000      0.000    0.000   0.000    0.000     0.000    0.000      0.000   0.000
      8   0.000    0.000   0.000   0.000   0.000   0.000   0.000   0.000   0.000   0.000   0.000   0.000   0.000    0.000    0.000   0.000    0.000   0.000   0.000   0.000   0.000   0.000    0.000    0.000      0.000    0.000   0.000    0.000     0.000    0.000      0.000   0.000
      9   0.000    0.000   0.000   0.000   0.000   0.000   0.000   0.000   0.000   0.000   0.000   0.000   0.000    0.000    0.000   0.000    0.000   0.000   0.000   0.000   0.000   0.000    0.000    0.000      0.000    0.000   0.000    0.000     0.000    0.000      0.000   0.000
    Sum   0.013    0.001   0.009   0.000   0.000   0.000   0.000   0.000   0.000   0.000   0.001   0.000   0.000    0.002    0.000   0.000    0.000   0.000   0.000   0.000   0.000   0.000    0.000    0.000      0.000    0.000   0.000    0.000     0.000    0.000      0.000   0.013


Summary
------------------------------------------------------------------------------------------------------------------------------
                  dt  Flu_Adv  Gra_Adv  Src_Adv  Che_Adv       SF   FB_Adv    FixUp     Flag   Refine MPI_Grid   Output      Aux       LB CorrSync      Par -MPI_Par    libyt         Sum
    Time      0.0007   0.0090   0.0000   0.0000   0.0000   0.0000   0.0000   0.0000   0.0003   0.0011   0.0020   0.0360   0.1461   0.0010   0.0000   0.0000   0.0000   0.0000      0.1961
    Frac      0.350%   4.570%   0.000%   0.000%   0.000%   0.000%   0.000%   0.000%   0.141%   0.547%   0.997%  18.345%  74.505%   0.534%   0.000%   0.000%   0.000%   0.000%     99.990%

==============================================================================================================================
==============================================================================================================================



Time : 4.3518930e-03 -> 5.4398662e-03,     Step :        4 ->        5

Main Loop
------------------------------------------------------------------------------------------------------------------------------
       Total    Integration       Output    Auxiliary    LoadBalance       CorrSync          libyt            Sum
      0.1423         0.0119       0.0424       0.0867         0.0012         0.0000         0.0000         0.1423


Integration Loop
------------------------------------------------------------------------------------------------------------------------------
     Lv   Total       dt Flu_Adv Gra_Adv Src_Adv Che_Adv      SF  FB_Adv   FixUp    Flag  Refine Buf_Rho Buf_Pot Buf_Flu1 Buf_Flu2 Buf_Ref Buf_Flux Buf_Res Buf_Che  Par_KD   Par_K Par_K-1 Par_2Sib -MPI_Sib -MPI_FaSib Par_2Son    -MPI Par_Coll -MPI_Real -MPI_Sib -MPI_FaSib     Sum
      0   0.012    0.001   0.009   0.000   0.000   0.000   0.000   0.000   0.000   0.000   0.000   0.000   0.000    0.002    0.000   0.000    0.000   0.000   0.000   0.000   0.000   0.000    0.000    0.000      0.000    0.000   0.000    0.000     0.000    0.000      0.000   0.012
      1   0.000    0.000   0.000   0.000   0.000   0.000   0.000   0.000   0.000   0.000   0.000   0.000   0.000    0.000    0.000   0.000    0.000   0.000   0.000   0.000   0.000   0.000    0.000    0.000      0.000    0.000   0.000    0.000     0.000    0.000      0.000   0.000
      2   0.000    0.000   0.000   0.000   0.000   0.000   0.000   0.000   0.000   0.000   0.000   0.000   0.000    0.000    0.000   0.000    0.000   0.000   0.000   0.000   0.000   0.000    0.000    0.000      0.000    0.000   0.000    0.000     0.000    0.000      0.000   0.000
      3   0.000    0.000   0.000   0.000   0.000   0.000   0.000   0.000   0.000   0.000   0.000   0.000   0.000    0.000    0.000   0.000    0.000   0.000   0.000   0.000   0.000   0.000    0.000    0.000      0.000    0.000   0.000    0.000     0.000    0.000      0.000   0.000
      4   0.000    0.000   0.000   0.000   0.000   0.000   0.000   0.000   0.000   0.000   0.000   0.000   0.000    0.000    0.000   0.000    0.000   0.000   0.000   0.000   0.000   0.000    0.000    0.000      0.000    0.000   0.000    0.000     0.000    0.000      0.000   0.000
      5   0.000    0.000   0.000   0.000   0.000   0.000   0.000   0.000   0.000   0.000   0.000   0.000   0.000    0.000    0.000   0.000    0.000   0.000   0.000   0.000   0.000   0.000    0.000    0.000      0.000    0.000   0.000    0.000     0.000    0.000      0.000   0.000
      6   0.000    0.000   0.000   0.000   0.000   0.000   0.000   0.000   0.000   0.000   0.000   0.000   0.000    0.000    0.000   0.000    0.000   0.000   0.000   0.000   0.000   0.000    0.000    0.000      0.000    0.000   0.000    0.000     0.000    0.000      0.000   0.000
      7   0.000    0.000   0.000   0.000   0.000   0.000   0.000   0.000   0.000   0.000   0.000   0.000   0.000    0.000    0.000   0.000    0.000   0.000   0.000   0.000   0.000   0.000    0.000    0.000      0.000    0.000   0.000    0.000     0.000    0.000      0.000   0.000
      8   0.000    0.000   0.000   0.000   0.000   0.000   0.000   0.000   0.000   0.000   0.000   0.000   0.000    0.000    0.000   0.000    0.000   0.000   0.000   0.000   0.000   0.000    0.000    0.000      0.000    0.000   0.000    0.000     0.000    0.000      0.000   0.000
      9   0.000    0.000   0.000   0.000   0.000   0.000   0.000   0.000   0.000   0.000   0.000   0.000   0.000    0.000    0.000   0.000    0.000   0.000   0.000   0.000   0.000   0.000    0.000    0.000      0.000    0.000   0.000    0.000     0.000    0.000      0.000   0.000
    Sum   0.012    0.001   0.009   0.000   0.000   0.000   0.000   0.000   0.000   0.000   0.000   0.000   0.000    0.002    0.000   0.000    0.000   0.000   0.000   0.000   0.000   0.000    0.000    0.000      0.000    0.000   0.000    0.000     0.000    0.000      0.000   0.012


Summary
------------------------------------------------------------------------------------------------------------------------------
                  dt  Flu_Adv  Gra_Adv  Src_Adv  Che_Adv       SF   FB_Adv    FixUp     Flag   Refine MPI_Grid   Output      Aux       LB CorrSync      Par -MPI_Par    libyt         Sum
    Time      0.0008   0.0089   0.0000   0.0000   0.0000   0.0000   0.0000   0.0000   0.0000   0.0000   0.0022   0.0424   0.0867   0.0012   0.0000   0.0000   0.0000   0.0000      0.1423
    Frac      0.548%   6.258%   0.000%   0.000%   0.000%   0.000%   0.000%   0.000%   0.000%   0.000%   1.517%  29.829%  60.952%   0.877%   0.000%   0.000%   0.000%   0.000%     99.981%

==============================================================================================================================
==============================================================================================================================



Time : 5.4398662e-03 -> 6.5278395e-03,     Step :        5 ->        6

Main Loop
------------------------------------------------------------------------------------------------------------------------------
       Total    Integration       Output    Auxiliary    LoadBalance       CorrSync          libyt            Sum
      0.1089         0.0130       0.0192       0.0757         0.0009         0.0000         0.0000         0.1089


Integration Loop
------------------------------------------------------------------------------------------------------------------------------
     Lv   Total       dt Flu_Adv Gra_Adv Src_Adv Che_Adv      SF  FB_Adv   FixUp    Flag  Refine Buf_Rho Buf_Pot Buf_Flu1 Buf_Flu2 Buf_Ref Buf_Flux Buf_Res Buf_Che  Par_KD   Par_K Par_K-1 Par_2Sib -MPI_Sib -MPI_FaSib Par_2Son    -MPI Par_Coll -MPI_Real -MPI_Sib -MPI_FaSib     Sum
      0   0.013    0.001   0.009   0.000   0.000   0.000   0.000   0.000   0.000   0.000   0.000   0.000   0.000    0.003    0.000   0.000    0.000   0.000   0.000   0.000   0.000   0.000    0.000    0.000      0.000    0.000   0.000    0.000     0.000    0.000      0.000   0.013
      1   0.000    0.000   0.000   0.000   0.000   0.000   0.000   0.000   0.000   0.000   0.000   0.000   0.000    0.000    0.000   0.000    0.000   0.000   0.000   0.000   0.000   0.000    0.000    0.000      0.000    0.000   0.000    0.000     0.000    0.000      0.000   0.000
      2   0.000    0.000   0.000   0.000   0.000   0.000   0.000   0.000   0.000   0.000   0.000   0.000   0.000    0.000    0.000   0.000    0.000   0.000   0.000   0.000   0.000   0.000    0.000    0.000      0.000    0.000   0.000    0.000     0.000    0.000      0.000   0.000
      3   0.000    0.000   0.000   0.000   0.000   0.000   0.000   0.000   0.000   0.000   0.000   0.000   0.000    0.000    0.000   0.000    0.000   0.000   0.000   0.000   0.000   0.000    0.000    0.000      0.000    0.000   0.000    0.000     0.000    0.000      0.000   0.000
      4   0.000    0.000   0.000   0.000   0.000   0.000   0.000   0.000   0.000   0.000   0.000   0.000   0.000    0.000    0.000   0.000    0.000   0.000   0.000   0.000   0.000   0.000    0.000    0.000      0.000    0.000   0.000    0.000     0.000    0.000      0.000   0.000
      5   0.000    0.000   0.000   0.000   0.000   0.000   0.000   0.000   0.000   0.000   0.000   0.000   0.000    0.000    0.000   0.000    0.000   0.000   0.000   0.000   0.000   0.000    0.000    0.000      0.000    0.000   0.000    0.000     0.000    0.000      0.000   0.000
      6   0.000    0.000   0.000   0.000   0.000   0.000   0.000   0.000   0.000   0.000   0.000   0.000   0.000    0.000    0.000   0.000    0.000   0.000   0.000   0.000   0.000   0.000    0.000    0.000      0.000    0.000   0.000    0.000     0.000    0.000      0.000   0.000
      7   0.000    0.000   0.000   0.000   0.000   0.000   0.000   0.000   0.000   0.000   0.000   0.000   0.000    0.000    0.000   0.000    0.000   0.000   0.000   0.000   0.000   0.000    0.000    0.000      0.000    0.000   0.000    0.000     0.000    0.000      0.000   0.000
      8   0.000    0.000   0.000   0.000   0.000   0.000   0.000   0.000   0.000   0.000   0.000   0.000   0.000    0.000    0.000   0.000    0.000   0.000   0.000   0.000   0.000   0.000    0.000    0.000      0.000    0.000   0.000    0.000     0.000    0.000      0.000   0.000
      9   0.000    0.000   0.000   0.000   0.000   0.000   0.000   0.000   0.000   0.000   0.000   0.000   0.000    0.000    0.000   0.000    0.000   0.000   0.000   0.000   0.000   0.000    0.000    0.000      0.000    0.000   0.000    0.000     0.000    0.000      0.000   0.000
    Sum   0.013    0.001   0.009   0.000   0.000   0.000   0.000   0.000   0.000   0.000   0.000   0.000   0.000    0.003    0.000   0.000    0.000   0.000   0.000   0.000   0.000   0.000    0.000    0.000      0.000    0.000   0.000    0.000     0.000    0.000      0.000   0.013


Summary
------------------------------------------------------------------------------------------------------------------------------
                  dt  Flu_Adv  Gra_Adv  Src_Adv  Che_Adv       SF   FB_Adv    FixUp     Flag   Refine MPI_Grid   Output      Aux       LB CorrSync      Par -MPI_Par    libyt         Sum
    Time      0.0008   0.0094   0.0000   0.0000   0.0000   0.0000   0.0000   0.0000   0.0000   0.0000   0.0028   0.0192   0.0757   0.0009   0.0000   0.0000   0.0000   0.0000      0.1089
    Frac      0.717%   8.656%   0.000%   0.000%   0.000%   0.000%   0.000%   0.000%   0.000%   0.000%   2.583%  17.657%  69.511%   0.862%   0.000%   0.000%   0.000%   0.000%     99.987%

==============================================================================================================================
==============================================================================================================================



Time : 6.5278395e-03 -> 7.6158127e-03,     Step :        6 ->        7

Main Loop
------------------------------------------------------------------------------------------------------------------------------
       Total    Integration       Output    Auxiliary    LoadBalance       CorrSync          libyt            Sum
      0.1399         0.0132       0.0605       0.0651         0.0011         0.0000         0.0000         0.1399


Integration Loop
------------------------------------------------------------------------------------------------------------------------------
     Lv   Total       dt Flu_Adv Gra_Adv Src_Adv Che_Adv      SF  FB_Adv   FixUp    Flag  Refine Buf_Rho Buf_Pot Buf_Flu1 Buf_Flu2 Buf_Ref Buf_Flux Buf_Res Buf_Che  Par_KD   Par_K Par_K-1 Par_2Sib -MPI_Sib -MPI_FaSib Par_2Son    -MPI Par_Coll -MPI_Real -MPI_Sib -MPI_FaSib     Sum
      0   0.013    0.001   0.010   0.000   0.000   0.000   0.000   0.000   0.000   0.000   0.000   0.000   0.000    0.002    0.000   0.000    0.000   0.000   0.000   0.000   0.000   0.000    0.000    0.000      0.000    0.000   0.000    0.000     0.000    0.000      0.000   0.013
      1   0.000    0.000   0.000   0.000   0.000   0.000   0.000   0.000   0.000   0.000   0.000   0.000   0.000    0.000    0.000   0.000    0.000   0.000   0.000   0.000   0.000   0.000    0.000    0.000      0.000    0.000   0.000    0.000     0.000    0.000      0.000   0.000
      2   0.000    0.000   0.000   0.000   0.000   0.000   0.000   0.000   0.000   0.000   0.000   0.000   0.000    0.000    0.000   0.000    0.000   0.000   0.000   0.000   0.000   0.000    0.000    0.000      0.000    0.000   0.000    0.000     0.000    0.000      0.000   0.000
      3   0.000    0.000   0.000   0.000   0.000   0.000   0.000   0.000   0.000   0.000   0.000   0.000   0.000    0.000    0.000   0.000    0.000   0.000   0.000   0.000   0.000   0.000    0.000    0.000      0.000    0.000   0.000    0.000     0.000    0.000      0.000   0.000
      4   0.000    0.000   0.000   0.000   0.000   0.000   0.000   0.000   0.000   0.000   0.000   0.000   0.000    0.000    0.000   0.000    0.000   0.000   0.000   0.000   0.000   0.000    0.000    0.000      0.000    0.000   0.000    0.000     0.000    0.000      0.000   0.000
      5   0.000    0.000   0.000   0.000   0.000   0.000   0.000   0.000   0.000   0.000   0.000   0.000   0.000    0.000    0.000   0.000    0.000   0.000   0.000   0.000   0.000   0.000    0.000    0.000      0.000    0.000   0.000    0.000     0.000    0.000      0.000   0.000
      6   0.000    0.000   0.000   0.000   0.000   0.000   0.000   0.000   0.000   0.000   0.000   0.000   0.000    0.000    0.000   0.000    0.000   0.000   0.000   0.000   0.000   0.000    0.000    0.000      0.000    0.000   0.000    0.000     0.000    0.000      0.000   0.000
      7   0.000    0.000   0.000   0.000   0.000   0.000   0.000   0.000   0.000   0.000   0.000   0.000   0.000    0.000    0.000   0.000    0.000   0.000   0.000   0.000   0.000   0.000    0.000    0.000      0.000    0.000   0.000    0.000     0.000    0.000      0.000   0.000
      8   0.000    0.000   0.000   0.000   0.000   0.000   0.000   0.000   0.000   0.000   0.000   0.000   0.000    0.000    0.000   0.000    0.000   0.000   0.000   0.000   0.000   0.000    0.000    0.000      0.000    0.000   0.000    0.000     0.000    0.000      0.000   0.000
      9   0.000    0.000   0.000   0.000   0.000   0.000   0.000   0.000   0.000   0.000   0.000   0.000   0.000    0.000    0.000   0.000    0.000   0.000   0.000   0.000   0.000   0.000    0.000    0.000      0.000    0.000   0.000    0.000     0.000    0.000      0.000   0.000
    Sum   0.013    0.001   0.010   0.000   0.000   0.000   0.000   0.000   0.000   0.000   0.000   0.000   0.000    0.002    0.000   0.000    0.000   0.000   0.000   0.000   0.000   0.000    0.000    0.000      0.000    0.000   0.000    0.000     0.000    0.000      0.000   0.013


Summary
------------------------------------------------------------------------------------------------------------------------------
                  dt  Flu_Adv  Gra_Adv  Src_Adv  Che_Adv       SF   FB_Adv    FixUp     Flag   Refine MPI_Grid   Output      Aux       LB CorrSync      Par -MPI_Par    libyt         Sum
    Time      0.0006   0.0101   0.0000   0.0000   0.0000   0.0000   0.0000   0.0000   0.0000   0.0000   0.0024   0.0605   0.0651   0.0011   0.0000   0.0000   0.0000   0.0000      0.1399
    Frac      0.446%   7.242%   0.000%   0.000%   0.000%   0.000%   0.000%   0.000%   0.000%   0.000%   1.712%  43.228%  46.559%   0.807%   0.000%   0.000%   0.000%   0.000%     99.994%

==============================================================================================================================
==============================================================================================================================



Time : 7.6158127e-03 -> 8.7037860e-03,     Step :        7 ->        8

Main Loop
------------------------------------------------------------------------------------------------------------------------------
       Total    Integration       Output    Auxiliary    LoadBalance       CorrSync          libyt            Sum
      0.1704         0.0197       0.0696       0.0778         0.0032         0.0000         0.0000         0.1704


Integration Loop
------------------------------------------------------------------------------------------------------------------------------
     Lv   Total       dt Flu_Adv Gra_Adv Src_Adv Che_Adv      SF  FB_Adv   FixUp    Flag  Refine Buf_Rho Buf_Pot Buf_Flu1 Buf_Flu2 Buf_Ref Buf_Flux Buf_Res Buf_Che  Par_KD   Par_K Par_K-1 Par_2Sib -MPI_Sib -MPI_FaSib Par_2Son    -MPI Par_Coll -MPI_Real -MPI_Sib -MPI_FaSib     Sum
      0   0.020    0.001   0.015   0.000   0.000   0.000   0.000   0.000   0.000   0.000   0.001   0.000   0.000    0.002    0.000   0.001    0.000   0.000   0.000   0.000   0.000   0.000    0.000    0.000      0.000    0.000   0.000    0.000     0.000    0.000      0.000   0.020
      1   0.000    0.000   0.000   0.000   0.000   0.000   0.000   0.000   0.000   0.000   0.000   0.000   0.000    0.000    0.000   0.000    0.000   0.000   0.000   0.000   0.000   0.000    0.000    0.000      0.000    0.000   0.000    0.000     0.000    0.000      0.000   0.000
      2   0.000    0.000   0.000   0.000   0.000   0.000   0.000   0.000   0.000   0.000   0.000   0.000   0.000    0.000    0.000   0.000    0.000   0.000   0.000   0.000   0.000   0.000    0.000    0.000      0.000    0.000   0.000    0.000     0.000    0.000      0.000   0.000
      3   0.000    0.000   0.000   0.000   0.000   0.000   0.000   0.000   0.000   0.000   0.000   0.000   0.000    0.000    0.000   0.000    0.000   0.000   0.000   0.000   0.000   0.000    0.000    0.000      0.000    0.000   0.000    0.000     0.000    0.000      0.000   0.000
      4   0.000    0.000   0.000   0.000   0.000   0.000   0.000   0.000   0.000   0.000   0.000   0.000   0.000    0.000    0.000   0.000    0.000   0.000   0.000   0.000   0.000   0.000    0.000    0.000      0.000    0.000   0.000    0.000     0.000    0.000      0.000   0.000
      5   0.000    0.000   0.000   0.000   0.000   0.000   0.000   0.000   0.000   0.000   0.000   0.000   0.000    0.000    0.000   0.000    0.000   0.000   0.000   0.000   0.000   0.000    0.000    0.000      0.000    0.000   0.000    0.000     0.000    0.000      0.000   0.000
      6   0.000    0.000   0.000   0.000   0.000   0.000   0.000   0.000   0.000   0.000   0.000   0.000   0.000    0.000    0.000   0.000    0.000   0.000   0.000   0.000   0.000   0.000    0.000    0.000      0.000    0.000   0.000    0.000     0.000    0.000      0.000   0.000
      7   0.000    0.000   0.000   0.000   0.000   0.000   0.000   0.000   0.000   0.000   0.000   0.000   0.000    0.000    0.000   0.000    0.000   0.000   0.000   0.000   0.000   0.000    0.000    0.000      0.000    0.000   0.000    0.000     0.000    0.000      0.000   0.000
      8   0.000    0.000   0.000   0.000   0.000   0.000   0.000   0.000   0.000   0.000   0.000   0.000   0.000    0.000    0.000   0.000    0.000   0.000   0.000   0.000   0.000   0.000    0.000    0.000      0.000    0.000   0.000    0.000     0.000    0.000      0.000   0.000
      9   0.000    0.000   0.000   0.000   0.000   0.000   0.000   0.000   0.000   0.000   0.000   0.000   0.000    0.000    0.000   0.000    0.000   0.000   0.000   0.000   0.000   0.000    0.000    0.000      0.000    0.000   0.000    0.000     0.000    0.000      0.000   0.000
    Sum   0.020    0.001   0.015   0.000   0.000   0.000   0.000   0.000   0.000   0.000   0.001   0.000   0.000    0.002    0.000   0.001    0.000   0.000   0.000   0.000   0.000   0.000    0.000    0.000      0.000    0.000   0.000    0.000     0.000    0.000      0.000   0.020


Summary
------------------------------------------------------------------------------------------------------------------------------
                  dt  Flu_Adv  Gra_Adv  Src_Adv  Che_Adv       SF   FB_Adv    FixUp     Flag   Refine MPI_Grid   Output      Aux       LB CorrSync      Par -MPI_Par    libyt         Sum
    Time      0.0008   0.0150   0.0000   0.0000   0.0000   0.0000   0.0000   0.0000   0.0005   0.0006   0.0029   0.0696   0.0778   0.0032   0.0000   0.0000   0.0000   0.0000      0.1704
    Frac      0.486%   8.784%   0.000%   0.000%   0.000%   0.000%   0.000%   0.000%   0.280%   0.326%   1.703%  40.849%  45.674%   1.890%   0.000%   0.000%   0.000%   0.000%     99.993%

==============================================================================================================================
==============================================================================================================================



Time : 8.7037860e-03 -> 9.7917592e-03,     Step :        8 ->        9

Main Loop
------------------------------------------------------------------------------------------------------------------------------
       Total    Integration       Output    Auxiliary    LoadBalance       CorrSync          libyt            Sum
      0.1206         0.0293       0.0377       0.0527         0.0009         0.0000         0.0000         0.1206


Integration Loop
------------------------------------------------------------------------------------------------------------------------------
     Lv   Total       dt Flu_Adv Gra_Adv Src_Adv Che_Adv      SF  FB_Adv   FixUp    Flag  Refine Buf_Rho Buf_Pot Buf_Flu1 Buf_Flu2 Buf_Ref Buf_Flux Buf_Res Buf_Che  Par_KD   Par_K Par_K-1 Par_2Sib -MPI_Sib -MPI_FaSib Par_2Son    -MPI Par_Coll -MPI_Real -MPI_Sib -MPI_FaSib     Sum
      0   0.029    0.001   0.012   0.000   0.000   0.000   0.000   0.000   0.000   0.000   0.000   0.000   0.000    0.016    0.000   0.000    0.000   0.000   0.000   0.000   0.000   0.000    0.000    0.000      0.000    0.000   0.000    0.000     0.000    0.000      0.000   0.029
      1   0.000    0.000   0.000   0.000   0.000   0.000   0.000   0.000   0.000   0.000   0.000   0.000   0.000    0.000    0.000   0.000    0.000   0.000   0.000   0.000   0.000   0.000    0.000    0.000      0.000    0.000   0.000    0.000     0.000    0.000      0.000   0.000
      2   0.000    0.000   0.000   0.000   0.000   0.000   0.000   0.000   0.000   0.000   0.000   0.000   0.000    0.000    0.000   0.000    0.000   0.000   0.000   0.000   0.000   0.000    0.000    0.000      0.000    0.000   0.000    0.000     0.000    0.000      0.000   0.000
      3   0.000    0.000   0.000   0.000   0.000   0.000   0.000   0.000   0.000   0.000   0.000   0.000   0.000    0.000    0.000   0.000    0.000   0.000   0.000   0.000   0.000   0.000    0.000    0.000      0.000    0.000   0.000    0.000     0.000    0.000      0.000   0.000
      4   0.000    0.000   0.000   0.000   0.000   0.000   0.000   0.000   0.000   0.000   0.000   0.000   0.000    0.000    0.000   0.000    0.000   0.000   0.000   0.000   0.000   0.000    0.000    0.000      0.000    0.000   0.000    0.000     0.000    0.000      0.000   0.000
      5   0.000    0.000   0.000   0.000   0.000   0.000   0.000   0.000   0.000   0.000   0.000   0.000   0.000    0.000    0.000   0.000    0.000   0.000   0.000   0.000   0.000   0.000    0.000    0.000      0.000    0.000   0.000    0.000     0.000    0.000      0.000   0.000
      6   0.000    0.000   0.000   0.000   0.000   0.000   0.000   0.000   0.000   0.000   0.000   0.000   0.000    0.000    0.000   0.000    0.000   0.000   0.000   0.000   0.000   0.000    0.000    0.000      0.000    0.000   0.000    0.000     0.000    0.000      0.000   0.000
      7   0.000    0.000   0.000   0.000   0.000   0.000   0.000   0.000   0.000   0.000   0.000   0.000   0.000    0.000    0.000   0.000    0.000   0.000   0.000   0.000   0.000   0.000    0.000    0.000      0.000    0.000   0.000    0.000     0.000    0.000      0.000   0.000
      8   0.000    0.000   0.000   0.000   0.000   0.000   0.000   0.000   0.000   0.000   0.000   0.000   0.000    0.000    0.000   0.000    0.000   0.000   0.000   0.000   0.000   0.000    0.000    0.000      0.000    0.000   0.000    0.000     0.000    0.000      0.000   0.000
      9   0.000    0.000   0.000   0.000   0.000   0.000   0.000   0.000   0.000   0.000   0.000   0.000   0.000    0.000    0.000   0.000    0.000   0.000   0.000   0.000   0.000   0.000    0.000    0.000      0.000    0.000   0.000    0.000     0.000    0.000      0.000   0.000
    Sum   0.029    0.001   0.012   0.000   0.000   0.000   0.000   0.000   0.000   0.000   0.000   0.000   0.000    0.016    0.000   0.000    0.000   0.000   0.000   0.000   0.000   0.000    0.000    0.000      0.000    0.000   0.000    0.000     0.000    0.000      0.000   0.029


Summary
------------------------------------------------------------------------------------------------------------------------------
                  dt  Flu_Adv  Gra_Adv  Src_Adv  Che_Adv       SF   FB_Adv    FixUp     Flag   Refine MPI_Grid   Output      Aux       LB CorrSync      Par -MPI_Par    libyt         Sum
    Time      0.0007   0.0122   0.0000   0.0000   0.0000   0.0000   0.0000   0.0000   0.0000   0.0000   0.0163   0.0377   0.0527   0.0009   0.0000   0.0000   0.0000   0.0000      0.1205
    Frac      0.611%  10.130%   0.000%   0.000%   0.000%   0.000%   0.000%   0.000%   0.000%   0.000%  13.531%  31.232%  43.752%   0.727%   0.000%   0.000%   0.000%   0.000%     99.983%

==============================================================================================================================
==============================================================================================================================



Time : 9.7917592e-03 -> 1.0879732e-02,     Step :        9 ->       10

Main Loop
------------------------------------------------------------------------------------------------------------------------------
       Total    Integration       Output    Auxiliary    LoadBalance       CorrSync          libyt            Sum
      0.0708         0.0038       0.0151       0.0510         0.0010         0.0000         0.0000         0.0708


Integration Loop
------------------------------------------------------------------------------------------------------------------------------
     Lv   Total       dt Flu_Adv Gra_Adv Src_Adv Che_Adv      SF  FB_Adv   FixUp    Flag  Refine Buf_Rho Buf_Pot Buf_Flu1 Buf_Flu2 Buf_Ref Buf_Flux Buf_Res Buf_Che  Par_KD   Par_K Par_K-1 Par_2Sib -MPI_Sib -MPI_FaSib Par_2Son    -MPI Par_Coll -MPI_Real -MPI_Sib -MPI_FaSib     Sum
      0   0.004    0.001   0.001   0.000   0.000   0.000   0.000   0.000   0.000   0.000   0.000   0.000   0.000    0.002    0.000   0.000    0.000   0.000   0.000   0.000   0.000   0.000    0.000    0.000      0.000    0.000   0.000    0.000     0.000    0.000      0.000   0.004
      1   0.000    0.000   0.000   0.000   0.000   0.000   0.000   0.000   0.000   0.000   0.000   0.000   0.000    0.000    0.000   0.000    0.000   0.000   0.000   0.000   0.000   0.000    0.000    0.000      0.000    0.000   0.000    0.000     0.000    0.000      0.000   0.000
      2   0.000    0.000   0.000   0.000   0.000   0.000   0.000   0.000   0.000   0.000   0.000   0.000   0.000    0.000    0.000   0.000    0.000   0.000   0.000   0.000   0.000   0.000    0.000    0.000      0.000    0.000   0.000    0.000     0.000    0.000      0.000   0.000
      3   0.000    0.000   0.000   0.000   0.000   0.000   0.000   0.000   0.000   0.000   0.000   0.000   0.000    0.000    0.000   0.000    0.000   0.000   0.000   0.000   0.000   0.000    0.000    0.000      0.000    0.000   0.000    0.000     0.000    0.000      0.000   0.000
      4   0.000    0.000   0.000   0.000   0.000   0.000   0.000   0.000   0.000   0.000   0.000   0.000   0.000    0.000    0.000   0.000    0.000   0.000   0.000   0.000   0.000   0.000    0.000    0.000      0.000    0.000   0.000    0.000     0.000    0.000      0.000   0.000
      5   0.000    0.000   0.000   0.000   0.000   0.000   0.000   0.000   0.000   0.000   0.000   0.000   0.000    0.000    0.000   0.000    0.000   0.000   0.000   0.000   0.000   0.000    0.000    0.000      0.000    0.000   0.000    0.000     0.000    0.000      0.000   0.000
      6   0.000    0.000   0.000   0.000   0.000   0.000   0.000   0.000   0.000   0.000   0.000   0.000   0.000    0.000    0.000   0.000    0.000   0.000   0.000   0.000   0.000   0.000    0.000    0.000      0.000    0.000   0.000    0.000     0.000    0.000      0.000   0.000
      7   0.000    0.000   0.000   0.000   0.000   0.000   0.000   0.000   0.000   0.000   0.000   0.000   0.000    0.000    0.000   0.000    0.000   0.000   0.000   0.000   0.000   0.000    0.000    0.000      0.000    0.000   0.000    0.000     0.000    0.000      0.000   0.000
      8   0.000    0.000   0.000   0.000   0.000   0.000   0.000   0.000   0.000   0.000   0.000   0.000   0.000    0.000    0.000   0.000    0.000   0.000   0.000   0.000   0.000   0.000    0.000    0.000      0.000    0.000   0.000    0.000     0.000    0.000      0.000   0.000
      9   0.000    0.000   0.000   0.000   0.000   0.000   0.000   0.000   0.000   0.000   0.000   0.000   0.000    0.000    0.000   0.000    0.000   0.000   0.000   0.000   0.000   0.000    0.000    0.000      0.000    0.000   0.000    0.000     0.000    0.000      0.000   0.000
    Sum   0.004    0.001   0.001   0.000   0.000   0.000   0.000   0.000   0.000   0.000   0.000   0.000   0.000    0.002    0.000   0.000    0.000   0.000   0.000   0.000   0.000   0.000    0.000    0.000      0.000    0.000   0.000    0.000     0.000    0.000      0.000   0.004


Summary
------------------------------------------------------------------------------------------------------------------------------
                  dt  Flu_Adv  Gra_Adv  Src_Adv  Che_Adv       SF   FB_Adv    FixUp     Flag   Refine MPI_Grid   Output      Aux       LB CorrSync      Par -MPI_Par    libyt         Sum
    Time      0.0007   0.0012   0.0000   0.0000   0.0000   0.0000   0.0000   0.0000   0.0000   0.0000   0.0019   0.0151   0.0510   0.0010   0.0000   0.0000   0.0000   0.0000      0.0708
    Frac      0.923%   1.641%   0.000%   0.000%   0.000%   0.000%   0.000%   0.000%   0.000%   0.000%   2.746%  21.272%  72.056%   1.348%   0.000%   0.000%   0.000%   0.000%     99.987%

==============================================================================================================================
==============================================================================================================================



Time : 1.0879732e-02 -> 1.1967706e-02,     Step :       10 ->       11

Main Loop
------------------------------------------------------------------------------------------------------------------------------
       Total    Integration       Output    Auxiliary    LoadBalance       CorrSync          libyt            Sum
      0.1248         0.0113       0.0174       0.0950         0.0010         0.0000         0.0000         0.1248


Integration Loop
------------------------------------------------------------------------------------------------------------------------------
     Lv   Total       dt Flu_Adv Gra_Adv Src_Adv Che_Adv      SF  FB_Adv   FixUp    Flag  Refine Buf_Rho Buf_Pot Buf_Flu1 Buf_Flu2 Buf_Ref Buf_Flux Buf_Res Buf_Che  Par_KD   Par_K Par_K-1 Par_2Sib -MPI_Sib -MPI_FaSib Par_2Son    -MPI Par_Coll -MPI_Real -MPI_Sib -MPI_FaSib     Sum
      0   0.011    0.001   0.009   0.000   0.000   0.000   0.000   0.000   0.000   0.000   0.000   0.000   0.000    0.002    0.000   0.000    0.000   0.000   0.000   0.000   0.000   0.000    0.000    0.000      0.000    0.000   0.000    0.000     0.000    0.000      0.000   0.011
      1   0.000    0.000   0.000   0.000   0.000   0.000   0.000   0.000   0.000   0.000   0.000   0.000   0.000    0.000    0.000   0.000    0.000   0.000   0.000   0.000   0.000   0.000    0.000    0.000      0.000    0.000   0.000    0.000     0.000    0.000      0.000   0.000
      2   0.000    0.000   0.000   0.000   0.000   0.000   0.000   0.000   0.000   0.000   0.000   0.000   0.000    0.000    0.000   0.000    0.000   0.000   0.000   0.000   0.000   0.000    0.000    0.000      0.000    0.000   0.000    0.000     0.000    0.000      0.000   0.000
      3   0.000    0.000   0.000   0.000   0.000   0.000   0.000   0.000   0.000   0.000   0.000   0.000   0.000    0.000    0.000   0.000    0.000   0.000   0.000   0.000   0.000   0.000    0.000    0.000      0.000    0.000   0.000    0.000     0.000    0.000      0.000   0.000
      4   0.000    0.000   0.000   0.000   0.000   0.000   0.000   0.000   0.000   0.000   0.000   0.000   0.000    0.000    0.000   0.000    0.000   0.000   0.000   0.000   0.000   0.000    0.000    0.000      0.000    0.000   0.000    0.000     0.000    0.000      0.000   0.000
      5   0.000    0.000   0.000   0.000   0.000   0.000   0.000   0.000   0.000   0.000   0.000   0.000   0.000    0.000    0.000   0.000    0.000   0.000   0.000   0.000   0.000   0.000    0.000    0.000      0.000    0.000   0.000    0.000     0.000    0.000      0.000   0.000
      6   0.000    0.000   0.000   0.000   0.000   0.000   0.000   0.000   0.000   0.000   0.000   0.000   0.000    0.000    0.000   0.000    0.000   0.000   0.000   0.000   0.000   0.000    0.000    0.000      0.000    0.000   0.000    0.000     0.000    0.000      0.000   0.000
      7   0.000    0.000   0.000   0.000   0.000   0.000   0.000   0.000   0.000   0.000   0.000   0.000   0.000    0.000    0.000   0.000    0.000   0.000   0.000   0.000   0.000   0.000    0.000    0.000      0.000    0.000   0.000    0.000     0.000    0.000      0.000   0.000
      8   0.000    0.000   0.000   0.000   0.000   0.000   0.000   0.000   0.000   0.000   0.000   0.000   0.000    0.000    0.000   0.000    0.000   0.000   0.000   0.000   0.000   0.000    0.000    0.000      0.000    0.000   0.000    0.000     0.000    0.000      0.000   0.000
      9   0.000    0.000   0.000   0.000   0.000   0.000   0.000   0.000   0.000   0.000   0.000   0.000   0.000    0.000    0.000   0.000    0.000   0.000   0.000   0.000   0.000   0.000    0.000    0.000      0.000    0.000   0.000    0.000     0.000    0.000      0.000   0.000
    Sum   0.011    0.001   0.009   0.000   0.000   0.000   0.000   0.000   0.000   0.000   0.000   0.000   0.000    0.002    0.000   0.000    0.000   0.000   0.000   0.000   0.000   0.000    0.000    0.000      0.000    0.000   0.000    0.000     0.000    0.000      0.000   0.011


Summary
------------------------------------------------------------------------------------------------------------------------------
                  dt  Flu_Adv  Gra_Adv  Src_Adv  Che_Adv       SF   FB_Adv    FixUp     Flag   Refine MPI_Grid   Output      Aux       LB CorrSync      Par -MPI_Par    libyt         Sum
    Time      0.0007   0.0087   0.0000   0.0000   0.0000   0.0000   0.0000   0.0000   0.0000   0.0000   0.0019   0.0174   0.0950   0.0010   0.0000   0.0000   0.0000   0.0000      0.1248
    Frac      0.565%   6.979%   0.000%   0.000%   0.000%   0.000%   0.000%   0.000%   0.000%   0.000%   1.511%  13.977%  76.145%   0.814%   0.000%   0.000%   0.000%   0.000%     99.992%

==============================================================================================================================
==============================================================================================================================



Time : 1.1967706e-02 -> 1.3055679e-02,     Step :       11 ->       12

Main Loop
------------------------------------------------------------------------------------------------------------------------------
       Total    Integration       Output    Auxiliary    LoadBalance       CorrSync          libyt            Sum
      0.1742         0.0121       0.0543       0.1069         0.0010         0.0000         0.0000         0.1741


Integration Loop
------------------------------------------------------------------------------------------------------------------------------
     Lv   Total       dt Flu_Adv Gra_Adv Src_Adv Che_Adv      SF  FB_Adv   FixUp    Flag  Refine Buf_Rho Buf_Pot Buf_Flu1 Buf_Flu2 Buf_Ref Buf_Flux Buf_Res Buf_Che  Par_KD   Par_K Par_K-1 Par_2Sib -MPI_Sib -MPI_FaSib Par_2Son    -MPI Par_Coll -MPI_Real -MPI_Sib -MPI_FaSib     Sum
      0   0.012    0.001   0.009   0.000   0.000   0.000   0.000   0.000   0.000   0.000   0.000   0.000   0.000    0.002    0.000   0.000    0.000   0.000   0.000   0.000   0.000   0.000    0.000    0.000      0.000    0.000   0.000    0.000     0.000    0.000      0.000   0.012
      1   0.000    0.000   0.000   0.000   0.000   0.000   0.000   0.000   0.000   0.000   0.000   0.000   0.000    0.000    0.000   0.000    0.000   0.000   0.000   0.000   0.000   0.000    0.000    0.000      0.000    0.000   0.000    0.000     0.000    0.000      0.000   0.000
      2   0.000    0.000   0.000   0.000   0.000   0.000   0.000   0.000   0.000   0.000   0.000   0.000   0.000    0.000    0.000   0.000    0.000   0.000   0.000   0.000   0.000   0.000    0.000    0.000      0.000    0.000   0.000    0.000     0.000    0.000      0.000   0.000
      3   0.000    0.000   0.000   0.000   0.000   0.000   0.000   0.000   0.000   0.000   0.000   0.000   0.000    0.000    0.000   0.000    0.000   0.000   0.000   0.000   0.000   0.000    0.000    0.000      0.000    0.000   0.000    0.000     0.000    0.000      0.000   0.000
      4   0.000    0.000   0.000   0.000   0.000   0.000   0.000   0.000   0.000   0.000   0.000   0.000   0.000    0.000    0.000   0.000    0.000   0.000   0.000   0.000   0.000   0.000    0.000    0.000      0.000    0.000   0.000    0.000     0.000    0.000      0.000   0.000
      5   0.000    0.000   0.000   0.000   0.000   0.000   0.000   0.000   0.000   0.000   0.000   0.000   0.000    0.000    0.000   0.000    0.000   0.000   0.000   0.000   0.000   0.000    0.000    0.000      0.000    0.000   0.000    0.000     0.000    0.000      0.000   0.000
      6   0.000    0.000   0.000   0.000   0.000   0.000   0.000   0.000   0.000   0.000   0.000   0.000   0.000    0.000    0.000   0.000    0.000   0.000   0.000   0.000   0.000   0.000    0.000    0.000      0.000    0.000   0.000    0.000     0.000    0.000      0.000   0.000
      7   0.000    0.000   0.000   0.000   0.000   0.000   0.000   0.000   0.000   0.000   0.000   0.000   0.000    0.000    0.000   0.000    0.000   0.000   0.000   0.000   0.000   0.000    0.000    0.000      0.000    0.000   0.000    0.000     0.000    0.000      0.000   0.000
      8   0.000    0.000   0.000   0.000   0.000   0.000   0.000   0.000   0.000   0.000   0.000   0.000   0.000    0.000    0.000   0.000    0.000   0.000   0.000   0.000   0.000   0.000    0.000    0.000      0.000    0.000   0.000    0.000     0.000    0.000      0.000   0.000
      9   0.000    0.000   0.000   0.000   0.000   0.000   0.000   0.000   0.000   0.000   0.000   0.000   0.000    0.000    0.000   0.000    0.000   0.000   0.000   0.000   0.000   0.000    0.000    0.000      0.000    0.000   0.000    0.000     0.000    0.000      0.000   0.000
    Sum   0.012    0.001   0.009   0.000   0.000   0.000   0.000   0.000   0.000   0.000   0.000   0.000   0.000    0.002    0.000   0.000    0.000   0.000   0.000   0.000   0.000   0.000    0.000    0.000      0.000    0.000   0.000    0.000     0.000    0.000      0.000   0.012


Summary
------------------------------------------------------------------------------------------------------------------------------
                  dt  Flu_Adv  Gra_Adv  Src_Adv  Che_Adv       SF   FB_Adv    FixUp     Flag   Refine MPI_Grid   Output      Aux       LB CorrSync      Par -MPI_Par    libyt         Sum
    Time      0.0008   0.0087   0.0000   0.0000   0.0000   0.0000   0.0000   0.0000   0.0003   0.0004   0.0020   0.0543   0.1069   0.0010   0.0000   0.0000   0.0000   0.0000      0.1741
    Frac      0.443%   4.987%   0.000%   0.000%   0.000%   0.000%   0.000%   0.000%   0.174%   0.206%   1.127%  31.153%  61.358%   0.547%   0.000%   0.000%   0.000%   0.000%     99.995%

==============================================================================================================================
==============================================================================================================================



Time : 1.3055679e-02 -> 1.4143652e-02,     Step :       12 ->       13

Main Loop
------------------------------------------------------------------------------------------------------------------------------
       Total    Integration       Output    Auxiliary    LoadBalance       CorrSync          libyt            Sum
      0.1819         0.0113       0.0496       0.1203         0.0008         0.0000         0.0000         0.1819


Integration Loop
------------------------------------------------------------------------------------------------------------------------------
     Lv   Total       dt Flu_Adv Gra_Adv Src_Adv Che_Adv      SF  FB_Adv   FixUp    Flag  Refine Buf_Rho Buf_Pot Buf_Flu1 Buf_Flu2 Buf_Ref Buf_Flux Buf_Res Buf_Che  Par_KD   Par_K Par_K-1 Par_2Sib -MPI_Sib -MPI_FaSib Par_2Son    -MPI Par_Coll -MPI_Real -MPI_Sib -MPI_FaSib     Sum
      0   0.011    0.001   0.009   0.000   0.000   0.000   0.000   0.000   0.000   0.000   0.000   0.000   0.000    0.002    0.000   0.000    0.000   0.000   0.000   0.000   0.000   0.000    0.000    0.000      0.000    0.000   0.000    0.000     0.000    0.000      0.000   0.011
      1   0.000    0.000   0.000   0.000   0.000   0.000   0.000   0.000   0.000   0.000   0.000   0.000   0.000    0.000    0.000   0.000    0.000   0.000   0.000   0.000   0.000   0.000    0.000    0.000      0.000    0.000   0.000    0.000     0.000    0.000      0.000   0.000
      2   0.000    0.000   0.000   0.000   0.000   0.000   0.000   0.000   0.000   0.000   0.000   0.000   0.000    0.000    0.000   0.000    0.000   0.000   0.000   0.000   0.000   0.000    0.000    0.000      0.000    0.000   0.000    0.000     0.000    0.000      0.000   0.000
      3   0.000    0.000   0.000   0.000   0.000   0.000   0.000   0.000   0.000   0.000   0.000   0.000   0.000    0.000    0.000   0.000    0.000   0.000   0.000   0.000   0.000   0.000    0.000    0.000      0.000    0.000   0.000    0.000     0.000    0.000      0.000   0.000
      4   0.000    0.000   0.000   0.000   0.000   0.000   0.000   0.000   0.000   0.000   0.000   0.000   0.000    0.000    0.000   0.000    0.000   0.000   0.000   0.000   0.000   0.000    0.000    0.000      0.000    0.000   0.000    0.000     0.000    0.000      0.000   0.000
      5   0.000    0.000   0.000   0.000   0.000   0.000   0.000   0.000   0.000   0.000   0.000   0.000   0.000    0.000    0.000   0.000    0.000   0.000   0.000   0.000   0.000   0.000    0.000    0.000      0.000    0.000   0.000    0.000     0.000    0.000      0.000   0.000
      6   0.000    0.000   0.000   0.000   0.000   0.000   0.000   0.000   0.000   0.000   0.000   0.000   0.000    0.000    0.000   0.000    0.000   0.000   0.000   0.000   0.000   0.000    0.000    0.000      0.000    0.000   0.000    0.000     0.000    0.000      0.000   0.000
      7   0.000    0.000   0.000   0.000   0.000   0.000   0.000   0.000   0.000   0.000   0.000   0.000   0.000    0.000    0.000   0.000    0.000   0.000   0.000   0.000   0.000   0.000    0.000    0.000      0.000    0.000   0.000    0.000     0.000    0.000      0.000   0.000
      8   0.000    0.000   0.000   0.000   0.000   0.000   0.000   0.000   0.000   0.000   0.000   0.000   0.000    0.000    0.000   0.000    0.000   0.000   0.000   0.000   0.000   0.000    0.000    0.000      0.000    0.000   0.000    0.000     0.000    0.000      0.000   0.000
      9   0.000    0.000   0.000   0.000   0.000   0.000   0.000   0.000   0.000   0.000   0.000   0.000   0.000    0.000    0.000   0.000    0.000   0.000   0.000   0.000   0.000   0.000    0.000    0.000      0.000    0.000   0.000    0.000     0.000    0.000      0.000   0.000
    Sum   0.011    0.001   0.009   0.000   0.000   0.000   0.000   0.000   0.000   0.000   0.000   0.000   0.000    0.002    0.000   0.000    0.000   0.000   0.000   0.000   0.000   0.000    0.000    0.000      0.000    0.000   0.000    0.000     0.000    0.000      0.000   0.011


Summary
------------------------------------------------------------------------------------------------------------------------------
                  dt  Flu_Adv  Gra_Adv  Src_Adv  Che_Adv       SF   FB_Adv    FixUp     Flag   Refine MPI_Grid   Output      Aux       LB CorrSync      Par -MPI_Par    libyt         Sum
    Time      0.0007   0.0086   0.0000   0.0000   0.0000   0.0000   0.0000   0.0000   0.0000   0.0000   0.0019   0.0496   0.1203   0.0008   0.0000   0.0000   0.0000   0.0000      0.1819
    Frac      0.382%   4.742%   0.000%   0.000%   0.000%   0.000%   0.000%   0.000%   0.000%   0.000%   1.064%  27.244%  66.105%   0.456%   0.000%   0.000%   0.000%   0.000%     99.992%

==============================================================================================================================
==============================================================================================================================



Time : 1.4143652e-02 -> 1.5231625e-02,     Step :       13 ->       14

Main Loop
------------------------------------------------------------------------------------------------------------------------------
       Total    Integration       Output    Auxiliary    LoadBalance       CorrSync          libyt            Sum
      0.1096         0.0130       0.0266       0.0691         0.0009         0.0000         0.0000         0.1096


Integration Loop
------------------------------------------------------------------------------------------------------------------------------
     Lv   Total       dt Flu_Adv Gra_Adv Src_Adv Che_Adv      SF  FB_Adv   FixUp    Flag  Refine Buf_Rho Buf_Pot Buf_Flu1 Buf_Flu2 Buf_Ref Buf_Flux Buf_Res Buf_Che  Par_KD   Par_K Par_K-1 Par_2Sib -MPI_Sib -MPI_FaSib Par_2Son    -MPI Par_Coll -MPI_Real -MPI_Sib -MPI_FaSib     Sum
      0   0.013    0.001   0.010   0.000   0.000   0.000   0.000   0.000   0.000   0.000   0.000   0.000   0.000    0.002    0.000   0.000    0.000   0.000   0.000   0.000   0.000   0.000    0.000    0.000      0.000    0.000   0.000    0.000     0.000    0.000      0.000   0.013
      1   0.000    0.000   0.000   0.000   0.000   0.000   0.000   0.000   0.000   0.000   0.000   0.000   0.000    0.000    0.000   0.000    0.000   0.000   0.000   0.000   0.000   0.000    0.000    0.000      0.000    0.000   0.000    0.000     0.000    0.000      0.000   0.000
      2   0.000    0.000   0.000   0.000   0.000   0.000   0.000   0.000   0.000   0.000   0.000   0.000   0.000    0.000    0.000   0.000    0.000   0.000   0.000   0.000   0.000   0.000    0.000    0.000      0.000    0.000   0.000    0.000     0.000    0.000      0.000   0.000
      3   0.000    0.000   0.000   0.000   0.000   0.000   0.000   0.000   0.000   0.000   0.000   0.000   0.000    0.000    0.000   0.000    0.000   0.000   0.000   0.000   0.000   0.000    0.000    0.000      0.000    0.000   0.000    0.000     0.000    0.000      0.000   0.000
      4   0.000    0.000   0.000   0.000   0.000   0.000   0.000   0.000   0.000   0.000   0.000   0.000   0.000    0.000    0.000   0.000    0.000   0.000   0.000   0.000   0.000   0.000    0.000    0.000      0.000    0.000   0.000    0.000     0.000    0.000      0.000   0.000
      5   0.000    0.000   0.000   0.000   0.000   0.000   0.000   0.000   0.000   0.000   0.000   0.000   0.000    0.000    0.000   0.000    0.000   0.000   0.000   0.000   0.000   0.000    0.000    0.000      0.000    0.000   0.000    0.000     0.000    0.000      0.000   0.000
      6   0.000    0.000   0.000   0.000   0.000   0.000   0.000   0.000   0.000   0.000   0.000   0.000   0.000    0.000    0.000   0.000    0.000   0.000   0.000   0.000   0.000   0.000    0.000    0.000      0.000    0.000   0.000    0.000     0.000    0.000      0.000   0.000
      7   0.000    0.000   0.000   0.000   0.000   0.000   0.000   0.000   0.000   0.000   0.000   0.000   0.000    0.000    0.000   0.000    0.000   0.000   0.000   0.000   0.000   0.000    0.000    0.000      0.000    0.000   0.000    0.000     0.000    0.000      0.000   0.000
      8   0.000    0.000   0.000   0.000   0.000   0.000   0.000   0.000   0.000   0.000   0.000   0.000   0.000    0.000    0.000   0.000    0.000   0.000   0.000   0.000   0.000   0.000    0.000    0.000      0.000    0.000   0.000    0.000     0.000    0.000      0.000   0.000
      9   0.000    0.000   0.000   0.000   0.000   0.000   0.000   0.000   0.000   0.000   0.000   0.000   0.000    0.000    0.000   0.000    0.000   0.000   0.000   0.000   0.000   0.000    0.000    0.000      0.000    0.000   0.000    0.000     0.000    0.000      0.000   0.000
    Sum   0.013    0.001   0.010   0.000   0.000   0.000   0.000   0.000   0.000   0.000   0.000   0.000   0.000    0.002    0.000   0.000    0.000   0.000   0.000   0.000   0.000   0.000    0.000    0.000      0.000    0.000   0.000    0.000     0.000    0.000      0.000   0.013


Summary
------------------------------------------------------------------------------------------------------------------------------
                  dt  Flu_Adv  Gra_Adv  Src_Adv  Che_Adv       SF   FB_Adv    FixUp     Flag   Refine MPI_Grid   Output      Aux       LB CorrSync      Par -MPI_Par    libyt         Sum
    Time      0.0009   0.0096   0.0000   0.0000   0.0000   0.0000   0.0000   0.0000   0.0000   0.0000   0.0025   0.0266   0.0691   0.0009   0.0000   0.0000   0.0000   0.0000      0.1096
    Frac      0.803%   8.744%   0.000%   0.000%   0.000%   0.000%   0.000%   0.000%   0.000%   0.000%   2.273%  24.275%  63.051%   0.841%   0.000%   0.000%   0.000%   0.000%     99.987%

==============================================================================================================================
==============================================================================================================================



Time : 1.5231625e-02 -> 1.6319599e-02,     Step :       14 ->       15

Main Loop
------------------------------------------------------------------------------------------------------------------------------
       Total    Integration       Output    Auxiliary    LoadBalance       CorrSync          libyt            Sum
      0.0857         0.0038       0.0215       0.0593         0.0011         0.0000         0.0000         0.0856


Integration Loop
------------------------------------------------------------------------------------------------------------------------------
     Lv   Total       dt Flu_Adv Gra_Adv Src_Adv Che_Adv      SF  FB_Adv   FixUp    Flag  Refine Buf_Rho Buf_Pot Buf_Flu1 Buf_Flu2 Buf_Ref Buf_Flux Buf_Res Buf_Che  Par_KD   Par_K Par_K-1 Par_2Sib -MPI_Sib -MPI_FaSib Par_2Son    -MPI Par_Coll -MPI_Real -MPI_Sib -MPI_FaSib     Sum
      0   0.004    0.001   0.001   0.000   0.000   0.000   0.000   0.000   0.000   0.000   0.000   0.000   0.000    0.002    0.000   0.000    0.000   0.000   0.000   0.000   0.000   0.000    0.000    0.000      0.000    0.000   0.000    0.000     0.000    0.000      0.000   0.004
      1   0.000    0.000   0.000   0.000   0.000   0.000   0.000   0.000   0.000   0.000   0.000   0.000   0.000    0.000    0.000   0.000    0.000   0.000   0.000   0.000   0.000   0.000    0.000    0.000      0.000    0.000   0.000    0.000     0.000    0.000      0.000   0.000
      2   0.000    0.000   0.000   0.000   0.000   0.000   0.000   0.000   0.000   0.000   0.000   0.000   0.000    0.000    0.000   0.000    0.000   0.000   0.000   0.000   0.000   0.000    0.000    0.000      0.000    0.000   0.000    0.000     0.000    0.000      0.000   0.000
      3   0.000    0.000   0.000   0.000   0.000   0.000   0.000   0.000   0.000   0.000   0.000   0.000   0.000    0.000    0.000   0.000    0.000   0.000   0.000   0.000   0.000   0.000    0.000    0.000      0.000    0.000   0.000    0.000     0.000    0.000      0.000   0.000
      4   0.000    0.000   0.000   0.000   0.000   0.000   0.000   0.000   0.000   0.000   0.000   0.000   0.000    0.000    0.000   0.000    0.000   0.000   0.000   0.000   0.000   0.000    0.000    0.000      0.000    0.000   0.000    0.000     0.000    0.000      0.000   0.000
      5   0.000    0.000   0.000   0.000   0.000   0.000   0.000   0.000   0.000   0.000   0.000   0.000   0.000    0.000    0.000   0.000    0.000   0.000   0.000   0.000   0.000   0.000    0.000    0.000      0.000    0.000   0.000    0.000     0.000    0.000      0.000   0.000
      6   0.000    0.000   0.000   0.000   0.000   0.000   0.000   0.000   0.000   0.000   0.000   0.000   0.000    0.000    0.000   0.000    0.000   0.000   0.000   0.000   0.000   0.000    0.000    0.000      0.000    0.000   0.000    0.000     0.000    0.000      0.000   0.000
      7   0.000    0.000   0.000   0.000   0.000   0.000   0.000   0.000   0.000   0.000   0.000   0.000   0.000    0.000    0.000   0.000    0.000   0.000   0.000   0.000   0.000   0.000    0.000    0.000      0.000    0.000   0.000    0.000     0.000    0.000      0.000   0.000
      8   0.000    0.000   0.000   0.000   0.000   0.000   0.000   0.000   0.000   0.000   0.000   0.000   0.000    0.000    0.000   0.000    0.000   0.000   0.000   0.000   0.000   0.000    0.000    0.000      0.000    0.000   0.000    0.000     0.000    0.000      0.000   0.000
      9   0.000    0.000   0.000   0.000   0.000   0.000   0.000   0.000   0.000   0.000   0.000   0.000   0.000    0.000    0.000   0.000    0.000   0.000   0.000   0.000   0.000   0.000    0.000    0.000      0.000    0.000   0.000    0.000     0.000    0.000      0.000   0.000
    Sum   0.004    0.001   0.001   0.000   0.000   0.000   0.000   0.000   0.000   0.000   0.000   0.000   0.000    0.002    0.000   0.000    0.000   0.000   0.000   0.000   0.000   0.000    0.000    0.000      0.000    0.000   0.000    0.000     0.000    0.000      0.000   0.004


Summary
------------------------------------------------------------------------------------------------------------------------------
                  dt  Flu_Adv  Gra_Adv  Src_Adv  Che_Adv       SF   FB_Adv    FixUp     Flag   Refine MPI_Grid   Output      Aux       LB CorrSync      Par -MPI_Par    libyt         Sum
    Time      0.0008   0.0011   0.0000   0.0000   0.0000   0.0000   0.0000   0.0000   0.0000   0.0000   0.0019   0.0215   0.0593   0.0011   0.0000   0.0000   0.0000   0.0000      0.0856
    Frac      0.915%   1.287%   0.000%   0.000%   0.000%   0.000%   0.000%   0.000%   0.000%   0.000%   2.173%  25.117%  69.241%   1.243%   0.000%   0.000%   0.000%   0.000%     99.977%

==============================================================================================================================
==============================================================================================================================



Time : 1.6319599e-02 -> 1.7407572e-02,     Step :       15 ->       16

Main Loop
------------------------------------------------------------------------------------------------------------------------------
       Total    Integration       Output    Auxiliary    LoadBalance       CorrSync          libyt            Sum
      0.1121         0.0130       0.0225       0.0757         0.0009         0.0000         0.0000         0.1121


Integration Loop
------------------------------------------------------------------------------------------------------------------------------
     Lv   Total       dt Flu_Adv Gra_Adv Src_Adv Che_Adv      SF  FB_Adv   FixUp    Flag  Refine Buf_Rho Buf_Pot Buf_Flu1 Buf_Flu2 Buf_Ref Buf_Flux Buf_Res Buf_Che  Par_KD   Par_K Par_K-1 Par_2Sib -MPI_Sib -MPI_FaSib Par_2Son    -MPI Par_Coll -MPI_Real -MPI_Sib -MPI_FaSib     Sum
      0   0.013    0.001   0.009   0.000   0.000   0.000   0.000   0.000   0.000   0.000   0.000   0.000   0.000    0.002    0.000   0.000    0.000   0.000   0.000   0.000   0.000   0.000    0.000    0.000      0.000    0.000   0.000    0.000     0.000    0.000      0.000   0.013
      1   0.000    0.000   0.000   0.000   0.000   0.000   0.000   0.000   0.000   0.000   0.000   0.000   0.000    0.000    0.000   0.000    0.000   0.000   0.000   0.000   0.000   0.000    0.000    0.000      0.000    0.000   0.000    0.000     0.000    0.000      0.000   0.000
      2   0.000    0.000   0.000   0.000   0.000   0.000   0.000   0.000   0.000   0.000   0.000   0.000   0.000    0.000    0.000   0.000    0.000   0.000   0.000   0.000   0.000   0.000    0.000    0.000      0.000    0.000   0.000    0.000     0.000    0.000      0.000   0.000
      3   0.000    0.000   0.000   0.000   0.000   0.000   0.000   0.000   0.000   0.000   0.000   0.000   0.000    0.000    0.000   0.000    0.000   0.000   0.000   0.000   0.000   0.000    0.000    0.000      0.000    0.000   0.000    0.000     0.000    0.000      0.000   0.000
      4   0.000    0.000   0.000   0.000   0.000   0.000   0.000   0.000   0.000   0.000   0.000   0.000   0.000    0.000    0.000   0.000    0.000   0.000   0.000   0.000   0.000   0.000    0.000    0.000      0.000    0.000   0.000    0.000     0.000    0.000      0.000   0.000
      5   0.000    0.000   0.000   0.000   0.000   0.000   0.000   0.000   0.000   0.000   0.000   0.000   0.000    0.000    0.000   0.000    0.000   0.000   0.000   0.000   0.000   0.000    0.000    0.000      0.000    0.000   0.000    0.000     0.000    0.000      0.000   0.000
      6   0.000    0.000   0.000   0.000   0.000   0.000   0.000   0.000   0.000   0.000   0.000   0.000   0.000    0.000    0.000   0.000    0.000   0.000   0.000   0.000   0.000   0.000    0.000    0.000      0.000    0.000   0.000    0.000     0.000    0.000      0.000   0.000
      7   0.000    0.000   0.000   0.000   0.000   0.000   0.000   0.000   0.000   0.000   0.000   0.000   0.000    0.000    0.000   0.000    0.000   0.000   0.000   0.000   0.000   0.000    0.000    0.000      0.000    0.000   0.000    0.000     0.000    0.000      0.000   0.000
      8   0.000    0.000   0.000   0.000   0.000   0.000   0.000   0.000   0.000   0.000   0.000   0.000   0.000    0.000    0.000   0.000    0.000   0.000   0.000   0.000   0.000   0.000    0.000    0.000      0.000    0.000   0.000    0.000     0.000    0.000      0.000   0.000
      9   0.000    0.000   0.000   0.000   0.000   0.000   0.000   0.000   0.000   0.000   0.000   0.000   0.000    0.000    0.000   0.000    0.000   0.000   0.000   0.000   0.000   0.000    0.000    0.000      0.000    0.000   0.000    0.000     0.000    0.000      0.000   0.000
    Sum   0.013    0.001   0.009   0.000   0.000   0.000   0.000   0.000   0.000   0.000   0.000   0.000   0.000    0.002    0.000   0.000    0.000   0.000   0.000   0.000   0.000   0.000    0.000    0.000      0.000    0.000   0.000    0.000     0.000    0.000      0.000   0.013


Summary
------------------------------------------------------------------------------------------------------------------------------
                  dt  Flu_Adv  Gra_Adv  Src_Adv  Che_Adv       SF   FB_Adv    FixUp     Flag   Refine MPI_Grid   Output      Aux       LB CorrSync      Par -MPI_Par    libyt         Sum
    Time      0.0010   0.0088   0.0000   0.0000   0.0000   0.0000   0.0000   0.0000   0.0003   0.0004   0.0025   0.0225   0.0757   0.0009   0.0000   0.0000   0.0000   0.0000      0.1121
    Frac      0.884%   7.851%   0.000%   0.000%   0.000%   0.000%   0.000%   0.000%   0.260%   0.394%   2.207%  20.059%  67.528%   0.787%   0.000%   0.000%   0.000%   0.000%     99.969%

==============================================================================================================================
==============================================================================================================================



Time : 1.7407572e-02 -> 1.8495545e-02,     Step :       16 ->       17

Main Loop
------------------------------------------------------------------------------------------------------------------------------
       Total    Integration       Output    Auxiliary    LoadBalance       CorrSync          libyt            Sum
      0.0992         0.0043       0.0226       0.0711         0.0013         0.0000         0.0000         0.0992


Integration Loop
------------------------------------------------------------------------------------------------------------------------------
     Lv   Total       dt Flu_Adv Gra_Adv Src_Adv Che_Adv      SF  FB_Adv   FixUp    Flag  Refine Buf_Rho Buf_Pot Buf_Flu1 Buf_Flu2 Buf_Ref Buf_Flux Buf_Res Buf_Che  Par_KD   Par_K Par_K-1 Par_2Sib -MPI_Sib -MPI_FaSib Par_2Son    -MPI Par_Coll -MPI_Real -MPI_Sib -MPI_FaSib     Sum
      0   0.004    0.001   0.001   0.000   0.000   0.000   0.000   0.000   0.000   0.000   0.000   0.000   0.000    0.002    0.000   0.000    0.000   0.000   0.000   0.000   0.000   0.000    0.000    0.000      0.000    0.000   0.000    0.000     0.000    0.000      0.000   0.004
      1   0.000    0.000   0.000   0.000   0.000   0.000   0.000   0.000   0.000   0.000   0.000   0.000   0.000    0.000    0.000   0.000    0.000   0.000   0.000   0.000   0.000   0.000    0.000    0.000      0.000    0.000   0.000    0.000     0.000    0.000      0.000   0.000
      2   0.000    0.000   0.000   0.000   0.000   0.000   0.000   0.000   0.000   0.000   0.000   0.000   0.000    0.000    0.000   0.000    0.000   0.000   0.000   0.000   0.000   0.000    0.000    0.000      0.000    0.000   0.000    0.000     0.000    0.000      0.000   0.000
      3   0.000    0.000   0.000   0.000   0.000   0.000   0.000   0.000   0.000   0.000   0.000   0.000   0.000    0.000    0.000   0.000    0.000   0.000   0.000   0.000   0.000   0.000    0.000    0.000      0.000    0.000   0.000    0.000     0.000    0.000      0.000   0.000
      4   0.000    0.000   0.000   0.000   0.000   0.000   0.000   0.000   0.000   0.000   0.000   0.000   0.000    0.000    0.000   0.000    0.000   0.000   0.000   0.000   0.000   0.000    0.000    0.000      0.000    0.000   0.000    0.000     0.000    0.000      0.000   0.000
      5   0.000    0.000   0.000   0.000   0.000   0.000   0.000   0.000   0.000   0.000   0.000   0.000   0.000    0.000    0.000   0.000    0.000   0.000   0.000   0.000   0.000   0.000    0.000    0.000      0.000    0.000   0.000    0.000     0.000    0.000      0.000   0.000
      6   0.000    0.000   0.000   0.000   0.000   0.000   0.000   0.000   0.000   0.000   0.000   0.000   0.000    0.000    0.000   0.000    0.000   0.000   0.000   0.000   0.000   0.000    0.000    0.000      0.000    0.000   0.000    0.000     0.000    0.000      0.000   0.000
      7   0.000    0.000   0.000   0.000   0.000   0.000   0.000   0.000   0.000   0.000   0.000   0.000   0.000    0.000    0.000   0.000    0.000   0.000   0.000   0.000   0.000   0.000    0.000    0.000      0.000    0.000   0.000    0.000     0.000    0.000      0.000   0.000
      8   0.000    0.000   0.000   0.000   0.000   0.000   0.000   0.000   0.000   0.000   0.000   0.000   0.000    0.000    0.000   0.000    0.000   0.000   0.000   0.000   0.000   0.000    0.000    0.000      0.000    0.000   0.000    0.000     0.000    0.000      0.000   0.000
      9   0.000    0.000   0.000   0.000   0.000   0.000   0.000   0.000   0.000   0.000   0.000   0.000   0.000    0.000    0.000   0.000    0.000   0.000   0.000   0.000   0.000   0.000    0.000    0.000      0.000    0.000   0.000    0.000     0.000    0.000      0.000   0.000
    Sum   0.004    0.001   0.001   0.000   0.000   0.000   0.000   0.000   0.000   0.000   0.000   0.000   0.000    0.002    0.000   0.000    0.000   0.000   0.000   0.000   0.000   0.000    0.000    0.000      0.000    0.000   0.000    0.000     0.000    0.000      0.000   0.004


Summary
------------------------------------------------------------------------------------------------------------------------------
                  dt  Flu_Adv  Gra_Adv  Src_Adv  Che_Adv       SF   FB_Adv    FixUp     Flag   Refine MPI_Grid   Output      Aux       LB CorrSync      Par -MPI_Par    libyt         Sum
    Time      0.0010   0.0010   0.0000   0.0000   0.0000   0.0000   0.0000   0.0000   0.0000   0.0000   0.0023   0.0226   0.0711   0.0013   0.0000   0.0000   0.0000   0.0000      0.0992
    Frac      1.010%   1.044%   0.000%   0.000%   0.000%   0.000%   0.000%   0.000%   0.000%   0.000%   2.282%  22.758%  71.611%   1.270%   0.000%   0.000%   0.000%   0.000%     99.975%

==============================================================================================================================
==============================================================================================================================



Time : 1.8495545e-02 -> 1.9583518e-02,     Step :       17 ->       18

Main Loop
------------------------------------------------------------------------------------------------------------------------------
       Total    Integration       Output    Auxiliary    LoadBalance       CorrSync          libyt            Sum
      0.1578         0.0046       0.0566       0.0957         0.0009         0.0000         0.0000         0.1578


Integration Loop
------------------------------------------------------------------------------------------------------------------------------
     Lv   Total       dt Flu_Adv Gra_Adv Src_Adv Che_Adv      SF  FB_Adv   FixUp    Flag  Refine Buf_Rho Buf_Pot Buf_Flu1 Buf_Flu2 Buf_Ref Buf_Flux Buf_Res Buf_Che  Par_KD   Par_K Par_K-1 Par_2Sib -MPI_Sib -MPI_FaSib Par_2Son    -MPI Par_Coll -MPI_Real -MPI_Sib -MPI_FaSib     Sum
      0   0.005    0.001   0.002   0.000   0.000   0.000   0.000   0.000   0.000   0.000   0.000   0.000   0.000    0.002    0.000   0.000    0.000   0.000   0.000   0.000   0.000   0.000    0.000    0.000      0.000    0.000   0.000    0.000     0.000    0.000      0.000   0.005
      1   0.000    0.000   0.000   0.000   0.000   0.000   0.000   0.000   0.000   0.000   0.000   0.000   0.000    0.000    0.000   0.000    0.000   0.000   0.000   0.000   0.000   0.000    0.000    0.000      0.000    0.000   0.000    0.000     0.000    0.000      0.000   0.000
      2   0.000    0.000   0.000   0.000   0.000   0.000   0.000   0.000   0.000   0.000   0.000   0.000   0.000    0.000    0.000   0.000    0.000   0.000   0.000   0.000   0.000   0.000    0.000    0.000      0.000    0.000   0.000    0.000     0.000    0.000      0.000   0.000
      3   0.000    0.000   0.000   0.000   0.000   0.000   0.000   0.000   0.000   0.000   0.000   0.000   0.000    0.000    0.000   0.000    0.000   0.000   0.000   0.000   0.000   0.000    0.000    0.000      0.000    0.000   0.000    0.000     0.000    0.000      0.000   0.000
      4   0.000    0.000   0.000   0.000   0.000   0.000   0.000   0.000   0.000   0.000   0.000   0.000   0.000    0.000    0.000   0.000    0.000   0.000   0.000   0.000   0.000   0.000    0.000    0.000      0.000    0.000   0.000    0.000     0.000    0.000      0.000   0.000
      5   0.000    0.000   0.000   0.000   0.000   0.000   0.000   0.000   0.000   0.000   0.000   0.000   0.000    0.000    0.000   0.000    0.000   0.000   0.000   0.000   0.000   0.000    0.000    0.000      0.000    0.000   0.000    0.000     0.000    0.000      0.000   0.000
      6   0.000    0.000   0.000   0.000   0.000   0.000   0.000   0.000   0.000   0.000   0.000   0.000   0.000    0.000    0.000   0.000    0.000   0.000   0.000   0.000   0.000   0.000    0.000    0.000      0.000    0.000   0.000    0.000     0.000    0.000      0.000   0.000
      7   0.000    0.000   0.000   0.000   0.000   0.000   0.000   0.000   0.000   0.000   0.000   0.000   0.000    0.000    0.000   0.000    0.000   0.000   0.000   0.000   0.000   0.000    0.000    0.000      0.000    0.000   0.000    0.000     0.000    0.000      0.000   0.000
      8   0.000    0.000   0.000   0.000   0.000   0.000   0.000   0.000   0.000   0.000   0.000   0.000   0.000    0.000    0.000   0.000    0.000   0.000   0.000   0.000   0.000   0.000    0.000    0.000      0.000    0.000   0.000    0.000     0.000    0.000      0.000   0.000
      9   0.000    0.000   0.000   0.000   0.000   0.000   0.000   0.000   0.000   0.000   0.000   0.000   0.000    0.000    0.000   0.000    0.000   0.000   0.000   0.000   0.000   0.000    0.000    0.000      0.000    0.000   0.000    0.000     0.000    0.000      0.000   0.000
    Sum   0.005    0.001   0.002   0.000   0.000   0.000   0.000   0.000   0.000   0.000   0.000   0.000   0.000    0.002    0.000   0.000    0.000   0.000   0.000   0.000   0.000   0.000    0.000    0.000      0.000    0.000   0.000    0.000     0.000    0.000      0.000   0.005


Summary
------------------------------------------------------------------------------------------------------------------------------
                  dt  Flu_Adv  Gra_Adv  Src_Adv  Che_Adv       SF   FB_Adv    FixUp     Flag   Refine MPI_Grid   Output      Aux       LB CorrSync      Par -MPI_Par    libyt         Sum
    Time      0.0008   0.0015   0.0000   0.0000   0.0000   0.0000   0.0000   0.0000   0.0000   0.0000   0.0022   0.0566   0.0957   0.0009   0.0000   0.0000   0.0000   0.0000      0.1578
    Frac      0.514%   0.977%   0.000%   0.000%   0.000%   0.000%   0.000%   0.000%   0.000%   0.000%   1.385%  35.860%  60.668%   0.582%   0.000%   0.000%   0.000%   0.000%     99.987%

==============================================================================================================================
==============================================================================================================================



Time : 1.9583518e-02 -> 2.0671492e-02,     Step :       18 ->       19

Main Loop
------------------------------------------------------------------------------------------------------------------------------
       Total    Integration       Output    Auxiliary    LoadBalance       CorrSync          libyt            Sum
      0.1390         0.0116       0.0448       0.0816         0.0010         0.0000         0.0000         0.1390


Integration Loop
------------------------------------------------------------------------------------------------------------------------------
     Lv   Total       dt Flu_Adv Gra_Adv Src_Adv Che_Adv      SF  FB_Adv   FixUp    Flag  Refine Buf_Rho Buf_Pot Buf_Flu1 Buf_Flu2 Buf_Ref Buf_Flux Buf_Res Buf_Che  Par_KD   Par_K Par_K-1 Par_2Sib -MPI_Sib -MPI_FaSib Par_2Son    -MPI Par_Coll -MPI_Real -MPI_Sib -MPI_FaSib     Sum
      0   0.012    0.001   0.009   0.000   0.000   0.000   0.000   0.000   0.000   0.000   0.000   0.000   0.000    0.002    0.000   0.000    0.000   0.000   0.000   0.000   0.000   0.000    0.000    0.000      0.000    0.000   0.000    0.000     0.000    0.000      0.000   0.012
      1   0.000    0.000   0.000   0.000   0.000   0.000   0.000   0.000   0.000   0.000   0.000   0.000   0.000    0.000    0.000   0.000    0.000   0.000   0.000   0.000   0.000   0.000    0.000    0.000      0.000    0.000   0.000    0.000     0.000    0.000      0.000   0.000
      2   0.000    0.000   0.000   0.000   0.000   0.000   0.000   0.000   0.000   0.000   0.000   0.000   0.000    0.000    0.000   0.000    0.000   0.000   0.000   0.000   0.000   0.000    0.000    0.000      0.000    0.000   0.000    0.000     0.000    0.000      0.000   0.000
      3   0.000    0.000   0.000   0.000   0.000   0.000   0.000   0.000   0.000   0.000   0.000   0.000   0.000    0.000    0.000   0.000    0.000   0.000   0.000   0.000   0.000   0.000    0.000    0.000      0.000    0.000   0.000    0.000     0.000    0.000      0.000   0.000
      4   0.000    0.000   0.000   0.000   0.000   0.000   0.000   0.000   0.000   0.000   0.000   0.000   0.000    0.000    0.000   0.000    0.000   0.000   0.000   0.000   0.000   0.000    0.000    0.000      0.000    0.000   0.000    0.000     0.000    0.000      0.000   0.000
      5   0.000    0.000   0.000   0.000   0.000   0.000   0.000   0.000   0.000   0.000   0.000   0.000   0.000    0.000    0.000   0.000    0.000   0.000   0.000   0.000   0.000   0.000    0.000    0.000      0.000    0.000   0.000    0.000     0.000    0.000      0.000   0.000
      6   0.000    0.000   0.000   0.000   0.000   0.000   0.000   0.000   0.000   0.000   0.000   0.000   0.000    0.000    0.000   0.000    0.000   0.000   0.000   0.000   0.000   0.000    0.000    0.000      0.000    0.000   0.000    0.000     0.000    0.000      0.000   0.000
      7   0.000    0.000   0.000   0.000   0.000   0.000   0.000   0.000   0.000   0.000   0.000   0.000   0.000    0.000    0.000   0.000    0.000   0.000   0.000   0.000   0.000   0.000    0.000    0.000      0.000    0.000   0.000    0.000     0.000    0.000      0.000   0.000
      8   0.000    0.000   0.000   0.000   0.000   0.000   0.000   0.000   0.000   0.000   0.000   0.000   0.000    0.000    0.000   0.000    0.000   0.000   0.000   0.000   0.000   0.000    0.000    0.000      0.000    0.000   0.000    0.000     0.000    0.000      0.000   0.000
      9   0.000    0.000   0.000   0.000   0.000   0.000   0.000   0.000   0.000   0.000   0.000   0.000   0.000    0.000    0.000   0.000    0.000   0.000   0.000   0.000   0.000   0.000    0.000    0.000      0.000    0.000   0.000    0.000     0.000    0.000      0.000   0.000
    Sum   0.012    0.001   0.009   0.000   0.000   0.000   0.000   0.000   0.000   0.000   0.000   0.000   0.000    0.002    0.000   0.000    0.000   0.000   0.000   0.000   0.000   0.000    0.000    0.000      0.000    0.000   0.000    0.000     0.000    0.000      0.000   0.012


Summary
------------------------------------------------------------------------------------------------------------------------------
                  dt  Flu_Adv  Gra_Adv  Src_Adv  Che_Adv       SF   FB_Adv    FixUp     Flag   Refine MPI_Grid   Output      Aux       LB CorrSync      Par -MPI_Par    libyt         Sum
    Time      0.0007   0.0088   0.0000   0.0000   0.0000   0.0000   0.0000   0.0000   0.0000   0.0000   0.0020   0.0448   0.0816   0.0010   0.0000   0.0000   0.0000   0.0000      0.1389
    Frac      0.503%   6.364%   0.000%   0.000%   0.000%   0.000%   0.000%   0.000%   0.000%   0.000%   1.458%  32.259%  58.696%   0.703%   0.000%   0.000%   0.000%   0.000%     99.983%

==============================================================================================================================
==============================================================================================================================



Time : 2.0671492e-02 -> 2.1759465e-02,     Step :       19 ->       20

Main Loop
------------------------------------------------------------------------------------------------------------------------------
       Total    Integration       Output    Auxiliary    LoadBalance       CorrSync          libyt            Sum
      0.1349         0.0130       0.0264       0.0943         0.0011         0.0000         0.0000         0.1349


Integration Loop
------------------------------------------------------------------------------------------------------------------------------
     Lv   Total       dt Flu_Adv Gra_Adv Src_Adv Che_Adv      SF  FB_Adv   FixUp    Flag  Refine Buf_Rho Buf_Pot Buf_Flu1 Buf_Flu2 Buf_Ref Buf_Flux Buf_Res Buf_Che  Par_KD   Par_K Par_K-1 Par_2Sib -MPI_Sib -MPI_FaSib Par_2Son    -MPI Par_Coll -MPI_Real -MPI_Sib -MPI_FaSib     Sum
      0   0.013    0.001   0.009   0.000   0.000   0.000   0.000   0.000   0.000   0.000   0.000   0.000   0.000    0.002    0.000   0.000    0.000   0.000   0.000   0.000   0.000   0.000    0.000    0.000      0.000    0.000   0.000    0.000     0.000    0.000      0.000   0.013
      1   0.000    0.000   0.000   0.000   0.000   0.000   0.000   0.000   0.000   0.000   0.000   0.000   0.000    0.000    0.000   0.000    0.000   0.000   0.000   0.000   0.000   0.000    0.000    0.000      0.000    0.000   0.000    0.000     0.000    0.000      0.000   0.000
      2   0.000    0.000   0.000   0.000   0.000   0.000   0.000   0.000   0.000   0.000   0.000   0.000   0.000    0.000    0.000   0.000    0.000   0.000   0.000   0.000   0.000   0.000    0.000    0.000      0.000    0.000   0.000    0.000     0.000    0.000      0.000   0.000
      3   0.000    0.000   0.000   0.000   0.000   0.000   0.000   0.000   0.000   0.000   0.000   0.000   0.000    0.000    0.000   0.000    0.000   0.000   0.000   0.000   0.000   0.000    0.000    0.000      0.000    0.000   0.000    0.000     0.000    0.000      0.000   0.000
      4   0.000    0.000   0.000   0.000   0.000   0.000   0.000   0.000   0.000   0.000   0.000   0.000   0.000    0.000    0.000   0.000    0.000   0.000   0.000   0.000   0.000   0.000    0.000    0.000      0.000    0.000   0.000    0.000     0.000    0.000      0.000   0.000
      5   0.000    0.000   0.000   0.000   0.000   0.000   0.000   0.000   0.000   0.000   0.000   0.000   0.000    0.000    0.000   0.000    0.000   0.000   0.000   0.000   0.000   0.000    0.000    0.000      0.000    0.000   0.000    0.000     0.000    0.000      0.000   0.000
      6   0.000    0.000   0.000   0.000   0.000   0.000   0.000   0.000   0.000   0.000   0.000   0.000   0.000    0.000    0.000   0.000    0.000   0.000   0.000   0.000   0.000   0.000    0.000    0.000      0.000    0.000   0.000    0.000     0.000    0.000      0.000   0.000
      7   0.000    0.000   0.000   0.000   0.000   0.000   0.000   0.000   0.000   0.000   0.000   0.000   0.000    0.000    0.000   0.000    0.000   0.000   0.000   0.000   0.000   0.000    0.000    0.000      0.000    0.000   0.000    0.000     0.000    0.000      0.000   0.000
      8   0.000    0.000   0.000   0.000   0.000   0.000   0.000   0.000   0.000   0.000   0.000   0.000   0.000    0.000    0.000   0.000    0.000   0.000   0.000   0.000   0.000   0.000    0.000    0.000      0.000    0.000   0.000    0.000     0.000    0.000      0.000   0.000
      9   0.000    0.000   0.000   0.000   0.000   0.000   0.000   0.000   0.000   0.000   0.000   0.000   0.000    0.000    0.000   0.000    0.000   0.000   0.000   0.000   0.000   0.000    0.000    0.000      0.000    0.000   0.000    0.000     0.000    0.000      0.000   0.000
    Sum   0.013    0.001   0.009   0.000   0.000   0.000   0.000   0.000   0.000   0.000   0.000   0.000   0.000    0.002    0.000   0.000    0.000   0.000   0.000   0.000   0.000   0.000    0.000    0.000      0.000    0.000   0.000    0.000     0.000    0.000      0.000   0.013


Summary
------------------------------------------------------------------------------------------------------------------------------
                  dt  Flu_Adv  Gra_Adv  Src_Adv  Che_Adv       SF   FB_Adv    FixUp     Flag   Refine MPI_Grid   Output      Aux       LB CorrSync      Par -MPI_Par    libyt         Sum
    Time      0.0007   0.0088   0.0000   0.0000   0.0000   0.0000   0.0000   0.0000   0.0004   0.0004   0.0026   0.0264   0.0943   0.0011   0.0000   0.0000   0.0000   0.0000      0.1348
    Frac      0.552%   6.553%   0.000%   0.000%   0.000%   0.000%   0.000%   0.000%   0.293%   0.328%   1.931%  19.587%  69.914%   0.827%   0.000%   0.000%   0.000%   0.000%     99.984%

==============================================================================================================================
==============================================================================================================================



Time : 2.1759465e-02 -> 2.2847438e-02,     Step :       20 ->       21

Main Loop
------------------------------------------------------------------------------------------------------------------------------
       Total    Integration       Output    Auxiliary    LoadBalance       CorrSync          libyt            Sum
      0.1011         0.0192       0.0263       0.0545         0.0010         0.0000         0.0000         0.1011


Integration Loop
------------------------------------------------------------------------------------------------------------------------------
     Lv   Total       dt Flu_Adv Gra_Adv Src_Adv Che_Adv      SF  FB_Adv   FixUp    Flag  Refine Buf_Rho Buf_Pot Buf_Flu1 Buf_Flu2 Buf_Ref Buf_Flux Buf_Res Buf_Che  Par_KD   Par_K Par_K-1 Par_2Sib -MPI_Sib -MPI_FaSib Par_2Son    -MPI Par_Coll -MPI_Real -MPI_Sib -MPI_FaSib     Sum
      0   0.019    0.001   0.009   0.000   0.000   0.000   0.000   0.000   0.000   0.000   0.000   0.000   0.000    0.009    0.000   0.000    0.000   0.000   0.000   0.000   0.000   0.000    0.000    0.000      0.000    0.000   0.000    0.000     0.000    0.000      0.000   0.019
      1   0.000    0.000   0.000   0.000   0.000   0.000   0.000   0.000   0.000   0.000   0.000   0.000   0.000    0.000    0.000   0.000    0.000   0.000   0.000   0.000   0.000   0.000    0.000    0.000      0.000    0.000   0.000    0.000     0.000    0.000      0.000   0.000
      2   0.000    0.000   0.000   0.000   0.000   0.000   0.000   0.000   0.000   0.000   0.000   0.000   0.000    0.000    0.000   0.000    0.000   0.000   0.000   0.000   0.000   0.000    0.000    0.000      0.000    0.000   0.000    0.000     0.000    0.000      0.000   0.000
      3   0.000    0.000   0.000   0.000   0.000   0.000   0.000   0.000   0.000   0.000   0.000   0.000   0.000    0.000    0.000   0.000    0.000   0.000   0.000   0.000   0.000   0.000    0.000    0.000      0.000    0.000   0.000    0.000     0.000    0.000      0.000   0.000
      4   0.000    0.000   0.000   0.000   0.000   0.000   0.000   0.000   0.000   0.000   0.000   0.000   0.000    0.000    0.000   0.000    0.000   0.000   0.000   0.000   0.000   0.000    0.000    0.000      0.000    0.000   0.000    0.000     0.000    0.000      0.000   0.000
      5   0.000    0.000   0.000   0.000   0.000   0.000   0.000   0.000   0.000   0.000   0.000   0.000   0.000    0.000    0.000   0.000    0.000   0.000   0.000   0.000   0.000   0.000    0.000    0.000      0.000    0.000   0.000    0.000     0.000    0.000      0.000   0.000
      6   0.000    0.000   0.000   0.000   0.000   0.000   0.000   0.000   0.000   0.000   0.000   0.000   0.000    0.000    0.000   0.000    0.000   0.000   0.000   0.000   0.000   0.000    0.000    0.000      0.000    0.000   0.000    0.000     0.000    0.000      0.000   0.000
      7   0.000    0.000   0.000   0.000   0.000   0.000   0.000   0.000   0.000   0.000   0.000   0.000   0.000    0.000    0.000   0.000    0.000   0.000   0.000   0.000   0.000   0.000    0.000    0.000      0.000    0.000   0.000    0.000     0.000    0.000      0.000   0.000
      8   0.000    0.000   0.000   0.000   0.000   0.000   0.000   0.000   0.000   0.000   0.000   0.000   0.000    0.000    0.000   0.000    0.000   0.000   0.000   0.000   0.000   0.000    0.000    0.000      0.000    0.000   0.000    0.000     0.000    0.000      0.000   0.000
      9   0.000    0.000   0.000   0.000   0.000   0.000   0.000   0.000   0.000   0.000   0.000   0.000   0.000    0.000    0.000   0.000    0.000   0.000   0.000   0.000   0.000   0.000    0.000    0.000      0.000    0.000   0.000    0.000     0.000    0.000      0.000   0.000
    Sum   0.019    0.001   0.009   0.000   0.000   0.000   0.000   0.000   0.000   0.000   0.000   0.000   0.000    0.009    0.000   0.000    0.000   0.000   0.000   0.000   0.000   0.000    0.000    0.000      0.000    0.000   0.000    0.000     0.000    0.000      0.000   0.019


Summary
------------------------------------------------------------------------------------------------------------------------------
                  dt  Flu_Adv  Gra_Adv  Src_Adv  Che_Adv       SF   FB_Adv    FixUp     Flag   Refine MPI_Grid   Output      Aux       LB CorrSync      Par -MPI_Par    libyt         Sum
    Time      0.0010   0.0088   0.0000   0.0000   0.0000   0.0000   0.0000   0.0000   0.0000   0.0000   0.0094   0.0263   0.0545   0.0010   0.0000   0.0000   0.0000   0.0000      0.1011
    Frac      1.028%   8.715%   0.000%   0.000%   0.000%   0.000%   0.000%   0.000%   0.000%   0.000%   9.282%  26.019%  53.947%   0.997%   0.000%   0.000%   0.000%   0.000%     99.988%

==============================================================================================================================
==============================================================================================================================



Time : 2.2847438e-02 -> 2.3935411e-02,     Step :       21 ->       22

Main Loop
------------------------------------------------------------------------------------------------------------------------------
       Total    Integration       Output    Auxiliary    LoadBalance       CorrSync          libyt            Sum
      0.1144         0.0062       0.0250       0.0822         0.0009         0.0000         0.0000         0.1143


Integration Loop
------------------------------------------------------------------------------------------------------------------------------
     Lv   Total       dt Flu_Adv Gra_Adv Src_Adv Che_Adv      SF  FB_Adv   FixUp    Flag  Refine Buf_Rho Buf_Pot Buf_Flu1 Buf_Flu2 Buf_Ref Buf_Flux Buf_Res Buf_Che  Par_KD   Par_K Par_K-1 Par_2Sib -MPI_Sib -MPI_FaSib Par_2Son    -MPI Par_Coll -MPI_Real -MPI_Sib -MPI_FaSib     Sum
      0   0.006    0.001   0.004   0.000   0.000   0.000   0.000   0.000   0.000   0.000   0.000   0.000   0.000    0.002    0.000   0.000    0.000   0.000   0.000   0.000   0.000   0.000    0.000    0.000      0.000    0.000   0.000    0.000     0.000    0.000      0.000   0.006
      1   0.000    0.000   0.000   0.000   0.000   0.000   0.000   0.000   0.000   0.000   0.000   0.000   0.000    0.000    0.000   0.000    0.000   0.000   0.000   0.000   0.000   0.000    0.000    0.000      0.000    0.000   0.000    0.000     0.000    0.000      0.000   0.000
      2   0.000    0.000   0.000   0.000   0.000   0.000   0.000   0.000   0.000   0.000   0.000   0.000   0.000    0.000    0.000   0.000    0.000   0.000   0.000   0.000   0.000   0.000    0.000    0.000      0.000    0.000   0.000    0.000     0.000    0.000      0.000   0.000
      3   0.000    0.000   0.000   0.000   0.000   0.000   0.000   0.000   0.000   0.000   0.000   0.000   0.000    0.000    0.000   0.000    0.000   0.000   0.000   0.000   0.000   0.000    0.000    0.000      0.000    0.000   0.000    0.000     0.000    0.000      0.000   0.000
      4   0.000    0.000   0.000   0.000   0.000   0.000   0.000   0.000   0.000   0.000   0.000   0.000   0.000    0.000    0.000   0.000    0.000   0.000   0.000   0.000   0.000   0.000    0.000    0.000      0.000    0.000   0.000    0.000     0.000    0.000      0.000   0.000
      5   0.000    0.000   0.000   0.000   0.000   0.000   0.000   0.000   0.000   0.000   0.000   0.000   0.000    0.000    0.000   0.000    0.000   0.000   0.000   0.000   0.000   0.000    0.000    0.000      0.000    0.000   0.000    0.000     0.000    0.000      0.000   0.000
      6   0.000    0.000   0.000   0.000   0.000   0.000   0.000   0.000   0.000   0.000   0.000   0.000   0.000    0.000    0.000   0.000    0.000   0.000   0.000   0.000   0.000   0.000    0.000    0.000      0.000    0.000   0.000    0.000     0.000    0.000      0.000   0.000
      7   0.000    0.000   0.000   0.000   0.000   0.000   0.000   0.000   0.000   0.000   0.000   0.000   0.000    0.000    0.000   0.000    0.000   0.000   0.000   0.000   0.000   0.000    0.000    0.000      0.000    0.000   0.000    0.000     0.000    0.000      0.000   0.000
      8   0.000    0.000   0.000   0.000   0.000   0.000   0.000   0.000   0.000   0.000   0.000   0.000   0.000    0.000    0.000   0.000    0.000   0.000   0.000   0.000   0.000   0.000    0.000    0.000      0.000    0.000   0.000    0.000     0.000    0.000      0.000   0.000
      9   0.000    0.000   0.000   0.000   0.000   0.000   0.000   0.000   0.000   0.000   0.000   0.000   0.000    0.000    0.000   0.000    0.000   0.000   0.000   0.000   0.000   0.000    0.000    0.000      0.000    0.000   0.000    0.000     0.000    0.000      0.000   0.000
    Sum   0.006    0.001   0.004   0.000   0.000   0.000   0.000   0.000   0.000   0.000   0.000   0.000   0.000    0.002    0.000   0.000    0.000   0.000   0.000   0.000   0.000   0.000    0.000    0.000      0.000    0.000   0.000    0.000     0.000    0.000      0.000   0.006


Summary
------------------------------------------------------------------------------------------------------------------------------
                  dt  Flu_Adv  Gra_Adv  Src_Adv  Che_Adv       SF   FB_Adv    FixUp     Flag   Refine MPI_Grid   Output      Aux       LB CorrSync      Par -MPI_Par    libyt         Sum
    Time      0.0008   0.0036   0.0000   0.0000   0.0000   0.0000   0.0000   0.0000   0.0000   0.0000   0.0018   0.0250   0.0822   0.0009   0.0000   0.0000   0.0000   0.0000      0.1143
    Frac      0.686%   3.151%   0.000%   0.000%   0.000%   0.000%   0.000%   0.000%   0.000%   0.000%   1.541%  21.883%  71.922%   0.801%   0.000%   0.000%   0.000%   0.000%     99.984%

==============================================================================================================================
==============================================================================================================================



Time : 2.3935411e-02 -> 2.5023385e-02,     Step :       22 ->       23

Main Loop
------------------------------------------------------------------------------------------------------------------------------
       Total    Integration       Output    Auxiliary    LoadBalance       CorrSync          libyt            Sum
      0.2149         0.0235       0.0549       0.1354         0.0011         0.0000         0.0000         0.2149


Integration Loop
------------------------------------------------------------------------------------------------------------------------------
     Lv   Total       dt Flu_Adv Gra_Adv Src_Adv Che_Adv      SF  FB_Adv   FixUp    Flag  Refine Buf_Rho Buf_Pot Buf_Flu1 Buf_Flu2 Buf_Ref Buf_Flux Buf_Res Buf_Che  Par_KD   Par_K Par_K-1 Par_2Sib -MPI_Sib -MPI_FaSib Par_2Son    -MPI Par_Coll -MPI_Real -MPI_Sib -MPI_FaSib     Sum
      0   0.024    0.001   0.020   0.000   0.000   0.000   0.000   0.000   0.000   0.000   0.000   0.000   0.000    0.002    0.000   0.000    0.000   0.000   0.000   0.000   0.000   0.000    0.000    0.000      0.000    0.000   0.000    0.000     0.000    0.000      0.000   0.023
      1   0.000    0.000   0.000   0.000   0.000   0.000   0.000   0.000   0.000   0.000   0.000   0.000   0.000    0.000    0.000   0.000    0.000   0.000   0.000   0.000   0.000   0.000    0.000    0.000      0.000    0.000   0.000    0.000     0.000    0.000      0.000   0.000
      2   0.000    0.000   0.000   0.000   0.000   0.000   0.000   0.000   0.000   0.000   0.000   0.000   0.000    0.000    0.000   0.000    0.000   0.000   0.000   0.000   0.000   0.000    0.000    0.000      0.000    0.000   0.000    0.000     0.000    0.000      0.000   0.000
      3   0.000    0.000   0.000   0.000   0.000   0.000   0.000   0.000   0.000   0.000   0.000   0.000   0.000    0.000    0.000   0.000    0.000   0.000   0.000   0.000   0.000   0.000    0.000    0.000      0.000    0.000   0.000    0.000     0.000    0.000      0.000   0.000
      4   0.000    0.000   0.000   0.000   0.000   0.000   0.000   0.000   0.000   0.000   0.000   0.000   0.000    0.000    0.000   0.000    0.000   0.000   0.000   0.000   0.000   0.000    0.000    0.000      0.000    0.000   0.000    0.000     0.000    0.000      0.000   0.000
      5   0.000    0.000   0.000   0.000   0.000   0.000   0.000   0.000   0.000   0.000   0.000   0.000   0.000    0.000    0.000   0.000    0.000   0.000   0.000   0.000   0.000   0.000    0.000    0.000      0.000    0.000   0.000    0.000     0.000    0.000      0.000   0.000
      6   0.000    0.000   0.000   0.000   0.000   0.000   0.000   0.000   0.000   0.000   0.000   0.000   0.000    0.000    0.000   0.000    0.000   0.000   0.000   0.000   0.000   0.000    0.000    0.000      0.000    0.000   0.000    0.000     0.000    0.000      0.000   0.000
      7   0.000    0.000   0.000   0.000   0.000   0.000   0.000   0.000   0.000   0.000   0.000   0.000   0.000    0.000    0.000   0.000    0.000   0.000   0.000   0.000   0.000   0.000    0.000    0.000      0.000    0.000   0.000    0.000     0.000    0.000      0.000   0.000
      8   0.000    0.000   0.000   0.000   0.000   0.000   0.000   0.000   0.000   0.000   0.000   0.000   0.000    0.000    0.000   0.000    0.000   0.000   0.000   0.000   0.000   0.000    0.000    0.000      0.000    0.000   0.000    0.000     0.000    0.000      0.000   0.000
      9   0.000    0.000   0.000   0.000   0.000   0.000   0.000   0.000   0.000   0.000   0.000   0.000   0.000    0.000    0.000   0.000    0.000   0.000   0.000   0.000   0.000   0.000    0.000    0.000      0.000    0.000   0.000    0.000     0.000    0.000      0.000   0.000
    Sum   0.024    0.001   0.020   0.000   0.000   0.000   0.000   0.000   0.000   0.000   0.000   0.000   0.000    0.002    0.000   0.000    0.000   0.000   0.000   0.000   0.000   0.000    0.000    0.000      0.000    0.000   0.000    0.000     0.000    0.000      0.000   0.023


Summary
------------------------------------------------------------------------------------------------------------------------------
                  dt  Flu_Adv  Gra_Adv  Src_Adv  Che_Adv       SF   FB_Adv    FixUp     Flag   Refine MPI_Grid   Output      Aux       LB CorrSync      Par -MPI_Par    libyt         Sum
    Time      0.0007   0.0205   0.0000   0.0000   0.0000   0.0000   0.0000   0.0000   0.0000   0.0000   0.0023   0.0549   0.1354   0.0011   0.0000   0.0000   0.0000   0.0000      0.2149
    Frac      0.314%   9.525%   0.000%   0.000%   0.000%   0.000%   0.000%   0.000%   0.000%   0.000%   1.092%  25.556%  63.009%   0.495%   0.000%   0.000%   0.000%   0.000%     99.991%

==============================================================================================================================
==============================================================================================================================



Time : 2.5023385e-02 -> 2.6111358e-02,     Step :       23 ->       24

Main Loop
------------------------------------------------------------------------------------------------------------------------------
       Total    Integration       Output    Auxiliary    LoadBalance       CorrSync          libyt            Sum
      0.1607         0.0054       0.0669       0.0876         0.0009         0.0000         0.0000         0.1607


Integration Loop
------------------------------------------------------------------------------------------------------------------------------
     Lv   Total       dt Flu_Adv Gra_Adv Src_Adv Che_Adv      SF  FB_Adv   FixUp    Flag  Refine Buf_Rho Buf_Pot Buf_Flu1 Buf_Flu2 Buf_Ref Buf_Flux Buf_Res Buf_Che  Par_KD   Par_K Par_K-1 Par_2Sib -MPI_Sib -MPI_FaSib Par_2Son    -MPI Par_Coll -MPI_Real -MPI_Sib -MPI_FaSib     Sum
      0   0.005    0.001   0.001   0.000   0.000   0.000   0.000   0.000   0.000   0.000   0.000   0.000   0.000    0.002    0.000   0.000    0.000   0.000   0.000   0.000   0.000   0.000    0.000    0.000      0.000    0.000   0.000    0.000     0.000    0.000      0.000   0.005
      1   0.000    0.000   0.000   0.000   0.000   0.000   0.000   0.000   0.000   0.000   0.000   0.000   0.000    0.000    0.000   0.000    0.000   0.000   0.000   0.000   0.000   0.000    0.000    0.000      0.000    0.000   0.000    0.000     0.000    0.000      0.000   0.000
      2   0.000    0.000   0.000   0.000   0.000   0.000   0.000   0.000   0.000   0.000   0.000   0.000   0.000    0.000    0.000   0.000    0.000   0.000   0.000   0.000   0.000   0.000    0.000    0.000      0.000    0.000   0.000    0.000     0.000    0.000      0.000   0.000
      3   0.000    0.000   0.000   0.000   0.000   0.000   0.000   0.000   0.000   0.000   0.000   0.000   0.000    0.000    0.000   0.000    0.000   0.000   0.000   0.000   0.000   0.000    0.000    0.000      0.000    0.000   0.000    0.000     0.000    0.000      0.000   0.000
      4   0.000    0.000   0.000   0.000   0.000   0.000   0.000   0.000   0.000   0.000   0.000   0.000   0.000    0.000    0.000   0.000    0.000   0.000   0.000   0.000   0.000   0.000    0.000    0.000      0.000    0.000   0.000    0.000     0.000    0.000      0.000   0.000
      5   0.000    0.000   0.000   0.000   0.000   0.000   0.000   0.000   0.000   0.000   0.000   0.000   0.000    0.000    0.000   0.000    0.000   0.000   0.000   0.000   0.000   0.000    0.000    0.000      0.000    0.000   0.000    0.000     0.000    0.000      0.000   0.000
      6   0.000    0.000   0.000   0.000   0.000   0.000   0.000   0.000   0.000   0.000   0.000   0.000   0.000    0.000    0.000   0.000    0.000   0.000   0.000   0.000   0.000   0.000    0.000    0.000      0.000    0.000   0.000    0.000     0.000    0.000      0.000   0.000
      7   0.000    0.000   0.000   0.000   0.000   0.000   0.000   0.000   0.000   0.000   0.000   0.000   0.000    0.000    0.000   0.000    0.000   0.000   0.000   0.000   0.000   0.000    0.000    0.000      0.000    0.000   0.000    0.000     0.000    0.000      0.000   0.000
      8   0.000    0.000   0.000   0.000   0.000   0.000   0.000   0.000   0.000   0.000   0.000   0.000   0.000    0.000    0.000   0.000    0.000   0.000   0.000   0.000   0.000   0.000    0.000    0.000      0.000    0.000   0.000    0.000     0.000    0.000      0.000   0.000
      9   0.000    0.000   0.000   0.000   0.000   0.000   0.000   0.000   0.000   0.000   0.000   0.000   0.000    0.000    0.000   0.000    0.000   0.000   0.000   0.000   0.000   0.000    0.000    0.000      0.000    0.000   0.000    0.000     0.000    0.000      0.000   0.000
    Sum   0.005    0.001   0.001   0.000   0.000   0.000   0.000   0.000   0.000   0.000   0.000   0.000   0.000    0.002    0.000   0.000    0.000   0.000   0.000   0.000   0.000   0.000    0.000    0.000      0.000    0.000   0.000    0.000     0.000    0.000      0.000   0.005


Summary
------------------------------------------------------------------------------------------------------------------------------
                  dt  Flu_Adv  Gra_Adv  Src_Adv  Che_Adv       SF   FB_Adv    FixUp     Flag   Refine MPI_Grid   Output      Aux       LB CorrSync      Par -MPI_Par    libyt         Sum
    Time      0.0012   0.0010   0.0000   0.0000   0.0000   0.0000   0.0000   0.0000   0.0003   0.0003   0.0025   0.0669   0.0876   0.0009   0.0000   0.0000   0.0000   0.0000      0.1607
    Frac      0.739%   0.651%   0.000%   0.000%   0.000%   0.000%   0.000%   0.000%   0.189%   0.212%   1.541%  41.601%  54.508%   0.549%   0.000%   0.000%   0.000%   0.000%     99.989%

==============================================================================================================================
==============================================================================================================================



Time : 2.6111358e-02 -> 2.7199331e-02,     Step :       24 ->       25

Main Loop
------------------------------------------------------------------------------------------------------------------------------
       Total    Integration       Output    Auxiliary    LoadBalance       CorrSync          libyt            Sum
      0.2285         0.0263       0.0668       0.1342         0.0012         0.0000         0.0000         0.2285


Integration Loop
------------------------------------------------------------------------------------------------------------------------------
     Lv   Total       dt Flu_Adv Gra_Adv Src_Adv Che_Adv      SF  FB_Adv   FixUp    Flag  Refine Buf_Rho Buf_Pot Buf_Flu1 Buf_Flu2 Buf_Ref Buf_Flux Buf_Res Buf_Che  Par_KD   Par_K Par_K-1 Par_2Sib -MPI_Sib -MPI_FaSib Par_2Son    -MPI Par_Coll -MPI_Real -MPI_Sib -MPI_FaSib     Sum
      0   0.026    0.001   0.012   0.000   0.000   0.000   0.000   0.000   0.000   0.000   0.000   0.000   0.000    0.014    0.000   0.000    0.000   0.000   0.000   0.000   0.000   0.000    0.000    0.000      0.000    0.000   0.000    0.000     0.000    0.000      0.000   0.026
      1   0.000    0.000   0.000   0.000   0.000   0.000   0.000   0.000   0.000   0.000   0.000   0.000   0.000    0.000    0.000   0.000    0.000   0.000   0.000   0.000   0.000   0.000    0.000    0.000      0.000    0.000   0.000    0.000     0.000    0.000      0.000   0.000
      2   0.000    0.000   0.000   0.000   0.000   0.000   0.000   0.000   0.000   0.000   0.000   0.000   0.000    0.000    0.000   0.000    0.000   0.000   0.000   0.000   0.000   0.000    0.000    0.000      0.000    0.000   0.000    0.000     0.000    0.000      0.000   0.000
      3   0.000    0.000   0.000   0.000   0.000   0.000   0.000   0.000   0.000   0.000   0.000   0.000   0.000    0.000    0.000   0.000    0.000   0.000   0.000   0.000   0.000   0.000    0.000    0.000      0.000    0.000   0.000    0.000     0.000    0.000      0.000   0.000
      4   0.000    0.000   0.000   0.000   0.000   0.000   0.000   0.000   0.000   0.000   0.000   0.000   0.000    0.000    0.000   0.000    0.000   0.000   0.000   0.000   0.000   0.000    0.000    0.000      0.000    0.000   0.000    0.000     0.000    0.000      0.000   0.000
      5   0.000    0.000   0.000   0.000   0.000   0.000   0.000   0.000   0.000   0.000   0.000   0.000   0.000    0.000    0.000   0.000    0.000   0.000   0.000   0.000   0.000   0.000    0.000    0.000      0.000    0.000   0.000    0.000     0.000    0.000      0.000   0.000
      6   0.000    0.000   0.000   0.000   0.000   0.000   0.000   0.000   0.000   0.000   0.000   0.000   0.000    0.000    0.000   0.000    0.000   0.000   0.000   0.000   0.000   0.000    0.000    0.000      0.000    0.000   0.000    0.000     0.000    0.000      0.000   0.000
      7   0.000    0.000   0.000   0.000   0.000   0.000   0.000   0.000   0.000   0.000   0.000   0.000   0.000    0.000    0.000   0.000    0.000   0.000   0.000   0.000   0.000   0.000    0.000    0.000      0.000    0.000   0.000    0.000     0.000    0.000      0.000   0.000
      8   0.000    0.000   0.000   0.000   0.000   0.000   0.000   0.000   0.000   0.000   0.000   0.000   0.000    0.000    0.000   0.000    0.000   0.000   0.000   0.000   0.000   0.000    0.000    0.000      0.000    0.000   0.000    0.000     0.000    0.000      0.000   0.000
      9   0.000    0.000   0.000   0.000   0.000   0.000   0.000   0.000   0.000   0.000   0.000   0.000   0.000    0.000    0.000   0.000    0.000   0.000   0.000   0.000   0.000   0.000    0.000    0.000      0.000    0.000   0.000    0.000     0.000    0.000      0.000   0.000
    Sum   0.026    0.001   0.012   0.000   0.000   0.000   0.000   0.000   0.000   0.000   0.000   0.000   0.000    0.014    0.000   0.000    0.000   0.000   0.000   0.000   0.000   0.000    0.000    0.000      0.000    0.000   0.000    0.000     0.000    0.000      0.000   0.026


Summary
------------------------------------------------------------------------------------------------------------------------------
                  dt  Flu_Adv  Gra_Adv  Src_Adv  Che_Adv       SF   FB_Adv    FixUp     Flag   Refine MPI_Grid   Output      Aux       LB CorrSync      Par -MPI_Par    libyt         Sum
    Time      0.0007   0.0116   0.0000   0.0000   0.0000   0.0000   0.0000   0.0000   0.0000   0.0000   0.0140   0.0668   0.1342   0.0012   0.0000   0.0000   0.0000   0.0000      0.2285
    Frac      0.307%   5.096%   0.000%   0.000%   0.000%   0.000%   0.000%   0.000%   0.000%   0.000%   6.116%  29.233%  58.730%   0.504%   0.000%   0.000%   0.000%   0.000%     99.984%

==============================================================================================================================
==============================================================================================================================



Time : 2.7199331e-02 -> 2.8287304e-02,     Step :       25 ->       26

Main Loop
------------------------------------------------------------------------------------------------------------------------------
       Total    Integration       Output    Auxiliary    LoadBalance       CorrSync          libyt            Sum
      0.1063         0.0113       0.0225       0.0717         0.0008         0.0000         0.0000         0.1063


Integration Loop
------------------------------------------------------------------------------------------------------------------------------
     Lv   Total       dt Flu_Adv Gra_Adv Src_Adv Che_Adv      SF  FB_Adv   FixUp    Flag  Refine Buf_Rho Buf_Pot Buf_Flu1 Buf_Flu2 Buf_Ref Buf_Flux Buf_Res Buf_Che  Par_KD   Par_K Par_K-1 Par_2Sib -MPI_Sib -MPI_FaSib Par_2Son    -MPI Par_Coll -MPI_Real -MPI_Sib -MPI_FaSib     Sum
      0   0.011    0.001   0.002   0.000   0.000   0.000   0.000   0.000   0.000   0.000   0.000   0.000   0.000    0.009    0.000   0.000    0.000   0.000   0.000   0.000   0.000   0.000    0.000    0.000      0.000    0.000   0.000    0.000     0.000    0.000      0.000   0.011
      1   0.000    0.000   0.000   0.000   0.000   0.000   0.000   0.000   0.000   0.000   0.000   0.000   0.000    0.000    0.000   0.000    0.000   0.000   0.000   0.000   0.000   0.000    0.000    0.000      0.000    0.000   0.000    0.000     0.000    0.000      0.000   0.000
      2   0.000    0.000   0.000   0.000   0.000   0.000   0.000   0.000   0.000   0.000   0.000   0.000   0.000    0.000    0.000   0.000    0.000   0.000   0.000   0.000   0.000   0.000    0.000    0.000      0.000    0.000   0.000    0.000     0.000    0.000      0.000   0.000
      3   0.000    0.000   0.000   0.000   0.000   0.000   0.000   0.000   0.000   0.000   0.000   0.000   0.000    0.000    0.000   0.000    0.000   0.000   0.000   0.000   0.000   0.000    0.000    0.000      0.000    0.000   0.000    0.000     0.000    0.000      0.000   0.000
      4   0.000    0.000   0.000   0.000   0.000   0.000   0.000   0.000   0.000   0.000   0.000   0.000   0.000    0.000    0.000   0.000    0.000   0.000   0.000   0.000   0.000   0.000    0.000    0.000      0.000    0.000   0.000    0.000     0.000    0.000      0.000   0.000
      5   0.000    0.000   0.000   0.000   0.000   0.000   0.000   0.000   0.000   0.000   0.000   0.000   0.000    0.000    0.000   0.000    0.000   0.000   0.000   0.000   0.000   0.000    0.000    0.000      0.000    0.000   0.000    0.000     0.000    0.000      0.000   0.000
      6   0.000    0.000   0.000   0.000   0.000   0.000   0.000   0.000   0.000   0.000   0.000   0.000   0.000    0.000    0.000   0.000    0.000   0.000   0.000   0.000   0.000   0.000    0.000    0.000      0.000    0.000   0.000    0.000     0.000    0.000      0.000   0.000
      7   0.000    0.000   0.000   0.000   0.000   0.000   0.000   0.000   0.000   0.000   0.000   0.000   0.000    0.000    0.000   0.000    0.000   0.000   0.000   0.000   0.000   0.000    0.000    0.000      0.000    0.000   0.000    0.000     0.000    0.000      0.000   0.000
      8   0.000    0.000   0.000   0.000   0.000   0.000   0.000   0.000   0.000   0.000   0.000   0.000   0.000    0.000    0.000   0.000    0.000   0.000   0.000   0.000   0.000   0.000    0.000    0.000      0.000    0.000   0.000    0.000     0.000    0.000      0.000   0.000
      9   0.000    0.000   0.000   0.000   0.000   0.000   0.000   0.000   0.000   0.000   0.000   0.000   0.000    0.000    0.000   0.000    0.000   0.000   0.000   0.000   0.000   0.000    0.000    0.000      0.000    0.000   0.000    0.000     0.000    0.000      0.000   0.000
    Sum   0.011    0.001   0.002   0.000   0.000   0.000   0.000   0.000   0.000   0.000   0.000   0.000   0.000    0.009    0.000   0.000    0.000   0.000   0.000   0.000   0.000   0.000    0.000    0.000      0.000    0.000   0.000    0.000     0.000    0.000      0.000   0.011


Summary
------------------------------------------------------------------------------------------------------------------------------
                  dt  Flu_Adv  Gra_Adv  Src_Adv  Che_Adv       SF   FB_Adv    FixUp     Flag   Refine MPI_Grid   Output      Aux       LB CorrSync      Par -MPI_Par    libyt         Sum
    Time      0.0010   0.0016   0.0000   0.0000   0.0000   0.0000   0.0000   0.0000   0.0000   0.0000   0.0086   0.0225   0.0717   0.0008   0.0000   0.0000   0.0000   0.0000      0.1062
    Frac      0.955%   1.515%   0.000%   0.000%   0.000%   0.000%   0.000%   0.000%   0.000%   0.000%   8.109%  21.171%  67.447%   0.787%   0.000%   0.000%   0.000%   0.000%     99.984%

==============================================================================================================================
==============================================================================================================================



Time : 2.8287304e-02 -> 2.9375278e-02,     Step :       26 ->       27

Main Loop
------------------------------------------------------------------------------------------------------------------------------
       Total    Integration       Output    Auxiliary    LoadBalance       CorrSync          libyt            Sum
      0.0860         0.0036       0.0273       0.0542         0.0008         0.0000         0.0000         0.0860


Integration Loop
------------------------------------------------------------------------------------------------------------------------------
     Lv   Total       dt Flu_Adv Gra_Adv Src_Adv Che_Adv      SF  FB_Adv   FixUp    Flag  Refine Buf_Rho Buf_Pot Buf_Flu1 Buf_Flu2 Buf_Ref Buf_Flux Buf_Res Buf_Che  Par_KD   Par_K Par_K-1 Par_2Sib -MPI_Sib -MPI_FaSib Par_2Son    -MPI Par_Coll -MPI_Real -MPI_Sib -MPI_FaSib     Sum
      0   0.004    0.001   0.001   0.000   0.000   0.000   0.000   0.000   0.000   0.000   0.000   0.000   0.000    0.002    0.000   0.000    0.000   0.000   0.000   0.000   0.000   0.000    0.000    0.000      0.000    0.000   0.000    0.000     0.000    0.000      0.000   0.004
      1   0.000    0.000   0.000   0.000   0.000   0.000   0.000   0.000   0.000   0.000   0.000   0.000   0.000    0.000    0.000   0.000    0.000   0.000   0.000   0.000   0.000   0.000    0.000    0.000      0.000    0.000   0.000    0.000     0.000    0.000      0.000   0.000
      2   0.000    0.000   0.000   0.000   0.000   0.000   0.000   0.000   0.000   0.000   0.000   0.000   0.000    0.000    0.000   0.000    0.000   0.000   0.000   0.000   0.000   0.000    0.000    0.000      0.000    0.000   0.000    0.000     0.000    0.000      0.000   0.000
      3   0.000    0.000   0.000   0.000   0.000   0.000   0.000   0.000   0.000   0.000   0.000   0.000   0.000    0.000    0.000   0.000    0.000   0.000   0.000   0.000   0.000   0.000    0.000    0.000      0.000    0.000   0.000    0.000     0.000    0.000      0.000   0.000
      4   0.000    0.000   0.000   0.000   0.000   0.000   0.000   0.000   0.000   0.000   0.000   0.000   0.000    0.000    0.000   0.000    0.000   0.000   0.000   0.000   0.000   0.000    0.000    0.000      0.000    0.000   0.000    0.000     0.000    0.000      0.000   0.000
      5   0.000    0.000   0.000   0.000   0.000   0.000   0.000   0.000   0.000   0.000   0.000   0.000   0.000    0.000    0.000   0.000    0.000   0.000   0.000   0.000   0.000   0.000    0.000    0.000      0.000    0.000   0.000    0.000     0.000    0.000      0.000   0.000
      6   0.000    0.000   0.000   0.000   0.000   0.000   0.000   0.000   0.000   0.000   0.000   0.000   0.000    0.000    0.000   0.000    0.000   0.000   0.000   0.000   0.000   0.000    0.000    0.000      0.000    0.000   0.000    0.000     0.000    0.000      0.000   0.000
      7   0.000    0.000   0.000   0.000   0.000   0.000   0.000   0.000   0.000   0.000   0.000   0.000   0.000    0.000    0.000   0.000    0.000   0.000   0.000   0.000   0.000   0.000    0.000    0.000      0.000    0.000   0.000    0.000     0.000    0.000      0.000   0.000
      8   0.000    0.000   0.000   0.000   0.000   0.000   0.000   0.000   0.000   0.000   0.000   0.000   0.000    0.000    0.000   0.000    0.000   0.000   0.000   0.000   0.000   0.000    0.000    0.000      0.000    0.000   0.000    0.000     0.000    0.000      0.000   0.000
      9   0.000    0.000   0.000   0.000   0.000   0.000   0.000   0.000   0.000   0.000   0.000   0.000   0.000    0.000    0.000   0.000    0.000   0.000   0.000   0.000   0.000   0.000    0.000    0.000      0.000    0.000   0.000    0.000     0.000    0.000      0.000   0.000
    Sum   0.004    0.001   0.001   0.000   0.000   0.000   0.000   0.000   0.000   0.000   0.000   0.000   0.000    0.002    0.000   0.000    0.000   0.000   0.000   0.000   0.000   0.000    0.000    0.000      0.000    0.000   0.000    0.000     0.000    0.000      0.000   0.004


Summary
------------------------------------------------------------------------------------------------------------------------------
                  dt  Flu_Adv  Gra_Adv  Src_Adv  Che_Adv       SF   FB_Adv    FixUp     Flag   Refine MPI_Grid   Output      Aux       LB CorrSync      Par -MPI_Par    libyt         Sum
    Time      0.0008   0.0011   0.0000   0.0000   0.0000   0.0000   0.0000   0.0000   0.0000   0.0000   0.0017   0.0273   0.0542   0.0008   0.0000   0.0000   0.0000   0.0000      0.0860
    Frac      0.906%   1.232%   0.000%   0.000%   0.000%   0.000%   0.000%   0.000%   0.000%   0.000%   2.009%  31.787%  63.073%   0.978%   0.000%   0.000%   0.000%   0.000%     99.986%

==============================================================================================================================
==============================================================================================================================



Time : 2.9375278e-02 -> 3.0463251e-02,     Step :       27 ->       28

Main Loop
------------------------------------------------------------------------------------------------------------------------------
       Total    Integration       Output    Auxiliary    LoadBalance       CorrSync          libyt            Sum
      0.1081         0.0048       0.0140       0.0885         0.0008         0.0000         0.0000         0.1081


Integration Loop
------------------------------------------------------------------------------------------------------------------------------
     Lv   Total       dt Flu_Adv Gra_Adv Src_Adv Che_Adv      SF  FB_Adv   FixUp    Flag  Refine Buf_Rho Buf_Pot Buf_Flu1 Buf_Flu2 Buf_Ref Buf_Flux Buf_Res Buf_Che  Par_KD   Par_K Par_K-1 Par_2Sib -MPI_Sib -MPI_FaSib Par_2Son    -MPI Par_Coll -MPI_Real -MPI_Sib -MPI_FaSib     Sum
      0   0.005    0.001   0.001   0.000   0.000   0.000   0.000   0.000   0.000   0.000   0.001   0.000   0.000    0.002    0.000   0.000    0.000   0.000   0.000   0.000   0.000   0.000    0.000    0.000      0.000    0.000   0.000    0.000     0.000    0.000      0.000   0.005
      1   0.000    0.000   0.000   0.000   0.000   0.000   0.000   0.000   0.000   0.000   0.000   0.000   0.000    0.000    0.000   0.000    0.000   0.000   0.000   0.000   0.000   0.000    0.000    0.000      0.000    0.000   0.000    0.000     0.000    0.000      0.000   0.000
      2   0.000    0.000   0.000   0.000   0.000   0.000   0.000   0.000   0.000   0.000   0.000   0.000   0.000    0.000    0.000   0.000    0.000   0.000   0.000   0.000   0.000   0.000    0.000    0.000      0.000    0.000   0.000    0.000     0.000    0.000      0.000   0.000
      3   0.000    0.000   0.000   0.000   0.000   0.000   0.000   0.000   0.000   0.000   0.000   0.000   0.000    0.000    0.000   0.000    0.000   0.000   0.000   0.000   0.000   0.000    0.000    0.000      0.000    0.000   0.000    0.000     0.000    0.000      0.000   0.000
      4   0.000    0.000   0.000   0.000   0.000   0.000   0.000   0.000   0.000   0.000   0.000   0.000   0.000    0.000    0.000   0.000    0.000   0.000   0.000   0.000   0.000   0.000    0.000    0.000      0.000    0.000   0.000    0.000     0.000    0.000      0.000   0.000
      5   0.000    0.000   0.000   0.000   0.000   0.000   0.000   0.000   0.000   0.000   0.000   0.000   0.000    0.000    0.000   0.000    0.000   0.000   0.000   0.000   0.000   0.000    0.000    0.000      0.000    0.000   0.000    0.000     0.000    0.000      0.000   0.000
      6   0.000    0.000   0.000   0.000   0.000   0.000   0.000   0.000   0.000   0.000   0.000   0.000   0.000    0.000    0.000   0.000    0.000   0.000   0.000   0.000   0.000   0.000    0.000    0.000      0.000    0.000   0.000    0.000     0.000    0.000      0.000   0.000
      7   0.000    0.000   0.000   0.000   0.000   0.000   0.000   0.000   0.000   0.000   0.000   0.000   0.000    0.000    0.000   0.000    0.000   0.000   0.000   0.000   0.000   0.000    0.000    0.000      0.000    0.000   0.000    0.000     0.000    0.000      0.000   0.000
      8   0.000    0.000   0.000   0.000   0.000   0.000   0.000   0.000   0.000   0.000   0.000   0.000   0.000    0.000    0.000   0.000    0.000   0.000   0.000   0.000   0.000   0.000    0.000    0.000      0.000    0.000   0.000    0.000     0.000    0.000      0.000   0.000
      9   0.000    0.000   0.000   0.000   0.000   0.000   0.000   0.000   0.000   0.000   0.000   0.000   0.000    0.000    0.000   0.000    0.000   0.000   0.000   0.000   0.000   0.000    0.000    0.000      0.000    0.000   0.000    0.000     0.000    0.000      0.000   0.000
    Sum   0.005    0.001   0.001   0.000   0.000   0.000   0.000   0.000   0.000   0.000   0.001   0.000   0.000    0.002    0.000   0.000    0.000   0.000   0.000   0.000   0.000   0.000    0.000    0.000      0.000    0.000   0.000    0.000     0.000    0.000      0.000   0.005


Summary
------------------------------------------------------------------------------------------------------------------------------
                  dt  Flu_Adv  Gra_Adv  Src_Adv  Che_Adv       SF   FB_Adv    FixUp     Flag   Refine MPI_Grid   Output      Aux       LB CorrSync      Par -MPI_Par    libyt         Sum
    Time      0.0008   0.0010   0.0000   0.0000   0.0000   0.0000   0.0000   0.0000   0.0005   0.0006   0.0020   0.0140   0.0885   0.0008   0.0000   0.0000   0.0000   0.0000      0.1081
    Frac      0.700%   0.895%   0.000%   0.000%   0.000%   0.000%   0.000%   0.000%   0.418%   0.593%   1.852%  12.984%  81.838%   0.711%   0.000%   0.000%   0.000%   0.000%     99.991%

==============================================================================================================================
==============================================================================================================================



Time : 3.0463251e-02 -> 3.1551224e-02,     Step :       28 ->       29

Main Loop
------------------------------------------------------------------------------------------------------------------------------
       Total    Integration       Output    Auxiliary    LoadBalance       CorrSync          libyt            Sum
      0.0988         0.0110       0.0348       0.0520         0.0010         0.0000         0.0000         0.0988


Integration Loop
------------------------------------------------------------------------------------------------------------------------------
     Lv   Total       dt Flu_Adv Gra_Adv Src_Adv Che_Adv      SF  FB_Adv   FixUp    Flag  Refine Buf_Rho Buf_Pot Buf_Flu1 Buf_Flu2 Buf_Ref Buf_Flux Buf_Res Buf_Che  Par_KD   Par_K Par_K-1 Par_2Sib -MPI_Sib -MPI_FaSib Par_2Son    -MPI Par_Coll -MPI_Real -MPI_Sib -MPI_FaSib     Sum
      0   0.011    0.001   0.009   0.000   0.000   0.000   0.000   0.000   0.000   0.000   0.000   0.000   0.000    0.002    0.000   0.000    0.000   0.000   0.000   0.000   0.000   0.000    0.000    0.000      0.000    0.000   0.000    0.000     0.000    0.000      0.000   0.011
      1   0.000    0.000   0.000   0.000   0.000   0.000   0.000   0.000   0.000   0.000   0.000   0.000   0.000    0.000    0.000   0.000    0.000   0.000   0.000   0.000   0.000   0.000    0.000    0.000      0.000    0.000   0.000    0.000     0.000    0.000      0.000   0.000
      2   0.000    0.000   0.000   0.000   0.000   0.000   0.000   0.000   0.000   0.000   0.000   0.000   0.000    0.000    0.000   0.000    0.000   0.000   0.000   0.000   0.000   0.000    0.000    0.000      0.000    0.000   0.000    0.000     0.000    0.000      0.000   0.000
      3   0.000    0.000   0.000   0.000   0.000   0.000   0.000   0.000   0.000   0.000   0.000   0.000   0.000    0.000    0.000   0.000    0.000   0.000   0.000   0.000   0.000   0.000    0.000    0.000      0.000    0.000   0.000    0.000     0.000    0.000      0.000   0.000
      4   0.000    0.000   0.000   0.000   0.000   0.000   0.000   0.000   0.000   0.000   0.000   0.000   0.000    0.000    0.000   0.000    0.000   0.000   0.000   0.000   0.000   0.000    0.000    0.000      0.000    0.000   0.000    0.000     0.000    0.000      0.000   0.000
      5   0.000    0.000   0.000   0.000   0.000   0.000   0.000   0.000   0.000   0.000   0.000   0.000   0.000    0.000    0.000   0.000    0.000   0.000   0.000   0.000   0.000   0.000    0.000    0.000      0.000    0.000   0.000    0.000     0.000    0.000      0.000   0.000
      6   0.000    0.000   0.000   0.000   0.000   0.000   0.000   0.000   0.000   0.000   0.000   0.000   0.000    0.000    0.000   0.000    0.000   0.000   0.000   0.000   0.000   0.000    0.000    0.000      0.000    0.000   0.000    0.000     0.000    0.000      0.000   0.000
      7   0.000    0.000   0.000   0.000   0.000   0.000   0.000   0.000   0.000   0.000   0.000   0.000   0.000    0.000    0.000   0.000    0.000   0.000   0.000   0.000   0.000   0.000    0.000    0.000      0.000    0.000   0.000    0.000     0.000    0.000      0.000   0.000
      8   0.000    0.000   0.000   0.000   0.000   0.000   0.000   0.000   0.000   0.000   0.000   0.000   0.000    0.000    0.000   0.000    0.000   0.000   0.000   0.000   0.000   0.000    0.000    0.000      0.000    0.000   0.000    0.000     0.000    0.000      0.000   0.000
      9   0.000    0.000   0.000   0.000   0.000   0.000   0.000   0.000   0.000   0.000   0.000   0.000   0.000    0.000    0.000   0.000    0.000   0.000   0.000   0.000   0.000   0.000    0.000    0.000      0.000    0.000   0.000    0.000     0.000    0.000      0.000   0.000
    Sum   0.011    0.001   0.009   0.000   0.000   0.000   0.000   0.000   0.000   0.000   0.000   0.000   0.000    0.002    0.000   0.000    0.000   0.000   0.000   0.000   0.000   0.000    0.000    0.000      0.000    0.000   0.000    0.000     0.000    0.000      0.000   0.011


Summary
------------------------------------------------------------------------------------------------------------------------------
                  dt  Flu_Adv  Gra_Adv  Src_Adv  Che_Adv       SF   FB_Adv    FixUp     Flag   Refine MPI_Grid   Output      Aux       LB CorrSync      Par -MPI_Par    libyt         Sum
    Time      0.0006   0.0086   0.0000   0.0000   0.0000   0.0000   0.0000   0.0000   0.0000   0.0000   0.0017   0.0348   0.0520   0.0010   0.0000   0.0000   0.0000   0.0000      0.0988
    Frac      0.625%   8.717%   0.000%   0.000%   0.000%   0.000%   0.000%   0.000%   0.000%   0.000%   1.761%  35.260%  52.650%   0.976%   0.000%   0.000%   0.000%   0.000%     99.989%

==============================================================================================================================
==============================================================================================================================



Time : 3.1551224e-02 -> 3.2639197e-02,     Step :       29 ->       30

Main Loop
------------------------------------------------------------------------------------------------------------------------------
       Total    Integration       Output    Auxiliary    LoadBalance       CorrSync          libyt            Sum
      0.1260         0.0110       0.0295       0.0845         0.0009         0.0000         0.0000         0.1260


Integration Loop
------------------------------------------------------------------------------------------------------------------------------
     Lv   Total       dt Flu_Adv Gra_Adv Src_Adv Che_Adv      SF  FB_Adv   FixUp    Flag  Refine Buf_Rho Buf_Pot Buf_Flu1 Buf_Flu2 Buf_Ref Buf_Flux Buf_Res Buf_Che  Par_KD   Par_K Par_K-1 Par_2Sib -MPI_Sib -MPI_FaSib Par_2Son    -MPI Par_Coll -MPI_Real -MPI_Sib -MPI_FaSib     Sum
      0   0.011    0.001   0.009   0.000   0.000   0.000   0.000   0.000   0.000   0.000   0.000   0.000   0.000    0.002    0.000   0.000    0.000   0.000   0.000   0.000   0.000   0.000    0.000    0.000      0.000    0.000   0.000    0.000     0.000    0.000      0.000   0.011
      1   0.000    0.000   0.000   0.000   0.000   0.000   0.000   0.000   0.000   0.000   0.000   0.000   0.000    0.000    0.000   0.000    0.000   0.000   0.000   0.000   0.000   0.000    0.000    0.000      0.000    0.000   0.000    0.000     0.000    0.000      0.000   0.000
      2   0.000    0.000   0.000   0.000   0.000   0.000   0.000   0.000   0.000   0.000   0.000   0.000   0.000    0.000    0.000   0.000    0.000   0.000   0.000   0.000   0.000   0.000    0.000    0.000      0.000    0.000   0.000    0.000     0.000    0.000      0.000   0.000
      3   0.000    0.000   0.000   0.000   0.000   0.000   0.000   0.000   0.000   0.000   0.000   0.000   0.000    0.000    0.000   0.000    0.000   0.000   0.000   0.000   0.000   0.000    0.000    0.000      0.000    0.000   0.000    0.000     0.000    0.000      0.000   0.000
      4   0.000    0.000   0.000   0.000   0.000   0.000   0.000   0.000   0.000   0.000   0.000   0.000   0.000    0.000    0.000   0.000    0.000   0.000   0.000   0.000   0.000   0.000    0.000    0.000      0.000    0.000   0.000    0.000     0.000    0.000      0.000   0.000
      5   0.000    0.000   0.000   0.000   0.000   0.000   0.000   0.000   0.000   0.000   0.000   0.000   0.000    0.000    0.000   0.000    0.000   0.000   0.000   0.000   0.000   0.000    0.000    0.000      0.000    0.000   0.000    0.000     0.000    0.000      0.000   0.000
      6   0.000    0.000   0.000   0.000   0.000   0.000   0.000   0.000   0.000   0.000   0.000   0.000   0.000    0.000    0.000   0.000    0.000   0.000   0.000   0.000   0.000   0.000    0.000    0.000      0.000    0.000   0.000    0.000     0.000    0.000      0.000   0.000
      7   0.000    0.000   0.000   0.000   0.000   0.000   0.000   0.000   0.000   0.000   0.000   0.000   0.000    0.000    0.000   0.000    0.000   0.000   0.000   0.000   0.000   0.000    0.000    0.000      0.000    0.000   0.000    0.000     0.000    0.000      0.000   0.000
      8   0.000    0.000   0.000   0.000   0.000   0.000   0.000   0.000   0.000   0.000   0.000   0.000   0.000    0.000    0.000   0.000    0.000   0.000   0.000   0.000   0.000   0.000    0.000    0.000      0.000    0.000   0.000    0.000     0.000    0.000      0.000   0.000
      9   0.000    0.000   0.000   0.000   0.000   0.000   0.000   0.000   0.000   0.000   0.000   0.000   0.000    0.000    0.000   0.000    0.000   0.000   0.000   0.000   0.000   0.000    0.000    0.000      0.000    0.000   0.000    0.000     0.000    0.000      0.000   0.000
    Sum   0.011    0.001   0.009   0.000   0.000   0.000   0.000   0.000   0.000   0.000   0.000   0.000   0.000    0.002    0.000   0.000    0.000   0.000   0.000   0.000   0.000   0.000    0.000    0.000      0.000    0.000   0.000    0.000     0.000    0.000      0.000   0.011


Summary
------------------------------------------------------------------------------------------------------------------------------
                  dt  Flu_Adv  Gra_Adv  Src_Adv  Che_Adv       SF   FB_Adv    FixUp     Flag   Refine MPI_Grid   Output      Aux       LB CorrSync      Par -MPI_Par    libyt         Sum
    Time      0.0007   0.0086   0.0000   0.0000   0.0000   0.0000   0.0000   0.0000   0.0000   0.0000   0.0018   0.0295   0.0845   0.0009   0.0000   0.0000   0.0000   0.0000      0.1260
    Frac      0.526%   6.793%   0.000%   0.000%   0.000%   0.000%   0.000%   0.000%   0.000%   0.000%   1.422%  23.428%  67.082%   0.739%   0.000%   0.000%   0.000%   0.000%     99.990%

==============================================================================================================================
==============================================================================================================================



Time : 3.2639197e-02 -> 3.3727171e-02,     Step :       30 ->       31

Main Loop
------------------------------------------------------------------------------------------------------------------------------
       Total    Integration       Output    Auxiliary    LoadBalance       CorrSync          libyt            Sum
      0.1106         0.0142       0.0211       0.0554         0.0199         0.0000         0.0000         0.1106


Integration Loop
------------------------------------------------------------------------------------------------------------------------------
     Lv   Total       dt Flu_Adv Gra_Adv Src_Adv Che_Adv      SF  FB_Adv   FixUp    Flag  Refine Buf_Rho Buf_Pot Buf_Flu1 Buf_Flu2 Buf_Ref Buf_Flux Buf_Res Buf_Che  Par_KD   Par_K Par_K-1 Par_2Sib -MPI_Sib -MPI_FaSib Par_2Son    -MPI Par_Coll -MPI_Real -MPI_Sib -MPI_FaSib     Sum
      0   0.014    0.001   0.012   0.000   0.000   0.000   0.000   0.000   0.000   0.000   0.000   0.000   0.000    0.002    0.000   0.000    0.000   0.000   0.000   0.000   0.000   0.000    0.000    0.000      0.000    0.000   0.000    0.000     0.000    0.000      0.000   0.014
      1   0.000    0.000   0.000   0.000   0.000   0.000   0.000   0.000   0.000   0.000   0.000   0.000   0.000    0.000    0.000   0.000    0.000   0.000   0.000   0.000   0.000   0.000    0.000    0.000      0.000    0.000   0.000    0.000     0.000    0.000      0.000   0.000
      2   0.000    0.000   0.000   0.000   0.000   0.000   0.000   0.000   0.000   0.000   0.000   0.000   0.000    0.000    0.000   0.000    0.000   0.000   0.000   0.000   0.000   0.000    0.000    0.000      0.000    0.000   0.000    0.000     0.000    0.000      0.000   0.000
      3   0.000    0.000   0.000   0.000   0.000   0.000   0.000   0.000   0.000   0.000   0.000   0.000   0.000    0.000    0.000   0.000    0.000   0.000   0.000   0.000   0.000   0.000    0.000    0.000      0.000    0.000   0.000    0.000     0.000    0.000      0.000   0.000
      4   0.000    0.000   0.000   0.000   0.000   0.000   0.000   0.000   0.000   0.000   0.000   0.000   0.000    0.000    0.000   0.000    0.000   0.000   0.000   0.000   0.000   0.000    0.000    0.000      0.000    0.000   0.000    0.000     0.000    0.000      0.000   0.000
      5   0.000    0.000   0.000   0.000   0.000   0.000   0.000   0.000   0.000   0.000   0.000   0.000   0.000    0.000    0.000   0.000    0.000   0.000   0.000   0.000   0.000   0.000    0.000    0.000      0.000    0.000   0.000    0.000     0.000    0.000      0.000   0.000
      6   0.000    0.000   0.000   0.000   0.000   0.000   0.000   0.000   0.000   0.000   0.000   0.000   0.000    0.000    0.000   0.000    0.000   0.000   0.000   0.000   0.000   0.000    0.000    0.000      0.000    0.000   0.000    0.000     0.000    0.000      0.000   0.000
      7   0.000    0.000   0.000   0.000   0.000   0.000   0.000   0.000   0.000   0.000   0.000   0.000   0.000    0.000    0.000   0.000    0.000   0.000   0.000   0.000   0.000   0.000    0.000    0.000      0.000    0.000   0.000    0.000     0.000    0.000      0.000   0.000
      8   0.000    0.000   0.000   0.000   0.000   0.000   0.000   0.000   0.000   0.000   0.000   0.000   0.000    0.000    0.000   0.000    0.000   0.000   0.000   0.000   0.000   0.000    0.000    0.000      0.000    0.000   0.000    0.000     0.000    0.000      0.000   0.000
      9   0.000    0.000   0.000   0.000   0.000   0.000   0.000   0.000   0.000   0.000   0.000   0.000   0.000    0.000    0.000   0.000    0.000   0.000   0.000   0.000   0.000   0.000    0.000    0.000      0.000    0.000   0.000    0.000     0.000    0.000      0.000   0.000
    Sum   0.014    0.001   0.012   0.000   0.000   0.000   0.000   0.000   0.000   0.000   0.000   0.000   0.000    0.002    0.000   0.000    0.000   0.000   0.000   0.000   0.000   0.000    0.000    0.000      0.000    0.000   0.000    0.000     0.000    0.000      0.000   0.014


Summary
------------------------------------------------------------------------------------------------------------------------------
                  dt  Flu_Adv  Gra_Adv  Src_Adv  Che_Adv       SF   FB_Adv    FixUp     Flag   Refine MPI_Grid   Output      Aux       LB CorrSync      Par -MPI_Par    libyt         Sum
    Time      0.0007   0.0119   0.0000   0.0000   0.0000   0.0000   0.0000   0.0000   0.0000   0.0000   0.0016   0.0211   0.0554   0.0199   0.0000   0.0000   0.0000   0.0000      0.1106
    Frac      0.612%  10.794%   0.000%   0.000%   0.000%   0.000%   0.000%   0.000%   0.000%   0.000%   1.404%  19.094%  50.121%  17.967%   0.000%   0.000%   0.000%   0.000%     99.993%

==============================================================================================================================
==============================================================================================================================



Time : 3.3727171e-02 -> 3.4815144e-02,     Step :       31 ->       32

Main Loop
------------------------------------------------------------------------------------------------------------------------------
       Total    Integration       Output    Auxiliary    LoadBalance       CorrSync          libyt            Sum
      0.1710         0.0125       0.0275       0.1259         0.0051         0.0000         0.0000         0.1710


Integration Loop
------------------------------------------------------------------------------------------------------------------------------
     Lv   Total       dt Flu_Adv Gra_Adv Src_Adv Che_Adv      SF  FB_Adv   FixUp    Flag  Refine Buf_Rho Buf_Pot Buf_Flu1 Buf_Flu2 Buf_Ref Buf_Flux Buf_Res Buf_Che  Par_KD   Par_K Par_K-1 Par_2Sib -MPI_Sib -MPI_FaSib Par_2Son    -MPI Par_Coll -MPI_Real -MPI_Sib -MPI_FaSib     Sum
      0   0.012    0.001   0.009   0.000   0.000   0.000   0.000   0.000   0.000   0.000   0.000   0.000   0.000    0.002    0.000   0.000    0.000   0.000   0.000   0.000   0.000   0.000    0.000    0.000      0.000    0.000   0.000    0.000     0.000    0.000      0.000   0.012
      1   0.000    0.000   0.000   0.000   0.000   0.000   0.000   0.000   0.000   0.000   0.000   0.000   0.000    0.000    0.000   0.000    0.000   0.000   0.000   0.000   0.000   0.000    0.000    0.000      0.000    0.000   0.000    0.000     0.000    0.000      0.000   0.000
      2   0.000    0.000   0.000   0.000   0.000   0.000   0.000   0.000   0.000   0.000   0.000   0.000   0.000    0.000    0.000   0.000    0.000   0.000   0.000   0.000   0.000   0.000    0.000    0.000      0.000    0.000   0.000    0.000     0.000    0.000      0.000   0.000
      3   0.000    0.000   0.000   0.000   0.000   0.000   0.000   0.000   0.000   0.000   0.000   0.000   0.000    0.000    0.000   0.000    0.000   0.000   0.000   0.000   0.000   0.000    0.000    0.000      0.000    0.000   0.000    0.000     0.000    0.000      0.000   0.000
      4   0.000    0.000   0.000   0.000   0.000   0.000   0.000   0.000   0.000   0.000   0.000   0.000   0.000    0.000    0.000   0.000    0.000   0.000   0.000   0.000   0.000   0.000    0.000    0.000      0.000    0.000   0.000    0.000     0.000    0.000      0.000   0.000
      5   0.000    0.000   0.000   0.000   0.000   0.000   0.000   0.000   0.000   0.000   0.000   0.000   0.000    0.000    0.000   0.000    0.000   0.000   0.000   0.000   0.000   0.000    0.000    0.000      0.000    0.000   0.000    0.000     0.000    0.000      0.000   0.000
      6   0.000    0.000   0.000   0.000   0.000   0.000   0.000   0.000   0.000   0.000   0.000   0.000   0.000    0.000    0.000   0.000    0.000   0.000   0.000   0.000   0.000   0.000    0.000    0.000      0.000    0.000   0.000    0.000     0.000    0.000      0.000   0.000
      7   0.000    0.000   0.000   0.000   0.000   0.000   0.000   0.000   0.000   0.000   0.000   0.000   0.000    0.000    0.000   0.000    0.000   0.000   0.000   0.000   0.000   0.000    0.000    0.000      0.000    0.000   0.000    0.000     0.000    0.000      0.000   0.000
      8   0.000    0.000   0.000   0.000   0.000   0.000   0.000   0.000   0.000   0.000   0.000   0.000   0.000    0.000    0.000   0.000    0.000   0.000   0.000   0.000   0.000   0.000    0.000    0.000      0.000    0.000   0.000    0.000     0.000    0.000      0.000   0.000
      9   0.000    0.000   0.000   0.000   0.000   0.000   0.000   0.000   0.000   0.000   0.000   0.000   0.000    0.000    0.000   0.000    0.000   0.000   0.000   0.000   0.000   0.000    0.000    0.000      0.000    0.000   0.000    0.000     0.000    0.000      0.000   0.000
    Sum   0.012    0.001   0.009   0.000   0.000   0.000   0.000   0.000   0.000   0.000   0.000   0.000   0.000    0.002    0.000   0.000    0.000   0.000   0.000   0.000   0.000   0.000    0.000    0.000      0.000    0.000   0.000    0.000     0.000    0.000      0.000   0.012


Summary
------------------------------------------------------------------------------------------------------------------------------
                  dt  Flu_Adv  Gra_Adv  Src_Adv  Che_Adv       SF   FB_Adv    FixUp     Flag   Refine MPI_Grid   Output      Aux       LB CorrSync      Par -MPI_Par    libyt         Sum
    Time      0.0008   0.0090   0.0000   0.0000   0.0000   0.0000   0.0000   0.0000   0.0004   0.0004   0.0019   0.0275   0.1259   0.0051   0.0000   0.0000   0.0000   0.0000      0.1710
    Frac      0.463%   5.287%   0.000%   0.000%   0.000%   0.000%   0.000%   0.000%   0.225%   0.220%   1.110%  16.083%  73.627%   2.979%   0.000%   0.000%   0.000%   0.000%     99.994%

==============================================================================================================================
==============================================================================================================================



Time : 3.4815144e-02 -> 3.5903117e-02,     Step :       32 ->       33

Main Loop
------------------------------------------------------------------------------------------------------------------------------
       Total    Integration       Output    Auxiliary    LoadBalance       CorrSync          libyt            Sum
      0.0953         0.0127       0.0268       0.0548         0.0010         0.0000         0.0000         0.0953


Integration Loop
------------------------------------------------------------------------------------------------------------------------------
     Lv   Total       dt Flu_Adv Gra_Adv Src_Adv Che_Adv      SF  FB_Adv   FixUp    Flag  Refine Buf_Rho Buf_Pot Buf_Flu1 Buf_Flu2 Buf_Ref Buf_Flux Buf_Res Buf_Che  Par_KD   Par_K Par_K-1 Par_2Sib -MPI_Sib -MPI_FaSib Par_2Son    -MPI Par_Coll -MPI_Real -MPI_Sib -MPI_FaSib     Sum
      0   0.013    0.001   0.010   0.000   0.000   0.000   0.000   0.000   0.000   0.000   0.000   0.000   0.000    0.002    0.000   0.000    0.000   0.000   0.000   0.000   0.000   0.000    0.000    0.000      0.000    0.000   0.000    0.000     0.000    0.000      0.000   0.013
      1   0.000    0.000   0.000   0.000   0.000   0.000   0.000   0.000   0.000   0.000   0.000   0.000   0.000    0.000    0.000   0.000    0.000   0.000   0.000   0.000   0.000   0.000    0.000    0.000      0.000    0.000   0.000    0.000     0.000    0.000      0.000   0.000
      2   0.000    0.000   0.000   0.000   0.000   0.000   0.000   0.000   0.000   0.000   0.000   0.000   0.000    0.000    0.000   0.000    0.000   0.000   0.000   0.000   0.000   0.000    0.000    0.000      0.000    0.000   0.000    0.000     0.000    0.000      0.000   0.000
      3   0.000    0.000   0.000   0.000   0.000   0.000   0.000   0.000   0.000   0.000   0.000   0.000   0.000    0.000    0.000   0.000    0.000   0.000   0.000   0.000   0.000   0.000    0.000    0.000      0.000    0.000   0.000    0.000     0.000    0.000      0.000   0.000
      4   0.000    0.000   0.000   0.000   0.000   0.000   0.000   0.000   0.000   0.000   0.000   0.000   0.000    0.000    0.000   0.000    0.000   0.000   0.000   0.000   0.000   0.000    0.000    0.000      0.000    0.000   0.000    0.000     0.000    0.000      0.000   0.000
      5   0.000    0.000   0.000   0.000   0.000   0.000   0.000   0.000   0.000   0.000   0.000   0.000   0.000    0.000    0.000   0.000    0.000   0.000   0.000   0.000   0.000   0.000    0.000    0.000      0.000    0.000   0.000    0.000     0.000    0.000      0.000   0.000
      6   0.000    0.000   0.000   0.000   0.000   0.000   0.000   0.000   0.000   0.000   0.000   0.000   0.000    0.000    0.000   0.000    0.000   0.000   0.000   0.000   0.000   0.000    0.000    0.000      0.000    0.000   0.000    0.000     0.000    0.000      0.000   0.000
      7   0.000    0.000   0.000   0.000   0.000   0.000   0.000   0.000   0.000   0.000   0.000   0.000   0.000    0.000    0.000   0.000    0.000   0.000   0.000   0.000   0.000   0.000    0.000    0.000      0.000    0.000   0.000    0.000     0.000    0.000      0.000   0.000
      8   0.000    0.000   0.000   0.000   0.000   0.000   0.000   0.000   0.000   0.000   0.000   0.000   0.000    0.000    0.000   0.000    0.000   0.000   0.000   0.000   0.000   0.000    0.000    0.000      0.000    0.000   0.000    0.000     0.000    0.000      0.000   0.000
      9   0.000    0.000   0.000   0.000   0.000   0.000   0.000   0.000   0.000   0.000   0.000   0.000   0.000    0.000    0.000   0.000    0.000   0.000   0.000   0.000   0.000   0.000    0.000    0.000      0.000    0.000   0.000    0.000     0.000    0.000      0.000   0.000
    Sum   0.013    0.001   0.010   0.000   0.000   0.000   0.000   0.000   0.000   0.000   0.000   0.000   0.000    0.002    0.000   0.000    0.000   0.000   0.000   0.000   0.000   0.000    0.000    0.000      0.000    0.000   0.000    0.000     0.000    0.000      0.000   0.013


Summary
------------------------------------------------------------------------------------------------------------------------------
                  dt  Flu_Adv  Gra_Adv  Src_Adv  Che_Adv       SF   FB_Adv    FixUp     Flag   Refine MPI_Grid   Output      Aux       LB CorrSync      Par -MPI_Par    libyt         Sum
    Time      0.0007   0.0101   0.0000   0.0000   0.0000   0.0000   0.0000   0.0000   0.0000   0.0000   0.0019   0.0268   0.0548   0.0010   0.0000   0.0000   0.0000   0.0000      0.0953
    Frac      0.692%  10.617%   0.000%   0.000%   0.000%   0.000%   0.000%   0.000%   0.000%   0.000%   1.991%  28.123%  57.529%   1.039%   0.000%   0.000%   0.000%   0.000%     99.992%

==============================================================================================================================
==============================================================================================================================



Time : 3.5903117e-02 -> 3.6991090e-02,     Step :       33 ->       34

Main Loop
------------------------------------------------------------------------------------------------------------------------------
       Total    Integration       Output    Auxiliary    LoadBalance       CorrSync          libyt            Sum
      0.1313         0.0118       0.0716       0.0469         0.0009         0.0000         0.0000         0.1313


Integration Loop
------------------------------------------------------------------------------------------------------------------------------
     Lv   Total       dt Flu_Adv Gra_Adv Src_Adv Che_Adv      SF  FB_Adv   FixUp    Flag  Refine Buf_Rho Buf_Pot Buf_Flu1 Buf_Flu2 Buf_Ref Buf_Flux Buf_Res Buf_Che  Par_KD   Par_K Par_K-1 Par_2Sib -MPI_Sib -MPI_FaSib Par_2Son    -MPI Par_Coll -MPI_Real -MPI_Sib -MPI_FaSib     Sum
      0   0.012    0.001   0.009   0.000   0.000   0.000   0.000   0.000   0.000   0.000   0.000   0.000   0.000    0.002    0.000   0.000    0.000   0.000   0.000   0.000   0.000   0.000    0.000    0.000      0.000    0.000   0.000    0.000     0.000    0.000      0.000   0.012
      1   0.000    0.000   0.000   0.000   0.000   0.000   0.000   0.000   0.000   0.000   0.000   0.000   0.000    0.000    0.000   0.000    0.000   0.000   0.000   0.000   0.000   0.000    0.000    0.000      0.000    0.000   0.000    0.000     0.000    0.000      0.000   0.000
      2   0.000    0.000   0.000   0.000   0.000   0.000   0.000   0.000   0.000   0.000   0.000   0.000   0.000    0.000    0.000   0.000    0.000   0.000   0.000   0.000   0.000   0.000    0.000    0.000      0.000    0.000   0.000    0.000     0.000    0.000      0.000   0.000
      3   0.000    0.000   0.000   0.000   0.000   0.000   0.000   0.000   0.000   0.000   0.000   0.000   0.000    0.000    0.000   0.000    0.000   0.000   0.000   0.000   0.000   0.000    0.000    0.000      0.000    0.000   0.000    0.000     0.000    0.000      0.000   0.000
      4   0.000    0.000   0.000   0.000   0.000   0.000   0.000   0.000   0.000   0.000   0.000   0.000   0.000    0.000    0.000   0.000    0.000   0.000   0.000   0.000   0.000   0.000    0.000    0.000      0.000    0.000   0.000    0.000     0.000    0.000      0.000   0.000
      5   0.000    0.000   0.000   0.000   0.000   0.000   0.000   0.000   0.000   0.000   0.000   0.000   0.000    0.000    0.000   0.000    0.000   0.000   0.000   0.000   0.000   0.000    0.000    0.000      0.000    0.000   0.000    0.000     0.000    0.000      0.000   0.000
      6   0.000    0.000   0.000   0.000   0.000   0.000   0.000   0.000   0.000   0.000   0.000   0.000   0.000    0.000    0.000   0.000    0.000   0.000   0.000   0.000   0.000   0.000    0.000    0.000      0.000    0.000   0.000    0.000     0.000    0.000      0.000   0.000
      7   0.000    0.000   0.000   0.000   0.000   0.000   0.000   0.000   0.000   0.000   0.000   0.000   0.000    0.000    0.000   0.000    0.000   0.000   0.000   0.000   0.000   0.000    0.000    0.000      0.000    0.000   0.000    0.000     0.000    0.000      0.000   0.000
      8   0.000    0.000   0.000   0.000   0.000   0.000   0.000   0.000   0.000   0.000   0.000   0.000   0.000    0.000    0.000   0.000    0.000   0.000   0.000   0.000   0.000   0.000    0.000    0.000      0.000    0.000   0.000    0.000     0.000    0.000      0.000   0.000
      9   0.000    0.000   0.000   0.000   0.000   0.000   0.000   0.000   0.000   0.000   0.000   0.000   0.000    0.000    0.000   0.000    0.000   0.000   0.000   0.000   0.000   0.000    0.000    0.000      0.000    0.000   0.000    0.000     0.000    0.000      0.000   0.000
    Sum   0.012    0.001   0.009   0.000   0.000   0.000   0.000   0.000   0.000   0.000   0.000   0.000   0.000    0.002    0.000   0.000    0.000   0.000   0.000   0.000   0.000   0.000    0.000    0.000      0.000    0.000   0.000    0.000     0.000    0.000      0.000   0.012


Summary
------------------------------------------------------------------------------------------------------------------------------
                  dt  Flu_Adv  Gra_Adv  Src_Adv  Che_Adv       SF   FB_Adv    FixUp     Flag   Refine MPI_Grid   Output      Aux       LB CorrSync      Par -MPI_Par    libyt         Sum
    Time      0.0006   0.0090   0.0000   0.0000   0.0000   0.0000   0.0000   0.0000   0.0000   0.0000   0.0022   0.0716   0.0469   0.0009   0.0000   0.0000   0.0000   0.0000      0.1313
    Frac      0.478%   6.839%   0.000%   0.000%   0.000%   0.000%   0.000%   0.000%   0.000%   0.000%   1.684%  54.580%  35.713%   0.699%   0.000%   0.000%   0.000%   0.000%     99.993%

==============================================================================================================================
==============================================================================================================================



Time : 3.6991090e-02 -> 3.8079064e-02,     Step :       34 ->       35

Main Loop
------------------------------------------------------------------------------------------------------------------------------
       Total    Integration       Output    Auxiliary    LoadBalance       CorrSync          libyt            Sum
      0.1543         0.0036       0.0537       0.0960         0.0010         0.0000         0.0000         0.1542


Integration Loop
------------------------------------------------------------------------------------------------------------------------------
     Lv   Total       dt Flu_Adv Gra_Adv Src_Adv Che_Adv      SF  FB_Adv   FixUp    Flag  Refine Buf_Rho Buf_Pot Buf_Flu1 Buf_Flu2 Buf_Ref Buf_Flux Buf_Res Buf_Che  Par_KD   Par_K Par_K-1 Par_2Sib -MPI_Sib -MPI_FaSib Par_2Son    -MPI Par_Coll -MPI_Real -MPI_Sib -MPI_FaSib     Sum
      0   0.004    0.001   0.001   0.000   0.000   0.000   0.000   0.000   0.000   0.000   0.000   0.000   0.000    0.002    0.000   0.000    0.000   0.000   0.000   0.000   0.000   0.000    0.000    0.000      0.000    0.000   0.000    0.000     0.000    0.000      0.000   0.004
      1   0.000    0.000   0.000   0.000   0.000   0.000   0.000   0.000   0.000   0.000   0.000   0.000   0.000    0.000    0.000   0.000    0.000   0.000   0.000   0.000   0.000   0.000    0.000    0.000      0.000    0.000   0.000    0.000     0.000    0.000      0.000   0.000
      2   0.000    0.000   0.000   0.000   0.000   0.000   0.000   0.000   0.000   0.000   0.000   0.000   0.000    0.000    0.000   0.000    0.000   0.000   0.000   0.000   0.000   0.000    0.000    0.000      0.000    0.000   0.000    0.000     0.000    0.000      0.000   0.000
      3   0.000    0.000   0.000   0.000   0.000   0.000   0.000   0.000   0.000   0.000   0.000   0.000   0.000    0.000    0.000   0.000    0.000   0.000   0.000   0.000   0.000   0.000    0.000    0.000      0.000    0.000   0.000    0.000     0.000    0.000      0.000   0.000
      4   0.000    0.000   0.000   0.000   0.000   0.000   0.000   0.000   0.000   0.000   0.000   0.000   0.000    0.000    0.000   0.000    0.000   0.000   0.000   0.000   0.000   0.000    0.000    0.000      0.000    0.000   0.000    0.000     0.000    0.000      0.000   0.000
      5   0.000    0.000   0.000   0.000   0.000   0.000   0.000   0.000   0.000   0.000   0.000   0.000   0.000    0.000    0.000   0.000    0.000   0.000   0.000   0.000   0.000   0.000    0.000    0.000      0.000    0.000   0.000    0.000     0.000    0.000      0.000   0.000
      6   0.000    0.000   0.000   0.000   0.000   0.000   0.000   0.000   0.000   0.000   0.000   0.000   0.000    0.000    0.000   0.000    0.000   0.000   0.000   0.000   0.000   0.000    0.000    0.000      0.000    0.000   0.000    0.000     0.000    0.000      0.000   0.000
      7   0.000    0.000   0.000   0.000   0.000   0.000   0.000   0.000   0.000   0.000   0.000   0.000   0.000    0.000    0.000   0.000    0.000   0.000   0.000   0.000   0.000   0.000    0.000    0.000      0.000    0.000   0.000    0.000     0.000    0.000      0.000   0.000
      8   0.000    0.000   0.000   0.000   0.000   0.000   0.000   0.000   0.000   0.000   0.000   0.000   0.000    0.000    0.000   0.000    0.000   0.000   0.000   0.000   0.000   0.000    0.000    0.000      0.000    0.000   0.000    0.000     0.000    0.000      0.000   0.000
      9   0.000    0.000   0.000   0.000   0.000   0.000   0.000   0.000   0.000   0.000   0.000   0.000   0.000    0.000    0.000   0.000    0.000   0.000   0.000   0.000   0.000   0.000    0.000    0.000      0.000    0.000   0.000    0.000     0.000    0.000      0.000   0.000
    Sum   0.004    0.001   0.001   0.000   0.000   0.000   0.000   0.000   0.000   0.000   0.000   0.000   0.000    0.002    0.000   0.000    0.000   0.000   0.000   0.000   0.000   0.000    0.000    0.000      0.000    0.000   0.000    0.000     0.000    0.000      0.000   0.004


Summary
------------------------------------------------------------------------------------------------------------------------------
                  dt  Flu_Adv  Gra_Adv  Src_Adv  Che_Adv       SF   FB_Adv    FixUp     Flag   Refine MPI_Grid   Output      Aux       LB CorrSync      Par -MPI_Par    libyt         Sum
    Time      0.0006   0.0013   0.0000   0.0000   0.0000   0.0000   0.0000   0.0000   0.0000   0.0000   0.0017   0.0537   0.0960   0.0010   0.0000   0.0000   0.0000   0.0000      0.1542
    Frac      0.385%   0.826%   0.000%   0.000%   0.000%   0.000%   0.000%   0.000%   0.000%   0.000%   1.111%  34.781%  62.268%   0.624%   0.000%   0.000%   0.000%   0.000%     99.994%

==============================================================================================================================
==============================================================================================================================



Time : 3.8079064e-02 -> 3.9167037e-02,     Step :       35 ->       36

Main Loop
------------------------------------------------------------------------------------------------------------------------------
       Total    Integration       Output    Auxiliary    LoadBalance       CorrSync          libyt            Sum
      0.1752         0.0116       0.0276       0.1205         0.0156         0.0000         0.0000         0.1752


Integration Loop
------------------------------------------------------------------------------------------------------------------------------
     Lv   Total       dt Flu_Adv Gra_Adv Src_Adv Che_Adv      SF  FB_Adv   FixUp    Flag  Refine Buf_Rho Buf_Pot Buf_Flu1 Buf_Flu2 Buf_Ref Buf_Flux Buf_Res Buf_Che  Par_KD   Par_K Par_K-1 Par_2Sib -MPI_Sib -MPI_FaSib Par_2Son    -MPI Par_Coll -MPI_Real -MPI_Sib -MPI_FaSib     Sum
      0   0.012    0.001   0.009   0.000   0.000   0.000   0.000   0.000   0.000   0.000   0.000   0.000   0.000    0.002    0.000   0.000    0.000   0.000   0.000   0.000   0.000   0.000    0.000    0.000      0.000    0.000   0.000    0.000     0.000    0.000      0.000   0.012
      1   0.000    0.000   0.000   0.000   0.000   0.000   0.000   0.000   0.000   0.000   0.000   0.000   0.000    0.000    0.000   0.000    0.000   0.000   0.000   0.000   0.000   0.000    0.000    0.000      0.000    0.000   0.000    0.000     0.000    0.000      0.000   0.000
      2   0.000    0.000   0.000   0.000   0.000   0.000   0.000   0.000   0.000   0.000   0.000   0.000   0.000    0.000    0.000   0.000    0.000   0.000   0.000   0.000   0.000   0.000    0.000    0.000      0.000    0.000   0.000    0.000     0.000    0.000      0.000   0.000
      3   0.000    0.000   0.000   0.000   0.000   0.000   0.000   0.000   0.000   0.000   0.000   0.000   0.000    0.000    0.000   0.000    0.000   0.000   0.000   0.000   0.000   0.000    0.000    0.000      0.000    0.000   0.000    0.000     0.000    0.000      0.000   0.000
      4   0.000    0.000   0.000   0.000   0.000   0.000   0.000   0.000   0.000   0.000   0.000   0.000   0.000    0.000    0.000   0.000    0.000   0.000   0.000   0.000   0.000   0.000    0.000    0.000      0.000    0.000   0.000    0.000     0.000    0.000      0.000   0.000
      5   0.000    0.000   0.000   0.000   0.000   0.000   0.000   0.000   0.000   0.000   0.000   0.000   0.000    0.000    0.000   0.000    0.000   0.000   0.000   0.000   0.000   0.000    0.000    0.000      0.000    0.000   0.000    0.000     0.000    0.000      0.000   0.000
      6   0.000    0.000   0.000   0.000   0.000   0.000   0.000   0.000   0.000   0.000   0.000   0.000   0.000    0.000    0.000   0.000    0.000   0.000   0.000   0.000   0.000   0.000    0.000    0.000      0.000    0.000   0.000    0.000     0.000    0.000      0.000   0.000
      7   0.000    0.000   0.000   0.000   0.000   0.000   0.000   0.000   0.000   0.000   0.000   0.000   0.000    0.000    0.000   0.000    0.000   0.000   0.000   0.000   0.000   0.000    0.000    0.000      0.000    0.000   0.000    0.000     0.000    0.000      0.000   0.000
      8   0.000    0.000   0.000   0.000   0.000   0.000   0.000   0.000   0.000   0.000   0.000   0.000   0.000    0.000    0.000   0.000    0.000   0.000   0.000   0.000   0.000   0.000    0.000    0.000      0.000    0.000   0.000    0.000     0.000    0.000      0.000   0.000
      9   0.000    0.000   0.000   0.000   0.000   0.000   0.000   0.000   0.000   0.000   0.000   0.000   0.000    0.000    0.000   0.000    0.000   0.000   0.000   0.000   0.000   0.000    0.000    0.000      0.000    0.000   0.000    0.000     0.000    0.000      0.000   0.000
    Sum   0.012    0.001   0.009   0.000   0.000   0.000   0.000   0.000   0.000   0.000   0.000   0.000   0.000    0.002    0.000   0.000    0.000   0.000   0.000   0.000   0.000   0.000    0.000    0.000      0.000    0.000   0.000    0.000     0.000    0.000      0.000   0.012


Summary
------------------------------------------------------------------------------------------------------------------------------
                  dt  Flu_Adv  Gra_Adv  Src_Adv  Che_Adv       SF   FB_Adv    FixUp     Flag   Refine MPI_Grid   Output      Aux       LB CorrSync      Par -MPI_Par    libyt         Sum
    Time      0.0008   0.0085   0.0000   0.0000   0.0000   0.0000   0.0000   0.0000   0.0002   0.0003   0.0017   0.0276   0.1205   0.0156   0.0000   0.0000   0.0000   0.0000      0.1752
    Frac      0.430%   4.870%   0.000%   0.000%   0.000%   0.000%   0.000%   0.000%   0.132%   0.193%   0.984%  15.744%  68.756%   8.886%   0.000%   0.000%   0.000%   0.000%     99.995%

==============================================================================================================================
==============================================================================================================================



Time : 3.9167037e-02 -> 4.0255010e-02,     Step :       36 ->       37

Main Loop
------------------------------------------------------------------------------------------------------------------------------
       Total    Integration       Output    Auxiliary    LoadBalance       CorrSync          libyt            Sum
      0.1478         0.0110       0.0565       0.0794         0.0009         0.0000         0.0000         0.1477


Integration Loop
------------------------------------------------------------------------------------------------------------------------------
     Lv   Total       dt Flu_Adv Gra_Adv Src_Adv Che_Adv      SF  FB_Adv   FixUp    Flag  Refine Buf_Rho Buf_Pot Buf_Flu1 Buf_Flu2 Buf_Ref Buf_Flux Buf_Res Buf_Che  Par_KD   Par_K Par_K-1 Par_2Sib -MPI_Sib -MPI_FaSib Par_2Son    -MPI Par_Coll -MPI_Real -MPI_Sib -MPI_FaSib     Sum
      0   0.011    0.001   0.009   0.000   0.000   0.000   0.000   0.000   0.000   0.000   0.000   0.000   0.000    0.002    0.000   0.000    0.000   0.000   0.000   0.000   0.000   0.000    0.000    0.000      0.000    0.000   0.000    0.000     0.000    0.000      0.000   0.011
      1   0.000    0.000   0.000   0.000   0.000   0.000   0.000   0.000   0.000   0.000   0.000   0.000   0.000    0.000    0.000   0.000    0.000   0.000   0.000   0.000   0.000   0.000    0.000    0.000      0.000    0.000   0.000    0.000     0.000    0.000      0.000   0.000
      2   0.000    0.000   0.000   0.000   0.000   0.000   0.000   0.000   0.000   0.000   0.000   0.000   0.000    0.000    0.000   0.000    0.000   0.000   0.000   0.000   0.000   0.000    0.000    0.000      0.000    0.000   0.000    0.000     0.000    0.000      0.000   0.000
      3   0.000    0.000   0.000   0.000   0.000   0.000   0.000   0.000   0.000   0.000   0.000   0.000   0.000    0.000    0.000   0.000    0.000   0.000   0.000   0.000   0.000   0.000    0.000    0.000      0.000    0.000   0.000    0.000     0.000    0.000      0.000   0.000
      4   0.000    0.000   0.000   0.000   0.000   0.000   0.000   0.000   0.000   0.000   0.000   0.000   0.000    0.000    0.000   0.000    0.000   0.000   0.000   0.000   0.000   0.000    0.000    0.000      0.000    0.000   0.000    0.000     0.000    0.000      0.000   0.000
      5   0.000    0.000   0.000   0.000   0.000   0.000   0.000   0.000   0.000   0.000   0.000   0.000   0.000    0.000    0.000   0.000    0.000   0.000   0.000   0.000   0.000   0.000    0.000    0.000      0.000    0.000   0.000    0.000     0.000    0.000      0.000   0.000
      6   0.000    0.000   0.000   0.000   0.000   0.000   0.000   0.000   0.000   0.000   0.000   0.000   0.000    0.000    0.000   0.000    0.000   0.000   0.000   0.000   0.000   0.000    0.000    0.000      0.000    0.000   0.000    0.000     0.000    0.000      0.000   0.000
      7   0.000    0.000   0.000   0.000   0.000   0.000   0.000   0.000   0.000   0.000   0.000   0.000   0.000    0.000    0.000   0.000    0.000   0.000   0.000   0.000   0.000   0.000    0.000    0.000      0.000    0.000   0.000    0.000     0.000    0.000      0.000   0.000
      8   0.000    0.000   0.000   0.000   0.000   0.000   0.000   0.000   0.000   0.000   0.000   0.000   0.000    0.000    0.000   0.000    0.000   0.000   0.000   0.000   0.000   0.000    0.000    0.000      0.000    0.000   0.000    0.000     0.000    0.000      0.000   0.000
      9   0.000    0.000   0.000   0.000   0.000   0.000   0.000   0.000   0.000   0.000   0.000   0.000   0.000    0.000    0.000   0.000    0.000   0.000   0.000   0.000   0.000   0.000    0.000    0.000      0.000    0.000   0.000    0.000     0.000    0.000      0.000   0.000
    Sum   0.011    0.001   0.009   0.000   0.000   0.000   0.000   0.000   0.000   0.000   0.000   0.000   0.000    0.002    0.000   0.000    0.000   0.000   0.000   0.000   0.000   0.000    0.000    0.000      0.000    0.000   0.000    0.000     0.000    0.000      0.000   0.011


Summary
------------------------------------------------------------------------------------------------------------------------------
                  dt  Flu_Adv  Gra_Adv  Src_Adv  Che_Adv       SF   FB_Adv    FixUp     Flag   Refine MPI_Grid   Output      Aux       LB CorrSync      Par -MPI_Par    libyt         Sum
    Time      0.0008   0.0086   0.0000   0.0000   0.0000   0.0000   0.0000   0.0000   0.0000   0.0000   0.0016   0.0565   0.0794   0.0009   0.0000   0.0000   0.0000   0.0000      0.1477
    Frac      0.516%   5.808%   0.000%   0.000%   0.000%   0.000%   0.000%   0.000%   0.000%   0.000%   1.113%  38.248%  53.720%   0.586%   0.000%   0.000%   0.000%   0.000%     99.991%

==============================================================================================================================
==============================================================================================================================



Time : 4.0255010e-02 -> 4.1342983e-02,     Step :       37 ->       38

Main Loop
------------------------------------------------------------------------------------------------------------------------------
       Total    Integration       Output    Auxiliary    LoadBalance       CorrSync          libyt            Sum
      0.1140         0.0120       0.0193       0.0818         0.0009         0.0000         0.0000         0.1140


Integration Loop
------------------------------------------------------------------------------------------------------------------------------
     Lv   Total       dt Flu_Adv Gra_Adv Src_Adv Che_Adv      SF  FB_Adv   FixUp    Flag  Refine Buf_Rho Buf_Pot Buf_Flu1 Buf_Flu2 Buf_Ref Buf_Flux Buf_Res Buf_Che  Par_KD   Par_K Par_K-1 Par_2Sib -MPI_Sib -MPI_FaSib Par_2Son    -MPI Par_Coll -MPI_Real -MPI_Sib -MPI_FaSib     Sum
      0   0.012    0.001   0.009   0.000   0.000   0.000   0.000   0.000   0.000   0.000   0.000   0.000   0.000    0.002    0.000   0.000    0.000   0.000   0.000   0.000   0.000   0.000    0.000    0.000      0.000    0.000   0.000    0.000     0.000    0.000      0.000   0.012
      1   0.000    0.000   0.000   0.000   0.000   0.000   0.000   0.000   0.000   0.000   0.000   0.000   0.000    0.000    0.000   0.000    0.000   0.000   0.000   0.000   0.000   0.000    0.000    0.000      0.000    0.000   0.000    0.000     0.000    0.000      0.000   0.000
      2   0.000    0.000   0.000   0.000   0.000   0.000   0.000   0.000   0.000   0.000   0.000   0.000   0.000    0.000    0.000   0.000    0.000   0.000   0.000   0.000   0.000   0.000    0.000    0.000      0.000    0.000   0.000    0.000     0.000    0.000      0.000   0.000
      3   0.000    0.000   0.000   0.000   0.000   0.000   0.000   0.000   0.000   0.000   0.000   0.000   0.000    0.000    0.000   0.000    0.000   0.000   0.000   0.000   0.000   0.000    0.000    0.000      0.000    0.000   0.000    0.000     0.000    0.000      0.000   0.000
      4   0.000    0.000   0.000   0.000   0.000   0.000   0.000   0.000   0.000   0.000   0.000   0.000   0.000    0.000    0.000   0.000    0.000   0.000   0.000   0.000   0.000   0.000    0.000    0.000      0.000    0.000   0.000    0.000     0.000    0.000      0.000   0.000
      5   0.000    0.000   0.000   0.000   0.000   0.000   0.000   0.000   0.000   0.000   0.000   0.000   0.000    0.000    0.000   0.000    0.000   0.000   0.000   0.000   0.000   0.000    0.000    0.000      0.000    0.000   0.000    0.000     0.000    0.000      0.000   0.000
      6   0.000    0.000   0.000   0.000   0.000   0.000   0.000   0.000   0.000   0.000   0.000   0.000   0.000    0.000    0.000   0.000    0.000   0.000   0.000   0.000   0.000   0.000    0.000    0.000      0.000    0.000   0.000    0.000     0.000    0.000      0.000   0.000
      7   0.000    0.000   0.000   0.000   0.000   0.000   0.000   0.000   0.000   0.000   0.000   0.000   0.000    0.000    0.000   0.000    0.000   0.000   0.000   0.000   0.000   0.000    0.000    0.000      0.000    0.000   0.000    0.000     0.000    0.000      0.000   0.000
      8   0.000    0.000   0.000   0.000   0.000   0.000   0.000   0.000   0.000   0.000   0.000   0.000   0.000    0.000    0.000   0.000    0.000   0.000   0.000   0.000   0.000   0.000    0.000    0.000      0.000    0.000   0.000    0.000     0.000    0.000      0.000   0.000
      9   0.000    0.000   0.000   0.000   0.000   0.000   0.000   0.000   0.000   0.000   0.000   0.000   0.000    0.000    0.000   0.000    0.000   0.000   0.000   0.000   0.000   0.000    0.000    0.000      0.000    0.000   0.000    0.000     0.000    0.000      0.000   0.000
    Sum   0.012    0.001   0.009   0.000   0.000   0.000   0.000   0.000   0.000   0.000   0.000   0.000   0.000    0.002    0.000   0.000    0.000   0.000   0.000   0.000   0.000   0.000    0.000    0.000      0.000    0.000   0.000    0.000     0.000    0.000      0.000   0.012


Summary
------------------------------------------------------------------------------------------------------------------------------
                  dt  Flu_Adv  Gra_Adv  Src_Adv  Che_Adv       SF   FB_Adv    FixUp     Flag   Refine MPI_Grid   Output      Aux       LB CorrSync      Par -MPI_Par    libyt         Sum
    Time      0.0008   0.0093   0.0000   0.0000   0.0000   0.0000   0.0000   0.0000   0.0000   0.0000   0.0019   0.0193   0.0818   0.0009   0.0000   0.0000   0.0000   0.0000      0.1140
    Frac      0.680%   8.147%   0.000%   0.000%   0.000%   0.000%   0.000%   0.000%   0.000%   0.000%   1.654%  16.966%  71.704%   0.833%   0.000%   0.000%   0.000%   0.000%     99.985%

==============================================================================================================================
==============================================================================================================================



Time : 4.1342983e-02 -> 4.2430957e-02,     Step :       38 ->       39

Main Loop
------------------------------------------------------------------------------------------------------------------------------
       Total    Integration       Output    Auxiliary    LoadBalance       CorrSync          libyt            Sum
      0.1354         0.0119       0.0320       0.0901         0.0014         0.0000         0.0000         0.1354


Integration Loop
------------------------------------------------------------------------------------------------------------------------------
     Lv   Total       dt Flu_Adv Gra_Adv Src_Adv Che_Adv      SF  FB_Adv   FixUp    Flag  Refine Buf_Rho Buf_Pot Buf_Flu1 Buf_Flu2 Buf_Ref Buf_Flux Buf_Res Buf_Che  Par_KD   Par_K Par_K-1 Par_2Sib -MPI_Sib -MPI_FaSib Par_2Son    -MPI Par_Coll -MPI_Real -MPI_Sib -MPI_FaSib     Sum
      0   0.012    0.001   0.009   0.000   0.000   0.000   0.000   0.000   0.000   0.000   0.000   0.000   0.000    0.002    0.000   0.000    0.000   0.000   0.000   0.000   0.000   0.000    0.000    0.000      0.000    0.000   0.000    0.000     0.000    0.000      0.000   0.012
      1   0.000    0.000   0.000   0.000   0.000   0.000   0.000   0.000   0.000   0.000   0.000   0.000   0.000    0.000    0.000   0.000    0.000   0.000   0.000   0.000   0.000   0.000    0.000    0.000      0.000    0.000   0.000    0.000     0.000    0.000      0.000   0.000
      2   0.000    0.000   0.000   0.000   0.000   0.000   0.000   0.000   0.000   0.000   0.000   0.000   0.000    0.000    0.000   0.000    0.000   0.000   0.000   0.000   0.000   0.000    0.000    0.000      0.000    0.000   0.000    0.000     0.000    0.000      0.000   0.000
      3   0.000    0.000   0.000   0.000   0.000   0.000   0.000   0.000   0.000   0.000   0.000   0.000   0.000    0.000    0.000   0.000    0.000   0.000   0.000   0.000   0.000   0.000    0.000    0.000      0.000    0.000   0.000    0.000     0.000    0.000      0.000   0.000
      4   0.000    0.000   0.000   0.000   0.000   0.000   0.000   0.000   0.000   0.000   0.000   0.000   0.000    0.000    0.000   0.000    0.000   0.000   0.000   0.000   0.000   0.000    0.000    0.000      0.000    0.000   0.000    0.000     0.000    0.000      0.000   0.000
      5   0.000    0.000   0.000   0.000   0.000   0.000   0.000   0.000   0.000   0.000   0.000   0.000   0.000    0.000    0.000   0.000    0.000   0.000   0.000   0.000   0.000   0.000    0.000    0.000      0.000    0.000   0.000    0.000     0.000    0.000      0.000   0.000
      6   0.000    0.000   0.000   0.000   0.000   0.000   0.000   0.000   0.000   0.000   0.000   0.000   0.000    0.000    0.000   0.000    0.000   0.000   0.000   0.000   0.000   0.000    0.000    0.000      0.000    0.000   0.000    0.000     0.000    0.000      0.000   0.000
      7   0.000    0.000   0.000   0.000   0.000   0.000   0.000   0.000   0.000   0.000   0.000   0.000   0.000    0.000    0.000   0.000    0.000   0.000   0.000   0.000   0.000   0.000    0.000    0.000      0.000    0.000   0.000    0.000     0.000    0.000      0.000   0.000
      8   0.000    0.000   0.000   0.000   0.000   0.000   0.000   0.000   0.000   0.000   0.000   0.000   0.000    0.000    0.000   0.000    0.000   0.000   0.000   0.000   0.000   0.000    0.000    0.000      0.000    0.000   0.000    0.000     0.000    0.000      0.000   0.000
      9   0.000    0.000   0.000   0.000   0.000   0.000   0.000   0.000   0.000   0.000   0.000   0.000   0.000    0.000    0.000   0.000    0.000   0.000   0.000   0.000   0.000   0.000    0.000    0.000      0.000    0.000   0.000    0.000     0.000    0.000      0.000   0.000
    Sum   0.012    0.001   0.009   0.000   0.000   0.000   0.000   0.000   0.000   0.000   0.000   0.000   0.000    0.002    0.000   0.000    0.000   0.000   0.000   0.000   0.000   0.000    0.000    0.000      0.000    0.000   0.000    0.000     0.000    0.000      0.000   0.012


Summary
------------------------------------------------------------------------------------------------------------------------------
                  dt  Flu_Adv  Gra_Adv  Src_Adv  Che_Adv       SF   FB_Adv    FixUp     Flag   Refine MPI_Grid   Output      Aux       LB CorrSync      Par -MPI_Par    libyt         Sum
    Time      0.0010   0.0089   0.0000   0.0000   0.0000   0.0000   0.0000   0.0000   0.0000   0.0000   0.0020   0.0320   0.0901   0.0014   0.0000   0.0000   0.0000   0.0000      0.1354
    Frac      0.761%   6.565%   0.000%   0.000%   0.000%   0.000%   0.000%   0.000%   0.000%   0.000%   1.477%  23.611%  66.551%   1.020%   0.000%   0.000%   0.000%   0.000%     99.986%

==============================================================================================================================
==============================================================================================================================



Time : 4.2430957e-02 -> 4.3518930e-02,     Step :       39 ->       40

Main Loop
------------------------------------------------------------------------------------------------------------------------------
       Total    Integration       Output    Auxiliary    LoadBalance       CorrSync          libyt            Sum
      0.1474         0.0140       0.0254       0.1070         0.0010         0.0000         0.0000         0.1474


Integration Loop
------------------------------------------------------------------------------------------------------------------------------
     Lv   Total       dt Flu_Adv Gra_Adv Src_Adv Che_Adv      SF  FB_Adv   FixUp    Flag  Refine Buf_Rho Buf_Pot Buf_Flu1 Buf_Flu2 Buf_Ref Buf_Flux Buf_Res Buf_Che  Par_KD   Par_K Par_K-1 Par_2Sib -MPI_Sib -MPI_FaSib Par_2Son    -MPI Par_Coll -MPI_Real -MPI_Sib -MPI_FaSib     Sum
      0   0.014    0.001   0.009   0.000   0.000   0.000   0.000   0.000   0.000   0.000   0.000   0.000   0.000    0.002    0.000   0.000    0.000   0.000   0.000   0.000   0.000   0.000    0.000    0.000      0.000    0.000   0.000    0.000     0.000    0.000      0.000   0.014
      1   0.000    0.000   0.000   0.000   0.000   0.000   0.000   0.000   0.000   0.000   0.000   0.000   0.000    0.000    0.000   0.000    0.000   0.000   0.000   0.000   0.000   0.000    0.000    0.000      0.000    0.000   0.000    0.000     0.000    0.000      0.000   0.000
      2   0.000    0.000   0.000   0.000   0.000   0.000   0.000   0.000   0.000   0.000   0.000   0.000   0.000    0.000    0.000   0.000    0.000   0.000   0.000   0.000   0.000   0.000    0.000    0.000      0.000    0.000   0.000    0.000     0.000    0.000      0.000   0.000
      3   0.000    0.000   0.000   0.000   0.000   0.000   0.000   0.000   0.000   0.000   0.000   0.000   0.000    0.000    0.000   0.000    0.000   0.000   0.000   0.000   0.000   0.000    0.000    0.000      0.000    0.000   0.000    0.000     0.000    0.000      0.000   0.000
      4   0.000    0.000   0.000   0.000   0.000   0.000   0.000   0.000   0.000   0.000   0.000   0.000   0.000    0.000    0.000   0.000    0.000   0.000   0.000   0.000   0.000   0.000    0.000    0.000      0.000    0.000   0.000    0.000     0.000    0.000      0.000   0.000
      5   0.000    0.000   0.000   0.000   0.000   0.000   0.000   0.000   0.000   0.000   0.000   0.000   0.000    0.000    0.000   0.000    0.000   0.000   0.000   0.000   0.000   0.000    0.000    0.000      0.000    0.000   0.000    0.000     0.000    0.000      0.000   0.000
      6   0.000    0.000   0.000   0.000   0.000   0.000   0.000   0.000   0.000   0.000   0.000   0.000   0.000    0.000    0.000   0.000    0.000   0.000   0.000   0.000   0.000   0.000    0.000    0.000      0.000    0.000   0.000    0.000     0.000    0.000      0.000   0.000
      7   0.000    0.000   0.000   0.000   0.000   0.000   0.000   0.000   0.000   0.000   0.000   0.000   0.000    0.000    0.000   0.000    0.000   0.000   0.000   0.000   0.000   0.000    0.000    0.000      0.000    0.000   0.000    0.000     0.000    0.000      0.000   0.000
      8   0.000    0.000   0.000   0.000   0.000   0.000   0.000   0.000   0.000   0.000   0.000   0.000   0.000    0.000    0.000   0.000    0.000   0.000   0.000   0.000   0.000   0.000    0.000    0.000      0.000    0.000   0.000    0.000     0.000    0.000      0.000   0.000
      9   0.000    0.000   0.000   0.000   0.000   0.000   0.000   0.000   0.000   0.000   0.000   0.000   0.000    0.000    0.000   0.000    0.000   0.000   0.000   0.000   0.000   0.000    0.000    0.000      0.000    0.000   0.000    0.000     0.000    0.000      0.000   0.000
    Sum   0.014    0.001   0.009   0.000   0.000   0.000   0.000   0.000   0.000   0.000   0.000   0.000   0.000    0.002    0.000   0.000    0.000   0.000   0.000   0.000   0.000   0.000    0.000    0.000      0.000    0.000   0.000    0.000     0.000    0.000      0.000   0.014


Summary
------------------------------------------------------------------------------------------------------------------------------
                  dt  Flu_Adv  Gra_Adv  Src_Adv  Che_Adv       SF   FB_Adv    FixUp     Flag   Refine MPI_Grid   Output      Aux       LB CorrSync      Par -MPI_Par    libyt         Sum
    Time      0.0011   0.0094   0.0000   0.0000   0.0000   0.0000   0.0000   0.0000   0.0004   0.0005   0.0026   0.0254   0.1070   0.0010   0.0000   0.0000   0.0000   0.0000      0.1474
    Frac      0.751%   6.407%   0.000%   0.000%   0.000%   0.000%   0.000%   0.000%   0.286%   0.318%   1.755%  17.198%  72.603%   0.669%   0.000%   0.000%   0.000%   0.000%     99.986%

==============================================================================================================================
==============================================================================================================================



Time : 4.3518930e-02 -> 4.4606903e-02,     Step :       40 ->       41

Main Loop
------------------------------------------------------------------------------------------------------------------------------
       Total    Integration       Output    Auxiliary    LoadBalance       CorrSync          libyt            Sum
      0.1573         0.0120       0.0432       0.1009         0.0011         0.0000         0.0000         0.1573


Integration Loop
------------------------------------------------------------------------------------------------------------------------------
     Lv   Total       dt Flu_Adv Gra_Adv Src_Adv Che_Adv      SF  FB_Adv   FixUp    Flag  Refine Buf_Rho Buf_Pot Buf_Flu1 Buf_Flu2 Buf_Ref Buf_Flux Buf_Res Buf_Che  Par_KD   Par_K Par_K-1 Par_2Sib -MPI_Sib -MPI_FaSib Par_2Son    -MPI Par_Coll -MPI_Real -MPI_Sib -MPI_FaSib     Sum
      0   0.012    0.001   0.009   0.000   0.000   0.000   0.000   0.000   0.000   0.000   0.000   0.000   0.000    0.002    0.000   0.000    0.000   0.000   0.000   0.000   0.000   0.000    0.000    0.000      0.000    0.000   0.000    0.000     0.000    0.000      0.000   0.012
      1   0.000    0.000   0.000   0.000   0.000   0.000   0.000   0.000   0.000   0.000   0.000   0.000   0.000    0.000    0.000   0.000    0.000   0.000   0.000   0.000   0.000   0.000    0.000    0.000      0.000    0.000   0.000    0.000     0.000    0.000      0.000   0.000
      2   0.000    0.000   0.000   0.000   0.000   0.000   0.000   0.000   0.000   0.000   0.000   0.000   0.000    0.000    0.000   0.000    0.000   0.000   0.000   0.000   0.000   0.000    0.000    0.000      0.000    0.000   0.000    0.000     0.000    0.000      0.000   0.000
      3   0.000    0.000   0.000   0.000   0.000   0.000   0.000   0.000   0.000   0.000   0.000   0.000   0.000    0.000    0.000   0.000    0.000   0.000   0.000   0.000   0.000   0.000    0.000    0.000      0.000    0.000   0.000    0.000     0.000    0.000      0.000   0.000
      4   0.000    0.000   0.000   0.000   0.000   0.000   0.000   0.000   0.000   0.000   0.000   0.000   0.000    0.000    0.000   0.000    0.000   0.000   0.000   0.000   0.000   0.000    0.000    0.000      0.000    0.000   0.000    0.000     0.000    0.000      0.000   0.000
      5   0.000    0.000   0.000   0.000   0.000   0.000   0.000   0.000   0.000   0.000   0.000   0.000   0.000    0.000    0.000   0.000    0.000   0.000   0.000   0.000   0.000   0.000    0.000    0.000      0.000    0.000   0.000    0.000     0.000    0.000      0.000   0.000
      6   0.000    0.000   0.000   0.000   0.000   0.000   0.000   0.000   0.000   0.000   0.000   0.000   0.000    0.000    0.000   0.000    0.000   0.000   0.000   0.000   0.000   0.000    0.000    0.000      0.000    0.000   0.000    0.000     0.000    0.000      0.000   0.000
      7   0.000    0.000   0.000   0.000   0.000   0.000   0.000   0.000   0.000   0.000   0.000   0.000   0.000    0.000    0.000   0.000    0.000   0.000   0.000   0.000   0.000   0.000    0.000    0.000      0.000    0.000   0.000    0.000     0.000    0.000      0.000   0.000
      8   0.000    0.000   0.000   0.000   0.000   0.000   0.000   0.000   0.000   0.000   0.000   0.000   0.000    0.000    0.000   0.000    0.000   0.000   0.000   0.000   0.000   0.000    0.000    0.000      0.000    0.000   0.000    0.000     0.000    0.000      0.000   0.000
      9   0.000    0.000   0.000   0.000   0.000   0.000   0.000   0.000   0.000   0.000   0.000   0.000   0.000    0.000    0.000   0.000    0.000   0.000   0.000   0.000   0.000   0.000    0.000    0.000      0.000    0.000   0.000    0.000     0.000    0.000      0.000   0.000
    Sum   0.012    0.001   0.009   0.000   0.000   0.000   0.000   0.000   0.000   0.000   0.000   0.000   0.000    0.002    0.000   0.000    0.000   0.000   0.000   0.000   0.000   0.000    0.000    0.000      0.000    0.000   0.000    0.000     0.000    0.000      0.000   0.012


Summary
------------------------------------------------------------------------------------------------------------------------------
                  dt  Flu_Adv  Gra_Adv  Src_Adv  Che_Adv       SF   FB_Adv    FixUp     Flag   Refine MPI_Grid   Output      Aux       LB CorrSync      Par -MPI_Par    libyt         Sum
    Time      0.0008   0.0090   0.0000   0.0000   0.0000   0.0000   0.0000   0.0000   0.0000   0.0000   0.0022   0.0432   0.1009   0.0011   0.0000   0.0000   0.0000   0.0000      0.1573
    Frac      0.517%   5.691%   0.000%   0.000%   0.000%   0.000%   0.000%   0.000%   0.000%   0.000%   1.400%  27.494%  64.157%   0.728%   0.000%   0.000%   0.000%   0.000%     99.988%

==============================================================================================================================
==============================================================================================================================



Time : 4.4606903e-02 -> 4.5694876e-02,     Step :       41 ->       42

Main Loop
------------------------------------------------------------------------------------------------------------------------------
       Total    Integration       Output    Auxiliary    LoadBalance       CorrSync          libyt            Sum
      0.1998         0.0134       0.0652       0.1200         0.0012         0.0000         0.0000         0.1998


Integration Loop
------------------------------------------------------------------------------------------------------------------------------
     Lv   Total       dt Flu_Adv Gra_Adv Src_Adv Che_Adv      SF  FB_Adv   FixUp    Flag  Refine Buf_Rho Buf_Pot Buf_Flu1 Buf_Flu2 Buf_Ref Buf_Flux Buf_Res Buf_Che  Par_KD   Par_K Par_K-1 Par_2Sib -MPI_Sib -MPI_FaSib Par_2Son    -MPI Par_Coll -MPI_Real -MPI_Sib -MPI_FaSib     Sum
      0   0.013    0.001   0.010   0.000   0.000   0.000   0.000   0.000   0.000   0.000   0.000   0.000   0.000    0.003    0.000   0.000    0.000   0.000   0.000   0.000   0.000   0.000    0.000    0.000      0.000    0.000   0.000    0.000     0.000    0.000      0.000   0.013
      1   0.000    0.000   0.000   0.000   0.000   0.000   0.000   0.000   0.000   0.000   0.000   0.000   0.000    0.000    0.000   0.000    0.000   0.000   0.000   0.000   0.000   0.000    0.000    0.000      0.000    0.000   0.000    0.000     0.000    0.000      0.000   0.000
      2   0.000    0.000   0.000   0.000   0.000   0.000   0.000   0.000   0.000   0.000   0.000   0.000   0.000    0.000    0.000   0.000    0.000   0.000   0.000   0.000   0.000   0.000    0.000    0.000      0.000    0.000   0.000    0.000     0.000    0.000      0.000   0.000
      3   0.000    0.000   0.000   0.000   0.000   0.000   0.000   0.000   0.000   0.000   0.000   0.000   0.000    0.000    0.000   0.000    0.000   0.000   0.000   0.000   0.000   0.000    0.000    0.000      0.000    0.000   0.000    0.000     0.000    0.000      0.000   0.000
      4   0.000    0.000   0.000   0.000   0.000   0.000   0.000   0.000   0.000   0.000   0.000   0.000   0.000    0.000    0.000   0.000    0.000   0.000   0.000   0.000   0.000   0.000    0.000    0.000      0.000    0.000   0.000    0.000     0.000    0.000      0.000   0.000
      5   0.000    0.000   0.000   0.000   0.000   0.000   0.000   0.000   0.000   0.000   0.000   0.000   0.000    0.000    0.000   0.000    0.000   0.000   0.000   0.000   0.000   0.000    0.000    0.000      0.000    0.000   0.000    0.000     0.000    0.000      0.000   0.000
      6   0.000    0.000   0.000   0.000   0.000   0.000   0.000   0.000   0.000   0.000   0.000   0.000   0.000    0.000    0.000   0.000    0.000   0.000   0.000   0.000   0.000   0.000    0.000    0.000      0.000    0.000   0.000    0.000     0.000    0.000      0.000   0.000
      7   0.000    0.000   0.000   0.000   0.000   0.000   0.000   0.000   0.000   0.000   0.000   0.000   0.000    0.000    0.000   0.000    0.000   0.000   0.000   0.000   0.000   0.000    0.000    0.000      0.000    0.000   0.000    0.000     0.000    0.000      0.000   0.000
      8   0.000    0.000   0.000   0.000   0.000   0.000   0.000   0.000   0.000   0.000   0.000   0.000   0.000    0.000    0.000   0.000    0.000   0.000   0.000   0.000   0.000   0.000    0.000    0.000      0.000    0.000   0.000    0.000     0.000    0.000      0.000   0.000
      9   0.000    0.000   0.000   0.000   0.000   0.000   0.000   0.000   0.000   0.000   0.000   0.000   0.000    0.000    0.000   0.000    0.000   0.000   0.000   0.000   0.000   0.000    0.000    0.000      0.000    0.000   0.000    0.000     0.000    0.000      0.000   0.000
    Sum   0.013    0.001   0.010   0.000   0.000   0.000   0.000   0.000   0.000   0.000   0.000   0.000   0.000    0.003    0.000   0.000    0.000   0.000   0.000   0.000   0.000   0.000    0.000    0.000      0.000    0.000   0.000    0.000     0.000    0.000      0.000   0.013


Summary
------------------------------------------------------------------------------------------------------------------------------
                  dt  Flu_Adv  Gra_Adv  Src_Adv  Che_Adv       SF   FB_Adv    FixUp     Flag   Refine MPI_Grid   Output      Aux       LB CorrSync      Par -MPI_Par    libyt         Sum
    Time      0.0008   0.0096   0.0000   0.0000   0.0000   0.0000   0.0000   0.0000   0.0000   0.0000   0.0031   0.0652   0.1200   0.0012   0.0000   0.0000   0.0000   0.0000      0.1998
    Frac      0.380%   4.789%   0.000%   0.000%   0.000%   0.000%   0.000%   0.000%   0.000%   0.000%   1.546%  32.616%  60.047%   0.610%   0.000%   0.000%   0.000%   0.000%     99.987%

==============================================================================================================================
==============================================================================================================================



Time : 4.5694876e-02 -> 4.6782849e-02,     Step :       42 ->       43

Main Loop
------------------------------------------------------------------------------------------------------------------------------
       Total    Integration       Output    Auxiliary    LoadBalance       CorrSync          libyt            Sum
      0.1768         0.0116       0.0585       0.1057         0.0010         0.0000         0.0000         0.1768


Integration Loop
------------------------------------------------------------------------------------------------------------------------------
     Lv   Total       dt Flu_Adv Gra_Adv Src_Adv Che_Adv      SF  FB_Adv   FixUp    Flag  Refine Buf_Rho Buf_Pot Buf_Flu1 Buf_Flu2 Buf_Ref Buf_Flux Buf_Res Buf_Che  Par_KD   Par_K Par_K-1 Par_2Sib -MPI_Sib -MPI_FaSib Par_2Son    -MPI Par_Coll -MPI_Real -MPI_Sib -MPI_FaSib     Sum
      0   0.012    0.001   0.009   0.000   0.000   0.000   0.000   0.000   0.000   0.000   0.000   0.000   0.000    0.002    0.000   0.000    0.000   0.000   0.000   0.000   0.000   0.000    0.000    0.000      0.000    0.000   0.000    0.000     0.000    0.000      0.000   0.012
      1   0.000    0.000   0.000   0.000   0.000   0.000   0.000   0.000   0.000   0.000   0.000   0.000   0.000    0.000    0.000   0.000    0.000   0.000   0.000   0.000   0.000   0.000    0.000    0.000      0.000    0.000   0.000    0.000     0.000    0.000      0.000   0.000
      2   0.000    0.000   0.000   0.000   0.000   0.000   0.000   0.000   0.000   0.000   0.000   0.000   0.000    0.000    0.000   0.000    0.000   0.000   0.000   0.000   0.000   0.000    0.000    0.000      0.000    0.000   0.000    0.000     0.000    0.000      0.000   0.000
      3   0.000    0.000   0.000   0.000   0.000   0.000   0.000   0.000   0.000   0.000   0.000   0.000   0.000    0.000    0.000   0.000    0.000   0.000   0.000   0.000   0.000   0.000    0.000    0.000      0.000    0.000   0.000    0.000     0.000    0.000      0.000   0.000
      4   0.000    0.000   0.000   0.000   0.000   0.000   0.000   0.000   0.000   0.000   0.000   0.000   0.000    0.000    0.000   0.000    0.000   0.000   0.000   0.000   0.000   0.000    0.000    0.000      0.000    0.000   0.000    0.000     0.000    0.000      0.000   0.000
      5   0.000    0.000   0.000   0.000   0.000   0.000   0.000   0.000   0.000   0.000   0.000   0.000   0.000    0.000    0.000   0.000    0.000   0.000   0.000   0.000   0.000   0.000    0.000    0.000      0.000    0.000   0.000    0.000     0.000    0.000      0.000   0.000
      6   0.000    0.000   0.000   0.000   0.000   0.000   0.000   0.000   0.000   0.000   0.000   0.000   0.000    0.000    0.000   0.000    0.000   0.000   0.000   0.000   0.000   0.000    0.000    0.000      0.000    0.000   0.000    0.000     0.000    0.000      0.000   0.000
      7   0.000    0.000   0.000   0.000   0.000   0.000   0.000   0.000   0.000   0.000   0.000   0.000   0.000    0.000    0.000   0.000    0.000   0.000   0.000   0.000   0.000   0.000    0.000    0.000      0.000    0.000   0.000    0.000     0.000    0.000      0.000   0.000
      8   0.000    0.000   0.000   0.000   0.000   0.000   0.000   0.000   0.000   0.000   0.000   0.000   0.000    0.000    0.000   0.000    0.000   0.000   0.000   0.000   0.000   0.000    0.000    0.000      0.000    0.000   0.000    0.000     0.000    0.000      0.000   0.000
      9   0.000    0.000   0.000   0.000   0.000   0.000   0.000   0.000   0.000   0.000   0.000   0.000   0.000    0.000    0.000   0.000    0.000   0.000   0.000   0.000   0.000   0.000    0.000    0.000      0.000    0.000   0.000    0.000     0.000    0.000      0.000   0.000
    Sum   0.012    0.001   0.009   0.000   0.000   0.000   0.000   0.000   0.000   0.000   0.000   0.000   0.000    0.002    0.000   0.000    0.000   0.000   0.000   0.000   0.000   0.000    0.000    0.000      0.000    0.000   0.000    0.000     0.000    0.000      0.000   0.012


Summary
------------------------------------------------------------------------------------------------------------------------------
                  dt  Flu_Adv  Gra_Adv  Src_Adv  Che_Adv       SF   FB_Adv    FixUp     Flag   Refine MPI_Grid   Output      Aux       LB CorrSync      Par -MPI_Par    libyt         Sum
    Time      0.0007   0.0088   0.0000   0.0000   0.0000   0.0000   0.0000   0.0000   0.0000   0.0000   0.0022   0.0585   0.1057   0.0010   0.0000   0.0000   0.0000   0.0000      0.1768
    Frac      0.386%   4.958%   0.000%   0.000%   0.000%   0.000%   0.000%   0.000%   0.000%   0.000%   1.219%  33.101%  59.766%   0.557%   0.000%   0.000%   0.000%   0.000%     99.987%

==============================================================================================================================
==============================================================================================================================



Time : 4.6782849e-02 -> 4.7870823e-02,     Step :       43 ->       44

Main Loop
------------------------------------------------------------------------------------------------------------------------------
       Total    Integration       Output    Auxiliary    LoadBalance       CorrSync          libyt            Sum
      0.1847         0.0134       0.0580       0.1121         0.0012         0.0000         0.0000         0.1847


Integration Loop
------------------------------------------------------------------------------------------------------------------------------
     Lv   Total       dt Flu_Adv Gra_Adv Src_Adv Che_Adv      SF  FB_Adv   FixUp    Flag  Refine Buf_Rho Buf_Pot Buf_Flu1 Buf_Flu2 Buf_Ref Buf_Flux Buf_Res Buf_Che  Par_KD   Par_K Par_K-1 Par_2Sib -MPI_Sib -MPI_FaSib Par_2Son    -MPI Par_Coll -MPI_Real -MPI_Sib -MPI_FaSib     Sum
      0   0.013    0.001   0.009   0.000   0.000   0.000   0.000   0.000   0.000   0.001   0.000   0.000   0.000    0.002    0.000   0.000    0.000   0.000   0.000   0.000   0.000   0.000    0.000    0.000      0.000    0.000   0.000    0.000     0.000    0.000      0.000   0.013
      1   0.000    0.000   0.000   0.000   0.000   0.000   0.000   0.000   0.000   0.000   0.000   0.000   0.000    0.000    0.000   0.000    0.000   0.000   0.000   0.000   0.000   0.000    0.000    0.000      0.000    0.000   0.000    0.000     0.000    0.000      0.000   0.000
      2   0.000    0.000   0.000   0.000   0.000   0.000   0.000   0.000   0.000   0.000   0.000   0.000   0.000    0.000    0.000   0.000    0.000   0.000   0.000   0.000   0.000   0.000    0.000    0.000      0.000    0.000   0.000    0.000     0.000    0.000      0.000   0.000
      3   0.000    0.000   0.000   0.000   0.000   0.000   0.000   0.000   0.000   0.000   0.000   0.000   0.000    0.000    0.000   0.000    0.000   0.000   0.000   0.000   0.000   0.000    0.000    0.000      0.000    0.000   0.000    0.000     0.000    0.000      0.000   0.000
      4   0.000    0.000   0.000   0.000   0.000   0.000   0.000   0.000   0.000   0.000   0.000   0.000   0.000    0.000    0.000   0.000    0.000   0.000   0.000   0.000   0.000   0.000    0.000    0.000      0.000    0.000   0.000    0.000     0.000    0.000      0.000   0.000
      5   0.000    0.000   0.000   0.000   0.000   0.000   0.000   0.000   0.000   0.000   0.000   0.000   0.000    0.000    0.000   0.000    0.000   0.000   0.000   0.000   0.000   0.000    0.000    0.000      0.000    0.000   0.000    0.000     0.000    0.000      0.000   0.000
      6   0.000    0.000   0.000   0.000   0.000   0.000   0.000   0.000   0.000   0.000   0.000   0.000   0.000    0.000    0.000   0.000    0.000   0.000   0.000   0.000   0.000   0.000    0.000    0.000      0.000    0.000   0.000    0.000     0.000    0.000      0.000   0.000
      7   0.000    0.000   0.000   0.000   0.000   0.000   0.000   0.000   0.000   0.000   0.000   0.000   0.000    0.000    0.000   0.000    0.000   0.000   0.000   0.000   0.000   0.000    0.000    0.000      0.000    0.000   0.000    0.000     0.000    0.000      0.000   0.000
      8   0.000    0.000   0.000   0.000   0.000   0.000   0.000   0.000   0.000   0.000   0.000   0.000   0.000    0.000    0.000   0.000    0.000   0.000   0.000   0.000   0.000   0.000    0.000    0.000      0.000    0.000   0.000    0.000     0.000    0.000      0.000   0.000
      9   0.000    0.000   0.000   0.000   0.000   0.000   0.000   0.000   0.000   0.000   0.000   0.000   0.000    0.000    0.000   0.000    0.000   0.000   0.000   0.000   0.000   0.000    0.000    0.000      0.000    0.000   0.000    0.000     0.000    0.000      0.000   0.000
    Sum   0.013    0.001   0.009   0.000   0.000   0.000   0.000   0.000   0.000   0.001   0.000   0.000   0.000    0.002    0.000   0.000    0.000   0.000   0.000   0.000   0.000   0.000    0.000    0.000      0.000    0.000   0.000    0.000     0.000    0.000      0.000   0.013


Summary
------------------------------------------------------------------------------------------------------------------------------
                  dt  Flu_Adv  Gra_Adv  Src_Adv  Che_Adv       SF   FB_Adv    FixUp     Flag   Refine MPI_Grid   Output      Aux       LB CorrSync      Par -MPI_Par    libyt         Sum
    Time      0.0008   0.0090   0.0000   0.0000   0.0000   0.0000   0.0000   0.0000   0.0005   0.0004   0.0026   0.0580   0.1121   0.0012   0.0000   0.0000   0.0000   0.0000      0.1847
    Frac      0.431%   4.877%   0.000%   0.000%   0.000%   0.000%   0.000%   0.000%   0.287%   0.243%   1.418%  31.404%  60.698%   0.631%   0.000%   0.000%   0.000%   0.000%     99.990%

==============================================================================================================================
==============================================================================================================================



Time : 4.7870823e-02 -> 4.8958796e-02,     Step :       44 ->       45

Main Loop
------------------------------------------------------------------------------------------------------------------------------
       Total    Integration       Output    Auxiliary    LoadBalance       CorrSync          libyt            Sum
      0.1711         0.0116       0.0565       0.1021         0.0009         0.0000         0.0000         0.1711


Integration Loop
------------------------------------------------------------------------------------------------------------------------------
     Lv   Total       dt Flu_Adv Gra_Adv Src_Adv Che_Adv      SF  FB_Adv   FixUp    Flag  Refine Buf_Rho Buf_Pot Buf_Flu1 Buf_Flu2 Buf_Ref Buf_Flux Buf_Res Buf_Che  Par_KD   Par_K Par_K-1 Par_2Sib -MPI_Sib -MPI_FaSib Par_2Son    -MPI Par_Coll -MPI_Real -MPI_Sib -MPI_FaSib     Sum
      0   0.012    0.001   0.009   0.000   0.000   0.000   0.000   0.000   0.000   0.000   0.000   0.000   0.000    0.002    0.000   0.000    0.000   0.000   0.000   0.000   0.000   0.000    0.000    0.000      0.000    0.000   0.000    0.000     0.000    0.000      0.000   0.012
      1   0.000    0.000   0.000   0.000   0.000   0.000   0.000   0.000   0.000   0.000   0.000   0.000   0.000    0.000    0.000   0.000    0.000   0.000   0.000   0.000   0.000   0.000    0.000    0.000      0.000    0.000   0.000    0.000     0.000    0.000      0.000   0.000
      2   0.000    0.000   0.000   0.000   0.000   0.000   0.000   0.000   0.000   0.000   0.000   0.000   0.000    0.000    0.000   0.000    0.000   0.000   0.000   0.000   0.000   0.000    0.000    0.000      0.000    0.000   0.000    0.000     0.000    0.000      0.000   0.000
      3   0.000    0.000   0.000   0.000   0.000   0.000   0.000   0.000   0.000   0.000   0.000   0.000   0.000    0.000    0.000   0.000    0.000   0.000   0.000   0.000   0.000   0.000    0.000    0.000      0.000    0.000   0.000    0.000     0.000    0.000      0.000   0.000
      4   0.000    0.000   0.000   0.000   0.000   0.000   0.000   0.000   0.000   0.000   0.000   0.000   0.000    0.000    0.000   0.000    0.000   0.000   0.000   0.000   0.000   0.000    0.000    0.000      0.000    0.000   0.000    0.000     0.000    0.000      0.000   0.000
      5   0.000    0.000   0.000   0.000   0.000   0.000   0.000   0.000   0.000   0.000   0.000   0.000   0.000    0.000    0.000   0.000    0.000   0.000   0.000   0.000   0.000   0.000    0.000    0.000      0.000    0.000   0.000    0.000     0.000    0.000      0.000   0.000
      6   0.000    0.000   0.000   0.000   0.000   0.000   0.000   0.000   0.000   0.000   0.000   0.000   0.000    0.000    0.000   0.000    0.000   0.000   0.000   0.000   0.000   0.000    0.000    0.000      0.000    0.000   0.000    0.000     0.000    0.000      0.000   0.000
      7   0.000    0.000   0.000   0.000   0.000   0.000   0.000   0.000   0.000   0.000   0.000   0.000   0.000    0.000    0.000   0.000    0.000   0.000   0.000   0.000   0.000   0.000    0.000    0.000      0.000    0.000   0.000    0.000     0.000    0.000      0.000   0.000
      8   0.000    0.000   0.000   0.000   0.000   0.000   0.000   0.000   0.000   0.000   0.000   0.000   0.000    0.000    0.000   0.000    0.000   0.000   0.000   0.000   0.000   0.000    0.000    0.000      0.000    0.000   0.000    0.000     0.000    0.000      0.000   0.000
      9   0.000    0.000   0.000   0.000   0.000   0.000   0.000   0.000   0.000   0.000   0.000   0.000   0.000    0.000    0.000   0.000    0.000   0.000   0.000   0.000   0.000   0.000    0.000    0.000      0.000    0.000   0.000    0.000     0.000    0.000      0.000   0.000
    Sum   0.012    0.001   0.009   0.000   0.000   0.000   0.000   0.000   0.000   0.000   0.000   0.000   0.000    0.002    0.000   0.000    0.000   0.000   0.000   0.000   0.000   0.000    0.000    0.000      0.000    0.000   0.000    0.000     0.000    0.000      0.000   0.012


Summary
------------------------------------------------------------------------------------------------------------------------------
                  dt  Flu_Adv  Gra_Adv  Src_Adv  Che_Adv       SF   FB_Adv    FixUp     Flag   Refine MPI_Grid   Output      Aux       LB CorrSync      Par -MPI_Par    libyt         Sum
    Time      0.0008   0.0088   0.0000   0.0000   0.0000   0.0000   0.0000   0.0000   0.0000   0.0000   0.0019   0.0565   0.1021   0.0009   0.0000   0.0000   0.0000   0.0000      0.1711
    Frac      0.483%   5.171%   0.000%   0.000%   0.000%   0.000%   0.000%   0.000%   0.000%   0.000%   1.114%  33.017%  59.653%   0.551%   0.000%   0.000%   0.000%   0.000%     99.989%

==============================================================================================================================
==============================================================================================================================



Time : 4.8958796e-02 -> 5.0046769e-02,     Step :       45 ->       46

Main Loop
------------------------------------------------------------------------------------------------------------------------------
       Total    Integration       Output    Auxiliary    LoadBalance       CorrSync          libyt            Sum
      0.1849         0.0265       0.0502       0.1071         0.0011         0.0000         0.0000         0.1849


Integration Loop
------------------------------------------------------------------------------------------------------------------------------
     Lv   Total       dt Flu_Adv Gra_Adv Src_Adv Che_Adv      SF  FB_Adv   FixUp    Flag  Refine Buf_Rho Buf_Pot Buf_Flu1 Buf_Flu2 Buf_Ref Buf_Flux Buf_Res Buf_Che  Par_KD   Par_K Par_K-1 Par_2Sib -MPI_Sib -MPI_FaSib Par_2Son    -MPI Par_Coll -MPI_Real -MPI_Sib -MPI_FaSib     Sum
      0   0.027    0.001   0.014   0.000   0.000   0.000   0.000   0.000   0.000   0.000   0.000   0.000   0.000    0.012    0.000   0.000    0.000   0.000   0.000   0.000   0.000   0.000    0.000    0.000      0.000    0.000   0.000    0.000     0.000    0.000      0.000   0.026
      1   0.000    0.000   0.000   0.000   0.000   0.000   0.000   0.000   0.000   0.000   0.000   0.000   0.000    0.000    0.000   0.000    0.000   0.000   0.000   0.000   0.000   0.000    0.000    0.000      0.000    0.000   0.000    0.000     0.000    0.000      0.000   0.000
      2   0.000    0.000   0.000   0.000   0.000   0.000   0.000   0.000   0.000   0.000   0.000   0.000   0.000    0.000    0.000   0.000    0.000   0.000   0.000   0.000   0.000   0.000    0.000    0.000      0.000    0.000   0.000    0.000     0.000    0.000      0.000   0.000
      3   0.000    0.000   0.000   0.000   0.000   0.000   0.000   0.000   0.000   0.000   0.000   0.000   0.000    0.000    0.000   0.000    0.000   0.000   0.000   0.000   0.000   0.000    0.000    0.000      0.000    0.000   0.000    0.000     0.000    0.000      0.000   0.000
      4   0.000    0.000   0.000   0.000   0.000   0.000   0.000   0.000   0.000   0.000   0.000   0.000   0.000    0.000    0.000   0.000    0.000   0.000   0.000   0.000   0.000   0.000    0.000    0.000      0.000    0.000   0.000    0.000     0.000    0.000      0.000   0.000
      5   0.000    0.000   0.000   0.000   0.000   0.000   0.000   0.000   0.000   0.000   0.000   0.000   0.000    0.000    0.000   0.000    0.000   0.000   0.000   0.000   0.000   0.000    0.000    0.000      0.000    0.000   0.000    0.000     0.000    0.000      0.000   0.000
      6   0.000    0.000   0.000   0.000   0.000   0.000   0.000   0.000   0.000   0.000   0.000   0.000   0.000    0.000    0.000   0.000    0.000   0.000   0.000   0.000   0.000   0.000    0.000    0.000      0.000    0.000   0.000    0.000     0.000    0.000      0.000   0.000
      7   0.000    0.000   0.000   0.000   0.000   0.000   0.000   0.000   0.000   0.000   0.000   0.000   0.000    0.000    0.000   0.000    0.000   0.000   0.000   0.000   0.000   0.000    0.000    0.000      0.000    0.000   0.000    0.000     0.000    0.000      0.000   0.000
      8   0.000    0.000   0.000   0.000   0.000   0.000   0.000   0.000   0.000   0.000   0.000   0.000   0.000    0.000    0.000   0.000    0.000   0.000   0.000   0.000   0.000   0.000    0.000    0.000      0.000    0.000   0.000    0.000     0.000    0.000      0.000   0.000
      9   0.000    0.000   0.000   0.000   0.000   0.000   0.000   0.000   0.000   0.000   0.000   0.000   0.000    0.000    0.000   0.000    0.000   0.000   0.000   0.000   0.000   0.000    0.000    0.000      0.000    0.000   0.000    0.000     0.000    0.000      0.000   0.000
    Sum   0.027    0.001   0.014   0.000   0.000   0.000   0.000   0.000   0.000   0.000   0.000   0.000   0.000    0.012    0.000   0.000    0.000   0.000   0.000   0.000   0.000   0.000    0.000    0.000      0.000    0.000   0.000    0.000     0.000    0.000      0.000   0.026


Summary
------------------------------------------------------------------------------------------------------------------------------
                  dt  Flu_Adv  Gra_Adv  Src_Adv  Che_Adv       SF   FB_Adv    FixUp     Flag   Refine MPI_Grid   Output      Aux       LB CorrSync      Par -MPI_Par    libyt         Sum
    Time      0.0007   0.0136   0.0000   0.0000   0.0000   0.0000   0.0000   0.0000   0.0000   0.0000   0.0123   0.0502   0.1071   0.0011   0.0000   0.0000   0.0000   0.0000      0.1849
    Frac      0.368%   7.332%   0.000%   0.000%   0.000%   0.000%   0.000%   0.000%   0.000%   0.000%   6.632%  27.164%  57.920%   0.577%   0.000%   0.000%   0.000%   0.000%     99.993%

==============================================================================================================================
==============================================================================================================================



Time : 5.0046769e-02 -> 5.1134742e-02,     Step :       46 ->       47

Main Loop
------------------------------------------------------------------------------------------------------------------------------
       Total    Integration       Output    Auxiliary    LoadBalance       CorrSync          libyt            Sum
      0.1111         0.0150       0.0409       0.0543         0.0009         0.0000         0.0000         0.1111


Integration Loop
------------------------------------------------------------------------------------------------------------------------------
     Lv   Total       dt Flu_Adv Gra_Adv Src_Adv Che_Adv      SF  FB_Adv   FixUp    Flag  Refine Buf_Rho Buf_Pot Buf_Flu1 Buf_Flu2 Buf_Ref Buf_Flux Buf_Res Buf_Che  Par_KD   Par_K Par_K-1 Par_2Sib -MPI_Sib -MPI_FaSib Par_2Son    -MPI Par_Coll -MPI_Real -MPI_Sib -MPI_FaSib     Sum
      0   0.015    0.001   0.006   0.000   0.000   0.000   0.000   0.000   0.000   0.000   0.000   0.000   0.000    0.009    0.000   0.000    0.000   0.000   0.000   0.000   0.000   0.000    0.000    0.000      0.000    0.000   0.000    0.000     0.000    0.000      0.000   0.015
      1   0.000    0.000   0.000   0.000   0.000   0.000   0.000   0.000   0.000   0.000   0.000   0.000   0.000    0.000    0.000   0.000    0.000   0.000   0.000   0.000   0.000   0.000    0.000    0.000      0.000    0.000   0.000    0.000     0.000    0.000      0.000   0.000
      2   0.000    0.000   0.000   0.000   0.000   0.000   0.000   0.000   0.000   0.000   0.000   0.000   0.000    0.000    0.000   0.000    0.000   0.000   0.000   0.000   0.000   0.000    0.000    0.000      0.000    0.000   0.000    0.000     0.000    0.000      0.000   0.000
      3   0.000    0.000   0.000   0.000   0.000   0.000   0.000   0.000   0.000   0.000   0.000   0.000   0.000    0.000    0.000   0.000    0.000   0.000   0.000   0.000   0.000   0.000    0.000    0.000      0.000    0.000   0.000    0.000     0.000    0.000      0.000   0.000
      4   0.000    0.000   0.000   0.000   0.000   0.000   0.000   0.000   0.000   0.000   0.000   0.000   0.000    0.000    0.000   0.000    0.000   0.000   0.000   0.000   0.000   0.000    0.000    0.000      0.000    0.000   0.000    0.000     0.000    0.000      0.000   0.000
      5   0.000    0.000   0.000   0.000   0.000   0.000   0.000   0.000   0.000   0.000   0.000   0.000   0.000    0.000    0.000   0.000    0.000   0.000   0.000   0.000   0.000   0.000    0.000    0.000      0.000    0.000   0.000    0.000     0.000    0.000      0.000   0.000
      6   0.000    0.000   0.000   0.000   0.000   0.000   0.000   0.000   0.000   0.000   0.000   0.000   0.000    0.000    0.000   0.000    0.000   0.000   0.000   0.000   0.000   0.000    0.000    0.000      0.000    0.000   0.000    0.000     0.000    0.000      0.000   0.000
      7   0.000    0.000   0.000   0.000   0.000   0.000   0.000   0.000   0.000   0.000   0.000   0.000   0.000    0.000    0.000   0.000    0.000   0.000   0.000   0.000   0.000   0.000    0.000    0.000      0.000    0.000   0.000    0.000     0.000    0.000      0.000   0.000
      8   0.000    0.000   0.000   0.000   0.000   0.000   0.000   0.000   0.000   0.000   0.000   0.000   0.000    0.000    0.000   0.000    0.000   0.000   0.000   0.000   0.000   0.000    0.000    0.000      0.000    0.000   0.000    0.000     0.000    0.000      0.000   0.000
      9   0.000    0.000   0.000   0.000   0.000   0.000   0.000   0.000   0.000   0.000   0.000   0.000   0.000    0.000    0.000   0.000    0.000   0.000   0.000   0.000   0.000   0.000    0.000    0.000      0.000    0.000   0.000    0.000     0.000    0.000      0.000   0.000
    Sum   0.015    0.001   0.006   0.000   0.000   0.000   0.000   0.000   0.000   0.000   0.000   0.000   0.000    0.009    0.000   0.000    0.000   0.000   0.000   0.000   0.000   0.000    0.000    0.000      0.000    0.000   0.000    0.000     0.000    0.000      0.000   0.015


Summary
------------------------------------------------------------------------------------------------------------------------------
                  dt  Flu_Adv  Gra_Adv  Src_Adv  Che_Adv       SF   FB_Adv    FixUp     Flag   Refine MPI_Grid   Output      Aux       LB CorrSync      Par -MPI_Par    libyt         Sum
    Time      0.0009   0.0056   0.0000   0.0000   0.0000   0.0000   0.0000   0.0000   0.0000   0.0000   0.0085   0.0409   0.0543   0.0009   0.0000   0.0000   0.0000   0.0000      0.1111
    Frac      0.846%   5.023%   0.000%   0.000%   0.000%   0.000%   0.000%   0.000%   0.000%   0.000%   7.649%  36.826%  48.849%   0.791%   0.000%   0.000%   0.000%   0.000%     99.984%

==============================================================================================================================
==============================================================================================================================



Time : 5.1134742e-02 -> 5.2222716e-02,     Step :       47 ->       48

Main Loop
------------------------------------------------------------------------------------------------------------------------------
       Total    Integration       Output    Auxiliary    LoadBalance       CorrSync          libyt            Sum
      0.1021         0.0135       0.0321       0.0557         0.0008         0.0000         0.0000         0.1021


Integration Loop
------------------------------------------------------------------------------------------------------------------------------
     Lv   Total       dt Flu_Adv Gra_Adv Src_Adv Che_Adv      SF  FB_Adv   FixUp    Flag  Refine Buf_Rho Buf_Pot Buf_Flu1 Buf_Flu2 Buf_Ref Buf_Flux Buf_Res Buf_Che  Par_KD   Par_K Par_K-1 Par_2Sib -MPI_Sib -MPI_FaSib Par_2Son    -MPI Par_Coll -MPI_Real -MPI_Sib -MPI_FaSib     Sum
      0   0.013    0.001   0.009   0.000   0.000   0.000   0.000   0.000   0.000   0.000   0.000   0.000   0.000    0.003    0.000   0.000    0.000   0.000   0.000   0.000   0.000   0.000    0.000    0.000      0.000    0.000   0.000    0.000     0.000    0.000      0.000   0.013
      1   0.000    0.000   0.000   0.000   0.000   0.000   0.000   0.000   0.000   0.000   0.000   0.000   0.000    0.000    0.000   0.000    0.000   0.000   0.000   0.000   0.000   0.000    0.000    0.000      0.000    0.000   0.000    0.000     0.000    0.000      0.000   0.000
      2   0.000    0.000   0.000   0.000   0.000   0.000   0.000   0.000   0.000   0.000   0.000   0.000   0.000    0.000    0.000   0.000    0.000   0.000   0.000   0.000   0.000   0.000    0.000    0.000      0.000    0.000   0.000    0.000     0.000    0.000      0.000   0.000
      3   0.000    0.000   0.000   0.000   0.000   0.000   0.000   0.000   0.000   0.000   0.000   0.000   0.000    0.000    0.000   0.000    0.000   0.000   0.000   0.000   0.000   0.000    0.000    0.000      0.000    0.000   0.000    0.000     0.000    0.000      0.000   0.000
      4   0.000    0.000   0.000   0.000   0.000   0.000   0.000   0.000   0.000   0.000   0.000   0.000   0.000    0.000    0.000   0.000    0.000   0.000   0.000   0.000   0.000   0.000    0.000    0.000      0.000    0.000   0.000    0.000     0.000    0.000      0.000   0.000
      5   0.000    0.000   0.000   0.000   0.000   0.000   0.000   0.000   0.000   0.000   0.000   0.000   0.000    0.000    0.000   0.000    0.000   0.000   0.000   0.000   0.000   0.000    0.000    0.000      0.000    0.000   0.000    0.000     0.000    0.000      0.000   0.000
      6   0.000    0.000   0.000   0.000   0.000   0.000   0.000   0.000   0.000   0.000   0.000   0.000   0.000    0.000    0.000   0.000    0.000   0.000   0.000   0.000   0.000   0.000    0.000    0.000      0.000    0.000   0.000    0.000     0.000    0.000      0.000   0.000
      7   0.000    0.000   0.000   0.000   0.000   0.000   0.000   0.000   0.000   0.000   0.000   0.000   0.000    0.000    0.000   0.000    0.000   0.000   0.000   0.000   0.000   0.000    0.000    0.000      0.000    0.000   0.000    0.000     0.000    0.000      0.000   0.000
      8   0.000    0.000   0.000   0.000   0.000   0.000   0.000   0.000   0.000   0.000   0.000   0.000   0.000    0.000    0.000   0.000    0.000   0.000   0.000   0.000   0.000   0.000    0.000    0.000      0.000    0.000   0.000    0.000     0.000    0.000      0.000   0.000
      9   0.000    0.000   0.000   0.000   0.000   0.000   0.000   0.000   0.000   0.000   0.000   0.000   0.000    0.000    0.000   0.000    0.000   0.000   0.000   0.000   0.000   0.000    0.000    0.000      0.000    0.000   0.000    0.000     0.000    0.000      0.000   0.000
    Sum   0.013    0.001   0.009   0.000   0.000   0.000   0.000   0.000   0.000   0.000   0.000   0.000   0.000    0.003    0.000   0.000    0.000   0.000   0.000   0.000   0.000   0.000    0.000    0.000      0.000    0.000   0.000    0.000     0.000    0.000      0.000   0.013


Summary
------------------------------------------------------------------------------------------------------------------------------
                  dt  Flu_Adv  Gra_Adv  Src_Adv  Che_Adv       SF   FB_Adv    FixUp     Flag   Refine MPI_Grid   Output      Aux       LB CorrSync      Par -MPI_Par    libyt         Sum
    Time      0.0008   0.0086   0.0000   0.0000   0.0000   0.0000   0.0000   0.0000   0.0002   0.0003   0.0036   0.0321   0.0557   0.0008   0.0000   0.0000   0.0000   0.0000      0.1021
    Frac      0.780%   8.412%   0.000%   0.000%   0.000%   0.000%   0.000%   0.000%   0.243%   0.291%   3.480%  31.452%  54.533%   0.800%   0.000%   0.000%   0.000%   0.000%     99.991%

==============================================================================================================================
==============================================================================================================================



Time : 5.2222716e-02 -> 5.3310689e-02,     Step :       48 ->       49

Main Loop
------------------------------------------------------------------------------------------------------------------------------
       Total    Integration       Output    Auxiliary    LoadBalance       CorrSync          libyt            Sum
      0.1070         0.0035       0.0148       0.0825         0.0062         0.0000         0.0000         0.1070


Integration Loop
------------------------------------------------------------------------------------------------------------------------------
     Lv   Total       dt Flu_Adv Gra_Adv Src_Adv Che_Adv      SF  FB_Adv   FixUp    Flag  Refine Buf_Rho Buf_Pot Buf_Flu1 Buf_Flu2 Buf_Ref Buf_Flux Buf_Res Buf_Che  Par_KD   Par_K Par_K-1 Par_2Sib -MPI_Sib -MPI_FaSib Par_2Son    -MPI Par_Coll -MPI_Real -MPI_Sib -MPI_FaSib     Sum
      0   0.004    0.001   0.001   0.000   0.000   0.000   0.000   0.000   0.000   0.000   0.000   0.000   0.000    0.002    0.000   0.000    0.000   0.000   0.000   0.000   0.000   0.000    0.000    0.000      0.000    0.000   0.000    0.000     0.000    0.000      0.000   0.004
      1   0.000    0.000   0.000   0.000   0.000   0.000   0.000   0.000   0.000   0.000   0.000   0.000   0.000    0.000    0.000   0.000    0.000   0.000   0.000   0.000   0.000   0.000    0.000    0.000      0.000    0.000   0.000    0.000     0.000    0.000      0.000   0.000
      2   0.000    0.000   0.000   0.000   0.000   0.000   0.000   0.000   0.000   0.000   0.000   0.000   0.000    0.000    0.000   0.000    0.000   0.000   0.000   0.000   0.000   0.000    0.000    0.000      0.000    0.000   0.000    0.000     0.000    0.000      0.000   0.000
      3   0.000    0.000   0.000   0.000   0.000   0.000   0.000   0.000   0.000   0.000   0.000   0.000   0.000    0.000    0.000   0.000    0.000   0.000   0.000   0.000   0.000   0.000    0.000    0.000      0.000    0.000   0.000    0.000     0.000    0.000      0.000   0.000
      4   0.000    0.000   0.000   0.000   0.000   0.000   0.000   0.000   0.000   0.000   0.000   0.000   0.000    0.000    0.000   0.000    0.000   0.000   0.000   0.000   0.000   0.000    0.000    0.000      0.000    0.000   0.000    0.000     0.000    0.000      0.000   0.000
      5   0.000    0.000   0.000   0.000   0.000   0.000   0.000   0.000   0.000   0.000   0.000   0.000   0.000    0.000    0.000   0.000    0.000   0.000   0.000   0.000   0.000   0.000    0.000    0.000      0.000    0.000   0.000    0.000     0.000    0.000      0.000   0.000
      6   0.000    0.000   0.000   0.000   0.000   0.000   0.000   0.000   0.000   0.000   0.000   0.000   0.000    0.000    0.000   0.000    0.000   0.000   0.000   0.000   0.000   0.000    0.000    0.000      0.000    0.000   0.000    0.000     0.000    0.000      0.000   0.000
      7   0.000    0.000   0.000   0.000   0.000   0.000   0.000   0.000   0.000   0.000   0.000   0.000   0.000    0.000    0.000   0.000    0.000   0.000   0.000   0.000   0.000   0.000    0.000    0.000      0.000    0.000   0.000    0.000     0.000    0.000      0.000   0.000
      8   0.000    0.000   0.000   0.000   0.000   0.000   0.000   0.000   0.000   0.000   0.000   0.000   0.000    0.000    0.000   0.000    0.000   0.000   0.000   0.000   0.000   0.000    0.000    0.000      0.000    0.000   0.000    0.000     0.000    0.000      0.000   0.000
      9   0.000    0.000   0.000   0.000   0.000   0.000   0.000   0.000   0.000   0.000   0.000   0.000   0.000    0.000    0.000   0.000    0.000   0.000   0.000   0.000   0.000   0.000    0.000    0.000      0.000    0.000   0.000    0.000     0.000    0.000      0.000   0.000
    Sum   0.004    0.001   0.001   0.000   0.000   0.000   0.000   0.000   0.000   0.000   0.000   0.000   0.000    0.002    0.000   0.000    0.000   0.000   0.000   0.000   0.000   0.000    0.000    0.000      0.000    0.000   0.000    0.000     0.000    0.000      0.000   0.004


Summary
------------------------------------------------------------------------------------------------------------------------------
                  dt  Flu_Adv  Gra_Adv  Src_Adv  Che_Adv       SF   FB_Adv    FixUp     Flag   Refine MPI_Grid   Output      Aux       LB CorrSync      Par -MPI_Par    libyt         Sum
    Time      0.0006   0.0010   0.0000   0.0000   0.0000   0.0000   0.0000   0.0000   0.0000   0.0000   0.0019   0.0148   0.0825   0.0062   0.0000   0.0000   0.0000   0.0000      0.1070
    Frac      0.594%   0.900%   0.000%   0.000%   0.000%   0.000%   0.000%   0.000%   0.000%   0.000%   1.816%  13.835%  77.053%   5.794%   0.000%   0.000%   0.000%   0.000%     99.992%

==============================================================================================================================
==============================================================================================================================



Time : 5.3310689e-02 -> 5.4398662e-02,     Step :       49 ->       50

Main Loop
------------------------------------------------------------------------------------------------------------------------------
       Total    Integration       Output    Auxiliary    LoadBalance       CorrSync          libyt            Sum
      0.1136         0.0035       0.0151       0.0940         0.0010         0.0000         0.0000         0.1136


Integration Loop
------------------------------------------------------------------------------------------------------------------------------
     Lv   Total       dt Flu_Adv Gra_Adv Src_Adv Che_Adv      SF  FB_Adv   FixUp    Flag  Refine Buf_Rho Buf_Pot Buf_Flu1 Buf_Flu2 Buf_Ref Buf_Flux Buf_Res Buf_Che  Par_KD   Par_K Par_K-1 Par_2Sib -MPI_Sib -MPI_FaSib Par_2Son    -MPI Par_Coll -MPI_Real -MPI_Sib -MPI_FaSib     Sum
      0   0.004    0.001   0.001   0.000   0.000   0.000   0.000   0.000   0.000   0.000   0.000   0.000   0.000    0.002    0.000   0.000    0.000   0.000   0.000   0.000   0.000   0.000    0.000    0.000      0.000    0.000   0.000    0.000     0.000    0.000      0.000   0.004
      1   0.000    0.000   0.000   0.000   0.000   0.000   0.000   0.000   0.000   0.000   0.000   0.000   0.000    0.000    0.000   0.000    0.000   0.000   0.000   0.000   0.000   0.000    0.000    0.000      0.000    0.000   0.000    0.000     0.000    0.000      0.000   0.000
      2   0.000    0.000   0.000   0.000   0.000   0.000   0.000   0.000   0.000   0.000   0.000   0.000   0.000    0.000    0.000   0.000    0.000   0.000   0.000   0.000   0.000   0.000    0.000    0.000      0.000    0.000   0.000    0.000     0.000    0.000      0.000   0.000
      3   0.000    0.000   0.000   0.000   0.000   0.000   0.000   0.000   0.000   0.000   0.000   0.000   0.000    0.000    0.000   0.000    0.000   0.000   0.000   0.000   0.000   0.000    0.000    0.000      0.000    0.000   0.000    0.000     0.000    0.000      0.000   0.000
      4   0.000    0.000   0.000   0.000   0.000   0.000   0.000   0.000   0.000   0.000   0.000   0.000   0.000    0.000    0.000   0.000    0.000   0.000   0.000   0.000   0.000   0.000    0.000    0.000      0.000    0.000   0.000    0.000     0.000    0.000      0.000   0.000
      5   0.000    0.000   0.000   0.000   0.000   0.000   0.000   0.000   0.000   0.000   0.000   0.000   0.000    0.000    0.000   0.000    0.000   0.000   0.000   0.000   0.000   0.000    0.000    0.000      0.000    0.000   0.000    0.000     0.000    0.000      0.000   0.000
      6   0.000    0.000   0.000   0.000   0.000   0.000   0.000   0.000   0.000   0.000   0.000   0.000   0.000    0.000    0.000   0.000    0.000   0.000   0.000   0.000   0.000   0.000    0.000    0.000      0.000    0.000   0.000    0.000     0.000    0.000      0.000   0.000
      7   0.000    0.000   0.000   0.000   0.000   0.000   0.000   0.000   0.000   0.000   0.000   0.000   0.000    0.000    0.000   0.000    0.000   0.000   0.000   0.000   0.000   0.000    0.000    0.000      0.000    0.000   0.000    0.000     0.000    0.000      0.000   0.000
      8   0.000    0.000   0.000   0.000   0.000   0.000   0.000   0.000   0.000   0.000   0.000   0.000   0.000    0.000    0.000   0.000    0.000   0.000   0.000   0.000   0.000   0.000    0.000    0.000      0.000    0.000   0.000    0.000     0.000    0.000      0.000   0.000
      9   0.000    0.000   0.000   0.000   0.000   0.000   0.000   0.000   0.000   0.000   0.000   0.000   0.000    0.000    0.000   0.000    0.000   0.000   0.000   0.000   0.000   0.000    0.000    0.000      0.000    0.000   0.000    0.000     0.000    0.000      0.000   0.000
    Sum   0.004    0.001   0.001   0.000   0.000   0.000   0.000   0.000   0.000   0.000   0.000   0.000   0.000    0.002    0.000   0.000    0.000   0.000   0.000   0.000   0.000   0.000    0.000    0.000      0.000    0.000   0.000    0.000     0.000    0.000      0.000   0.004


Summary
------------------------------------------------------------------------------------------------------------------------------
                  dt  Flu_Adv  Gra_Adv  Src_Adv  Che_Adv       SF   FB_Adv    FixUp     Flag   Refine MPI_Grid   Output      Aux       LB CorrSync      Par -MPI_Par    libyt         Sum
    Time      0.0007   0.0009   0.0000   0.0000   0.0000   0.0000   0.0000   0.0000   0.0000   0.0000   0.0019   0.0151   0.0940   0.0010   0.0000   0.0000   0.0000   0.0000      0.1136
    Frac      0.630%   0.824%   0.000%   0.000%   0.000%   0.000%   0.000%   0.000%   0.000%   0.000%   1.638%  13.269%  82.770%   0.857%   0.000%   0.000%   0.000%   0.000%     99.989%

==============================================================================================================================
==============================================================================================================================



Time : 5.4398662e-02 -> 5.5486635e-02,     Step :       50 ->       51

Main Loop
------------------------------------------------------------------------------------------------------------------------------
       Total    Integration       Output    Auxiliary    LoadBalance       CorrSync          libyt            Sum
      0.1932         0.0211       0.0260       0.1453         0.0008         0.0000         0.0000         0.1932


Integration Loop
------------------------------------------------------------------------------------------------------------------------------
     Lv   Total       dt Flu_Adv Gra_Adv Src_Adv Che_Adv      SF  FB_Adv   FixUp    Flag  Refine Buf_Rho Buf_Pot Buf_Flu1 Buf_Flu2 Buf_Ref Buf_Flux Buf_Res Buf_Che  Par_KD   Par_K Par_K-1 Par_2Sib -MPI_Sib -MPI_FaSib Par_2Son    -MPI Par_Coll -MPI_Real -MPI_Sib -MPI_FaSib     Sum
      0   0.021    0.001   0.018   0.000   0.000   0.000   0.000   0.000   0.000   0.000   0.000   0.000   0.000    0.002    0.000   0.000    0.000   0.000   0.000   0.000   0.000   0.000    0.000    0.000      0.000    0.000   0.000    0.000     0.000    0.000      0.000   0.021
      1   0.000    0.000   0.000   0.000   0.000   0.000   0.000   0.000   0.000   0.000   0.000   0.000   0.000    0.000    0.000   0.000    0.000   0.000   0.000   0.000   0.000   0.000    0.000    0.000      0.000    0.000   0.000    0.000     0.000    0.000      0.000   0.000
      2   0.000    0.000   0.000   0.000   0.000   0.000   0.000   0.000   0.000   0.000   0.000   0.000   0.000    0.000    0.000   0.000    0.000   0.000   0.000   0.000   0.000   0.000    0.000    0.000      0.000    0.000   0.000    0.000     0.000    0.000      0.000   0.000
      3   0.000    0.000   0.000   0.000   0.000   0.000   0.000   0.000   0.000   0.000   0.000   0.000   0.000    0.000    0.000   0.000    0.000   0.000   0.000   0.000   0.000   0.000    0.000    0.000      0.000    0.000   0.000    0.000     0.000    0.000      0.000   0.000
      4   0.000    0.000   0.000   0.000   0.000   0.000   0.000   0.000   0.000   0.000   0.000   0.000   0.000    0.000    0.000   0.000    0.000   0.000   0.000   0.000   0.000   0.000    0.000    0.000      0.000    0.000   0.000    0.000     0.000    0.000      0.000   0.000
      5   0.000    0.000   0.000   0.000   0.000   0.000   0.000   0.000   0.000   0.000   0.000   0.000   0.000    0.000    0.000   0.000    0.000   0.000   0.000   0.000   0.000   0.000    0.000    0.000      0.000    0.000   0.000    0.000     0.000    0.000      0.000   0.000
      6   0.000    0.000   0.000   0.000   0.000   0.000   0.000   0.000   0.000   0.000   0.000   0.000   0.000    0.000    0.000   0.000    0.000   0.000   0.000   0.000   0.000   0.000    0.000    0.000      0.000    0.000   0.000    0.000     0.000    0.000      0.000   0.000
      7   0.000    0.000   0.000   0.000   0.000   0.000   0.000   0.000   0.000   0.000   0.000   0.000   0.000    0.000    0.000   0.000    0.000   0.000   0.000   0.000   0.000   0.000    0.000    0.000      0.000    0.000   0.000    0.000     0.000    0.000      0.000   0.000
      8   0.000    0.000   0.000   0.000   0.000   0.000   0.000   0.000   0.000   0.000   0.000   0.000   0.000    0.000    0.000   0.000    0.000   0.000   0.000   0.000   0.000   0.000    0.000    0.000      0.000    0.000   0.000    0.000     0.000    0.000      0.000   0.000
      9   0.000    0.000   0.000   0.000   0.000   0.000   0.000   0.000   0.000   0.000   0.000   0.000   0.000    0.000    0.000   0.000    0.000   0.000   0.000   0.000   0.000   0.000    0.000    0.000      0.000    0.000   0.000    0.000     0.000    0.000      0.000   0.000
    Sum   0.021    0.001   0.018   0.000   0.000   0.000   0.000   0.000   0.000   0.000   0.000   0.000   0.000    0.002    0.000   0.000    0.000   0.000   0.000   0.000   0.000   0.000    0.000    0.000      0.000    0.000   0.000    0.000     0.000    0.000      0.000   0.021


Summary
------------------------------------------------------------------------------------------------------------------------------
                  dt  Flu_Adv  Gra_Adv  Src_Adv  Che_Adv       SF   FB_Adv    FixUp     Flag   Refine MPI_Grid   Output      Aux       LB CorrSync      Par -MPI_Par    libyt         Sum
    Time      0.0010   0.0183   0.0000   0.0000   0.0000   0.0000   0.0000   0.0000   0.0000   0.0000   0.0018   0.0260   0.1453   0.0008   0.0000   0.0000   0.0000   0.0000      0.1932
    Frac      0.543%   9.449%   0.000%   0.000%   0.000%   0.000%   0.000%   0.000%   0.000%   0.000%   0.910%  13.434%  75.221%   0.433%   0.000%   0.000%   0.000%   0.000%     99.989%

==============================================================================================================================
==============================================================================================================================



Time : 5.5486635e-02 -> 5.6574609e-02,     Step :       51 ->       52

Main Loop
------------------------------------------------------------------------------------------------------------------------------
       Total    Integration       Output    Auxiliary    LoadBalance       CorrSync          libyt            Sum
      0.1343         0.0127       0.0381       0.0826         0.0009         0.0000         0.0000         0.1343


Integration Loop
------------------------------------------------------------------------------------------------------------------------------
     Lv   Total       dt Flu_Adv Gra_Adv Src_Adv Che_Adv      SF  FB_Adv   FixUp    Flag  Refine Buf_Rho Buf_Pot Buf_Flu1 Buf_Flu2 Buf_Ref Buf_Flux Buf_Res Buf_Che  Par_KD   Par_K Par_K-1 Par_2Sib -MPI_Sib -MPI_FaSib Par_2Son    -MPI Par_Coll -MPI_Real -MPI_Sib -MPI_FaSib     Sum
      0   0.013    0.001   0.009   0.000   0.000   0.000   0.000   0.000   0.000   0.000   0.000   0.000   0.000    0.002    0.000   0.000    0.000   0.000   0.000   0.000   0.000   0.000    0.000    0.000      0.000    0.000   0.000    0.000     0.000    0.000      0.000   0.013
      1   0.000    0.000   0.000   0.000   0.000   0.000   0.000   0.000   0.000   0.000   0.000   0.000   0.000    0.000    0.000   0.000    0.000   0.000   0.000   0.000   0.000   0.000    0.000    0.000      0.000    0.000   0.000    0.000     0.000    0.000      0.000   0.000
      2   0.000    0.000   0.000   0.000   0.000   0.000   0.000   0.000   0.000   0.000   0.000   0.000   0.000    0.000    0.000   0.000    0.000   0.000   0.000   0.000   0.000   0.000    0.000    0.000      0.000    0.000   0.000    0.000     0.000    0.000      0.000   0.000
      3   0.000    0.000   0.000   0.000   0.000   0.000   0.000   0.000   0.000   0.000   0.000   0.000   0.000    0.000    0.000   0.000    0.000   0.000   0.000   0.000   0.000   0.000    0.000    0.000      0.000    0.000   0.000    0.000     0.000    0.000      0.000   0.000
      4   0.000    0.000   0.000   0.000   0.000   0.000   0.000   0.000   0.000   0.000   0.000   0.000   0.000    0.000    0.000   0.000    0.000   0.000   0.000   0.000   0.000   0.000    0.000    0.000      0.000    0.000   0.000    0.000     0.000    0.000      0.000   0.000
      5   0.000    0.000   0.000   0.000   0.000   0.000   0.000   0.000   0.000   0.000   0.000   0.000   0.000    0.000    0.000   0.000    0.000   0.000   0.000   0.000   0.000   0.000    0.000    0.000      0.000    0.000   0.000    0.000     0.000    0.000      0.000   0.000
      6   0.000    0.000   0.000   0.000   0.000   0.000   0.000   0.000   0.000   0.000   0.000   0.000   0.000    0.000    0.000   0.000    0.000   0.000   0.000   0.000   0.000   0.000    0.000    0.000      0.000    0.000   0.000    0.000     0.000    0.000      0.000   0.000
      7   0.000    0.000   0.000   0.000   0.000   0.000   0.000   0.000   0.000   0.000   0.000   0.000   0.000    0.000    0.000   0.000    0.000   0.000   0.000   0.000   0.000   0.000    0.000    0.000      0.000    0.000   0.000    0.000     0.000    0.000      0.000   0.000
      8   0.000    0.000   0.000   0.000   0.000   0.000   0.000   0.000   0.000   0.000   0.000   0.000   0.000    0.000    0.000   0.000    0.000   0.000   0.000   0.000   0.000   0.000    0.000    0.000      0.000    0.000   0.000    0.000     0.000    0.000      0.000   0.000
      9   0.000    0.000   0.000   0.000   0.000   0.000   0.000   0.000   0.000   0.000   0.000   0.000   0.000    0.000    0.000   0.000    0.000   0.000   0.000   0.000   0.000   0.000    0.000    0.000      0.000    0.000   0.000    0.000     0.000    0.000      0.000   0.000
    Sum   0.013    0.001   0.009   0.000   0.000   0.000   0.000   0.000   0.000   0.000   0.000   0.000   0.000    0.002    0.000   0.000    0.000   0.000   0.000   0.000   0.000   0.000    0.000    0.000      0.000    0.000   0.000    0.000     0.000    0.000      0.000   0.013


Summary
------------------------------------------------------------------------------------------------------------------------------
                  dt  Flu_Adv  Gra_Adv  Src_Adv  Che_Adv       SF   FB_Adv    FixUp     Flag   Refine MPI_Grid   Output      Aux       LB CorrSync      Par -MPI_Par    libyt         Sum
    Time      0.0008   0.0088   0.0000   0.0000   0.0000   0.0000   0.0000   0.0000   0.0003   0.0004   0.0024   0.0381   0.0826   0.0009   0.0000   0.0000   0.0000   0.0000      0.1343
    Frac      0.570%   6.551%   0.000%   0.000%   0.000%   0.000%   0.000%   0.000%   0.246%   0.305%   1.752%  28.391%  61.475%   0.693%   0.000%   0.000%   0.000%   0.000%     99.984%

==============================================================================================================================
==============================================================================================================================



Time : 5.6574609e-02 -> 5.7662582e-02,     Step :       52 ->       53

Main Loop
------------------------------------------------------------------------------------------------------------------------------
       Total    Integration       Output    Auxiliary    LoadBalance       CorrSync          libyt            Sum
      0.1898         0.0117       0.0402       0.1371         0.0009         0.0000         0.0000         0.1898


Integration Loop
------------------------------------------------------------------------------------------------------------------------------
     Lv   Total       dt Flu_Adv Gra_Adv Src_Adv Che_Adv      SF  FB_Adv   FixUp    Flag  Refine Buf_Rho Buf_Pot Buf_Flu1 Buf_Flu2 Buf_Ref Buf_Flux Buf_Res Buf_Che  Par_KD   Par_K Par_K-1 Par_2Sib -MPI_Sib -MPI_FaSib Par_2Son    -MPI Par_Coll -MPI_Real -MPI_Sib -MPI_FaSib     Sum
      0   0.012    0.001   0.009   0.000   0.000   0.000   0.000   0.000   0.000   0.000   0.000   0.000   0.000    0.002    0.000   0.000    0.000   0.000   0.000   0.000   0.000   0.000    0.000    0.000      0.000    0.000   0.000    0.000     0.000    0.000      0.000   0.012
      1   0.000    0.000   0.000   0.000   0.000   0.000   0.000   0.000   0.000   0.000   0.000   0.000   0.000    0.000    0.000   0.000    0.000   0.000   0.000   0.000   0.000   0.000    0.000    0.000      0.000    0.000   0.000    0.000     0.000    0.000      0.000   0.000
      2   0.000    0.000   0.000   0.000   0.000   0.000   0.000   0.000   0.000   0.000   0.000   0.000   0.000    0.000    0.000   0.000    0.000   0.000   0.000   0.000   0.000   0.000    0.000    0.000      0.000    0.000   0.000    0.000     0.000    0.000      0.000   0.000
      3   0.000    0.000   0.000   0.000   0.000   0.000   0.000   0.000   0.000   0.000   0.000   0.000   0.000    0.000    0.000   0.000    0.000   0.000   0.000   0.000   0.000   0.000    0.000    0.000      0.000    0.000   0.000    0.000     0.000    0.000      0.000   0.000
      4   0.000    0.000   0.000   0.000   0.000   0.000   0.000   0.000   0.000   0.000   0.000   0.000   0.000    0.000    0.000   0.000    0.000   0.000   0.000   0.000   0.000   0.000    0.000    0.000      0.000    0.000   0.000    0.000     0.000    0.000      0.000   0.000
      5   0.000    0.000   0.000   0.000   0.000   0.000   0.000   0.000   0.000   0.000   0.000   0.000   0.000    0.000    0.000   0.000    0.000   0.000   0.000   0.000   0.000   0.000    0.000    0.000      0.000    0.000   0.000    0.000     0.000    0.000      0.000   0.000
      6   0.000    0.000   0.000   0.000   0.000   0.000   0.000   0.000   0.000   0.000   0.000   0.000   0.000    0.000    0.000   0.000    0.000   0.000   0.000   0.000   0.000   0.000    0.000    0.000      0.000    0.000   0.000    0.000     0.000    0.000      0.000   0.000
      7   0.000    0.000   0.000   0.000   0.000   0.000   0.000   0.000   0.000   0.000   0.000   0.000   0.000    0.000    0.000   0.000    0.000   0.000   0.000   0.000   0.000   0.000    0.000    0.000      0.000    0.000   0.000    0.000     0.000    0.000      0.000   0.000
      8   0.000    0.000   0.000   0.000   0.000   0.000   0.000   0.000   0.000   0.000   0.000   0.000   0.000    0.000    0.000   0.000    0.000   0.000   0.000   0.000   0.000   0.000    0.000    0.000      0.000    0.000   0.000    0.000     0.000    0.000      0.000   0.000
      9   0.000    0.000   0.000   0.000   0.000   0.000   0.000   0.000   0.000   0.000   0.000   0.000   0.000    0.000    0.000   0.000    0.000   0.000   0.000   0.000   0.000   0.000    0.000    0.000      0.000    0.000   0.000    0.000     0.000    0.000      0.000   0.000
    Sum   0.012    0.001   0.009   0.000   0.000   0.000   0.000   0.000   0.000   0.000   0.000   0.000   0.000    0.002    0.000   0.000    0.000   0.000   0.000   0.000   0.000   0.000    0.000    0.000      0.000    0.000   0.000    0.000     0.000    0.000      0.000   0.012


Summary
------------------------------------------------------------------------------------------------------------------------------
                  dt  Flu_Adv  Gra_Adv  Src_Adv  Che_Adv       SF   FB_Adv    FixUp     Flag   Refine MPI_Grid   Output      Aux       LB CorrSync      Par -MPI_Par    libyt         Sum
    Time      0.0007   0.0088   0.0000   0.0000   0.0000   0.0000   0.0000   0.0000   0.0000   0.0000   0.0022   0.0402   0.1371   0.0009   0.0000   0.0000   0.0000   0.0000      0.1898
    Frac      0.359%   4.629%   0.000%   0.000%   0.000%   0.000%   0.000%   0.000%   0.000%   0.000%   1.163%  21.158%  72.209%   0.470%   0.000%   0.000%   0.000%   0.000%     99.989%

==============================================================================================================================
==============================================================================================================================



Time : 5.7662582e-02 -> 5.8750555e-02,     Step :       53 ->       54

Main Loop
------------------------------------------------------------------------------------------------------------------------------
       Total    Integration       Output    Auxiliary    LoadBalance       CorrSync          libyt            Sum
      0.1522         0.0118       0.0495       0.0898         0.0010         0.0000         0.0000         0.1522


Integration Loop
------------------------------------------------------------------------------------------------------------------------------
     Lv   Total       dt Flu_Adv Gra_Adv Src_Adv Che_Adv      SF  FB_Adv   FixUp    Flag  Refine Buf_Rho Buf_Pot Buf_Flu1 Buf_Flu2 Buf_Ref Buf_Flux Buf_Res Buf_Che  Par_KD   Par_K Par_K-1 Par_2Sib -MPI_Sib -MPI_FaSib Par_2Son    -MPI Par_Coll -MPI_Real -MPI_Sib -MPI_FaSib     Sum
      0   0.012    0.001   0.009   0.000   0.000   0.000   0.000   0.000   0.000   0.000   0.000   0.000   0.000    0.002    0.000   0.000    0.000   0.000   0.000   0.000   0.000   0.000    0.000    0.000      0.000    0.000   0.000    0.000     0.000    0.000      0.000   0.012
      1   0.000    0.000   0.000   0.000   0.000   0.000   0.000   0.000   0.000   0.000   0.000   0.000   0.000    0.000    0.000   0.000    0.000   0.000   0.000   0.000   0.000   0.000    0.000    0.000      0.000    0.000   0.000    0.000     0.000    0.000      0.000   0.000
      2   0.000    0.000   0.000   0.000   0.000   0.000   0.000   0.000   0.000   0.000   0.000   0.000   0.000    0.000    0.000   0.000    0.000   0.000   0.000   0.000   0.000   0.000    0.000    0.000      0.000    0.000   0.000    0.000     0.000    0.000      0.000   0.000
      3   0.000    0.000   0.000   0.000   0.000   0.000   0.000   0.000   0.000   0.000   0.000   0.000   0.000    0.000    0.000   0.000    0.000   0.000   0.000   0.000   0.000   0.000    0.000    0.000      0.000    0.000   0.000    0.000     0.000    0.000      0.000   0.000
      4   0.000    0.000   0.000   0.000   0.000   0.000   0.000   0.000   0.000   0.000   0.000   0.000   0.000    0.000    0.000   0.000    0.000   0.000   0.000   0.000   0.000   0.000    0.000    0.000      0.000    0.000   0.000    0.000     0.000    0.000      0.000   0.000
      5   0.000    0.000   0.000   0.000   0.000   0.000   0.000   0.000   0.000   0.000   0.000   0.000   0.000    0.000    0.000   0.000    0.000   0.000   0.000   0.000   0.000   0.000    0.000    0.000      0.000    0.000   0.000    0.000     0.000    0.000      0.000   0.000
      6   0.000    0.000   0.000   0.000   0.000   0.000   0.000   0.000   0.000   0.000   0.000   0.000   0.000    0.000    0.000   0.000    0.000   0.000   0.000   0.000   0.000   0.000    0.000    0.000      0.000    0.000   0.000    0.000     0.000    0.000      0.000   0.000
      7   0.000    0.000   0.000   0.000   0.000   0.000   0.000   0.000   0.000   0.000   0.000   0.000   0.000    0.000    0.000   0.000    0.000   0.000   0.000   0.000   0.000   0.000    0.000    0.000      0.000    0.000   0.000    0.000     0.000    0.000      0.000   0.000
      8   0.000    0.000   0.000   0.000   0.000   0.000   0.000   0.000   0.000   0.000   0.000   0.000   0.000    0.000    0.000   0.000    0.000   0.000   0.000   0.000   0.000   0.000    0.000    0.000      0.000    0.000   0.000    0.000     0.000    0.000      0.000   0.000
      9   0.000    0.000   0.000   0.000   0.000   0.000   0.000   0.000   0.000   0.000   0.000   0.000   0.000    0.000    0.000   0.000    0.000   0.000   0.000   0.000   0.000   0.000    0.000    0.000      0.000    0.000   0.000    0.000     0.000    0.000      0.000   0.000
    Sum   0.012    0.001   0.009   0.000   0.000   0.000   0.000   0.000   0.000   0.000   0.000   0.000   0.000    0.002    0.000   0.000    0.000   0.000   0.000   0.000   0.000   0.000    0.000    0.000      0.000    0.000   0.000    0.000     0.000    0.000      0.000   0.012


Summary
------------------------------------------------------------------------------------------------------------------------------
                  dt  Flu_Adv  Gra_Adv  Src_Adv  Che_Adv       SF   FB_Adv    FixUp     Flag   Refine MPI_Grid   Output      Aux       LB CorrSync      Par -MPI_Par    libyt         Sum
    Time      0.0008   0.0089   0.0000   0.0000   0.0000   0.0000   0.0000   0.0000   0.0000   0.0000   0.0021   0.0495   0.0898   0.0010   0.0000   0.0000   0.0000   0.0000      0.1522
    Frac      0.553%   5.832%   0.000%   0.000%   0.000%   0.000%   0.000%   0.000%   0.000%   0.000%   1.387%  32.539%  59.007%   0.668%   0.000%   0.000%   0.000%   0.000%     99.986%

==============================================================================================================================
==============================================================================================================================



Time : 5.8750555e-02 -> 5.9838528e-02,     Step :       54 ->       55

Main Loop
------------------------------------------------------------------------------------------------------------------------------
       Total    Integration       Output    Auxiliary    LoadBalance       CorrSync          libyt            Sum
      0.1773         0.0135       0.0425       0.1201         0.0012         0.0000         0.0000         0.1773


Integration Loop
------------------------------------------------------------------------------------------------------------------------------
     Lv   Total       dt Flu_Adv Gra_Adv Src_Adv Che_Adv      SF  FB_Adv   FixUp    Flag  Refine Buf_Rho Buf_Pot Buf_Flu1 Buf_Flu2 Buf_Ref Buf_Flux Buf_Res Buf_Che  Par_KD   Par_K Par_K-1 Par_2Sib -MPI_Sib -MPI_FaSib Par_2Son    -MPI Par_Coll -MPI_Real -MPI_Sib -MPI_FaSib     Sum
      0   0.014    0.001   0.011   0.000   0.000   0.000   0.000   0.000   0.000   0.000   0.000   0.000   0.000    0.002    0.000   0.000    0.000   0.000   0.000   0.000   0.000   0.000    0.000    0.000      0.000    0.000   0.000    0.000     0.000    0.000      0.000   0.014
      1   0.000    0.000   0.000   0.000   0.000   0.000   0.000   0.000   0.000   0.000   0.000   0.000   0.000    0.000    0.000   0.000    0.000   0.000   0.000   0.000   0.000   0.000    0.000    0.000      0.000    0.000   0.000    0.000     0.000    0.000      0.000   0.000
      2   0.000    0.000   0.000   0.000   0.000   0.000   0.000   0.000   0.000   0.000   0.000   0.000   0.000    0.000    0.000   0.000    0.000   0.000   0.000   0.000   0.000   0.000    0.000    0.000      0.000    0.000   0.000    0.000     0.000    0.000      0.000   0.000
      3   0.000    0.000   0.000   0.000   0.000   0.000   0.000   0.000   0.000   0.000   0.000   0.000   0.000    0.000    0.000   0.000    0.000   0.000   0.000   0.000   0.000   0.000    0.000    0.000      0.000    0.000   0.000    0.000     0.000    0.000      0.000   0.000
      4   0.000    0.000   0.000   0.000   0.000   0.000   0.000   0.000   0.000   0.000   0.000   0.000   0.000    0.000    0.000   0.000    0.000   0.000   0.000   0.000   0.000   0.000    0.000    0.000      0.000    0.000   0.000    0.000     0.000    0.000      0.000   0.000
      5   0.000    0.000   0.000   0.000   0.000   0.000   0.000   0.000   0.000   0.000   0.000   0.000   0.000    0.000    0.000   0.000    0.000   0.000   0.000   0.000   0.000   0.000    0.000    0.000      0.000    0.000   0.000    0.000     0.000    0.000      0.000   0.000
      6   0.000    0.000   0.000   0.000   0.000   0.000   0.000   0.000   0.000   0.000   0.000   0.000   0.000    0.000    0.000   0.000    0.000   0.000   0.000   0.000   0.000   0.000    0.000    0.000      0.000    0.000   0.000    0.000     0.000    0.000      0.000   0.000
      7   0.000    0.000   0.000   0.000   0.000   0.000   0.000   0.000   0.000   0.000   0.000   0.000   0.000    0.000    0.000   0.000    0.000   0.000   0.000   0.000   0.000   0.000    0.000    0.000      0.000    0.000   0.000    0.000     0.000    0.000      0.000   0.000
      8   0.000    0.000   0.000   0.000   0.000   0.000   0.000   0.000   0.000   0.000   0.000   0.000   0.000    0.000    0.000   0.000    0.000   0.000   0.000   0.000   0.000   0.000    0.000    0.000      0.000    0.000   0.000    0.000     0.000    0.000      0.000   0.000
      9   0.000    0.000   0.000   0.000   0.000   0.000   0.000   0.000   0.000   0.000   0.000   0.000   0.000    0.000    0.000   0.000    0.000   0.000   0.000   0.000   0.000   0.000    0.000    0.000      0.000    0.000   0.000    0.000     0.000    0.000      0.000   0.000
    Sum   0.014    0.001   0.011   0.000   0.000   0.000   0.000   0.000   0.000   0.000   0.000   0.000   0.000    0.002    0.000   0.000    0.000   0.000   0.000   0.000   0.000   0.000    0.000    0.000      0.000    0.000   0.000    0.000     0.000    0.000      0.000   0.014


Summary
------------------------------------------------------------------------------------------------------------------------------
                  dt  Flu_Adv  Gra_Adv  Src_Adv  Che_Adv       SF   FB_Adv    FixUp     Flag   Refine MPI_Grid   Output      Aux       LB CorrSync      Par -MPI_Par    libyt         Sum
    Time      0.0006   0.0108   0.0000   0.0000   0.0000   0.0000   0.0000   0.0000   0.0000   0.0000   0.0021   0.0425   0.1201   0.0012   0.0000   0.0000   0.0000   0.0000      0.1773
    Frac      0.342%   6.069%   0.000%   0.000%   0.000%   0.000%   0.000%   0.000%   0.000%   0.000%   1.212%  23.944%  67.752%   0.670%   0.000%   0.000%   0.000%   0.000%     99.989%

==============================================================================================================================
==============================================================================================================================



Time : 5.9838528e-02 -> 6.0926502e-02,     Step :       55 ->       56

Main Loop
------------------------------------------------------------------------------------------------------------------------------
       Total    Integration       Output    Auxiliary    LoadBalance       CorrSync          libyt            Sum
      0.1969         0.0221       0.0366       0.1372         0.0009         0.0000         0.0000         0.1968


Integration Loop
------------------------------------------------------------------------------------------------------------------------------
     Lv   Total       dt Flu_Adv Gra_Adv Src_Adv Che_Adv      SF  FB_Adv   FixUp    Flag  Refine Buf_Rho Buf_Pot Buf_Flu1 Buf_Flu2 Buf_Ref Buf_Flux Buf_Res Buf_Che  Par_KD   Par_K Par_K-1 Par_2Sib -MPI_Sib -MPI_FaSib Par_2Son    -MPI Par_Coll -MPI_Real -MPI_Sib -MPI_FaSib     Sum
      0   0.022    0.001   0.013   0.000   0.000   0.000   0.000   0.000   0.000   0.001   0.001   0.000   0.000    0.007    0.000   0.000    0.000   0.000   0.000   0.000   0.000   0.000    0.000    0.000      0.000    0.000   0.000    0.000     0.000    0.000      0.000   0.022
      1   0.000    0.000   0.000   0.000   0.000   0.000   0.000   0.000   0.000   0.000   0.000   0.000   0.000    0.000    0.000   0.000    0.000   0.000   0.000   0.000   0.000   0.000    0.000    0.000      0.000    0.000   0.000    0.000     0.000    0.000      0.000   0.000
      2   0.000    0.000   0.000   0.000   0.000   0.000   0.000   0.000   0.000   0.000   0.000   0.000   0.000    0.000    0.000   0.000    0.000   0.000   0.000   0.000   0.000   0.000    0.000    0.000      0.000    0.000   0.000    0.000     0.000    0.000      0.000   0.000
      3   0.000    0.000   0.000   0.000   0.000   0.000   0.000   0.000   0.000   0.000   0.000   0.000   0.000    0.000    0.000   0.000    0.000   0.000   0.000   0.000   0.000   0.000    0.000    0.000      0.000    0.000   0.000    0.000     0.000    0.000      0.000   0.000
      4   0.000    0.000   0.000   0.000   0.000   0.000   0.000   0.000   0.000   0.000   0.000   0.000   0.000    0.000    0.000   0.000    0.000   0.000   0.000   0.000   0.000   0.000    0.000    0.000      0.000    0.000   0.000    0.000     0.000    0.000      0.000   0.000
      5   0.000    0.000   0.000   0.000   0.000   0.000   0.000   0.000   0.000   0.000   0.000   0.000   0.000    0.000    0.000   0.000    0.000   0.000   0.000   0.000   0.000   0.000    0.000    0.000      0.000    0.000   0.000    0.000     0.000    0.000      0.000   0.000
      6   0.000    0.000   0.000   0.000   0.000   0.000   0.000   0.000   0.000   0.000   0.000   0.000   0.000    0.000    0.000   0.000    0.000   0.000   0.000   0.000   0.000   0.000    0.000    0.000      0.000    0.000   0.000    0.000     0.000    0.000      0.000   0.000
      7   0.000    0.000   0.000   0.000   0.000   0.000   0.000   0.000   0.000   0.000   0.000   0.000   0.000    0.000    0.000   0.000    0.000   0.000   0.000   0.000   0.000   0.000    0.000    0.000      0.000    0.000   0.000    0.000     0.000    0.000      0.000   0.000
      8   0.000    0.000   0.000   0.000   0.000   0.000   0.000   0.000   0.000   0.000   0.000   0.000   0.000    0.000    0.000   0.000    0.000   0.000   0.000   0.000   0.000   0.000    0.000    0.000      0.000    0.000   0.000    0.000     0.000    0.000      0.000   0.000
      9   0.000    0.000   0.000   0.000   0.000   0.000   0.000   0.000   0.000   0.000   0.000   0.000   0.000    0.000    0.000   0.000    0.000   0.000   0.000   0.000   0.000   0.000    0.000    0.000      0.000    0.000   0.000    0.000     0.000    0.000      0.000   0.000
    Sum   0.022    0.001   0.013   0.000   0.000   0.000   0.000   0.000   0.000   0.001   0.001   0.000   0.000    0.007    0.000   0.000    0.000   0.000   0.000   0.000   0.000   0.000    0.000    0.000      0.000    0.000   0.000    0.000     0.000    0.000      0.000   0.022


Summary
------------------------------------------------------------------------------------------------------------------------------
                  dt  Flu_Adv  Gra_Adv  Src_Adv  Che_Adv       SF   FB_Adv    FixUp     Flag   Refine MPI_Grid   Output      Aux       LB CorrSync      Par -MPI_Par    libyt         Sum
    Time      0.0007   0.0127   0.0000   0.0000   0.0000   0.0000   0.0000   0.0000   0.0005   0.0005   0.0077   0.0366   0.1372   0.0009   0.0000   0.0000   0.0000   0.0000      0.1968
    Frac      0.361%   6.427%   0.000%   0.000%   0.000%   0.000%   0.000%   0.000%   0.268%   0.264%   3.923%  18.594%  69.680%   0.472%   0.000%   0.000%   0.000%   0.000%     99.989%

==============================================================================================================================
==============================================================================================================================



Time : 6.0926502e-02 -> 6.2014475e-02,     Step :       56 ->       57

Main Loop
------------------------------------------------------------------------------------------------------------------------------
       Total    Integration       Output    Auxiliary    LoadBalance       CorrSync          libyt            Sum
      0.1151         0.0118       0.0352       0.0670         0.0010         0.0000         0.0000         0.1151


Integration Loop
------------------------------------------------------------------------------------------------------------------------------
     Lv   Total       dt Flu_Adv Gra_Adv Src_Adv Che_Adv      SF  FB_Adv   FixUp    Flag  Refine Buf_Rho Buf_Pot Buf_Flu1 Buf_Flu2 Buf_Ref Buf_Flux Buf_Res Buf_Che  Par_KD   Par_K Par_K-1 Par_2Sib -MPI_Sib -MPI_FaSib Par_2Son    -MPI Par_Coll -MPI_Real -MPI_Sib -MPI_FaSib     Sum
      0   0.012    0.001   0.009   0.000   0.000   0.000   0.000   0.000   0.000   0.000   0.000   0.000   0.000    0.002    0.000   0.000    0.000   0.000   0.000   0.000   0.000   0.000    0.000    0.000      0.000    0.000   0.000    0.000     0.000    0.000      0.000   0.012
      1   0.000    0.000   0.000   0.000   0.000   0.000   0.000   0.000   0.000   0.000   0.000   0.000   0.000    0.000    0.000   0.000    0.000   0.000   0.000   0.000   0.000   0.000    0.000    0.000      0.000    0.000   0.000    0.000     0.000    0.000      0.000   0.000
      2   0.000    0.000   0.000   0.000   0.000   0.000   0.000   0.000   0.000   0.000   0.000   0.000   0.000    0.000    0.000   0.000    0.000   0.000   0.000   0.000   0.000   0.000    0.000    0.000      0.000    0.000   0.000    0.000     0.000    0.000      0.000   0.000
      3   0.000    0.000   0.000   0.000   0.000   0.000   0.000   0.000   0.000   0.000   0.000   0.000   0.000    0.000    0.000   0.000    0.000   0.000   0.000   0.000   0.000   0.000    0.000    0.000      0.000    0.000   0.000    0.000     0.000    0.000      0.000   0.000
      4   0.000    0.000   0.000   0.000   0.000   0.000   0.000   0.000   0.000   0.000   0.000   0.000   0.000    0.000    0.000   0.000    0.000   0.000   0.000   0.000   0.000   0.000    0.000    0.000      0.000    0.000   0.000    0.000     0.000    0.000      0.000   0.000
      5   0.000    0.000   0.000   0.000   0.000   0.000   0.000   0.000   0.000   0.000   0.000   0.000   0.000    0.000    0.000   0.000    0.000   0.000   0.000   0.000   0.000   0.000    0.000    0.000      0.000    0.000   0.000    0.000     0.000    0.000      0.000   0.000
      6   0.000    0.000   0.000   0.000   0.000   0.000   0.000   0.000   0.000   0.000   0.000   0.000   0.000    0.000    0.000   0.000    0.000   0.000   0.000   0.000   0.000   0.000    0.000    0.000      0.000    0.000   0.000    0.000     0.000    0.000      0.000   0.000
      7   0.000    0.000   0.000   0.000   0.000   0.000   0.000   0.000   0.000   0.000   0.000   0.000   0.000    0.000    0.000   0.000    0.000   0.000   0.000   0.000   0.000   0.000    0.000    0.000      0.000    0.000   0.000    0.000     0.000    0.000      0.000   0.000
      8   0.000    0.000   0.000   0.000   0.000   0.000   0.000   0.000   0.000   0.000   0.000   0.000   0.000    0.000    0.000   0.000    0.000   0.000   0.000   0.000   0.000   0.000    0.000    0.000      0.000    0.000   0.000    0.000     0.000    0.000      0.000   0.000
      9   0.000    0.000   0.000   0.000   0.000   0.000   0.000   0.000   0.000   0.000   0.000   0.000   0.000    0.000    0.000   0.000    0.000   0.000   0.000   0.000   0.000   0.000    0.000    0.000      0.000    0.000   0.000    0.000     0.000    0.000      0.000   0.000
    Sum   0.012    0.001   0.009   0.000   0.000   0.000   0.000   0.000   0.000   0.000   0.000   0.000   0.000    0.002    0.000   0.000    0.000   0.000   0.000   0.000   0.000   0.000    0.000    0.000      0.000    0.000   0.000    0.000     0.000    0.000      0.000   0.012


Summary
------------------------------------------------------------------------------------------------------------------------------
                  dt  Flu_Adv  Gra_Adv  Src_Adv  Che_Adv       SF   FB_Adv    FixUp     Flag   Refine MPI_Grid   Output      Aux       LB CorrSync      Par -MPI_Par    libyt         Sum
    Time      0.0007   0.0094   0.0000   0.0000   0.0000   0.0000   0.0000   0.0000   0.0000   0.0000   0.0017   0.0352   0.0670   0.0010   0.0000   0.0000   0.0000   0.0000      0.1151
    Frac      0.607%   8.157%   0.000%   0.000%   0.000%   0.000%   0.000%   0.000%   0.000%   0.000%   1.516%  30.608%  58.194%   0.899%   0.000%   0.000%   0.000%   0.000%     99.982%

==============================================================================================================================
==============================================================================================================================



Time : 6.2014475e-02 -> 6.3102448e-02,     Step :       57 ->       58

Main Loop
------------------------------------------------------------------------------------------------------------------------------
       Total    Integration       Output    Auxiliary    LoadBalance       CorrSync          libyt            Sum
      0.1247         0.0042       0.0409       0.0787         0.0009         0.0000         0.0000         0.1247


Integration Loop
------------------------------------------------------------------------------------------------------------------------------
     Lv   Total       dt Flu_Adv Gra_Adv Src_Adv Che_Adv      SF  FB_Adv   FixUp    Flag  Refine Buf_Rho Buf_Pot Buf_Flu1 Buf_Flu2 Buf_Ref Buf_Flux Buf_Res Buf_Che  Par_KD   Par_K Par_K-1 Par_2Sib -MPI_Sib -MPI_FaSib Par_2Son    -MPI Par_Coll -MPI_Real -MPI_Sib -MPI_FaSib     Sum
      0   0.004    0.001   0.001   0.000   0.000   0.000   0.000   0.000   0.000   0.000   0.000   0.000   0.000    0.002    0.000   0.000    0.000   0.000   0.000   0.000   0.000   0.000    0.000    0.000      0.000    0.000   0.000    0.000     0.000    0.000      0.000   0.004
      1   0.000    0.000   0.000   0.000   0.000   0.000   0.000   0.000   0.000   0.000   0.000   0.000   0.000    0.000    0.000   0.000    0.000   0.000   0.000   0.000   0.000   0.000    0.000    0.000      0.000    0.000   0.000    0.000     0.000    0.000      0.000   0.000
      2   0.000    0.000   0.000   0.000   0.000   0.000   0.000   0.000   0.000   0.000   0.000   0.000   0.000    0.000    0.000   0.000    0.000   0.000   0.000   0.000   0.000   0.000    0.000    0.000      0.000    0.000   0.000    0.000     0.000    0.000      0.000   0.000
      3   0.000    0.000   0.000   0.000   0.000   0.000   0.000   0.000   0.000   0.000   0.000   0.000   0.000    0.000    0.000   0.000    0.000   0.000   0.000   0.000   0.000   0.000    0.000    0.000      0.000    0.000   0.000    0.000     0.000    0.000      0.000   0.000
      4   0.000    0.000   0.000   0.000   0.000   0.000   0.000   0.000   0.000   0.000   0.000   0.000   0.000    0.000    0.000   0.000    0.000   0.000   0.000   0.000   0.000   0.000    0.000    0.000      0.000    0.000   0.000    0.000     0.000    0.000      0.000   0.000
      5   0.000    0.000   0.000   0.000   0.000   0.000   0.000   0.000   0.000   0.000   0.000   0.000   0.000    0.000    0.000   0.000    0.000   0.000   0.000   0.000   0.000   0.000    0.000    0.000      0.000    0.000   0.000    0.000     0.000    0.000      0.000   0.000
      6   0.000    0.000   0.000   0.000   0.000   0.000   0.000   0.000   0.000   0.000   0.000   0.000   0.000    0.000    0.000   0.000    0.000   0.000   0.000   0.000   0.000   0.000    0.000    0.000      0.000    0.000   0.000    0.000     0.000    0.000      0.000   0.000
      7   0.000    0.000   0.000   0.000   0.000   0.000   0.000   0.000   0.000   0.000   0.000   0.000   0.000    0.000    0.000   0.000    0.000   0.000   0.000   0.000   0.000   0.000    0.000    0.000      0.000    0.000   0.000    0.000     0.000    0.000      0.000   0.000
      8   0.000    0.000   0.000   0.000   0.000   0.000   0.000   0.000   0.000   0.000   0.000   0.000   0.000    0.000    0.000   0.000    0.000   0.000   0.000   0.000   0.000   0.000    0.000    0.000      0.000    0.000   0.000    0.000     0.000    0.000      0.000   0.000
      9   0.000    0.000   0.000   0.000   0.000   0.000   0.000   0.000   0.000   0.000   0.000   0.000   0.000    0.000    0.000   0.000    0.000   0.000   0.000   0.000   0.000   0.000    0.000    0.000      0.000    0.000   0.000    0.000     0.000    0.000      0.000   0.000
    Sum   0.004    0.001   0.001   0.000   0.000   0.000   0.000   0.000   0.000   0.000   0.000   0.000   0.000    0.002    0.000   0.000    0.000   0.000   0.000   0.000   0.000   0.000    0.000    0.000      0.000    0.000   0.000    0.000     0.000    0.000      0.000   0.004


Summary
------------------------------------------------------------------------------------------------------------------------------
                  dt  Flu_Adv  Gra_Adv  Src_Adv  Che_Adv       SF   FB_Adv    FixUp     Flag   Refine MPI_Grid   Output      Aux       LB CorrSync      Par -MPI_Par    libyt         Sum
    Time      0.0007   0.0012   0.0000   0.0000   0.0000   0.0000   0.0000   0.0000   0.0000   0.0000   0.0023   0.0409   0.0787   0.0009   0.0000   0.0000   0.0000   0.0000      0.1247
    Frac      0.560%   0.952%   0.000%   0.000%   0.000%   0.000%   0.000%   0.000%   0.000%   0.000%   1.859%  32.802%  63.082%   0.724%   0.000%   0.000%   0.000%   0.000%     99.979%

==============================================================================================================================
==============================================================================================================================



Time : 6.3102448e-02 -> 6.4190421e-02,     Step :       58 ->       59

Main Loop
------------------------------------------------------------------------------------------------------------------------------
       Total    Integration       Output    Auxiliary    LoadBalance       CorrSync          libyt            Sum
      0.1239         0.0115       0.0291       0.0822         0.0010         0.0000         0.0000         0.1239


Integration Loop
------------------------------------------------------------------------------------------------------------------------------
     Lv   Total       dt Flu_Adv Gra_Adv Src_Adv Che_Adv      SF  FB_Adv   FixUp    Flag  Refine Buf_Rho Buf_Pot Buf_Flu1 Buf_Flu2 Buf_Ref Buf_Flux Buf_Res Buf_Che  Par_KD   Par_K Par_K-1 Par_2Sib -MPI_Sib -MPI_FaSib Par_2Son    -MPI Par_Coll -MPI_Real -MPI_Sib -MPI_FaSib     Sum
      0   0.012    0.001   0.009   0.000   0.000   0.000   0.000   0.000   0.000   0.000   0.000   0.000   0.000    0.002    0.000   0.000    0.000   0.000   0.000   0.000   0.000   0.000    0.000    0.000      0.000    0.000   0.000    0.000     0.000    0.000      0.000   0.012
      1   0.000    0.000   0.000   0.000   0.000   0.000   0.000   0.000   0.000   0.000   0.000   0.000   0.000    0.000    0.000   0.000    0.000   0.000   0.000   0.000   0.000   0.000    0.000    0.000      0.000    0.000   0.000    0.000     0.000    0.000      0.000   0.000
      2   0.000    0.000   0.000   0.000   0.000   0.000   0.000   0.000   0.000   0.000   0.000   0.000   0.000    0.000    0.000   0.000    0.000   0.000   0.000   0.000   0.000   0.000    0.000    0.000      0.000    0.000   0.000    0.000     0.000    0.000      0.000   0.000
      3   0.000    0.000   0.000   0.000   0.000   0.000   0.000   0.000   0.000   0.000   0.000   0.000   0.000    0.000    0.000   0.000    0.000   0.000   0.000   0.000   0.000   0.000    0.000    0.000      0.000    0.000   0.000    0.000     0.000    0.000      0.000   0.000
      4   0.000    0.000   0.000   0.000   0.000   0.000   0.000   0.000   0.000   0.000   0.000   0.000   0.000    0.000    0.000   0.000    0.000   0.000   0.000   0.000   0.000   0.000    0.000    0.000      0.000    0.000   0.000    0.000     0.000    0.000      0.000   0.000
      5   0.000    0.000   0.000   0.000   0.000   0.000   0.000   0.000   0.000   0.000   0.000   0.000   0.000    0.000    0.000   0.000    0.000   0.000   0.000   0.000   0.000   0.000    0.000    0.000      0.000    0.000   0.000    0.000     0.000    0.000      0.000   0.000
      6   0.000    0.000   0.000   0.000   0.000   0.000   0.000   0.000   0.000   0.000   0.000   0.000   0.000    0.000    0.000   0.000    0.000   0.000   0.000   0.000   0.000   0.000    0.000    0.000      0.000    0.000   0.000    0.000     0.000    0.000      0.000   0.000
      7   0.000    0.000   0.000   0.000   0.000   0.000   0.000   0.000   0.000   0.000   0.000   0.000   0.000    0.000    0.000   0.000    0.000   0.000   0.000   0.000   0.000   0.000    0.000    0.000      0.000    0.000   0.000    0.000     0.000    0.000      0.000   0.000
      8   0.000    0.000   0.000   0.000   0.000   0.000   0.000   0.000   0.000   0.000   0.000   0.000   0.000    0.000    0.000   0.000    0.000   0.000   0.000   0.000   0.000   0.000    0.000    0.000      0.000    0.000   0.000    0.000     0.000    0.000      0.000   0.000
      9   0.000    0.000   0.000   0.000   0.000   0.000   0.000   0.000   0.000   0.000   0.000   0.000   0.000    0.000    0.000   0.000    0.000   0.000   0.000   0.000   0.000   0.000    0.000    0.000      0.000    0.000   0.000    0.000     0.000    0.000      0.000   0.000
    Sum   0.012    0.001   0.009   0.000   0.000   0.000   0.000   0.000   0.000   0.000   0.000   0.000   0.000    0.002    0.000   0.000    0.000   0.000   0.000   0.000   0.000   0.000    0.000    0.000      0.000    0.000   0.000    0.000     0.000    0.000      0.000   0.012


Summary
------------------------------------------------------------------------------------------------------------------------------
                  dt  Flu_Adv  Gra_Adv  Src_Adv  Che_Adv       SF   FB_Adv    FixUp     Flag   Refine MPI_Grid   Output      Aux       LB CorrSync      Par -MPI_Par    libyt         Sum
    Time      0.0007   0.0088   0.0000   0.0000   0.0000   0.0000   0.0000   0.0000   0.0000   0.0000   0.0020   0.0291   0.0822   0.0010   0.0000   0.0000   0.0000   0.0000      0.1239
    Frac      0.559%   7.122%   0.000%   0.000%   0.000%   0.000%   0.000%   0.000%   0.000%   0.000%   1.607%  23.491%  66.362%   0.842%   0.000%   0.000%   0.000%   0.000%     99.983%

==============================================================================================================================
==============================================================================================================================



Time : 6.4190421e-02 -> 6.5278395e-02,     Step :       59 ->       60

Main Loop
------------------------------------------------------------------------------------------------------------------------------
       Total    Integration       Output    Auxiliary    LoadBalance       CorrSync          libyt            Sum
      0.1351         0.0276       0.0319       0.0747         0.0010         0.0000         0.0000         0.1351


Integration Loop
------------------------------------------------------------------------------------------------------------------------------
     Lv   Total       dt Flu_Adv Gra_Adv Src_Adv Che_Adv      SF  FB_Adv   FixUp    Flag  Refine Buf_Rho Buf_Pot Buf_Flu1 Buf_Flu2 Buf_Ref Buf_Flux Buf_Res Buf_Che  Par_KD   Par_K Par_K-1 Par_2Sib -MPI_Sib -MPI_FaSib Par_2Son    -MPI Par_Coll -MPI_Real -MPI_Sib -MPI_FaSib     Sum
      0   0.028    0.001   0.016   0.000   0.000   0.000   0.000   0.000   0.000   0.008   0.001   0.000   0.000    0.002    0.000   0.000    0.000   0.000   0.000   0.000   0.000   0.000    0.000    0.000      0.000    0.000   0.000    0.000     0.000    0.000      0.000   0.028
      1   0.000    0.000   0.000   0.000   0.000   0.000   0.000   0.000   0.000   0.000   0.000   0.000   0.000    0.000    0.000   0.000    0.000   0.000   0.000   0.000   0.000   0.000    0.000    0.000      0.000    0.000   0.000    0.000     0.000    0.000      0.000   0.000
      2   0.000    0.000   0.000   0.000   0.000   0.000   0.000   0.000   0.000   0.000   0.000   0.000   0.000    0.000    0.000   0.000    0.000   0.000   0.000   0.000   0.000   0.000    0.000    0.000      0.000    0.000   0.000    0.000     0.000    0.000      0.000   0.000
      3   0.000    0.000   0.000   0.000   0.000   0.000   0.000   0.000   0.000   0.000   0.000   0.000   0.000    0.000    0.000   0.000    0.000   0.000   0.000   0.000   0.000   0.000    0.000    0.000      0.000    0.000   0.000    0.000     0.000    0.000      0.000   0.000
      4   0.000    0.000   0.000   0.000   0.000   0.000   0.000   0.000   0.000   0.000   0.000   0.000   0.000    0.000    0.000   0.000    0.000   0.000   0.000   0.000   0.000   0.000    0.000    0.000      0.000    0.000   0.000    0.000     0.000    0.000      0.000   0.000
      5   0.000    0.000   0.000   0.000   0.000   0.000   0.000   0.000   0.000   0.000   0.000   0.000   0.000    0.000    0.000   0.000    0.000   0.000   0.000   0.000   0.000   0.000    0.000    0.000      0.000    0.000   0.000    0.000     0.000    0.000      0.000   0.000
      6   0.000    0.000   0.000   0.000   0.000   0.000   0.000   0.000   0.000   0.000   0.000   0.000   0.000    0.000    0.000   0.000    0.000   0.000   0.000   0.000   0.000   0.000    0.000    0.000      0.000    0.000   0.000    0.000     0.000    0.000      0.000   0.000
      7   0.000    0.000   0.000   0.000   0.000   0.000   0.000   0.000   0.000   0.000   0.000   0.000   0.000    0.000    0.000   0.000    0.000   0.000   0.000   0.000   0.000   0.000    0.000    0.000      0.000    0.000   0.000    0.000     0.000    0.000      0.000   0.000
      8   0.000    0.000   0.000   0.000   0.000   0.000   0.000   0.000   0.000   0.000   0.000   0.000   0.000    0.000    0.000   0.000    0.000   0.000   0.000   0.000   0.000   0.000    0.000    0.000      0.000    0.000   0.000    0.000     0.000    0.000      0.000   0.000
      9   0.000    0.000   0.000   0.000   0.000   0.000   0.000   0.000   0.000   0.000   0.000   0.000   0.000    0.000    0.000   0.000    0.000   0.000   0.000   0.000   0.000   0.000    0.000    0.000      0.000    0.000   0.000    0.000     0.000    0.000      0.000   0.000
    Sum   0.028    0.001   0.016   0.000   0.000   0.000   0.000   0.000   0.000   0.008   0.001   0.000   0.000    0.002    0.000   0.000    0.000   0.000   0.000   0.000   0.000   0.000    0.000    0.000      0.000    0.000   0.000    0.000     0.000    0.000      0.000   0.028


Summary
------------------------------------------------------------------------------------------------------------------------------
                  dt  Flu_Adv  Gra_Adv  Src_Adv  Che_Adv       SF   FB_Adv    FixUp     Flag   Refine MPI_Grid   Output      Aux       LB CorrSync      Par -MPI_Par    libyt         Sum
    Time      0.0010   0.0157   0.0000   0.0000   0.0000   0.0000   0.0000   0.0000   0.0076   0.0008   0.0025   0.0319   0.0747   0.0010   0.0000   0.0000   0.0000   0.0000      0.1351
    Frac      0.710%  11.626%   0.000%   0.000%   0.000%   0.000%   0.000%   0.000%   5.639%   0.565%   1.865%  23.598%  55.250%   0.727%   0.000%   0.000%   0.000%   0.000%     99.981%

==============================================================================================================================
==============================================================================================================================



Time : 6.5278395e-02 -> 6.6366368e-02,     Step :       60 ->       61

Main Loop
------------------------------------------------------------------------------------------------------------------------------
       Total    Integration       Output    Auxiliary    LoadBalance       CorrSync          libyt            Sum
      0.0966         0.0047       0.0261       0.0649         0.0009         0.0000         0.0000         0.0966


Integration Loop
------------------------------------------------------------------------------------------------------------------------------
     Lv   Total       dt Flu_Adv Gra_Adv Src_Adv Che_Adv      SF  FB_Adv   FixUp    Flag  Refine Buf_Rho Buf_Pot Buf_Flu1 Buf_Flu2 Buf_Ref Buf_Flux Buf_Res Buf_Che  Par_KD   Par_K Par_K-1 Par_2Sib -MPI_Sib -MPI_FaSib Par_2Son    -MPI Par_Coll -MPI_Real -MPI_Sib -MPI_FaSib     Sum
      0   0.005    0.001   0.001   0.000   0.000   0.000   0.000   0.000   0.000   0.000   0.000   0.000   0.000    0.003    0.000   0.000    0.000   0.000   0.000   0.000   0.000   0.000    0.000    0.000      0.000    0.000   0.000    0.000     0.000    0.000      0.000   0.005
      1   0.000    0.000   0.000   0.000   0.000   0.000   0.000   0.000   0.000   0.000   0.000   0.000   0.000    0.000    0.000   0.000    0.000   0.000   0.000   0.000   0.000   0.000    0.000    0.000      0.000    0.000   0.000    0.000     0.000    0.000      0.000   0.000
      2   0.000    0.000   0.000   0.000   0.000   0.000   0.000   0.000   0.000   0.000   0.000   0.000   0.000    0.000    0.000   0.000    0.000   0.000   0.000   0.000   0.000   0.000    0.000    0.000      0.000    0.000   0.000    0.000     0.000    0.000      0.000   0.000
      3   0.000    0.000   0.000   0.000   0.000   0.000   0.000   0.000   0.000   0.000   0.000   0.000   0.000    0.000    0.000   0.000    0.000   0.000   0.000   0.000   0.000   0.000    0.000    0.000      0.000    0.000   0.000    0.000     0.000    0.000      0.000   0.000
      4   0.000    0.000   0.000   0.000   0.000   0.000   0.000   0.000   0.000   0.000   0.000   0.000   0.000    0.000    0.000   0.000    0.000   0.000   0.000   0.000   0.000   0.000    0.000    0.000      0.000    0.000   0.000    0.000     0.000    0.000      0.000   0.000
      5   0.000    0.000   0.000   0.000   0.000   0.000   0.000   0.000   0.000   0.000   0.000   0.000   0.000    0.000    0.000   0.000    0.000   0.000   0.000   0.000   0.000   0.000    0.000    0.000      0.000    0.000   0.000    0.000     0.000    0.000      0.000   0.000
      6   0.000    0.000   0.000   0.000   0.000   0.000   0.000   0.000   0.000   0.000   0.000   0.000   0.000    0.000    0.000   0.000    0.000   0.000   0.000   0.000   0.000   0.000    0.000    0.000      0.000    0.000   0.000    0.000     0.000    0.000      0.000   0.000
      7   0.000    0.000   0.000   0.000   0.000   0.000   0.000   0.000   0.000   0.000   0.000   0.000   0.000    0.000    0.000   0.000    0.000   0.000   0.000   0.000   0.000   0.000    0.000    0.000      0.000    0.000   0.000    0.000     0.000    0.000      0.000   0.000
      8   0.000    0.000   0.000   0.000   0.000   0.000   0.000   0.000   0.000   0.000   0.000   0.000   0.000    0.000    0.000   0.000    0.000   0.000   0.000   0.000   0.000   0.000    0.000    0.000      0.000    0.000   0.000    0.000     0.000    0.000      0.000   0.000
      9   0.000    0.000   0.000   0.000   0.000   0.000   0.000   0.000   0.000   0.000   0.000   0.000   0.000    0.000    0.000   0.000    0.000   0.000   0.000   0.000   0.000   0.000    0.000    0.000      0.000    0.000   0.000    0.000     0.000    0.000      0.000   0.000
    Sum   0.005    0.001   0.001   0.000   0.000   0.000   0.000   0.000   0.000   0.000   0.000   0.000   0.000    0.003    0.000   0.000    0.000   0.000   0.000   0.000   0.000   0.000    0.000    0.000      0.000    0.000   0.000    0.000     0.000    0.000      0.000   0.005


Summary
------------------------------------------------------------------------------------------------------------------------------
                  dt  Flu_Adv  Gra_Adv  Src_Adv  Che_Adv       SF   FB_Adv    FixUp     Flag   Refine MPI_Grid   Output      Aux       LB CorrSync      Par -MPI_Par    libyt         Sum
    Time      0.0008   0.0011   0.0000   0.0000   0.0000   0.0000   0.0000   0.0000   0.0000   0.0000   0.0028   0.0261   0.0649   0.0009   0.0000   0.0000   0.0000   0.0000      0.0966
    Frac      0.831%   1.121%   0.000%   0.000%   0.000%   0.000%   0.000%   0.000%   0.000%   0.000%   2.861%  27.045%  67.168%   0.949%   0.000%   0.000%   0.000%   0.000%     99.975%

==============================================================================================================================
==============================================================================================================================



Time : 6.6366368e-02 -> 6.7454341e-02,     Step :       61 ->       62

Main Loop
------------------------------------------------------------------------------------------------------------------------------
       Total    Integration       Output    Auxiliary    LoadBalance       CorrSync          libyt            Sum
      0.1624         0.0120       0.0374       0.1119         0.0011         0.0000         0.0000         0.1624


Integration Loop
------------------------------------------------------------------------------------------------------------------------------
     Lv   Total       dt Flu_Adv Gra_Adv Src_Adv Che_Adv      SF  FB_Adv   FixUp    Flag  Refine Buf_Rho Buf_Pot Buf_Flu1 Buf_Flu2 Buf_Ref Buf_Flux Buf_Res Buf_Che  Par_KD   Par_K Par_K-1 Par_2Sib -MPI_Sib -MPI_FaSib Par_2Son    -MPI Par_Coll -MPI_Real -MPI_Sib -MPI_FaSib     Sum
      0   0.012    0.001   0.009   0.000   0.000   0.000   0.000   0.000   0.000   0.000   0.000   0.000   0.000    0.002    0.000   0.000    0.000   0.000   0.000   0.000   0.000   0.000    0.000    0.000      0.000    0.000   0.000    0.000     0.000    0.000      0.000   0.012
      1   0.000    0.000   0.000   0.000   0.000   0.000   0.000   0.000   0.000   0.000   0.000   0.000   0.000    0.000    0.000   0.000    0.000   0.000   0.000   0.000   0.000   0.000    0.000    0.000      0.000    0.000   0.000    0.000     0.000    0.000      0.000   0.000
      2   0.000    0.000   0.000   0.000   0.000   0.000   0.000   0.000   0.000   0.000   0.000   0.000   0.000    0.000    0.000   0.000    0.000   0.000   0.000   0.000   0.000   0.000    0.000    0.000      0.000    0.000   0.000    0.000     0.000    0.000      0.000   0.000
      3   0.000    0.000   0.000   0.000   0.000   0.000   0.000   0.000   0.000   0.000   0.000   0.000   0.000    0.000    0.000   0.000    0.000   0.000   0.000   0.000   0.000   0.000    0.000    0.000      0.000    0.000   0.000    0.000     0.000    0.000      0.000   0.000
      4   0.000    0.000   0.000   0.000   0.000   0.000   0.000   0.000   0.000   0.000   0.000   0.000   0.000    0.000    0.000   0.000    0.000   0.000   0.000   0.000   0.000   0.000    0.000    0.000      0.000    0.000   0.000    0.000     0.000    0.000      0.000   0.000
      5   0.000    0.000   0.000   0.000   0.000   0.000   0.000   0.000   0.000   0.000   0.000   0.000   0.000    0.000    0.000   0.000    0.000   0.000   0.000   0.000   0.000   0.000    0.000    0.000      0.000    0.000   0.000    0.000     0.000    0.000      0.000   0.000
      6   0.000    0.000   0.000   0.000   0.000   0.000   0.000   0.000   0.000   0.000   0.000   0.000   0.000    0.000    0.000   0.000    0.000   0.000   0.000   0.000   0.000   0.000    0.000    0.000      0.000    0.000   0.000    0.000     0.000    0.000      0.000   0.000
      7   0.000    0.000   0.000   0.000   0.000   0.000   0.000   0.000   0.000   0.000   0.000   0.000   0.000    0.000    0.000   0.000    0.000   0.000   0.000   0.000   0.000   0.000    0.000    0.000      0.000    0.000   0.000    0.000     0.000    0.000      0.000   0.000
      8   0.000    0.000   0.000   0.000   0.000   0.000   0.000   0.000   0.000   0.000   0.000   0.000   0.000    0.000    0.000   0.000    0.000   0.000   0.000   0.000   0.000   0.000    0.000    0.000      0.000    0.000   0.000    0.000     0.000    0.000      0.000   0.000
      9   0.000    0.000   0.000   0.000   0.000   0.000   0.000   0.000   0.000   0.000   0.000   0.000   0.000    0.000    0.000   0.000    0.000   0.000   0.000   0.000   0.000   0.000    0.000    0.000      0.000    0.000   0.000    0.000     0.000    0.000      0.000   0.000
    Sum   0.012    0.001   0.009   0.000   0.000   0.000   0.000   0.000   0.000   0.000   0.000   0.000   0.000    0.002    0.000   0.000    0.000   0.000   0.000   0.000   0.000   0.000    0.000    0.000      0.000    0.000   0.000    0.000     0.000    0.000      0.000   0.012


Summary
------------------------------------------------------------------------------------------------------------------------------
                  dt  Flu_Adv  Gra_Adv  Src_Adv  Che_Adv       SF   FB_Adv    FixUp     Flag   Refine MPI_Grid   Output      Aux       LB CorrSync      Par -MPI_Par    libyt         Sum
    Time      0.0007   0.0094   0.0000   0.0000   0.0000   0.0000   0.0000   0.0000   0.0000   0.0000   0.0018   0.0374   0.1119   0.0011   0.0000   0.0000   0.0000   0.0000      0.1624
    Frac      0.426%   5.808%   0.000%   0.000%   0.000%   0.000%   0.000%   0.000%   0.000%   0.000%   1.130%  23.020%  68.904%   0.699%   0.000%   0.000%   0.000%   0.000%     99.986%

==============================================================================================================================
==============================================================================================================================



Time : 6.7454341e-02 -> 6.8542314e-02,     Step :       62 ->       63

Main Loop
------------------------------------------------------------------------------------------------------------------------------
       Total    Integration       Output    Auxiliary    LoadBalance       CorrSync          libyt            Sum
      0.1408         0.0095       0.0372       0.0931         0.0011         0.0000         0.0000         0.1408


Integration Loop
------------------------------------------------------------------------------------------------------------------------------
     Lv   Total       dt Flu_Adv Gra_Adv Src_Adv Che_Adv      SF  FB_Adv   FixUp    Flag  Refine Buf_Rho Buf_Pot Buf_Flu1 Buf_Flu2 Buf_Ref Buf_Flux Buf_Res Buf_Che  Par_KD   Par_K Par_K-1 Par_2Sib -MPI_Sib -MPI_FaSib Par_2Son    -MPI Par_Coll -MPI_Real -MPI_Sib -MPI_FaSib     Sum
      0   0.009    0.001   0.007   0.000   0.000   0.000   0.000   0.000   0.000   0.000   0.000   0.000   0.000    0.002    0.000   0.000    0.000   0.000   0.000   0.000   0.000   0.000    0.000    0.000      0.000    0.000   0.000    0.000     0.000    0.000      0.000   0.009
      1   0.000    0.000   0.000   0.000   0.000   0.000   0.000   0.000   0.000   0.000   0.000   0.000   0.000    0.000    0.000   0.000    0.000   0.000   0.000   0.000   0.000   0.000    0.000    0.000      0.000    0.000   0.000    0.000     0.000    0.000      0.000   0.000
      2   0.000    0.000   0.000   0.000   0.000   0.000   0.000   0.000   0.000   0.000   0.000   0.000   0.000    0.000    0.000   0.000    0.000   0.000   0.000   0.000   0.000   0.000    0.000    0.000      0.000    0.000   0.000    0.000     0.000    0.000      0.000   0.000
      3   0.000    0.000   0.000   0.000   0.000   0.000   0.000   0.000   0.000   0.000   0.000   0.000   0.000    0.000    0.000   0.000    0.000   0.000   0.000   0.000   0.000   0.000    0.000    0.000      0.000    0.000   0.000    0.000     0.000    0.000      0.000   0.000
      4   0.000    0.000   0.000   0.000   0.000   0.000   0.000   0.000   0.000   0.000   0.000   0.000   0.000    0.000    0.000   0.000    0.000   0.000   0.000   0.000   0.000   0.000    0.000    0.000      0.000    0.000   0.000    0.000     0.000    0.000      0.000   0.000
      5   0.000    0.000   0.000   0.000   0.000   0.000   0.000   0.000   0.000   0.000   0.000   0.000   0.000    0.000    0.000   0.000    0.000   0.000   0.000   0.000   0.000   0.000    0.000    0.000      0.000    0.000   0.000    0.000     0.000    0.000      0.000   0.000
      6   0.000    0.000   0.000   0.000   0.000   0.000   0.000   0.000   0.000   0.000   0.000   0.000   0.000    0.000    0.000   0.000    0.000   0.000   0.000   0.000   0.000   0.000    0.000    0.000      0.000    0.000   0.000    0.000     0.000    0.000      0.000   0.000
      7   0.000    0.000   0.000   0.000   0.000   0.000   0.000   0.000   0.000   0.000   0.000   0.000   0.000    0.000    0.000   0.000    0.000   0.000   0.000   0.000   0.000   0.000    0.000    0.000      0.000    0.000   0.000    0.000     0.000    0.000      0.000   0.000
      8   0.000    0.000   0.000   0.000   0.000   0.000   0.000   0.000   0.000   0.000   0.000   0.000   0.000    0.000    0.000   0.000    0.000   0.000   0.000   0.000   0.000   0.000    0.000    0.000      0.000    0.000   0.000    0.000     0.000    0.000      0.000   0.000
      9   0.000    0.000   0.000   0.000   0.000   0.000   0.000   0.000   0.000   0.000   0.000   0.000   0.000    0.000    0.000   0.000    0.000   0.000   0.000   0.000   0.000   0.000    0.000    0.000      0.000    0.000   0.000    0.000     0.000    0.000      0.000   0.000
    Sum   0.009    0.001   0.007   0.000   0.000   0.000   0.000   0.000   0.000   0.000   0.000   0.000   0.000    0.002    0.000   0.000    0.000   0.000   0.000   0.000   0.000   0.000    0.000    0.000      0.000    0.000   0.000    0.000     0.000    0.000      0.000   0.009


Summary
------------------------------------------------------------------------------------------------------------------------------
                  dt  Flu_Adv  Gra_Adv  Src_Adv  Che_Adv       SF   FB_Adv    FixUp     Flag   Refine MPI_Grid   Output      Aux       LB CorrSync      Par -MPI_Par    libyt         Sum
    Time      0.0006   0.0068   0.0000   0.0000   0.0000   0.0000   0.0000   0.0000   0.0000   0.0000   0.0020   0.0372   0.0931   0.0011   0.0000   0.0000   0.0000   0.0000      0.1408
    Frac      0.434%   4.843%   0.000%   0.000%   0.000%   0.000%   0.000%   0.000%   0.000%   0.000%   1.451%  26.387%  66.121%   0.754%   0.000%   0.000%   0.000%   0.000%     99.989%

==============================================================================================================================
==============================================================================================================================



Time : 6.8542314e-02 -> 6.9630288e-02,     Step :       63 ->       64

Main Loop
------------------------------------------------------------------------------------------------------------------------------
       Total    Integration       Output    Auxiliary    LoadBalance       CorrSync          libyt            Sum
      0.1375         0.0125       0.0425       0.0816         0.0009         0.0000         0.0000         0.1375


Integration Loop
------------------------------------------------------------------------------------------------------------------------------
     Lv   Total       dt Flu_Adv Gra_Adv Src_Adv Che_Adv      SF  FB_Adv   FixUp    Flag  Refine Buf_Rho Buf_Pot Buf_Flu1 Buf_Flu2 Buf_Ref Buf_Flux Buf_Res Buf_Che  Par_KD   Par_K Par_K-1 Par_2Sib -MPI_Sib -MPI_FaSib Par_2Son    -MPI Par_Coll -MPI_Real -MPI_Sib -MPI_FaSib     Sum
      0   0.013    0.001   0.009   0.000   0.000   0.000   0.000   0.000   0.000   0.000   0.000   0.000   0.000    0.002    0.000   0.000    0.000   0.000   0.000   0.000   0.000   0.000    0.000    0.000      0.000    0.000   0.000    0.000     0.000    0.000      0.000   0.013
      1   0.000    0.000   0.000   0.000   0.000   0.000   0.000   0.000   0.000   0.000   0.000   0.000   0.000    0.000    0.000   0.000    0.000   0.000   0.000   0.000   0.000   0.000    0.000    0.000      0.000    0.000   0.000    0.000     0.000    0.000      0.000   0.000
      2   0.000    0.000   0.000   0.000   0.000   0.000   0.000   0.000   0.000   0.000   0.000   0.000   0.000    0.000    0.000   0.000    0.000   0.000   0.000   0.000   0.000   0.000    0.000    0.000      0.000    0.000   0.000    0.000     0.000    0.000      0.000   0.000
      3   0.000    0.000   0.000   0.000   0.000   0.000   0.000   0.000   0.000   0.000   0.000   0.000   0.000    0.000    0.000   0.000    0.000   0.000   0.000   0.000   0.000   0.000    0.000    0.000      0.000    0.000   0.000    0.000     0.000    0.000      0.000   0.000
      4   0.000    0.000   0.000   0.000   0.000   0.000   0.000   0.000   0.000   0.000   0.000   0.000   0.000    0.000    0.000   0.000    0.000   0.000   0.000   0.000   0.000   0.000    0.000    0.000      0.000    0.000   0.000    0.000     0.000    0.000      0.000   0.000
      5   0.000    0.000   0.000   0.000   0.000   0.000   0.000   0.000   0.000   0.000   0.000   0.000   0.000    0.000    0.000   0.000    0.000   0.000   0.000   0.000   0.000   0.000    0.000    0.000      0.000    0.000   0.000    0.000     0.000    0.000      0.000   0.000
      6   0.000    0.000   0.000   0.000   0.000   0.000   0.000   0.000   0.000   0.000   0.000   0.000   0.000    0.000    0.000   0.000    0.000   0.000   0.000   0.000   0.000   0.000    0.000    0.000      0.000    0.000   0.000    0.000     0.000    0.000      0.000   0.000
      7   0.000    0.000   0.000   0.000   0.000   0.000   0.000   0.000   0.000   0.000   0.000   0.000   0.000    0.000    0.000   0.000    0.000   0.000   0.000   0.000   0.000   0.000    0.000    0.000      0.000    0.000   0.000    0.000     0.000    0.000      0.000   0.000
      8   0.000    0.000   0.000   0.000   0.000   0.000   0.000   0.000   0.000   0.000   0.000   0.000   0.000    0.000    0.000   0.000    0.000   0.000   0.000   0.000   0.000   0.000    0.000    0.000      0.000    0.000   0.000    0.000     0.000    0.000      0.000   0.000
      9   0.000    0.000   0.000   0.000   0.000   0.000   0.000   0.000   0.000   0.000   0.000   0.000   0.000    0.000    0.000   0.000    0.000   0.000   0.000   0.000   0.000   0.000    0.000    0.000      0.000    0.000   0.000    0.000     0.000    0.000      0.000   0.000
    Sum   0.013    0.001   0.009   0.000   0.000   0.000   0.000   0.000   0.000   0.000   0.000   0.000   0.000    0.002    0.000   0.000    0.000   0.000   0.000   0.000   0.000   0.000    0.000    0.000      0.000    0.000   0.000    0.000     0.000    0.000      0.000   0.013


Summary
------------------------------------------------------------------------------------------------------------------------------
                  dt  Flu_Adv  Gra_Adv  Src_Adv  Che_Adv       SF   FB_Adv    FixUp     Flag   Refine MPI_Grid   Output      Aux       LB CorrSync      Par -MPI_Par    libyt         Sum
    Time      0.0007   0.0089   0.0000   0.0000   0.0000   0.0000   0.0000   0.0000   0.0004   0.0004   0.0022   0.0425   0.0816   0.0009   0.0000   0.0000   0.0000   0.0000      0.1375
    Frac      0.482%   6.442%   0.000%   0.000%   0.000%   0.000%   0.000%   0.000%   0.265%   0.283%   1.616%  30.905%  59.320%   0.667%   0.000%   0.000%   0.000%   0.000%     99.981%

==============================================================================================================================
==============================================================================================================================



Time : 6.9630288e-02 -> 7.0718261e-02,     Step :       64 ->       65

Main Loop
------------------------------------------------------------------------------------------------------------------------------
       Total    Integration       Output    Auxiliary    LoadBalance       CorrSync          libyt            Sum
      0.1423         0.0121       0.0601       0.0692         0.0010         0.0000         0.0000         0.1423


Integration Loop
------------------------------------------------------------------------------------------------------------------------------
     Lv   Total       dt Flu_Adv Gra_Adv Src_Adv Che_Adv      SF  FB_Adv   FixUp    Flag  Refine Buf_Rho Buf_Pot Buf_Flu1 Buf_Flu2 Buf_Ref Buf_Flux Buf_Res Buf_Che  Par_KD   Par_K Par_K-1 Par_2Sib -MPI_Sib -MPI_FaSib Par_2Son    -MPI Par_Coll -MPI_Real -MPI_Sib -MPI_FaSib     Sum
      0   0.012    0.001   0.009   0.000   0.000   0.000   0.000   0.000   0.000   0.000   0.000   0.000   0.000    0.002    0.000   0.000    0.000   0.000   0.000   0.000   0.000   0.000    0.000    0.000      0.000    0.000   0.000    0.000     0.000    0.000      0.000   0.012
      1   0.000    0.000   0.000   0.000   0.000   0.000   0.000   0.000   0.000   0.000   0.000   0.000   0.000    0.000    0.000   0.000    0.000   0.000   0.000   0.000   0.000   0.000    0.000    0.000      0.000    0.000   0.000    0.000     0.000    0.000      0.000   0.000
      2   0.000    0.000   0.000   0.000   0.000   0.000   0.000   0.000   0.000   0.000   0.000   0.000   0.000    0.000    0.000   0.000    0.000   0.000   0.000   0.000   0.000   0.000    0.000    0.000      0.000    0.000   0.000    0.000     0.000    0.000      0.000   0.000
      3   0.000    0.000   0.000   0.000   0.000   0.000   0.000   0.000   0.000   0.000   0.000   0.000   0.000    0.000    0.000   0.000    0.000   0.000   0.000   0.000   0.000   0.000    0.000    0.000      0.000    0.000   0.000    0.000     0.000    0.000      0.000   0.000
      4   0.000    0.000   0.000   0.000   0.000   0.000   0.000   0.000   0.000   0.000   0.000   0.000   0.000    0.000    0.000   0.000    0.000   0.000   0.000   0.000   0.000   0.000    0.000    0.000      0.000    0.000   0.000    0.000     0.000    0.000      0.000   0.000
      5   0.000    0.000   0.000   0.000   0.000   0.000   0.000   0.000   0.000   0.000   0.000   0.000   0.000    0.000    0.000   0.000    0.000   0.000   0.000   0.000   0.000   0.000    0.000    0.000      0.000    0.000   0.000    0.000     0.000    0.000      0.000   0.000
      6   0.000    0.000   0.000   0.000   0.000   0.000   0.000   0.000   0.000   0.000   0.000   0.000   0.000    0.000    0.000   0.000    0.000   0.000   0.000   0.000   0.000   0.000    0.000    0.000      0.000    0.000   0.000    0.000     0.000    0.000      0.000   0.000
      7   0.000    0.000   0.000   0.000   0.000   0.000   0.000   0.000   0.000   0.000   0.000   0.000   0.000    0.000    0.000   0.000    0.000   0.000   0.000   0.000   0.000   0.000    0.000    0.000      0.000    0.000   0.000    0.000     0.000    0.000      0.000   0.000
      8   0.000    0.000   0.000   0.000   0.000   0.000   0.000   0.000   0.000   0.000   0.000   0.000   0.000    0.000    0.000   0.000    0.000   0.000   0.000   0.000   0.000   0.000    0.000    0.000      0.000    0.000   0.000    0.000     0.000    0.000      0.000   0.000
      9   0.000    0.000   0.000   0.000   0.000   0.000   0.000   0.000   0.000   0.000   0.000   0.000   0.000    0.000    0.000   0.000    0.000   0.000   0.000   0.000   0.000   0.000    0.000    0.000      0.000    0.000   0.000    0.000     0.000    0.000      0.000   0.000
    Sum   0.012    0.001   0.009   0.000   0.000   0.000   0.000   0.000   0.000   0.000   0.000   0.000   0.000    0.002    0.000   0.000    0.000   0.000   0.000   0.000   0.000   0.000    0.000    0.000      0.000    0.000   0.000    0.000     0.000    0.000      0.000   0.012


Summary
------------------------------------------------------------------------------------------------------------------------------
                  dt  Flu_Adv  Gra_Adv  Src_Adv  Che_Adv       SF   FB_Adv    FixUp     Flag   Refine MPI_Grid   Output      Aux       LB CorrSync      Par -MPI_Par    libyt         Sum
    Time      0.0006   0.0093   0.0000   0.0000   0.0000   0.0000   0.0000   0.0000   0.0000   0.0000   0.0021   0.0601   0.0692   0.0010   0.0000   0.0000   0.0000   0.0000      0.1423
    Frac      0.455%   6.511%   0.000%   0.000%   0.000%   0.000%   0.000%   0.000%   0.000%   0.000%   1.502%  42.198%  48.651%   0.668%   0.000%   0.000%   0.000%   0.000%     99.985%

==============================================================================================================================
==============================================================================================================================



Time : 7.0718261e-02 -> 7.1806234e-02,     Step :       65 ->       66

Main Loop
------------------------------------------------------------------------------------------------------------------------------
       Total    Integration       Output    Auxiliary    LoadBalance       CorrSync          libyt            Sum
      0.1694         0.0120       0.0559       0.1006         0.0009         0.0000         0.0000         0.1693


Integration Loop
------------------------------------------------------------------------------------------------------------------------------
     Lv   Total       dt Flu_Adv Gra_Adv Src_Adv Che_Adv      SF  FB_Adv   FixUp    Flag  Refine Buf_Rho Buf_Pot Buf_Flu1 Buf_Flu2 Buf_Ref Buf_Flux Buf_Res Buf_Che  Par_KD   Par_K Par_K-1 Par_2Sib -MPI_Sib -MPI_FaSib Par_2Son    -MPI Par_Coll -MPI_Real -MPI_Sib -MPI_FaSib     Sum
      0   0.012    0.001   0.009   0.000   0.000   0.000   0.000   0.000   0.000   0.000   0.000   0.000   0.000    0.002    0.000   0.000    0.000   0.000   0.000   0.000   0.000   0.000    0.000    0.000      0.000    0.000   0.000    0.000     0.000    0.000      0.000   0.012
      1   0.000    0.000   0.000   0.000   0.000   0.000   0.000   0.000   0.000   0.000   0.000   0.000   0.000    0.000    0.000   0.000    0.000   0.000   0.000   0.000   0.000   0.000    0.000    0.000      0.000    0.000   0.000    0.000     0.000    0.000      0.000   0.000
      2   0.000    0.000   0.000   0.000   0.000   0.000   0.000   0.000   0.000   0.000   0.000   0.000   0.000    0.000    0.000   0.000    0.000   0.000   0.000   0.000   0.000   0.000    0.000    0.000      0.000    0.000   0.000    0.000     0.000    0.000      0.000   0.000
      3   0.000    0.000   0.000   0.000   0.000   0.000   0.000   0.000   0.000   0.000   0.000   0.000   0.000    0.000    0.000   0.000    0.000   0.000   0.000   0.000   0.000   0.000    0.000    0.000      0.000    0.000   0.000    0.000     0.000    0.000      0.000   0.000
      4   0.000    0.000   0.000   0.000   0.000   0.000   0.000   0.000   0.000   0.000   0.000   0.000   0.000    0.000    0.000   0.000    0.000   0.000   0.000   0.000   0.000   0.000    0.000    0.000      0.000    0.000   0.000    0.000     0.000    0.000      0.000   0.000
      5   0.000    0.000   0.000   0.000   0.000   0.000   0.000   0.000   0.000   0.000   0.000   0.000   0.000    0.000    0.000   0.000    0.000   0.000   0.000   0.000   0.000   0.000    0.000    0.000      0.000    0.000   0.000    0.000     0.000    0.000      0.000   0.000
      6   0.000    0.000   0.000   0.000   0.000   0.000   0.000   0.000   0.000   0.000   0.000   0.000   0.000    0.000    0.000   0.000    0.000   0.000   0.000   0.000   0.000   0.000    0.000    0.000      0.000    0.000   0.000    0.000     0.000    0.000      0.000   0.000
      7   0.000    0.000   0.000   0.000   0.000   0.000   0.000   0.000   0.000   0.000   0.000   0.000   0.000    0.000    0.000   0.000    0.000   0.000   0.000   0.000   0.000   0.000    0.000    0.000      0.000    0.000   0.000    0.000     0.000    0.000      0.000   0.000
      8   0.000    0.000   0.000   0.000   0.000   0.000   0.000   0.000   0.000   0.000   0.000   0.000   0.000    0.000    0.000   0.000    0.000   0.000   0.000   0.000   0.000   0.000    0.000    0.000      0.000    0.000   0.000    0.000     0.000    0.000      0.000   0.000
      9   0.000    0.000   0.000   0.000   0.000   0.000   0.000   0.000   0.000   0.000   0.000   0.000   0.000    0.000    0.000   0.000    0.000   0.000   0.000   0.000   0.000   0.000    0.000    0.000      0.000    0.000   0.000    0.000     0.000    0.000      0.000   0.000
    Sum   0.012    0.001   0.009   0.000   0.000   0.000   0.000   0.000   0.000   0.000   0.000   0.000   0.000    0.002    0.000   0.000    0.000   0.000   0.000   0.000   0.000   0.000    0.000    0.000      0.000    0.000   0.000    0.000     0.000    0.000      0.000   0.012


Summary
------------------------------------------------------------------------------------------------------------------------------
                  dt  Flu_Adv  Gra_Adv  Src_Adv  Che_Adv       SF   FB_Adv    FixUp     Flag   Refine MPI_Grid   Output      Aux       LB CorrSync      Par -MPI_Par    libyt         Sum
    Time      0.0007   0.0091   0.0000   0.0000   0.0000   0.0000   0.0000   0.0000   0.0000   0.0000   0.0021   0.0559   0.1006   0.0009   0.0000   0.0000   0.0000   0.0000      0.1693
    Frac      0.399%   5.383%   0.000%   0.000%   0.000%   0.000%   0.000%   0.000%   0.000%   0.000%   1.267%  32.986%  59.431%   0.521%   0.000%   0.000%   0.000%   0.000%     99.988%

==============================================================================================================================
==============================================================================================================================



Time : 7.1806234e-02 -> 7.2894207e-02,     Step :       66 ->       67

Main Loop
------------------------------------------------------------------------------------------------------------------------------
       Total    Integration       Output    Auxiliary    LoadBalance       CorrSync          libyt            Sum
      0.1823         0.0065       0.0536       0.1212         0.0009         0.0000         0.0000         0.1823


Integration Loop
------------------------------------------------------------------------------------------------------------------------------
     Lv   Total       dt Flu_Adv Gra_Adv Src_Adv Che_Adv      SF  FB_Adv   FixUp    Flag  Refine Buf_Rho Buf_Pot Buf_Flu1 Buf_Flu2 Buf_Ref Buf_Flux Buf_Res Buf_Che  Par_KD   Par_K Par_K-1 Par_2Sib -MPI_Sib -MPI_FaSib Par_2Son    -MPI Par_Coll -MPI_Real -MPI_Sib -MPI_FaSib     Sum
      0   0.007    0.001   0.003   0.000   0.000   0.000   0.000   0.000   0.000   0.000   0.000   0.000   0.000    0.002    0.000   0.000    0.000   0.000   0.000   0.000   0.000   0.000    0.000    0.000      0.000    0.000   0.000    0.000     0.000    0.000      0.000   0.007
      1   0.000    0.000   0.000   0.000   0.000   0.000   0.000   0.000   0.000   0.000   0.000   0.000   0.000    0.000    0.000   0.000    0.000   0.000   0.000   0.000   0.000   0.000    0.000    0.000      0.000    0.000   0.000    0.000     0.000    0.000      0.000   0.000
      2   0.000    0.000   0.000   0.000   0.000   0.000   0.000   0.000   0.000   0.000   0.000   0.000   0.000    0.000    0.000   0.000    0.000   0.000   0.000   0.000   0.000   0.000    0.000    0.000      0.000    0.000   0.000    0.000     0.000    0.000      0.000   0.000
      3   0.000    0.000   0.000   0.000   0.000   0.000   0.000   0.000   0.000   0.000   0.000   0.000   0.000    0.000    0.000   0.000    0.000   0.000   0.000   0.000   0.000   0.000    0.000    0.000      0.000    0.000   0.000    0.000     0.000    0.000      0.000   0.000
      4   0.000    0.000   0.000   0.000   0.000   0.000   0.000   0.000   0.000   0.000   0.000   0.000   0.000    0.000    0.000   0.000    0.000   0.000   0.000   0.000   0.000   0.000    0.000    0.000      0.000    0.000   0.000    0.000     0.000    0.000      0.000   0.000
      5   0.000    0.000   0.000   0.000   0.000   0.000   0.000   0.000   0.000   0.000   0.000   0.000   0.000    0.000    0.000   0.000    0.000   0.000   0.000   0.000   0.000   0.000    0.000    0.000      0.000    0.000   0.000    0.000     0.000    0.000      0.000   0.000
      6   0.000    0.000   0.000   0.000   0.000   0.000   0.000   0.000   0.000   0.000   0.000   0.000   0.000    0.000    0.000   0.000    0.000   0.000   0.000   0.000   0.000   0.000    0.000    0.000      0.000    0.000   0.000    0.000     0.000    0.000      0.000   0.000
      7   0.000    0.000   0.000   0.000   0.000   0.000   0.000   0.000   0.000   0.000   0.000   0.000   0.000    0.000    0.000   0.000    0.000   0.000   0.000   0.000   0.000   0.000    0.000    0.000      0.000    0.000   0.000    0.000     0.000    0.000      0.000   0.000
      8   0.000    0.000   0.000   0.000   0.000   0.000   0.000   0.000   0.000   0.000   0.000   0.000   0.000    0.000    0.000   0.000    0.000   0.000   0.000   0.000   0.000   0.000    0.000    0.000      0.000    0.000   0.000    0.000     0.000    0.000      0.000   0.000
      9   0.000    0.000   0.000   0.000   0.000   0.000   0.000   0.000   0.000   0.000   0.000   0.000   0.000    0.000    0.000   0.000    0.000   0.000   0.000   0.000   0.000   0.000    0.000    0.000      0.000    0.000   0.000    0.000     0.000    0.000      0.000   0.000
    Sum   0.007    0.001   0.003   0.000   0.000   0.000   0.000   0.000   0.000   0.000   0.000   0.000   0.000    0.002    0.000   0.000    0.000   0.000   0.000   0.000   0.000   0.000    0.000    0.000      0.000    0.000   0.000    0.000     0.000    0.000      0.000   0.007


Summary
------------------------------------------------------------------------------------------------------------------------------
                  dt  Flu_Adv  Gra_Adv  Src_Adv  Che_Adv       SF   FB_Adv    FixUp     Flag   Refine MPI_Grid   Output      Aux       LB CorrSync      Par -MPI_Par    libyt         Sum
    Time      0.0009   0.0034   0.0000   0.0000   0.0000   0.0000   0.0000   0.0000   0.0000   0.0000   0.0022   0.0536   0.1212   0.0009   0.0000   0.0000   0.0000   0.0000      0.1823
    Frac      0.492%   1.849%   0.000%   0.000%   0.000%   0.000%   0.000%   0.000%   0.000%   0.000%   1.232%  29.397%  66.512%   0.506%   0.000%   0.000%   0.000%   0.000%     99.988%

==============================================================================================================================
==============================================================================================================================



Time : 7.2894207e-02 -> 7.3982181e-02,     Step :       67 ->       68

Main Loop
------------------------------------------------------------------------------------------------------------------------------
       Total    Integration       Output    Auxiliary    LoadBalance       CorrSync          libyt            Sum
      0.1078         0.0056       0.0389       0.0622         0.0011         0.0000         0.0000         0.1078


Integration Loop
------------------------------------------------------------------------------------------------------------------------------
     Lv   Total       dt Flu_Adv Gra_Adv Src_Adv Che_Adv      SF  FB_Adv   FixUp    Flag  Refine Buf_Rho Buf_Pot Buf_Flu1 Buf_Flu2 Buf_Ref Buf_Flux Buf_Res Buf_Che  Par_KD   Par_K Par_K-1 Par_2Sib -MPI_Sib -MPI_FaSib Par_2Son    -MPI Par_Coll -MPI_Real -MPI_Sib -MPI_FaSib     Sum
      0   0.006    0.001   0.002   0.000   0.000   0.000   0.000   0.000   0.000   0.000   0.000   0.000   0.000    0.002    0.000   0.000    0.000   0.000   0.000   0.000   0.000   0.000    0.000    0.000      0.000    0.000   0.000    0.000     0.000    0.000      0.000   0.006
      1   0.000    0.000   0.000   0.000   0.000   0.000   0.000   0.000   0.000   0.000   0.000   0.000   0.000    0.000    0.000   0.000    0.000   0.000   0.000   0.000   0.000   0.000    0.000    0.000      0.000    0.000   0.000    0.000     0.000    0.000      0.000   0.000
      2   0.000    0.000   0.000   0.000   0.000   0.000   0.000   0.000   0.000   0.000   0.000   0.000   0.000    0.000    0.000   0.000    0.000   0.000   0.000   0.000   0.000   0.000    0.000    0.000      0.000    0.000   0.000    0.000     0.000    0.000      0.000   0.000
      3   0.000    0.000   0.000   0.000   0.000   0.000   0.000   0.000   0.000   0.000   0.000   0.000   0.000    0.000    0.000   0.000    0.000   0.000   0.000   0.000   0.000   0.000    0.000    0.000      0.000    0.000   0.000    0.000     0.000    0.000      0.000   0.000
      4   0.000    0.000   0.000   0.000   0.000   0.000   0.000   0.000   0.000   0.000   0.000   0.000   0.000    0.000    0.000   0.000    0.000   0.000   0.000   0.000   0.000   0.000    0.000    0.000      0.000    0.000   0.000    0.000     0.000    0.000      0.000   0.000
      5   0.000    0.000   0.000   0.000   0.000   0.000   0.000   0.000   0.000   0.000   0.000   0.000   0.000    0.000    0.000   0.000    0.000   0.000   0.000   0.000   0.000   0.000    0.000    0.000      0.000    0.000   0.000    0.000     0.000    0.000      0.000   0.000
      6   0.000    0.000   0.000   0.000   0.000   0.000   0.000   0.000   0.000   0.000   0.000   0.000   0.000    0.000    0.000   0.000    0.000   0.000   0.000   0.000   0.000   0.000    0.000    0.000      0.000    0.000   0.000    0.000     0.000    0.000      0.000   0.000
      7   0.000    0.000   0.000   0.000   0.000   0.000   0.000   0.000   0.000   0.000   0.000   0.000   0.000    0.000    0.000   0.000    0.000   0.000   0.000   0.000   0.000   0.000    0.000    0.000      0.000    0.000   0.000    0.000     0.000    0.000      0.000   0.000
      8   0.000    0.000   0.000   0.000   0.000   0.000   0.000   0.000   0.000   0.000   0.000   0.000   0.000    0.000    0.000   0.000    0.000   0.000   0.000   0.000   0.000   0.000    0.000    0.000      0.000    0.000   0.000    0.000     0.000    0.000      0.000   0.000
      9   0.000    0.000   0.000   0.000   0.000   0.000   0.000   0.000   0.000   0.000   0.000   0.000   0.000    0.000    0.000   0.000    0.000   0.000   0.000   0.000   0.000   0.000    0.000    0.000      0.000    0.000   0.000    0.000     0.000    0.000      0.000   0.000
    Sum   0.006    0.001   0.002   0.000   0.000   0.000   0.000   0.000   0.000   0.000   0.000   0.000   0.000    0.002    0.000   0.000    0.000   0.000   0.000   0.000   0.000   0.000    0.000    0.000      0.000    0.000   0.000    0.000     0.000    0.000      0.000   0.006


Summary
------------------------------------------------------------------------------------------------------------------------------
                  dt  Flu_Adv  Gra_Adv  Src_Adv  Che_Adv       SF   FB_Adv    FixUp     Flag   Refine MPI_Grid   Output      Aux       LB CorrSync      Par -MPI_Par    libyt         Sum
    Time      0.0007   0.0018   0.0000   0.0000   0.0000   0.0000   0.0000   0.0000   0.0004   0.0004   0.0023   0.0389   0.0622   0.0011   0.0000   0.0000   0.0000   0.0000      0.1078
    Frac      0.666%   1.713%   0.000%   0.000%   0.000%   0.000%   0.000%   0.000%   0.371%   0.329%   2.145%  36.081%  57.701%   0.979%   0.000%   0.000%   0.000%   0.000%     99.985%

==============================================================================================================================
==============================================================================================================================



Time : 7.3982181e-02 -> 7.5070154e-02,     Step :       68 ->       69

Main Loop
------------------------------------------------------------------------------------------------------------------------------
       Total    Integration       Output    Auxiliary    LoadBalance       CorrSync          libyt            Sum
      0.1405         0.0046       0.0415       0.0936         0.0009         0.0000         0.0000         0.1405


Integration Loop
------------------------------------------------------------------------------------------------------------------------------
     Lv   Total       dt Flu_Adv Gra_Adv Src_Adv Che_Adv      SF  FB_Adv   FixUp    Flag  Refine Buf_Rho Buf_Pot Buf_Flu1 Buf_Flu2 Buf_Ref Buf_Flux Buf_Res Buf_Che  Par_KD   Par_K Par_K-1 Par_2Sib -MPI_Sib -MPI_FaSib Par_2Son    -MPI Par_Coll -MPI_Real -MPI_Sib -MPI_FaSib     Sum
      0   0.005    0.001   0.002   0.000   0.000   0.000   0.000   0.000   0.000   0.000   0.000   0.000   0.000    0.002    0.000   0.000    0.000   0.000   0.000   0.000   0.000   0.000    0.000    0.000      0.000    0.000   0.000    0.000     0.000    0.000      0.000   0.005
      1   0.000    0.000   0.000   0.000   0.000   0.000   0.000   0.000   0.000   0.000   0.000   0.000   0.000    0.000    0.000   0.000    0.000   0.000   0.000   0.000   0.000   0.000    0.000    0.000      0.000    0.000   0.000    0.000     0.000    0.000      0.000   0.000
      2   0.000    0.000   0.000   0.000   0.000   0.000   0.000   0.000   0.000   0.000   0.000   0.000   0.000    0.000    0.000   0.000    0.000   0.000   0.000   0.000   0.000   0.000    0.000    0.000      0.000    0.000   0.000    0.000     0.000    0.000      0.000   0.000
      3   0.000    0.000   0.000   0.000   0.000   0.000   0.000   0.000   0.000   0.000   0.000   0.000   0.000    0.000    0.000   0.000    0.000   0.000   0.000   0.000   0.000   0.000    0.000    0.000      0.000    0.000   0.000    0.000     0.000    0.000      0.000   0.000
      4   0.000    0.000   0.000   0.000   0.000   0.000   0.000   0.000   0.000   0.000   0.000   0.000   0.000    0.000    0.000   0.000    0.000   0.000   0.000   0.000   0.000   0.000    0.000    0.000      0.000    0.000   0.000    0.000     0.000    0.000      0.000   0.000
      5   0.000    0.000   0.000   0.000   0.000   0.000   0.000   0.000   0.000   0.000   0.000   0.000   0.000    0.000    0.000   0.000    0.000   0.000   0.000   0.000   0.000   0.000    0.000    0.000      0.000    0.000   0.000    0.000     0.000    0.000      0.000   0.000
      6   0.000    0.000   0.000   0.000   0.000   0.000   0.000   0.000   0.000   0.000   0.000   0.000   0.000    0.000    0.000   0.000    0.000   0.000   0.000   0.000   0.000   0.000    0.000    0.000      0.000    0.000   0.000    0.000     0.000    0.000      0.000   0.000
      7   0.000    0.000   0.000   0.000   0.000   0.000   0.000   0.000   0.000   0.000   0.000   0.000   0.000    0.000    0.000   0.000    0.000   0.000   0.000   0.000   0.000   0.000    0.000    0.000      0.000    0.000   0.000    0.000     0.000    0.000      0.000   0.000
      8   0.000    0.000   0.000   0.000   0.000   0.000   0.000   0.000   0.000   0.000   0.000   0.000   0.000    0.000    0.000   0.000    0.000   0.000   0.000   0.000   0.000   0.000    0.000    0.000      0.000    0.000   0.000    0.000     0.000    0.000      0.000   0.000
      9   0.000    0.000   0.000   0.000   0.000   0.000   0.000   0.000   0.000   0.000   0.000   0.000   0.000    0.000    0.000   0.000    0.000   0.000   0.000   0.000   0.000   0.000    0.000    0.000      0.000    0.000   0.000    0.000     0.000    0.000      0.000   0.000
    Sum   0.005    0.001   0.002   0.000   0.000   0.000   0.000   0.000   0.000   0.000   0.000   0.000   0.000    0.002    0.000   0.000    0.000   0.000   0.000   0.000   0.000   0.000    0.000    0.000      0.000    0.000   0.000    0.000     0.000    0.000      0.000   0.005


Summary
------------------------------------------------------------------------------------------------------------------------------
                  dt  Flu_Adv  Gra_Adv  Src_Adv  Che_Adv       SF   FB_Adv    FixUp     Flag   Refine MPI_Grid   Output      Aux       LB CorrSync      Par -MPI_Par    libyt         Sum
    Time      0.0007   0.0017   0.0000   0.0000   0.0000   0.0000   0.0000   0.0000   0.0000   0.0000   0.0022   0.0415   0.0936   0.0009   0.0000   0.0000   0.0000   0.0000      0.1405
    Frac      0.479%   1.222%   0.000%   0.000%   0.000%   0.000%   0.000%   0.000%   0.000%   0.000%   1.569%  29.522%  66.580%   0.610%   0.000%   0.000%   0.000%   0.000%     99.981%

==============================================================================================================================
==============================================================================================================================



Time : 7.5070154e-02 -> 7.6158127e-02,     Step :       69 ->       70

Main Loop
------------------------------------------------------------------------------------------------------------------------------
       Total    Integration       Output    Auxiliary    LoadBalance       CorrSync          libyt            Sum
      0.1857         0.0242       0.0569       0.1032         0.0014         0.0000         0.0000         0.1857


Integration Loop
------------------------------------------------------------------------------------------------------------------------------
     Lv   Total       dt Flu_Adv Gra_Adv Src_Adv Che_Adv      SF  FB_Adv   FixUp    Flag  Refine Buf_Rho Buf_Pot Buf_Flu1 Buf_Flu2 Buf_Ref Buf_Flux Buf_Res Buf_Che  Par_KD   Par_K Par_K-1 Par_2Sib -MPI_Sib -MPI_FaSib Par_2Son    -MPI Par_Coll -MPI_Real -MPI_Sib -MPI_FaSib     Sum
      0   0.024    0.001   0.021   0.000   0.000   0.000   0.000   0.000   0.000   0.000   0.000   0.000   0.000    0.002    0.000   0.000    0.000   0.000   0.000   0.000   0.000   0.000    0.000    0.000      0.000    0.000   0.000    0.000     0.000    0.000      0.000   0.024
      1   0.000    0.000   0.000   0.000   0.000   0.000   0.000   0.000   0.000   0.000   0.000   0.000   0.000    0.000    0.000   0.000    0.000   0.000   0.000   0.000   0.000   0.000    0.000    0.000      0.000    0.000   0.000    0.000     0.000    0.000      0.000   0.000
      2   0.000    0.000   0.000   0.000   0.000   0.000   0.000   0.000   0.000   0.000   0.000   0.000   0.000    0.000    0.000   0.000    0.000   0.000   0.000   0.000   0.000   0.000    0.000    0.000      0.000    0.000   0.000    0.000     0.000    0.000      0.000   0.000
      3   0.000    0.000   0.000   0.000   0.000   0.000   0.000   0.000   0.000   0.000   0.000   0.000   0.000    0.000    0.000   0.000    0.000   0.000   0.000   0.000   0.000   0.000    0.000    0.000      0.000    0.000   0.000    0.000     0.000    0.000      0.000   0.000
      4   0.000    0.000   0.000   0.000   0.000   0.000   0.000   0.000   0.000   0.000   0.000   0.000   0.000    0.000    0.000   0.000    0.000   0.000   0.000   0.000   0.000   0.000    0.000    0.000      0.000    0.000   0.000    0.000     0.000    0.000      0.000   0.000
      5   0.000    0.000   0.000   0.000   0.000   0.000   0.000   0.000   0.000   0.000   0.000   0.000   0.000    0.000    0.000   0.000    0.000   0.000   0.000   0.000   0.000   0.000    0.000    0.000      0.000    0.000   0.000    0.000     0.000    0.000      0.000   0.000
      6   0.000    0.000   0.000   0.000   0.000   0.000   0.000   0.000   0.000   0.000   0.000   0.000   0.000    0.000    0.000   0.000    0.000   0.000   0.000   0.000   0.000   0.000    0.000    0.000      0.000    0.000   0.000    0.000     0.000    0.000      0.000   0.000
      7   0.000    0.000   0.000   0.000   0.000   0.000   0.000   0.000   0.000   0.000   0.000   0.000   0.000    0.000    0.000   0.000    0.000   0.000   0.000   0.000   0.000   0.000    0.000    0.000      0.000    0.000   0.000    0.000     0.000    0.000      0.000   0.000
      8   0.000    0.000   0.000   0.000   0.000   0.000   0.000   0.000   0.000   0.000   0.000   0.000   0.000    0.000    0.000   0.000    0.000   0.000   0.000   0.000   0.000   0.000    0.000    0.000      0.000    0.000   0.000    0.000     0.000    0.000      0.000   0.000
      9   0.000    0.000   0.000   0.000   0.000   0.000   0.000   0.000   0.000   0.000   0.000   0.000   0.000    0.000    0.000   0.000    0.000   0.000   0.000   0.000   0.000   0.000    0.000    0.000      0.000    0.000   0.000    0.000     0.000    0.000      0.000   0.000
    Sum   0.024    0.001   0.021   0.000   0.000   0.000   0.000   0.000   0.000   0.000   0.000   0.000   0.000    0.002    0.000   0.000    0.000   0.000   0.000   0.000   0.000   0.000    0.000    0.000      0.000    0.000   0.000    0.000     0.000    0.000      0.000   0.024


Summary
------------------------------------------------------------------------------------------------------------------------------
                  dt  Flu_Adv  Gra_Adv  Src_Adv  Che_Adv       SF   FB_Adv    FixUp     Flag   Refine MPI_Grid   Output      Aux       LB CorrSync      Par -MPI_Par    libyt         Sum
    Time      0.0007   0.0214   0.0000   0.0000   0.0000   0.0000   0.0000   0.0000   0.0000   0.0000   0.0021   0.0569   0.1032   0.0014   0.0000   0.0000   0.0000   0.0000      0.1857
    Frac      0.358%  11.513%   0.000%   0.000%   0.000%   0.000%   0.000%   0.000%   0.000%   0.000%   1.154%  30.650%  55.548%   0.764%   0.000%   0.000%   0.000%   0.000%     99.987%

==============================================================================================================================
==============================================================================================================================



Time : 7.6158127e-02 -> 7.7246100e-02,     Step :       70 ->       71

Main Loop
------------------------------------------------------------------------------------------------------------------------------
       Total    Integration       Output    Auxiliary    LoadBalance       CorrSync          libyt            Sum
      0.1455         0.0052       0.0229       0.1164         0.0010         0.0000         0.0000         0.1455


Integration Loop
------------------------------------------------------------------------------------------------------------------------------
     Lv   Total       dt Flu_Adv Gra_Adv Src_Adv Che_Adv      SF  FB_Adv   FixUp    Flag  Refine Buf_Rho Buf_Pot Buf_Flu1 Buf_Flu2 Buf_Ref Buf_Flux Buf_Res Buf_Che  Par_KD   Par_K Par_K-1 Par_2Sib -MPI_Sib -MPI_FaSib Par_2Son    -MPI Par_Coll -MPI_Real -MPI_Sib -MPI_FaSib     Sum
      0   0.005    0.001   0.002   0.000   0.000   0.000   0.000   0.000   0.000   0.000   0.000   0.000   0.000    0.002    0.000   0.000    0.000   0.000   0.000   0.000   0.000   0.000    0.000    0.000      0.000    0.000   0.000    0.000     0.000    0.000      0.000   0.005
      1   0.000    0.000   0.000   0.000   0.000   0.000   0.000   0.000   0.000   0.000   0.000   0.000   0.000    0.000    0.000   0.000    0.000   0.000   0.000   0.000   0.000   0.000    0.000    0.000      0.000    0.000   0.000    0.000     0.000    0.000      0.000   0.000
      2   0.000    0.000   0.000   0.000   0.000   0.000   0.000   0.000   0.000   0.000   0.000   0.000   0.000    0.000    0.000   0.000    0.000   0.000   0.000   0.000   0.000   0.000    0.000    0.000      0.000    0.000   0.000    0.000     0.000    0.000      0.000   0.000
      3   0.000    0.000   0.000   0.000   0.000   0.000   0.000   0.000   0.000   0.000   0.000   0.000   0.000    0.000    0.000   0.000    0.000   0.000   0.000   0.000   0.000   0.000    0.000    0.000      0.000    0.000   0.000    0.000     0.000    0.000      0.000   0.000
      4   0.000    0.000   0.000   0.000   0.000   0.000   0.000   0.000   0.000   0.000   0.000   0.000   0.000    0.000    0.000   0.000    0.000   0.000   0.000   0.000   0.000   0.000    0.000    0.000      0.000    0.000   0.000    0.000     0.000    0.000      0.000   0.000
      5   0.000    0.000   0.000   0.000   0.000   0.000   0.000   0.000   0.000   0.000   0.000   0.000   0.000    0.000    0.000   0.000    0.000   0.000   0.000   0.000   0.000   0.000    0.000    0.000      0.000    0.000   0.000    0.000     0.000    0.000      0.000   0.000
      6   0.000    0.000   0.000   0.000   0.000   0.000   0.000   0.000   0.000   0.000   0.000   0.000   0.000    0.000    0.000   0.000    0.000   0.000   0.000   0.000   0.000   0.000    0.000    0.000      0.000    0.000   0.000    0.000     0.000    0.000      0.000   0.000
      7   0.000    0.000   0.000   0.000   0.000   0.000   0.000   0.000   0.000   0.000   0.000   0.000   0.000    0.000    0.000   0.000    0.000   0.000   0.000   0.000   0.000   0.000    0.000    0.000      0.000    0.000   0.000    0.000     0.000    0.000      0.000   0.000
      8   0.000    0.000   0.000   0.000   0.000   0.000   0.000   0.000   0.000   0.000   0.000   0.000   0.000    0.000    0.000   0.000    0.000   0.000   0.000   0.000   0.000   0.000    0.000    0.000      0.000    0.000   0.000    0.000     0.000    0.000      0.000   0.000
      9   0.000    0.000   0.000   0.000   0.000   0.000   0.000   0.000   0.000   0.000   0.000   0.000   0.000    0.000    0.000   0.000    0.000   0.000   0.000   0.000   0.000   0.000    0.000    0.000      0.000    0.000   0.000    0.000     0.000    0.000      0.000   0.000
    Sum   0.005    0.001   0.002   0.000   0.000   0.000   0.000   0.000   0.000   0.000   0.000   0.000   0.000    0.002    0.000   0.000    0.000   0.000   0.000   0.000   0.000   0.000    0.000    0.000      0.000    0.000   0.000    0.000     0.000    0.000      0.000   0.005


Summary
------------------------------------------------------------------------------------------------------------------------------
                  dt  Flu_Adv  Gra_Adv  Src_Adv  Che_Adv       SF   FB_Adv    FixUp     Flag   Refine MPI_Grid   Output      Aux       LB CorrSync      Par -MPI_Par    libyt         Sum
    Time      0.0010   0.0020   0.0000   0.0000   0.0000   0.0000   0.0000   0.0000   0.0000   0.0000   0.0022   0.0229   0.1164   0.0010   0.0000   0.0000   0.0000   0.0000      0.1455
    Frac      0.722%   1.346%   0.000%   0.000%   0.000%   0.000%   0.000%   0.000%   0.000%   0.000%   1.480%  15.741%  79.995%   0.700%   0.000%   0.000%   0.000%   0.000%     99.984%

==============================================================================================================================
==============================================================================================================================



Time : 7.7246100e-02 -> 7.8334074e-02,     Step :       71 ->       72

Main Loop
------------------------------------------------------------------------------------------------------------------------------
       Total    Integration       Output    Auxiliary    LoadBalance       CorrSync          libyt            Sum
      0.1214         0.0130       0.0376       0.0697         0.0010         0.0000         0.0000         0.1214


Integration Loop
------------------------------------------------------------------------------------------------------------------------------
     Lv   Total       dt Flu_Adv Gra_Adv Src_Adv Che_Adv      SF  FB_Adv   FixUp    Flag  Refine Buf_Rho Buf_Pot Buf_Flu1 Buf_Flu2 Buf_Ref Buf_Flux Buf_Res Buf_Che  Par_KD   Par_K Par_K-1 Par_2Sib -MPI_Sib -MPI_FaSib Par_2Son    -MPI Par_Coll -MPI_Real -MPI_Sib -MPI_FaSib     Sum
      0   0.013    0.001   0.009   0.000   0.000   0.000   0.000   0.000   0.000   0.000   0.000   0.000   0.000    0.002    0.000   0.000    0.000   0.000   0.000   0.000   0.000   0.000    0.000    0.000      0.000    0.000   0.000    0.000     0.000    0.000      0.000   0.013
      1   0.000    0.000   0.000   0.000   0.000   0.000   0.000   0.000   0.000   0.000   0.000   0.000   0.000    0.000    0.000   0.000    0.000   0.000   0.000   0.000   0.000   0.000    0.000    0.000      0.000    0.000   0.000    0.000     0.000    0.000      0.000   0.000
      2   0.000    0.000   0.000   0.000   0.000   0.000   0.000   0.000   0.000   0.000   0.000   0.000   0.000    0.000    0.000   0.000    0.000   0.000   0.000   0.000   0.000   0.000    0.000    0.000      0.000    0.000   0.000    0.000     0.000    0.000      0.000   0.000
      3   0.000    0.000   0.000   0.000   0.000   0.000   0.000   0.000   0.000   0.000   0.000   0.000   0.000    0.000    0.000   0.000    0.000   0.000   0.000   0.000   0.000   0.000    0.000    0.000      0.000    0.000   0.000    0.000     0.000    0.000      0.000   0.000
      4   0.000    0.000   0.000   0.000   0.000   0.000   0.000   0.000   0.000   0.000   0.000   0.000   0.000    0.000    0.000   0.000    0.000   0.000   0.000   0.000   0.000   0.000    0.000    0.000      0.000    0.000   0.000    0.000     0.000    0.000      0.000   0.000
      5   0.000    0.000   0.000   0.000   0.000   0.000   0.000   0.000   0.000   0.000   0.000   0.000   0.000    0.000    0.000   0.000    0.000   0.000   0.000   0.000   0.000   0.000    0.000    0.000      0.000    0.000   0.000    0.000     0.000    0.000      0.000   0.000
      6   0.000    0.000   0.000   0.000   0.000   0.000   0.000   0.000   0.000   0.000   0.000   0.000   0.000    0.000    0.000   0.000    0.000   0.000   0.000   0.000   0.000   0.000    0.000    0.000      0.000    0.000   0.000    0.000     0.000    0.000      0.000   0.000
      7   0.000    0.000   0.000   0.000   0.000   0.000   0.000   0.000   0.000   0.000   0.000   0.000   0.000    0.000    0.000   0.000    0.000   0.000   0.000   0.000   0.000   0.000    0.000    0.000      0.000    0.000   0.000    0.000     0.000    0.000      0.000   0.000
      8   0.000    0.000   0.000   0.000   0.000   0.000   0.000   0.000   0.000   0.000   0.000   0.000   0.000    0.000    0.000   0.000    0.000   0.000   0.000   0.000   0.000   0.000    0.000    0.000      0.000    0.000   0.000    0.000     0.000    0.000      0.000   0.000
      9   0.000    0.000   0.000   0.000   0.000   0.000   0.000   0.000   0.000   0.000   0.000   0.000   0.000    0.000    0.000   0.000    0.000   0.000   0.000   0.000   0.000   0.000    0.000    0.000      0.000    0.000   0.000    0.000     0.000    0.000      0.000   0.000
    Sum   0.013    0.001   0.009   0.000   0.000   0.000   0.000   0.000   0.000   0.000   0.000   0.000   0.000    0.002    0.000   0.000    0.000   0.000   0.000   0.000   0.000   0.000    0.000    0.000      0.000    0.000   0.000    0.000     0.000    0.000      0.000   0.013


Summary
------------------------------------------------------------------------------------------------------------------------------
                  dt  Flu_Adv  Gra_Adv  Src_Adv  Che_Adv       SF   FB_Adv    FixUp     Flag   Refine MPI_Grid   Output      Aux       LB CorrSync      Par -MPI_Par    libyt         Sum
    Time      0.0007   0.0091   0.0000   0.0000   0.0000   0.0000   0.0000   0.0000   0.0004   0.0004   0.0024   0.0376   0.0697   0.0010   0.0000   0.0000   0.0000   0.0000      0.1214
    Frac      0.563%   7.493%   0.000%   0.000%   0.000%   0.000%   0.000%   0.000%   0.359%   0.366%   1.941%  31.003%  57.448%   0.807%   0.000%   0.000%   0.000%   0.000%     99.980%

==============================================================================================================================
==============================================================================================================================



Time : 7.8334074e-02 -> 7.9422047e-02,     Step :       72 ->       73

Main Loop
------------------------------------------------------------------------------------------------------------------------------
       Total    Integration       Output    Auxiliary    LoadBalance       CorrSync          libyt            Sum
      0.1197         0.0039       0.0407       0.0743         0.0008         0.0000         0.0000         0.1197


Integration Loop
------------------------------------------------------------------------------------------------------------------------------
     Lv   Total       dt Flu_Adv Gra_Adv Src_Adv Che_Adv      SF  FB_Adv   FixUp    Flag  Refine Buf_Rho Buf_Pot Buf_Flu1 Buf_Flu2 Buf_Ref Buf_Flux Buf_Res Buf_Che  Par_KD   Par_K Par_K-1 Par_2Sib -MPI_Sib -MPI_FaSib Par_2Son    -MPI Par_Coll -MPI_Real -MPI_Sib -MPI_FaSib     Sum
      0   0.004    0.001   0.001   0.000   0.000   0.000   0.000   0.000   0.000   0.000   0.000   0.000   0.000    0.002    0.000   0.000    0.000   0.000   0.000   0.000   0.000   0.000    0.000    0.000      0.000    0.000   0.000    0.000     0.000    0.000      0.000   0.004
      1   0.000    0.000   0.000   0.000   0.000   0.000   0.000   0.000   0.000   0.000   0.000   0.000   0.000    0.000    0.000   0.000    0.000   0.000   0.000   0.000   0.000   0.000    0.000    0.000      0.000    0.000   0.000    0.000     0.000    0.000      0.000   0.000
      2   0.000    0.000   0.000   0.000   0.000   0.000   0.000   0.000   0.000   0.000   0.000   0.000   0.000    0.000    0.000   0.000    0.000   0.000   0.000   0.000   0.000   0.000    0.000    0.000      0.000    0.000   0.000    0.000     0.000    0.000      0.000   0.000
      3   0.000    0.000   0.000   0.000   0.000   0.000   0.000   0.000   0.000   0.000   0.000   0.000   0.000    0.000    0.000   0.000    0.000   0.000   0.000   0.000   0.000   0.000    0.000    0.000      0.000    0.000   0.000    0.000     0.000    0.000      0.000   0.000
      4   0.000    0.000   0.000   0.000   0.000   0.000   0.000   0.000   0.000   0.000   0.000   0.000   0.000    0.000    0.000   0.000    0.000   0.000   0.000   0.000   0.000   0.000    0.000    0.000      0.000    0.000   0.000    0.000     0.000    0.000      0.000   0.000
      5   0.000    0.000   0.000   0.000   0.000   0.000   0.000   0.000   0.000   0.000   0.000   0.000   0.000    0.000    0.000   0.000    0.000   0.000   0.000   0.000   0.000   0.000    0.000    0.000      0.000    0.000   0.000    0.000     0.000    0.000      0.000   0.000
      6   0.000    0.000   0.000   0.000   0.000   0.000   0.000   0.000   0.000   0.000   0.000   0.000   0.000    0.000    0.000   0.000    0.000   0.000   0.000   0.000   0.000   0.000    0.000    0.000      0.000    0.000   0.000    0.000     0.000    0.000      0.000   0.000
      7   0.000    0.000   0.000   0.000   0.000   0.000   0.000   0.000   0.000   0.000   0.000   0.000   0.000    0.000    0.000   0.000    0.000   0.000   0.000   0.000   0.000   0.000    0.000    0.000      0.000    0.000   0.000    0.000     0.000    0.000      0.000   0.000
      8   0.000    0.000   0.000   0.000   0.000   0.000   0.000   0.000   0.000   0.000   0.000   0.000   0.000    0.000    0.000   0.000    0.000   0.000   0.000   0.000   0.000   0.000    0.000    0.000      0.000    0.000   0.000    0.000     0.000    0.000      0.000   0.000
      9   0.000    0.000   0.000   0.000   0.000   0.000   0.000   0.000   0.000   0.000   0.000   0.000   0.000    0.000    0.000   0.000    0.000   0.000   0.000   0.000   0.000   0.000    0.000    0.000      0.000    0.000   0.000    0.000     0.000    0.000      0.000   0.000
    Sum   0.004    0.001   0.001   0.000   0.000   0.000   0.000   0.000   0.000   0.000   0.000   0.000   0.000    0.002    0.000   0.000    0.000   0.000   0.000   0.000   0.000   0.000    0.000    0.000      0.000    0.000   0.000    0.000     0.000    0.000      0.000   0.004


Summary
------------------------------------------------------------------------------------------------------------------------------
                  dt  Flu_Adv  Gra_Adv  Src_Adv  Che_Adv       SF   FB_Adv    FixUp     Flag   Refine MPI_Grid   Output      Aux       LB CorrSync      Par -MPI_Par    libyt         Sum
    Time      0.0006   0.0010   0.0000   0.0000   0.0000   0.0000   0.0000   0.0000   0.0000   0.0000   0.0023   0.0407   0.0743   0.0008   0.0000   0.0000   0.0000   0.0000      0.1197
    Frac      0.514%   0.849%   0.000%   0.000%   0.000%   0.000%   0.000%   0.000%   0.000%   0.000%   1.889%  34.011%  62.059%   0.669%   0.000%   0.000%   0.000%   0.000%     99.992%

==============================================================================================================================
==============================================================================================================================



Time : 7.9422047e-02 -> 8.0510020e-02,     Step :       73 ->       74

Main Loop
------------------------------------------------------------------------------------------------------------------------------
       Total    Integration       Output    Auxiliary    LoadBalance       CorrSync          libyt            Sum
      0.0602         0.0038       0.0154       0.0402         0.0008         0.0000         0.0000         0.0602


Integration Loop
------------------------------------------------------------------------------------------------------------------------------
     Lv   Total       dt Flu_Adv Gra_Adv Src_Adv Che_Adv      SF  FB_Adv   FixUp    Flag  Refine Buf_Rho Buf_Pot Buf_Flu1 Buf_Flu2 Buf_Ref Buf_Flux Buf_Res Buf_Che  Par_KD   Par_K Par_K-1 Par_2Sib -MPI_Sib -MPI_FaSib Par_2Son    -MPI Par_Coll -MPI_Real -MPI_Sib -MPI_FaSib     Sum
      0   0.004    0.001   0.001   0.000   0.000   0.000   0.000   0.000   0.000   0.000   0.000   0.000   0.000    0.002    0.000   0.000    0.000   0.000   0.000   0.000   0.000   0.000    0.000    0.000      0.000    0.000   0.000    0.000     0.000    0.000      0.000   0.004
      1   0.000    0.000   0.000   0.000   0.000   0.000   0.000   0.000   0.000   0.000   0.000   0.000   0.000    0.000    0.000   0.000    0.000   0.000   0.000   0.000   0.000   0.000    0.000    0.000      0.000    0.000   0.000    0.000     0.000    0.000      0.000   0.000
      2   0.000    0.000   0.000   0.000   0.000   0.000   0.000   0.000   0.000   0.000   0.000   0.000   0.000    0.000    0.000   0.000    0.000   0.000   0.000   0.000   0.000   0.000    0.000    0.000      0.000    0.000   0.000    0.000     0.000    0.000      0.000   0.000
      3   0.000    0.000   0.000   0.000   0.000   0.000   0.000   0.000   0.000   0.000   0.000   0.000   0.000    0.000    0.000   0.000    0.000   0.000   0.000   0.000   0.000   0.000    0.000    0.000      0.000    0.000   0.000    0.000     0.000    0.000      0.000   0.000
      4   0.000    0.000   0.000   0.000   0.000   0.000   0.000   0.000   0.000   0.000   0.000   0.000   0.000    0.000    0.000   0.000    0.000   0.000   0.000   0.000   0.000   0.000    0.000    0.000      0.000    0.000   0.000    0.000     0.000    0.000      0.000   0.000
      5   0.000    0.000   0.000   0.000   0.000   0.000   0.000   0.000   0.000   0.000   0.000   0.000   0.000    0.000    0.000   0.000    0.000   0.000   0.000   0.000   0.000   0.000    0.000    0.000      0.000    0.000   0.000    0.000     0.000    0.000      0.000   0.000
      6   0.000    0.000   0.000   0.000   0.000   0.000   0.000   0.000   0.000   0.000   0.000   0.000   0.000    0.000    0.000   0.000    0.000   0.000   0.000   0.000   0.000   0.000    0.000    0.000      0.000    0.000   0.000    0.000     0.000    0.000      0.000   0.000
      7   0.000    0.000   0.000   0.000   0.000   0.000   0.000   0.000   0.000   0.000   0.000   0.000   0.000    0.000    0.000   0.000    0.000   0.000   0.000   0.000   0.000   0.000    0.000    0.000      0.000    0.000   0.000    0.000     0.000    0.000      0.000   0.000
      8   0.000    0.000   0.000   0.000   0.000   0.000   0.000   0.000   0.000   0.000   0.000   0.000   0.000    0.000    0.000   0.000    0.000   0.000   0.000   0.000   0.000   0.000    0.000    0.000      0.000    0.000   0.000    0.000     0.000    0.000      0.000   0.000
      9   0.000    0.000   0.000   0.000   0.000   0.000   0.000   0.000   0.000   0.000   0.000   0.000   0.000    0.000    0.000   0.000    0.000   0.000   0.000   0.000   0.000   0.000    0.000    0.000      0.000    0.000   0.000    0.000     0.000    0.000      0.000   0.000
    Sum   0.004    0.001   0.001   0.000   0.000   0.000   0.000   0.000   0.000   0.000   0.000   0.000   0.000    0.002    0.000   0.000    0.000   0.000   0.000   0.000   0.000   0.000    0.000    0.000      0.000    0.000   0.000    0.000     0.000    0.000      0.000   0.004


Summary
------------------------------------------------------------------------------------------------------------------------------
                  dt  Flu_Adv  Gra_Adv  Src_Adv  Che_Adv       SF   FB_Adv    FixUp     Flag   Refine MPI_Grid   Output      Aux       LB CorrSync      Par -MPI_Par    libyt         Sum
    Time      0.0007   0.0010   0.0000   0.0000   0.0000   0.0000   0.0000   0.0000   0.0000   0.0000   0.0020   0.0154   0.0402   0.0008   0.0000   0.0000   0.0000   0.0000      0.0602
    Frac      1.222%   1.688%   0.000%   0.000%   0.000%   0.000%   0.000%   0.000%   0.000%   0.000%   3.381%  25.554%  66.785%   1.355%   0.000%   0.000%   0.000%   0.000%     99.985%

==============================================================================================================================
==============================================================================================================================



Time : 8.0510020e-02 -> 8.1597993e-02,     Step :       74 ->       75

Main Loop
------------------------------------------------------------------------------------------------------------------------------
       Total    Integration       Output    Auxiliary    LoadBalance       CorrSync          libyt            Sum
      0.1118         0.0113       0.0350       0.0646         0.0008         0.0000         0.0000         0.1118


Integration Loop
------------------------------------------------------------------------------------------------------------------------------
     Lv   Total       dt Flu_Adv Gra_Adv Src_Adv Che_Adv      SF  FB_Adv   FixUp    Flag  Refine Buf_Rho Buf_Pot Buf_Flu1 Buf_Flu2 Buf_Ref Buf_Flux Buf_Res Buf_Che  Par_KD   Par_K Par_K-1 Par_2Sib -MPI_Sib -MPI_FaSib Par_2Son    -MPI Par_Coll -MPI_Real -MPI_Sib -MPI_FaSib     Sum
      0   0.011    0.001   0.009   0.000   0.000   0.000   0.000   0.000   0.000   0.000   0.000   0.000   0.000    0.002    0.000   0.000    0.000   0.000   0.000   0.000   0.000   0.000    0.000    0.000      0.000    0.000   0.000    0.000     0.000    0.000      0.000   0.011
      1   0.000    0.000   0.000   0.000   0.000   0.000   0.000   0.000   0.000   0.000   0.000   0.000   0.000    0.000    0.000   0.000    0.000   0.000   0.000   0.000   0.000   0.000    0.000    0.000      0.000    0.000   0.000    0.000     0.000    0.000      0.000   0.000
      2   0.000    0.000   0.000   0.000   0.000   0.000   0.000   0.000   0.000   0.000   0.000   0.000   0.000    0.000    0.000   0.000    0.000   0.000   0.000   0.000   0.000   0.000    0.000    0.000      0.000    0.000   0.000    0.000     0.000    0.000      0.000   0.000
      3   0.000    0.000   0.000   0.000   0.000   0.000   0.000   0.000   0.000   0.000   0.000   0.000   0.000    0.000    0.000   0.000    0.000   0.000   0.000   0.000   0.000   0.000    0.000    0.000      0.000    0.000   0.000    0.000     0.000    0.000      0.000   0.000
      4   0.000    0.000   0.000   0.000   0.000   0.000   0.000   0.000   0.000   0.000   0.000   0.000   0.000    0.000    0.000   0.000    0.000   0.000   0.000   0.000   0.000   0.000    0.000    0.000      0.000    0.000   0.000    0.000     0.000    0.000      0.000   0.000
      5   0.000    0.000   0.000   0.000   0.000   0.000   0.000   0.000   0.000   0.000   0.000   0.000   0.000    0.000    0.000   0.000    0.000   0.000   0.000   0.000   0.000   0.000    0.000    0.000      0.000    0.000   0.000    0.000     0.000    0.000      0.000   0.000
      6   0.000    0.000   0.000   0.000   0.000   0.000   0.000   0.000   0.000   0.000   0.000   0.000   0.000    0.000    0.000   0.000    0.000   0.000   0.000   0.000   0.000   0.000    0.000    0.000      0.000    0.000   0.000    0.000     0.000    0.000      0.000   0.000
      7   0.000    0.000   0.000   0.000   0.000   0.000   0.000   0.000   0.000   0.000   0.000   0.000   0.000    0.000    0.000   0.000    0.000   0.000   0.000   0.000   0.000   0.000    0.000    0.000      0.000    0.000   0.000    0.000     0.000    0.000      0.000   0.000
      8   0.000    0.000   0.000   0.000   0.000   0.000   0.000   0.000   0.000   0.000   0.000   0.000   0.000    0.000    0.000   0.000    0.000   0.000   0.000   0.000   0.000   0.000    0.000    0.000      0.000    0.000   0.000    0.000     0.000    0.000      0.000   0.000
      9   0.000    0.000   0.000   0.000   0.000   0.000   0.000   0.000   0.000   0.000   0.000   0.000   0.000    0.000    0.000   0.000    0.000   0.000   0.000   0.000   0.000   0.000    0.000    0.000      0.000    0.000   0.000    0.000     0.000    0.000      0.000   0.000
    Sum   0.011    0.001   0.009   0.000   0.000   0.000   0.000   0.000   0.000   0.000   0.000   0.000   0.000    0.002    0.000   0.000    0.000   0.000   0.000   0.000   0.000   0.000    0.000    0.000      0.000    0.000   0.000    0.000     0.000    0.000      0.000   0.011


Summary
------------------------------------------------------------------------------------------------------------------------------
                  dt  Flu_Adv  Gra_Adv  Src_Adv  Che_Adv       SF   FB_Adv    FixUp     Flag   Refine MPI_Grid   Output      Aux       LB CorrSync      Par -MPI_Par    libyt         Sum
    Time      0.0006   0.0087   0.0000   0.0000   0.0000   0.0000   0.0000   0.0000   0.0000   0.0000   0.0020   0.0350   0.0646   0.0008   0.0000   0.0000   0.0000   0.0000      0.1118
    Frac      0.529%   7.774%   0.000%   0.000%   0.000%   0.000%   0.000%   0.000%   0.000%   0.000%   1.780%  31.348%  57.804%   0.756%   0.000%   0.000%   0.000%   0.000%     99.991%

==============================================================================================================================
==============================================================================================================================



Time : 8.1597993e-02 -> 8.2685967e-02,     Step :       75 ->       76

Main Loop
------------------------------------------------------------------------------------------------------------------------------
       Total    Integration       Output    Auxiliary    LoadBalance       CorrSync          libyt            Sum
      0.1049         0.0137       0.0141       0.0762         0.0009         0.0000         0.0000         0.1049


Integration Loop
------------------------------------------------------------------------------------------------------------------------------
     Lv   Total       dt Flu_Adv Gra_Adv Src_Adv Che_Adv      SF  FB_Adv   FixUp    Flag  Refine Buf_Rho Buf_Pot Buf_Flu1 Buf_Flu2 Buf_Ref Buf_Flux Buf_Res Buf_Che  Par_KD   Par_K Par_K-1 Par_2Sib -MPI_Sib -MPI_FaSib Par_2Son    -MPI Par_Coll -MPI_Real -MPI_Sib -MPI_FaSib     Sum
      0   0.014    0.001   0.009   0.000   0.000   0.000   0.000   0.000   0.000   0.001   0.001   0.000   0.000    0.002    0.000   0.001    0.000   0.000   0.000   0.000   0.000   0.000    0.000    0.000      0.000    0.000   0.000    0.000     0.000    0.000      0.000   0.014
      1   0.000    0.000   0.000   0.000   0.000   0.000   0.000   0.000   0.000   0.000   0.000   0.000   0.000    0.000    0.000   0.000    0.000   0.000   0.000   0.000   0.000   0.000    0.000    0.000      0.000    0.000   0.000    0.000     0.000    0.000      0.000   0.000
      2   0.000    0.000   0.000   0.000   0.000   0.000   0.000   0.000   0.000   0.000   0.000   0.000   0.000    0.000    0.000   0.000    0.000   0.000   0.000   0.000   0.000   0.000    0.000    0.000      0.000    0.000   0.000    0.000     0.000    0.000      0.000   0.000
      3   0.000    0.000   0.000   0.000   0.000   0.000   0.000   0.000   0.000   0.000   0.000   0.000   0.000    0.000    0.000   0.000    0.000   0.000   0.000   0.000   0.000   0.000    0.000    0.000      0.000    0.000   0.000    0.000     0.000    0.000      0.000   0.000
      4   0.000    0.000   0.000   0.000   0.000   0.000   0.000   0.000   0.000   0.000   0.000   0.000   0.000    0.000    0.000   0.000    0.000   0.000   0.000   0.000   0.000   0.000    0.000    0.000      0.000    0.000   0.000    0.000     0.000    0.000      0.000   0.000
      5   0.000    0.000   0.000   0.000   0.000   0.000   0.000   0.000   0.000   0.000   0.000   0.000   0.000    0.000    0.000   0.000    0.000   0.000   0.000   0.000   0.000   0.000    0.000    0.000      0.000    0.000   0.000    0.000     0.000    0.000      0.000   0.000
      6   0.000    0.000   0.000   0.000   0.000   0.000   0.000   0.000   0.000   0.000   0.000   0.000   0.000    0.000    0.000   0.000    0.000   0.000   0.000   0.000   0.000   0.000    0.000    0.000      0.000    0.000   0.000    0.000     0.000    0.000      0.000   0.000
      7   0.000    0.000   0.000   0.000   0.000   0.000   0.000   0.000   0.000   0.000   0.000   0.000   0.000    0.000    0.000   0.000    0.000   0.000   0.000   0.000   0.000   0.000    0.000    0.000      0.000    0.000   0.000    0.000     0.000    0.000      0.000   0.000
      8   0.000    0.000   0.000   0.000   0.000   0.000   0.000   0.000   0.000   0.000   0.000   0.000   0.000    0.000    0.000   0.000    0.000   0.000   0.000   0.000   0.000   0.000    0.000    0.000      0.000    0.000   0.000    0.000     0.000    0.000      0.000   0.000
      9   0.000    0.000   0.000   0.000   0.000   0.000   0.000   0.000   0.000   0.000   0.000   0.000   0.000    0.000    0.000   0.000    0.000   0.000   0.000   0.000   0.000   0.000    0.000    0.000      0.000    0.000   0.000    0.000     0.000    0.000      0.000   0.000
    Sum   0.014    0.001   0.009   0.000   0.000   0.000   0.000   0.000   0.000   0.001   0.001   0.000   0.000    0.002    0.000   0.001    0.000   0.000   0.000   0.000   0.000   0.000    0.000    0.000      0.000    0.000   0.000    0.000     0.000    0.000      0.000   0.014


Summary
------------------------------------------------------------------------------------------------------------------------------
                  dt  Flu_Adv  Gra_Adv  Src_Adv  Che_Adv       SF   FB_Adv    FixUp     Flag   Refine MPI_Grid   Output      Aux       LB CorrSync      Par -MPI_Par    libyt         Sum
    Time      0.0006   0.0092   0.0000   0.0000   0.0000   0.0000   0.0000   0.0000   0.0008   0.0006   0.0025   0.0141   0.0762   0.0009   0.0000   0.0000   0.0000   0.0000      0.1049
    Frac      0.595%   8.794%   0.000%   0.000%   0.000%   0.000%   0.000%   0.000%   0.793%   0.527%   2.388%  13.476%  72.605%   0.814%   0.000%   0.000%   0.000%   0.000%     99.991%

==============================================================================================================================
==============================================================================================================================



Time : 8.2685967e-02 -> 8.3773940e-02,     Step :       76 ->       77

Main Loop
------------------------------------------------------------------------------------------------------------------------------
       Total    Integration       Output    Auxiliary    LoadBalance       CorrSync          libyt            Sum
      0.1174         0.0110       0.0279       0.0775         0.0010         0.0000         0.0000         0.1174


Integration Loop
------------------------------------------------------------------------------------------------------------------------------
     Lv   Total       dt Flu_Adv Gra_Adv Src_Adv Che_Adv      SF  FB_Adv   FixUp    Flag  Refine Buf_Rho Buf_Pot Buf_Flu1 Buf_Flu2 Buf_Ref Buf_Flux Buf_Res Buf_Che  Par_KD   Par_K Par_K-1 Par_2Sib -MPI_Sib -MPI_FaSib Par_2Son    -MPI Par_Coll -MPI_Real -MPI_Sib -MPI_FaSib     Sum
      0   0.011    0.001   0.009   0.000   0.000   0.000   0.000   0.000   0.000   0.000   0.000   0.000   0.000    0.002    0.000   0.000    0.000   0.000   0.000   0.000   0.000   0.000    0.000    0.000      0.000    0.000   0.000    0.000     0.000    0.000      0.000   0.011
      1   0.000    0.000   0.000   0.000   0.000   0.000   0.000   0.000   0.000   0.000   0.000   0.000   0.000    0.000    0.000   0.000    0.000   0.000   0.000   0.000   0.000   0.000    0.000    0.000      0.000    0.000   0.000    0.000     0.000    0.000      0.000   0.000
      2   0.000    0.000   0.000   0.000   0.000   0.000   0.000   0.000   0.000   0.000   0.000   0.000   0.000    0.000    0.000   0.000    0.000   0.000   0.000   0.000   0.000   0.000    0.000    0.000      0.000    0.000   0.000    0.000     0.000    0.000      0.000   0.000
      3   0.000    0.000   0.000   0.000   0.000   0.000   0.000   0.000   0.000   0.000   0.000   0.000   0.000    0.000    0.000   0.000    0.000   0.000   0.000   0.000   0.000   0.000    0.000    0.000      0.000    0.000   0.000    0.000     0.000    0.000      0.000   0.000
      4   0.000    0.000   0.000   0.000   0.000   0.000   0.000   0.000   0.000   0.000   0.000   0.000   0.000    0.000    0.000   0.000    0.000   0.000   0.000   0.000   0.000   0.000    0.000    0.000      0.000    0.000   0.000    0.000     0.000    0.000      0.000   0.000
      5   0.000    0.000   0.000   0.000   0.000   0.000   0.000   0.000   0.000   0.000   0.000   0.000   0.000    0.000    0.000   0.000    0.000   0.000   0.000   0.000   0.000   0.000    0.000    0.000      0.000    0.000   0.000    0.000     0.000    0.000      0.000   0.000
      6   0.000    0.000   0.000   0.000   0.000   0.000   0.000   0.000   0.000   0.000   0.000   0.000   0.000    0.000    0.000   0.000    0.000   0.000   0.000   0.000   0.000   0.000    0.000    0.000      0.000    0.000   0.000    0.000     0.000    0.000      0.000   0.000
      7   0.000    0.000   0.000   0.000   0.000   0.000   0.000   0.000   0.000   0.000   0.000   0.000   0.000    0.000    0.000   0.000    0.000   0.000   0.000   0.000   0.000   0.000    0.000    0.000      0.000    0.000   0.000    0.000     0.000    0.000      0.000   0.000
      8   0.000    0.000   0.000   0.000   0.000   0.000   0.000   0.000   0.000   0.000   0.000   0.000   0.000    0.000    0.000   0.000    0.000   0.000   0.000   0.000   0.000   0.000    0.000    0.000      0.000    0.000   0.000    0.000     0.000    0.000      0.000   0.000
      9   0.000    0.000   0.000   0.000   0.000   0.000   0.000   0.000   0.000   0.000   0.000   0.000   0.000    0.000    0.000   0.000    0.000   0.000   0.000   0.000   0.000   0.000    0.000    0.000      0.000    0.000   0.000    0.000     0.000    0.000      0.000   0.000
    Sum   0.011    0.001   0.009   0.000   0.000   0.000   0.000   0.000   0.000   0.000   0.000   0.000   0.000    0.002    0.000   0.000    0.000   0.000   0.000   0.000   0.000   0.000    0.000    0.000      0.000    0.000   0.000    0.000     0.000    0.000      0.000   0.011


Summary
------------------------------------------------------------------------------------------------------------------------------
                  dt  Flu_Adv  Gra_Adv  Src_Adv  Che_Adv       SF   FB_Adv    FixUp     Flag   Refine MPI_Grid   Output      Aux       LB CorrSync      Par -MPI_Par    libyt         Sum
    Time      0.0006   0.0087   0.0000   0.0000   0.0000   0.0000   0.0000   0.0000   0.0000   0.0000   0.0017   0.0279   0.0775   0.0010   0.0000   0.0000   0.0000   0.0000      0.1174
    Frac      0.493%   7.384%   0.000%   0.000%   0.000%   0.000%   0.000%   0.000%   0.000%   0.000%   1.454%  23.747%  66.035%   0.879%   0.000%   0.000%   0.000%   0.000%     99.991%

==============================================================================================================================
==============================================================================================================================



Time : 8.3773940e-02 -> 8.4861913e-02,     Step :       77 ->       78

Main Loop
------------------------------------------------------------------------------------------------------------------------------
       Total    Integration       Output    Auxiliary    LoadBalance       CorrSync          libyt            Sum
      0.1044         0.0110       0.0288       0.0638         0.0009         0.0000         0.0000         0.1044


Integration Loop
------------------------------------------------------------------------------------------------------------------------------
     Lv   Total       dt Flu_Adv Gra_Adv Src_Adv Che_Adv      SF  FB_Adv   FixUp    Flag  Refine Buf_Rho Buf_Pot Buf_Flu1 Buf_Flu2 Buf_Ref Buf_Flux Buf_Res Buf_Che  Par_KD   Par_K Par_K-1 Par_2Sib -MPI_Sib -MPI_FaSib Par_2Son    -MPI Par_Coll -MPI_Real -MPI_Sib -MPI_FaSib     Sum
      0   0.011    0.001   0.009   0.000   0.000   0.000   0.000   0.000   0.000   0.000   0.000   0.000   0.000    0.002    0.000   0.000    0.000   0.000   0.000   0.000   0.000   0.000    0.000    0.000      0.000    0.000   0.000    0.000     0.000    0.000      0.000   0.011
      1   0.000    0.000   0.000   0.000   0.000   0.000   0.000   0.000   0.000   0.000   0.000   0.000   0.000    0.000    0.000   0.000    0.000   0.000   0.000   0.000   0.000   0.000    0.000    0.000      0.000    0.000   0.000    0.000     0.000    0.000      0.000   0.000
      2   0.000    0.000   0.000   0.000   0.000   0.000   0.000   0.000   0.000   0.000   0.000   0.000   0.000    0.000    0.000   0.000    0.000   0.000   0.000   0.000   0.000   0.000    0.000    0.000      0.000    0.000   0.000    0.000     0.000    0.000      0.000   0.000
      3   0.000    0.000   0.000   0.000   0.000   0.000   0.000   0.000   0.000   0.000   0.000   0.000   0.000    0.000    0.000   0.000    0.000   0.000   0.000   0.000   0.000   0.000    0.000    0.000      0.000    0.000   0.000    0.000     0.000    0.000      0.000   0.000
      4   0.000    0.000   0.000   0.000   0.000   0.000   0.000   0.000   0.000   0.000   0.000   0.000   0.000    0.000    0.000   0.000    0.000   0.000   0.000   0.000   0.000   0.000    0.000    0.000      0.000    0.000   0.000    0.000     0.000    0.000      0.000   0.000
      5   0.000    0.000   0.000   0.000   0.000   0.000   0.000   0.000   0.000   0.000   0.000   0.000   0.000    0.000    0.000   0.000    0.000   0.000   0.000   0.000   0.000   0.000    0.000    0.000      0.000    0.000   0.000    0.000     0.000    0.000      0.000   0.000
      6   0.000    0.000   0.000   0.000   0.000   0.000   0.000   0.000   0.000   0.000   0.000   0.000   0.000    0.000    0.000   0.000    0.000   0.000   0.000   0.000   0.000   0.000    0.000    0.000      0.000    0.000   0.000    0.000     0.000    0.000      0.000   0.000
      7   0.000    0.000   0.000   0.000   0.000   0.000   0.000   0.000   0.000   0.000   0.000   0.000   0.000    0.000    0.000   0.000    0.000   0.000   0.000   0.000   0.000   0.000    0.000    0.000      0.000    0.000   0.000    0.000     0.000    0.000      0.000   0.000
      8   0.000    0.000   0.000   0.000   0.000   0.000   0.000   0.000   0.000   0.000   0.000   0.000   0.000    0.000    0.000   0.000    0.000   0.000   0.000   0.000   0.000   0.000    0.000    0.000      0.000    0.000   0.000    0.000     0.000    0.000      0.000   0.000
      9   0.000    0.000   0.000   0.000   0.000   0.000   0.000   0.000   0.000   0.000   0.000   0.000   0.000    0.000    0.000   0.000    0.000   0.000   0.000   0.000   0.000   0.000    0.000    0.000      0.000    0.000   0.000    0.000     0.000    0.000      0.000   0.000
    Sum   0.011    0.001   0.009   0.000   0.000   0.000   0.000   0.000   0.000   0.000   0.000   0.000   0.000    0.002    0.000   0.000    0.000   0.000   0.000   0.000   0.000   0.000    0.000    0.000      0.000    0.000   0.000    0.000     0.000    0.000      0.000   0.011


Summary
------------------------------------------------------------------------------------------------------------------------------
                  dt  Flu_Adv  Gra_Adv  Src_Adv  Che_Adv       SF   FB_Adv    FixUp     Flag   Refine MPI_Grid   Output      Aux       LB CorrSync      Par -MPI_Par    libyt         Sum
    Time      0.0006   0.0087   0.0000   0.0000   0.0000   0.0000   0.0000   0.0000   0.0000   0.0000   0.0017   0.0288   0.0638   0.0009   0.0000   0.0000   0.0000   0.0000      0.1044
    Frac      0.562%   8.309%   0.000%   0.000%   0.000%   0.000%   0.000%   0.000%   0.000%   0.000%   1.622%  27.583%  61.084%   0.833%   0.000%   0.000%   0.000%   0.000%     99.993%

==============================================================================================================================
==============================================================================================================================



Time : 8.4861913e-02 -> 8.5949886e-02,     Step :       78 ->       79

Main Loop
------------------------------------------------------------------------------------------------------------------------------
       Total    Integration       Output    Auxiliary    LoadBalance       CorrSync          libyt            Sum
      0.1041         0.0111       0.0311       0.0609         0.0011         0.0000         0.0000         0.1041


Integration Loop
------------------------------------------------------------------------------------------------------------------------------
     Lv   Total       dt Flu_Adv Gra_Adv Src_Adv Che_Adv      SF  FB_Adv   FixUp    Flag  Refine Buf_Rho Buf_Pot Buf_Flu1 Buf_Flu2 Buf_Ref Buf_Flux Buf_Res Buf_Che  Par_KD   Par_K Par_K-1 Par_2Sib -MPI_Sib -MPI_FaSib Par_2Son    -MPI Par_Coll -MPI_Real -MPI_Sib -MPI_FaSib     Sum
      0   0.011    0.001   0.009   0.000   0.000   0.000   0.000   0.000   0.000   0.000   0.000   0.000   0.000    0.002    0.000   0.000    0.000   0.000   0.000   0.000   0.000   0.000    0.000    0.000      0.000    0.000   0.000    0.000     0.000    0.000      0.000   0.011
      1   0.000    0.000   0.000   0.000   0.000   0.000   0.000   0.000   0.000   0.000   0.000   0.000   0.000    0.000    0.000   0.000    0.000   0.000   0.000   0.000   0.000   0.000    0.000    0.000      0.000    0.000   0.000    0.000     0.000    0.000      0.000   0.000
      2   0.000    0.000   0.000   0.000   0.000   0.000   0.000   0.000   0.000   0.000   0.000   0.000   0.000    0.000    0.000   0.000    0.000   0.000   0.000   0.000   0.000   0.000    0.000    0.000      0.000    0.000   0.000    0.000     0.000    0.000      0.000   0.000
      3   0.000    0.000   0.000   0.000   0.000   0.000   0.000   0.000   0.000   0.000   0.000   0.000   0.000    0.000    0.000   0.000    0.000   0.000   0.000   0.000   0.000   0.000    0.000    0.000      0.000    0.000   0.000    0.000     0.000    0.000      0.000   0.000
      4   0.000    0.000   0.000   0.000   0.000   0.000   0.000   0.000   0.000   0.000   0.000   0.000   0.000    0.000    0.000   0.000    0.000   0.000   0.000   0.000   0.000   0.000    0.000    0.000      0.000    0.000   0.000    0.000     0.000    0.000      0.000   0.000
      5   0.000    0.000   0.000   0.000   0.000   0.000   0.000   0.000   0.000   0.000   0.000   0.000   0.000    0.000    0.000   0.000    0.000   0.000   0.000   0.000   0.000   0.000    0.000    0.000      0.000    0.000   0.000    0.000     0.000    0.000      0.000   0.000
      6   0.000    0.000   0.000   0.000   0.000   0.000   0.000   0.000   0.000   0.000   0.000   0.000   0.000    0.000    0.000   0.000    0.000   0.000   0.000   0.000   0.000   0.000    0.000    0.000      0.000    0.000   0.000    0.000     0.000    0.000      0.000   0.000
      7   0.000    0.000   0.000   0.000   0.000   0.000   0.000   0.000   0.000   0.000   0.000   0.000   0.000    0.000    0.000   0.000    0.000   0.000   0.000   0.000   0.000   0.000    0.000    0.000      0.000    0.000   0.000    0.000     0.000    0.000      0.000   0.000
      8   0.000    0.000   0.000   0.000   0.000   0.000   0.000   0.000   0.000   0.000   0.000   0.000   0.000    0.000    0.000   0.000    0.000   0.000   0.000   0.000   0.000   0.000    0.000    0.000      0.000    0.000   0.000    0.000     0.000    0.000      0.000   0.000
      9   0.000    0.000   0.000   0.000   0.000   0.000   0.000   0.000   0.000   0.000   0.000   0.000   0.000    0.000    0.000   0.000    0.000   0.000   0.000   0.000   0.000   0.000    0.000    0.000      0.000    0.000   0.000    0.000     0.000    0.000      0.000   0.000
    Sum   0.011    0.001   0.009   0.000   0.000   0.000   0.000   0.000   0.000   0.000   0.000   0.000   0.000    0.002    0.000   0.000    0.000   0.000   0.000   0.000   0.000   0.000    0.000    0.000      0.000    0.000   0.000    0.000     0.000    0.000      0.000   0.011


Summary
------------------------------------------------------------------------------------------------------------------------------
                  dt  Flu_Adv  Gra_Adv  Src_Adv  Che_Adv       SF   FB_Adv    FixUp     Flag   Refine MPI_Grid   Output      Aux       LB CorrSync      Par -MPI_Par    libyt         Sum
    Time      0.0006   0.0087   0.0000   0.0000   0.0000   0.0000   0.0000   0.0000   0.0000   0.0000   0.0018   0.0311   0.0609   0.0011   0.0000   0.0000   0.0000   0.0000      0.1041
    Frac      0.542%   8.346%   0.000%   0.000%   0.000%   0.000%   0.000%   0.000%   0.000%   0.000%   1.730%  29.851%  58.495%   1.024%   0.000%   0.000%   0.000%   0.000%     99.988%

==============================================================================================================================
==============================================================================================================================



Time : 8.5949886e-02 -> 8.7037860e-02,     Step :       79 ->       80

Main Loop
------------------------------------------------------------------------------------------------------------------------------
       Total    Integration       Output    Auxiliary    LoadBalance       CorrSync          libyt            Sum
      0.1159         0.0123       0.0653       0.0373         0.0010         0.0000         0.0000         0.1159


Integration Loop
------------------------------------------------------------------------------------------------------------------------------
     Lv   Total       dt Flu_Adv Gra_Adv Src_Adv Che_Adv      SF  FB_Adv   FixUp    Flag  Refine Buf_Rho Buf_Pot Buf_Flu1 Buf_Flu2 Buf_Ref Buf_Flux Buf_Res Buf_Che  Par_KD   Par_K Par_K-1 Par_2Sib -MPI_Sib -MPI_FaSib Par_2Son    -MPI Par_Coll -MPI_Real -MPI_Sib -MPI_FaSib     Sum
      0   0.012    0.001   0.009   0.000   0.000   0.000   0.000   0.000   0.000   0.000   0.000   0.000   0.000    0.002    0.000   0.000    0.000   0.000   0.000   0.000   0.000   0.000    0.000    0.000      0.000    0.000   0.000    0.000     0.000    0.000      0.000   0.012
      1   0.000    0.000   0.000   0.000   0.000   0.000   0.000   0.000   0.000   0.000   0.000   0.000   0.000    0.000    0.000   0.000    0.000   0.000   0.000   0.000   0.000   0.000    0.000    0.000      0.000    0.000   0.000    0.000     0.000    0.000      0.000   0.000
      2   0.000    0.000   0.000   0.000   0.000   0.000   0.000   0.000   0.000   0.000   0.000   0.000   0.000    0.000    0.000   0.000    0.000   0.000   0.000   0.000   0.000   0.000    0.000    0.000      0.000    0.000   0.000    0.000     0.000    0.000      0.000   0.000
      3   0.000    0.000   0.000   0.000   0.000   0.000   0.000   0.000   0.000   0.000   0.000   0.000   0.000    0.000    0.000   0.000    0.000   0.000   0.000   0.000   0.000   0.000    0.000    0.000      0.000    0.000   0.000    0.000     0.000    0.000      0.000   0.000
      4   0.000    0.000   0.000   0.000   0.000   0.000   0.000   0.000   0.000   0.000   0.000   0.000   0.000    0.000    0.000   0.000    0.000   0.000   0.000   0.000   0.000   0.000    0.000    0.000      0.000    0.000   0.000    0.000     0.000    0.000      0.000   0.000
      5   0.000    0.000   0.000   0.000   0.000   0.000   0.000   0.000   0.000   0.000   0.000   0.000   0.000    0.000    0.000   0.000    0.000   0.000   0.000   0.000   0.000   0.000    0.000    0.000      0.000    0.000   0.000    0.000     0.000    0.000      0.000   0.000
      6   0.000    0.000   0.000   0.000   0.000   0.000   0.000   0.000   0.000   0.000   0.000   0.000   0.000    0.000    0.000   0.000    0.000   0.000   0.000   0.000   0.000   0.000    0.000    0.000      0.000    0.000   0.000    0.000     0.000    0.000      0.000   0.000
      7   0.000    0.000   0.000   0.000   0.000   0.000   0.000   0.000   0.000   0.000   0.000   0.000   0.000    0.000    0.000   0.000    0.000   0.000   0.000   0.000   0.000   0.000    0.000    0.000      0.000    0.000   0.000    0.000     0.000    0.000      0.000   0.000
      8   0.000    0.000   0.000   0.000   0.000   0.000   0.000   0.000   0.000   0.000   0.000   0.000   0.000    0.000    0.000   0.000    0.000   0.000   0.000   0.000   0.000   0.000    0.000    0.000      0.000    0.000   0.000    0.000     0.000    0.000      0.000   0.000
      9   0.000    0.000   0.000   0.000   0.000   0.000   0.000   0.000   0.000   0.000   0.000   0.000   0.000    0.000    0.000   0.000    0.000   0.000   0.000   0.000   0.000   0.000    0.000    0.000      0.000    0.000   0.000    0.000     0.000    0.000      0.000   0.000
    Sum   0.012    0.001   0.009   0.000   0.000   0.000   0.000   0.000   0.000   0.000   0.000   0.000   0.000    0.002    0.000   0.000    0.000   0.000   0.000   0.000   0.000   0.000    0.000    0.000      0.000    0.000   0.000    0.000     0.000    0.000      0.000   0.012


Summary
------------------------------------------------------------------------------------------------------------------------------
                  dt  Flu_Adv  Gra_Adv  Src_Adv  Che_Adv       SF   FB_Adv    FixUp     Flag   Refine MPI_Grid   Output      Aux       LB CorrSync      Par -MPI_Par    libyt         Sum
    Time      0.0007   0.0087   0.0000   0.0000   0.0000   0.0000   0.0000   0.0000   0.0004   0.0004   0.0022   0.0653   0.0373   0.0010   0.0000   0.0000   0.0000   0.0000      0.1159
    Frac      0.574%   7.489%   0.000%   0.000%   0.000%   0.000%   0.000%   0.000%   0.311%   0.361%   1.889%  56.358%  32.173%   0.834%   0.000%   0.000%   0.000%   0.000%     99.989%

==============================================================================================================================
==============================================================================================================================



Time : 8.7037860e-02 -> 8.8125833e-02,     Step :       80 ->       81

Main Loop
------------------------------------------------------------------------------------------------------------------------------
       Total    Integration       Output    Auxiliary    LoadBalance       CorrSync          libyt            Sum
      0.0749         0.0036       0.0210       0.0494         0.0008         0.0000         0.0000         0.0748


Integration Loop
------------------------------------------------------------------------------------------------------------------------------
     Lv   Total       dt Flu_Adv Gra_Adv Src_Adv Che_Adv      SF  FB_Adv   FixUp    Flag  Refine Buf_Rho Buf_Pot Buf_Flu1 Buf_Flu2 Buf_Ref Buf_Flux Buf_Res Buf_Che  Par_KD   Par_K Par_K-1 Par_2Sib -MPI_Sib -MPI_FaSib Par_2Son    -MPI Par_Coll -MPI_Real -MPI_Sib -MPI_FaSib     Sum
      0   0.004    0.001   0.001   0.000   0.000   0.000   0.000   0.000   0.000   0.000   0.000   0.000   0.000    0.002    0.000   0.000    0.000   0.000   0.000   0.000   0.000   0.000    0.000    0.000      0.000    0.000   0.000    0.000     0.000    0.000      0.000   0.004
      1   0.000    0.000   0.000   0.000   0.000   0.000   0.000   0.000   0.000   0.000   0.000   0.000   0.000    0.000    0.000   0.000    0.000   0.000   0.000   0.000   0.000   0.000    0.000    0.000      0.000    0.000   0.000    0.000     0.000    0.000      0.000   0.000
      2   0.000    0.000   0.000   0.000   0.000   0.000   0.000   0.000   0.000   0.000   0.000   0.000   0.000    0.000    0.000   0.000    0.000   0.000   0.000   0.000   0.000   0.000    0.000    0.000      0.000    0.000   0.000    0.000     0.000    0.000      0.000   0.000
      3   0.000    0.000   0.000   0.000   0.000   0.000   0.000   0.000   0.000   0.000   0.000   0.000   0.000    0.000    0.000   0.000    0.000   0.000   0.000   0.000   0.000   0.000    0.000    0.000      0.000    0.000   0.000    0.000     0.000    0.000      0.000   0.000
      4   0.000    0.000   0.000   0.000   0.000   0.000   0.000   0.000   0.000   0.000   0.000   0.000   0.000    0.000    0.000   0.000    0.000   0.000   0.000   0.000   0.000   0.000    0.000    0.000      0.000    0.000   0.000    0.000     0.000    0.000      0.000   0.000
      5   0.000    0.000   0.000   0.000   0.000   0.000   0.000   0.000   0.000   0.000   0.000   0.000   0.000    0.000    0.000   0.000    0.000   0.000   0.000   0.000   0.000   0.000    0.000    0.000      0.000    0.000   0.000    0.000     0.000    0.000      0.000   0.000
      6   0.000    0.000   0.000   0.000   0.000   0.000   0.000   0.000   0.000   0.000   0.000   0.000   0.000    0.000    0.000   0.000    0.000   0.000   0.000   0.000   0.000   0.000    0.000    0.000      0.000    0.000   0.000    0.000     0.000    0.000      0.000   0.000
      7   0.000    0.000   0.000   0.000   0.000   0.000   0.000   0.000   0.000   0.000   0.000   0.000   0.000    0.000    0.000   0.000    0.000   0.000   0.000   0.000   0.000   0.000    0.000    0.000      0.000    0.000   0.000    0.000     0.000    0.000      0.000   0.000
      8   0.000    0.000   0.000   0.000   0.000   0.000   0.000   0.000   0.000   0.000   0.000   0.000   0.000    0.000    0.000   0.000    0.000   0.000   0.000   0.000   0.000   0.000    0.000    0.000      0.000    0.000   0.000    0.000     0.000    0.000      0.000   0.000
      9   0.000    0.000   0.000   0.000   0.000   0.000   0.000   0.000   0.000   0.000   0.000   0.000   0.000    0.000    0.000   0.000    0.000   0.000   0.000   0.000   0.000   0.000    0.000    0.000      0.000    0.000   0.000    0.000     0.000    0.000      0.000   0.000
    Sum   0.004    0.001   0.001   0.000   0.000   0.000   0.000   0.000   0.000   0.000   0.000   0.000   0.000    0.002    0.000   0.000    0.000   0.000   0.000   0.000   0.000   0.000    0.000    0.000      0.000    0.000   0.000    0.000     0.000    0.000      0.000   0.004


Summary
------------------------------------------------------------------------------------------------------------------------------
                  dt  Flu_Adv  Gra_Adv  Src_Adv  Che_Adv       SF   FB_Adv    FixUp     Flag   Refine MPI_Grid   Output      Aux       LB CorrSync      Par -MPI_Par    libyt         Sum
    Time      0.0006   0.0011   0.0000   0.0000   0.0000   0.0000   0.0000   0.0000   0.0000   0.0000   0.0019   0.0210   0.0494   0.0008   0.0000   0.0000   0.0000   0.0000      0.0748
    Frac      0.831%   1.460%   0.000%   0.000%   0.000%   0.000%   0.000%   0.000%   0.000%   0.000%   2.572%  28.054%  65.943%   1.125%   0.000%   0.000%   0.000%   0.000%     99.985%

==============================================================================================================================
==============================================================================================================================



Time : 8.8125833e-02 -> 8.9213806e-02,     Step :       81 ->       82

Main Loop
------------------------------------------------------------------------------------------------------------------------------
       Total    Integration       Output    Auxiliary    LoadBalance       CorrSync          libyt            Sum
      0.0826         0.0115       0.0169       0.0533         0.0009         0.0000         0.0000         0.0826


Integration Loop
------------------------------------------------------------------------------------------------------------------------------
     Lv   Total       dt Flu_Adv Gra_Adv Src_Adv Che_Adv      SF  FB_Adv   FixUp    Flag  Refine Buf_Rho Buf_Pot Buf_Flu1 Buf_Flu2 Buf_Ref Buf_Flux Buf_Res Buf_Che  Par_KD   Par_K Par_K-1 Par_2Sib -MPI_Sib -MPI_FaSib Par_2Son    -MPI Par_Coll -MPI_Real -MPI_Sib -MPI_FaSib     Sum
      0   0.012    0.001   0.009   0.000   0.000   0.000   0.000   0.000   0.000   0.000   0.000   0.000   0.000    0.002    0.000   0.000    0.000   0.000   0.000   0.000   0.000   0.000    0.000    0.000      0.000    0.000   0.000    0.000     0.000    0.000      0.000   0.012
      1   0.000    0.000   0.000   0.000   0.000   0.000   0.000   0.000   0.000   0.000   0.000   0.000   0.000    0.000    0.000   0.000    0.000   0.000   0.000   0.000   0.000   0.000    0.000    0.000      0.000    0.000   0.000    0.000     0.000    0.000      0.000   0.000
      2   0.000    0.000   0.000   0.000   0.000   0.000   0.000   0.000   0.000   0.000   0.000   0.000   0.000    0.000    0.000   0.000    0.000   0.000   0.000   0.000   0.000   0.000    0.000    0.000      0.000    0.000   0.000    0.000     0.000    0.000      0.000   0.000
      3   0.000    0.000   0.000   0.000   0.000   0.000   0.000   0.000   0.000   0.000   0.000   0.000   0.000    0.000    0.000   0.000    0.000   0.000   0.000   0.000   0.000   0.000    0.000    0.000      0.000    0.000   0.000    0.000     0.000    0.000      0.000   0.000
      4   0.000    0.000   0.000   0.000   0.000   0.000   0.000   0.000   0.000   0.000   0.000   0.000   0.000    0.000    0.000   0.000    0.000   0.000   0.000   0.000   0.000   0.000    0.000    0.000      0.000    0.000   0.000    0.000     0.000    0.000      0.000   0.000
      5   0.000    0.000   0.000   0.000   0.000   0.000   0.000   0.000   0.000   0.000   0.000   0.000   0.000    0.000    0.000   0.000    0.000   0.000   0.000   0.000   0.000   0.000    0.000    0.000      0.000    0.000   0.000    0.000     0.000    0.000      0.000   0.000
      6   0.000    0.000   0.000   0.000   0.000   0.000   0.000   0.000   0.000   0.000   0.000   0.000   0.000    0.000    0.000   0.000    0.000   0.000   0.000   0.000   0.000   0.000    0.000    0.000      0.000    0.000   0.000    0.000     0.000    0.000      0.000   0.000
      7   0.000    0.000   0.000   0.000   0.000   0.000   0.000   0.000   0.000   0.000   0.000   0.000   0.000    0.000    0.000   0.000    0.000   0.000   0.000   0.000   0.000   0.000    0.000    0.000      0.000    0.000   0.000    0.000     0.000    0.000      0.000   0.000
      8   0.000    0.000   0.000   0.000   0.000   0.000   0.000   0.000   0.000   0.000   0.000   0.000   0.000    0.000    0.000   0.000    0.000   0.000   0.000   0.000   0.000   0.000    0.000    0.000      0.000    0.000   0.000    0.000     0.000    0.000      0.000   0.000
      9   0.000    0.000   0.000   0.000   0.000   0.000   0.000   0.000   0.000   0.000   0.000   0.000   0.000    0.000    0.000   0.000    0.000   0.000   0.000   0.000   0.000   0.000    0.000    0.000      0.000    0.000   0.000    0.000     0.000    0.000      0.000   0.000
    Sum   0.012    0.001   0.009   0.000   0.000   0.000   0.000   0.000   0.000   0.000   0.000   0.000   0.000    0.002    0.000   0.000    0.000   0.000   0.000   0.000   0.000   0.000    0.000    0.000      0.000    0.000   0.000    0.000     0.000    0.000      0.000   0.012


Summary
------------------------------------------------------------------------------------------------------------------------------
                  dt  Flu_Adv  Gra_Adv  Src_Adv  Che_Adv       SF   FB_Adv    FixUp     Flag   Refine MPI_Grid   Output      Aux       LB CorrSync      Par -MPI_Par    libyt         Sum
    Time      0.0008   0.0088   0.0000   0.0000   0.0000   0.0000   0.0000   0.0000   0.0000   0.0000   0.0019   0.0169   0.0533   0.0009   0.0000   0.0000   0.0000   0.0000      0.0826
    Frac      0.973%  10.657%   0.000%   0.000%   0.000%   0.000%   0.000%   0.000%   0.000%   0.000%   2.331%  20.432%  64.508%   1.082%   0.000%   0.000%   0.000%   0.000%     99.983%

==============================================================================================================================
==============================================================================================================================



Time : 8.9213806e-02 -> 9.0301779e-02,     Step :       82 ->       83

Main Loop
------------------------------------------------------------------------------------------------------------------------------
       Total    Integration       Output    Auxiliary    LoadBalance       CorrSync          libyt            Sum
      0.1216         0.0112       0.0278       0.0814         0.0011         0.0000         0.0000         0.1216


Integration Loop
------------------------------------------------------------------------------------------------------------------------------
     Lv   Total       dt Flu_Adv Gra_Adv Src_Adv Che_Adv      SF  FB_Adv   FixUp    Flag  Refine Buf_Rho Buf_Pot Buf_Flu1 Buf_Flu2 Buf_Ref Buf_Flux Buf_Res Buf_Che  Par_KD   Par_K Par_K-1 Par_2Sib -MPI_Sib -MPI_FaSib Par_2Son    -MPI Par_Coll -MPI_Real -MPI_Sib -MPI_FaSib     Sum
      0   0.011    0.001   0.009   0.000   0.000   0.000   0.000   0.000   0.000   0.000   0.000   0.000   0.000    0.002    0.000   0.000    0.000   0.000   0.000   0.000   0.000   0.000    0.000    0.000      0.000    0.000   0.000    0.000     0.000    0.000      0.000   0.011
      1   0.000    0.000   0.000   0.000   0.000   0.000   0.000   0.000   0.000   0.000   0.000   0.000   0.000    0.000    0.000   0.000    0.000   0.000   0.000   0.000   0.000   0.000    0.000    0.000      0.000    0.000   0.000    0.000     0.000    0.000      0.000   0.000
      2   0.000    0.000   0.000   0.000   0.000   0.000   0.000   0.000   0.000   0.000   0.000   0.000   0.000    0.000    0.000   0.000    0.000   0.000   0.000   0.000   0.000   0.000    0.000    0.000      0.000    0.000   0.000    0.000     0.000    0.000      0.000   0.000
      3   0.000    0.000   0.000   0.000   0.000   0.000   0.000   0.000   0.000   0.000   0.000   0.000   0.000    0.000    0.000   0.000    0.000   0.000   0.000   0.000   0.000   0.000    0.000    0.000      0.000    0.000   0.000    0.000     0.000    0.000      0.000   0.000
      4   0.000    0.000   0.000   0.000   0.000   0.000   0.000   0.000   0.000   0.000   0.000   0.000   0.000    0.000    0.000   0.000    0.000   0.000   0.000   0.000   0.000   0.000    0.000    0.000      0.000    0.000   0.000    0.000     0.000    0.000      0.000   0.000
      5   0.000    0.000   0.000   0.000   0.000   0.000   0.000   0.000   0.000   0.000   0.000   0.000   0.000    0.000    0.000   0.000    0.000   0.000   0.000   0.000   0.000   0.000    0.000    0.000      0.000    0.000   0.000    0.000     0.000    0.000      0.000   0.000
      6   0.000    0.000   0.000   0.000   0.000   0.000   0.000   0.000   0.000   0.000   0.000   0.000   0.000    0.000    0.000   0.000    0.000   0.000   0.000   0.000   0.000   0.000    0.000    0.000      0.000    0.000   0.000    0.000     0.000    0.000      0.000   0.000
      7   0.000    0.000   0.000   0.000   0.000   0.000   0.000   0.000   0.000   0.000   0.000   0.000   0.000    0.000    0.000   0.000    0.000   0.000   0.000   0.000   0.000   0.000    0.000    0.000      0.000    0.000   0.000    0.000     0.000    0.000      0.000   0.000
      8   0.000    0.000   0.000   0.000   0.000   0.000   0.000   0.000   0.000   0.000   0.000   0.000   0.000    0.000    0.000   0.000    0.000   0.000   0.000   0.000   0.000   0.000    0.000    0.000      0.000    0.000   0.000    0.000     0.000    0.000      0.000   0.000
      9   0.000    0.000   0.000   0.000   0.000   0.000   0.000   0.000   0.000   0.000   0.000   0.000   0.000    0.000    0.000   0.000    0.000   0.000   0.000   0.000   0.000   0.000    0.000    0.000      0.000    0.000   0.000    0.000     0.000    0.000      0.000   0.000
    Sum   0.011    0.001   0.009   0.000   0.000   0.000   0.000   0.000   0.000   0.000   0.000   0.000   0.000    0.002    0.000   0.000    0.000   0.000   0.000   0.000   0.000   0.000    0.000    0.000      0.000    0.000   0.000    0.000     0.000    0.000      0.000   0.011


Summary
------------------------------------------------------------------------------------------------------------------------------
                  dt  Flu_Adv  Gra_Adv  Src_Adv  Che_Adv       SF   FB_Adv    FixUp     Flag   Refine MPI_Grid   Output      Aux       LB CorrSync      Par -MPI_Par    libyt         Sum
    Time      0.0006   0.0087   0.0000   0.0000   0.0000   0.0000   0.0000   0.0000   0.0000   0.0000   0.0019   0.0278   0.0814   0.0011   0.0000   0.0000   0.0000   0.0000      0.1215
    Frac      0.503%   7.148%   0.000%   0.000%   0.000%   0.000%   0.000%   0.000%   0.000%   0.000%   1.570%  22.894%  66.943%   0.934%   0.000%   0.000%   0.000%   0.000%     99.993%

==============================================================================================================================
==============================================================================================================================



Time : 9.0301779e-02 -> 9.1389752e-02,     Step :       83 ->       84

Main Loop
------------------------------------------------------------------------------------------------------------------------------
       Total    Integration       Output    Auxiliary    LoadBalance       CorrSync          libyt            Sum
      0.1086         0.0148       0.0126       0.0801         0.0011         0.0000         0.0000         0.1085


Integration Loop
------------------------------------------------------------------------------------------------------------------------------
     Lv   Total       dt Flu_Adv Gra_Adv Src_Adv Che_Adv      SF  FB_Adv   FixUp    Flag  Refine Buf_Rho Buf_Pot Buf_Flu1 Buf_Flu2 Buf_Ref Buf_Flux Buf_Res Buf_Che  Par_KD   Par_K Par_K-1 Par_2Sib -MPI_Sib -MPI_FaSib Par_2Son    -MPI Par_Coll -MPI_Real -MPI_Sib -MPI_FaSib     Sum
      0   0.015    0.001   0.011   0.000   0.000   0.000   0.000   0.000   0.000   0.000   0.000   0.000   0.000    0.002    0.000   0.000    0.000   0.000   0.000   0.000   0.000   0.000    0.000    0.000      0.000    0.000   0.000    0.000     0.000    0.000      0.000   0.015
      1   0.000    0.000   0.000   0.000   0.000   0.000   0.000   0.000   0.000   0.000   0.000   0.000   0.000    0.000    0.000   0.000    0.000   0.000   0.000   0.000   0.000   0.000    0.000    0.000      0.000    0.000   0.000    0.000     0.000    0.000      0.000   0.000
      2   0.000    0.000   0.000   0.000   0.000   0.000   0.000   0.000   0.000   0.000   0.000   0.000   0.000    0.000    0.000   0.000    0.000   0.000   0.000   0.000   0.000   0.000    0.000    0.000      0.000    0.000   0.000    0.000     0.000    0.000      0.000   0.000
      3   0.000    0.000   0.000   0.000   0.000   0.000   0.000   0.000   0.000   0.000   0.000   0.000   0.000    0.000    0.000   0.000    0.000   0.000   0.000   0.000   0.000   0.000    0.000    0.000      0.000    0.000   0.000    0.000     0.000    0.000      0.000   0.000
      4   0.000    0.000   0.000   0.000   0.000   0.000   0.000   0.000   0.000   0.000   0.000   0.000   0.000    0.000    0.000   0.000    0.000   0.000   0.000   0.000   0.000   0.000    0.000    0.000      0.000    0.000   0.000    0.000     0.000    0.000      0.000   0.000
      5   0.000    0.000   0.000   0.000   0.000   0.000   0.000   0.000   0.000   0.000   0.000   0.000   0.000    0.000    0.000   0.000    0.000   0.000   0.000   0.000   0.000   0.000    0.000    0.000      0.000    0.000   0.000    0.000     0.000    0.000      0.000   0.000
      6   0.000    0.000   0.000   0.000   0.000   0.000   0.000   0.000   0.000   0.000   0.000   0.000   0.000    0.000    0.000   0.000    0.000   0.000   0.000   0.000   0.000   0.000    0.000    0.000      0.000    0.000   0.000    0.000     0.000    0.000      0.000   0.000
      7   0.000    0.000   0.000   0.000   0.000   0.000   0.000   0.000   0.000   0.000   0.000   0.000   0.000    0.000    0.000   0.000    0.000   0.000   0.000   0.000   0.000   0.000    0.000    0.000      0.000    0.000   0.000    0.000     0.000    0.000      0.000   0.000
      8   0.000    0.000   0.000   0.000   0.000   0.000   0.000   0.000   0.000   0.000   0.000   0.000   0.000    0.000    0.000   0.000    0.000   0.000   0.000   0.000   0.000   0.000    0.000    0.000      0.000    0.000   0.000    0.000     0.000    0.000      0.000   0.000
      9   0.000    0.000   0.000   0.000   0.000   0.000   0.000   0.000   0.000   0.000   0.000   0.000   0.000    0.000    0.000   0.000    0.000   0.000   0.000   0.000   0.000   0.000    0.000    0.000      0.000    0.000   0.000    0.000     0.000    0.000      0.000   0.000
    Sum   0.015    0.001   0.011   0.000   0.000   0.000   0.000   0.000   0.000   0.000   0.000   0.000   0.000    0.002    0.000   0.000    0.000   0.000   0.000   0.000   0.000   0.000    0.000    0.000      0.000    0.000   0.000    0.000     0.000    0.000      0.000   0.015


Summary
------------------------------------------------------------------------------------------------------------------------------
                  dt  Flu_Adv  Gra_Adv  Src_Adv  Che_Adv       SF   FB_Adv    FixUp     Flag   Refine MPI_Grid   Output      Aux       LB CorrSync      Par -MPI_Par    libyt         Sum
    Time      0.0007   0.0113   0.0000   0.0000   0.0000   0.0000   0.0000   0.0000   0.0004   0.0004   0.0019   0.0126   0.0801   0.0011   0.0000   0.0000   0.0000   0.0000      0.1085
    Frac      0.673%  10.410%   0.000%   0.000%   0.000%   0.000%   0.000%   0.000%   0.382%   0.328%   1.794%  11.637%  73.794%   0.972%   0.000%   0.000%   0.000%   0.000%     99.990%

==============================================================================================================================
==============================================================================================================================



Time : 9.1389752e-02 -> 9.2477726e-02,     Step :       84 ->       85

Main Loop
------------------------------------------------------------------------------------------------------------------------------
       Total    Integration       Output    Auxiliary    LoadBalance       CorrSync          libyt            Sum
      0.1054         0.0158       0.0157       0.0729         0.0010         0.0000         0.0000         0.1054


Integration Loop
------------------------------------------------------------------------------------------------------------------------------
     Lv   Total       dt Flu_Adv Gra_Adv Src_Adv Che_Adv      SF  FB_Adv   FixUp    Flag  Refine Buf_Rho Buf_Pot Buf_Flu1 Buf_Flu2 Buf_Ref Buf_Flux Buf_Res Buf_Che  Par_KD   Par_K Par_K-1 Par_2Sib -MPI_Sib -MPI_FaSib Par_2Son    -MPI Par_Coll -MPI_Real -MPI_Sib -MPI_FaSib     Sum
      0   0.016    0.001   0.013   0.000   0.000   0.000   0.000   0.000   0.000   0.000   0.000   0.000   0.000    0.002    0.000   0.000    0.000   0.000   0.000   0.000   0.000   0.000    0.000    0.000      0.000    0.000   0.000    0.000     0.000    0.000      0.000   0.016
      1   0.000    0.000   0.000   0.000   0.000   0.000   0.000   0.000   0.000   0.000   0.000   0.000   0.000    0.000    0.000   0.000    0.000   0.000   0.000   0.000   0.000   0.000    0.000    0.000      0.000    0.000   0.000    0.000     0.000    0.000      0.000   0.000
      2   0.000    0.000   0.000   0.000   0.000   0.000   0.000   0.000   0.000   0.000   0.000   0.000   0.000    0.000    0.000   0.000    0.000   0.000   0.000   0.000   0.000   0.000    0.000    0.000      0.000    0.000   0.000    0.000     0.000    0.000      0.000   0.000
      3   0.000    0.000   0.000   0.000   0.000   0.000   0.000   0.000   0.000   0.000   0.000   0.000   0.000    0.000    0.000   0.000    0.000   0.000   0.000   0.000   0.000   0.000    0.000    0.000      0.000    0.000   0.000    0.000     0.000    0.000      0.000   0.000
      4   0.000    0.000   0.000   0.000   0.000   0.000   0.000   0.000   0.000   0.000   0.000   0.000   0.000    0.000    0.000   0.000    0.000   0.000   0.000   0.000   0.000   0.000    0.000    0.000      0.000    0.000   0.000    0.000     0.000    0.000      0.000   0.000
      5   0.000    0.000   0.000   0.000   0.000   0.000   0.000   0.000   0.000   0.000   0.000   0.000   0.000    0.000    0.000   0.000    0.000   0.000   0.000   0.000   0.000   0.000    0.000    0.000      0.000    0.000   0.000    0.000     0.000    0.000      0.000   0.000
      6   0.000    0.000   0.000   0.000   0.000   0.000   0.000   0.000   0.000   0.000   0.000   0.000   0.000    0.000    0.000   0.000    0.000   0.000   0.000   0.000   0.000   0.000    0.000    0.000      0.000    0.000   0.000    0.000     0.000    0.000      0.000   0.000
      7   0.000    0.000   0.000   0.000   0.000   0.000   0.000   0.000   0.000   0.000   0.000   0.000   0.000    0.000    0.000   0.000    0.000   0.000   0.000   0.000   0.000   0.000    0.000    0.000      0.000    0.000   0.000    0.000     0.000    0.000      0.000   0.000
      8   0.000    0.000   0.000   0.000   0.000   0.000   0.000   0.000   0.000   0.000   0.000   0.000   0.000    0.000    0.000   0.000    0.000   0.000   0.000   0.000   0.000   0.000    0.000    0.000      0.000    0.000   0.000    0.000     0.000    0.000      0.000   0.000
      9   0.000    0.000   0.000   0.000   0.000   0.000   0.000   0.000   0.000   0.000   0.000   0.000   0.000    0.000    0.000   0.000    0.000   0.000   0.000   0.000   0.000   0.000    0.000    0.000      0.000    0.000   0.000    0.000     0.000    0.000      0.000   0.000
    Sum   0.016    0.001   0.013   0.000   0.000   0.000   0.000   0.000   0.000   0.000   0.000   0.000   0.000    0.002    0.000   0.000    0.000   0.000   0.000   0.000   0.000   0.000    0.000    0.000      0.000    0.000   0.000    0.000     0.000    0.000      0.000   0.016


Summary
------------------------------------------------------------------------------------------------------------------------------
                  dt  Flu_Adv  Gra_Adv  Src_Adv  Che_Adv       SF   FB_Adv    FixUp     Flag   Refine MPI_Grid   Output      Aux       LB CorrSync      Par -MPI_Par    libyt         Sum
    Time      0.0006   0.0135   0.0000   0.0000   0.0000   0.0000   0.0000   0.0000   0.0000   0.0000   0.0017   0.0157   0.0729   0.0010   0.0000   0.0000   0.0000   0.0000      0.1054
    Frac      0.575%  12.784%   0.000%   0.000%   0.000%   0.000%   0.000%   0.000%   0.000%   0.000%   1.630%  14.861%  69.195%   0.944%   0.000%   0.000%   0.000%   0.000%     99.989%

==============================================================================================================================
==============================================================================================================================



Time : 9.2477726e-02 -> 9.3565699e-02,     Step :       85 ->       86

Main Loop
------------------------------------------------------------------------------------------------------------------------------
       Total    Integration       Output    Auxiliary    LoadBalance       CorrSync          libyt            Sum
      0.1090         0.0120       0.0137       0.0824         0.0009         0.0000         0.0000         0.1090


Integration Loop
------------------------------------------------------------------------------------------------------------------------------
     Lv   Total       dt Flu_Adv Gra_Adv Src_Adv Che_Adv      SF  FB_Adv   FixUp    Flag  Refine Buf_Rho Buf_Pot Buf_Flu1 Buf_Flu2 Buf_Ref Buf_Flux Buf_Res Buf_Che  Par_KD   Par_K Par_K-1 Par_2Sib -MPI_Sib -MPI_FaSib Par_2Son    -MPI Par_Coll -MPI_Real -MPI_Sib -MPI_FaSib     Sum
      0   0.012    0.001   0.010   0.000   0.000   0.000   0.000   0.000   0.000   0.000   0.000   0.000   0.000    0.002    0.000   0.000    0.000   0.000   0.000   0.000   0.000   0.000    0.000    0.000      0.000    0.000   0.000    0.000     0.000    0.000      0.000   0.012
      1   0.000    0.000   0.000   0.000   0.000   0.000   0.000   0.000   0.000   0.000   0.000   0.000   0.000    0.000    0.000   0.000    0.000   0.000   0.000   0.000   0.000   0.000    0.000    0.000      0.000    0.000   0.000    0.000     0.000    0.000      0.000   0.000
      2   0.000    0.000   0.000   0.000   0.000   0.000   0.000   0.000   0.000   0.000   0.000   0.000   0.000    0.000    0.000   0.000    0.000   0.000   0.000   0.000   0.000   0.000    0.000    0.000      0.000    0.000   0.000    0.000     0.000    0.000      0.000   0.000
      3   0.000    0.000   0.000   0.000   0.000   0.000   0.000   0.000   0.000   0.000   0.000   0.000   0.000    0.000    0.000   0.000    0.000   0.000   0.000   0.000   0.000   0.000    0.000    0.000      0.000    0.000   0.000    0.000     0.000    0.000      0.000   0.000
      4   0.000    0.000   0.000   0.000   0.000   0.000   0.000   0.000   0.000   0.000   0.000   0.000   0.000    0.000    0.000   0.000    0.000   0.000   0.000   0.000   0.000   0.000    0.000    0.000      0.000    0.000   0.000    0.000     0.000    0.000      0.000   0.000
      5   0.000    0.000   0.000   0.000   0.000   0.000   0.000   0.000   0.000   0.000   0.000   0.000   0.000    0.000    0.000   0.000    0.000   0.000   0.000   0.000   0.000   0.000    0.000    0.000      0.000    0.000   0.000    0.000     0.000    0.000      0.000   0.000
      6   0.000    0.000   0.000   0.000   0.000   0.000   0.000   0.000   0.000   0.000   0.000   0.000   0.000    0.000    0.000   0.000    0.000   0.000   0.000   0.000   0.000   0.000    0.000    0.000      0.000    0.000   0.000    0.000     0.000    0.000      0.000   0.000
      7   0.000    0.000   0.000   0.000   0.000   0.000   0.000   0.000   0.000   0.000   0.000   0.000   0.000    0.000    0.000   0.000    0.000   0.000   0.000   0.000   0.000   0.000    0.000    0.000      0.000    0.000   0.000    0.000     0.000    0.000      0.000   0.000
      8   0.000    0.000   0.000   0.000   0.000   0.000   0.000   0.000   0.000   0.000   0.000   0.000   0.000    0.000    0.000   0.000    0.000   0.000   0.000   0.000   0.000   0.000    0.000    0.000      0.000    0.000   0.000    0.000     0.000    0.000      0.000   0.000
      9   0.000    0.000   0.000   0.000   0.000   0.000   0.000   0.000   0.000   0.000   0.000   0.000   0.000    0.000    0.000   0.000    0.000   0.000   0.000   0.000   0.000   0.000    0.000    0.000      0.000    0.000   0.000    0.000     0.000    0.000      0.000   0.000
    Sum   0.012    0.001   0.010   0.000   0.000   0.000   0.000   0.000   0.000   0.000   0.000   0.000   0.000    0.002    0.000   0.000    0.000   0.000   0.000   0.000   0.000   0.000    0.000    0.000      0.000    0.000   0.000    0.000     0.000    0.000      0.000   0.012


Summary
------------------------------------------------------------------------------------------------------------------------------
                  dt  Flu_Adv  Gra_Adv  Src_Adv  Che_Adv       SF   FB_Adv    FixUp     Flag   Refine MPI_Grid   Output      Aux       LB CorrSync      Par -MPI_Par    libyt         Sum
    Time      0.0006   0.0097   0.0000   0.0000   0.0000   0.0000   0.0000   0.0000   0.0000   0.0000   0.0017   0.0137   0.0824   0.0009   0.0000   0.0000   0.0000   0.0000      0.1090
    Frac      0.595%   8.856%   0.000%   0.000%   0.000%   0.000%   0.000%   0.000%   0.000%   0.000%   1.555%  12.593%  75.555%   0.838%   0.000%   0.000%   0.000%   0.000%     99.992%

==============================================================================================================================
==============================================================================================================================



Time : 9.3565699e-02 -> 9.4653672e-02,     Step :       86 ->       87

Main Loop
------------------------------------------------------------------------------------------------------------------------------
       Total    Integration       Output    Auxiliary    LoadBalance       CorrSync          libyt            Sum
      0.1014         0.0191       0.0215       0.0597         0.0010         0.0000         0.0000         0.1013


Integration Loop
------------------------------------------------------------------------------------------------------------------------------
     Lv   Total       dt Flu_Adv Gra_Adv Src_Adv Che_Adv      SF  FB_Adv   FixUp    Flag  Refine Buf_Rho Buf_Pot Buf_Flu1 Buf_Flu2 Buf_Ref Buf_Flux Buf_Res Buf_Che  Par_KD   Par_K Par_K-1 Par_2Sib -MPI_Sib -MPI_FaSib Par_2Son    -MPI Par_Coll -MPI_Real -MPI_Sib -MPI_FaSib     Sum
      0   0.019    0.001   0.017   0.000   0.000   0.000   0.000   0.000   0.000   0.000   0.000   0.000   0.000    0.002    0.000   0.000    0.000   0.000   0.000   0.000   0.000   0.000    0.000    0.000      0.000    0.000   0.000    0.000     0.000    0.000      0.000   0.019
      1   0.000    0.000   0.000   0.000   0.000   0.000   0.000   0.000   0.000   0.000   0.000   0.000   0.000    0.000    0.000   0.000    0.000   0.000   0.000   0.000   0.000   0.000    0.000    0.000      0.000    0.000   0.000    0.000     0.000    0.000      0.000   0.000
      2   0.000    0.000   0.000   0.000   0.000   0.000   0.000   0.000   0.000   0.000   0.000   0.000   0.000    0.000    0.000   0.000    0.000   0.000   0.000   0.000   0.000   0.000    0.000    0.000      0.000    0.000   0.000    0.000     0.000    0.000      0.000   0.000
      3   0.000    0.000   0.000   0.000   0.000   0.000   0.000   0.000   0.000   0.000   0.000   0.000   0.000    0.000    0.000   0.000    0.000   0.000   0.000   0.000   0.000   0.000    0.000    0.000      0.000    0.000   0.000    0.000     0.000    0.000      0.000   0.000
      4   0.000    0.000   0.000   0.000   0.000   0.000   0.000   0.000   0.000   0.000   0.000   0.000   0.000    0.000    0.000   0.000    0.000   0.000   0.000   0.000   0.000   0.000    0.000    0.000      0.000    0.000   0.000    0.000     0.000    0.000      0.000   0.000
      5   0.000    0.000   0.000   0.000   0.000   0.000   0.000   0.000   0.000   0.000   0.000   0.000   0.000    0.000    0.000   0.000    0.000   0.000   0.000   0.000   0.000   0.000    0.000    0.000      0.000    0.000   0.000    0.000     0.000    0.000      0.000   0.000
      6   0.000    0.000   0.000   0.000   0.000   0.000   0.000   0.000   0.000   0.000   0.000   0.000   0.000    0.000    0.000   0.000    0.000   0.000   0.000   0.000   0.000   0.000    0.000    0.000      0.000    0.000   0.000    0.000     0.000    0.000      0.000   0.000
      7   0.000    0.000   0.000   0.000   0.000   0.000   0.000   0.000   0.000   0.000   0.000   0.000   0.000    0.000    0.000   0.000    0.000   0.000   0.000   0.000   0.000   0.000    0.000    0.000      0.000    0.000   0.000    0.000     0.000    0.000      0.000   0.000
      8   0.000    0.000   0.000   0.000   0.000   0.000   0.000   0.000   0.000   0.000   0.000   0.000   0.000    0.000    0.000   0.000    0.000   0.000   0.000   0.000   0.000   0.000    0.000    0.000      0.000    0.000   0.000    0.000     0.000    0.000      0.000   0.000
      9   0.000    0.000   0.000   0.000   0.000   0.000   0.000   0.000   0.000   0.000   0.000   0.000   0.000    0.000    0.000   0.000    0.000   0.000   0.000   0.000   0.000   0.000    0.000    0.000      0.000    0.000   0.000    0.000     0.000    0.000      0.000   0.000
    Sum   0.019    0.001   0.017   0.000   0.000   0.000   0.000   0.000   0.000   0.000   0.000   0.000   0.000    0.002    0.000   0.000    0.000   0.000   0.000   0.000   0.000   0.000    0.000    0.000      0.000    0.000   0.000    0.000     0.000    0.000      0.000   0.019


Summary
------------------------------------------------------------------------------------------------------------------------------
                  dt  Flu_Adv  Gra_Adv  Src_Adv  Che_Adv       SF   FB_Adv    FixUp     Flag   Refine MPI_Grid   Output      Aux       LB CorrSync      Par -MPI_Par    libyt         Sum
    Time      0.0006   0.0167   0.0000   0.0000   0.0000   0.0000   0.0000   0.0000   0.0000   0.0000   0.0018   0.0215   0.0597   0.0010   0.0000   0.0000   0.0000   0.0000      0.1013
    Frac      0.623%  16.465%   0.000%   0.000%   0.000%   0.000%   0.000%   0.000%   0.000%   0.000%   1.729%  21.248%  58.892%   1.033%   0.000%   0.000%   0.000%   0.000%     99.989%

==============================================================================================================================
==============================================================================================================================



Time : 9.4653672e-02 -> 9.5741645e-02,     Step :       87 ->       88

Main Loop
------------------------------------------------------------------------------------------------------------------------------
       Total    Integration       Output    Auxiliary    LoadBalance       CorrSync          libyt            Sum
      0.0930         0.0285       0.0217       0.0419         0.0009         0.0000         0.0000         0.0930


Integration Loop
------------------------------------------------------------------------------------------------------------------------------
     Lv   Total       dt Flu_Adv Gra_Adv Src_Adv Che_Adv      SF  FB_Adv   FixUp    Flag  Refine Buf_Rho Buf_Pot Buf_Flu1 Buf_Flu2 Buf_Ref Buf_Flux Buf_Res Buf_Che  Par_KD   Par_K Par_K-1 Par_2Sib -MPI_Sib -MPI_FaSib Par_2Son    -MPI Par_Coll -MPI_Real -MPI_Sib -MPI_FaSib     Sum
      0   0.028    0.001   0.011   0.000   0.000   0.000   0.000   0.000   0.000   0.000   0.005   0.000   0.000    0.002    0.000   0.009    0.000   0.000   0.000   0.000   0.000   0.000    0.000    0.000      0.000    0.000   0.000    0.000     0.000    0.000      0.000   0.028
      1   0.000    0.000   0.000   0.000   0.000   0.000   0.000   0.000   0.000   0.000   0.000   0.000   0.000    0.000    0.000   0.000    0.000   0.000   0.000   0.000   0.000   0.000    0.000    0.000      0.000    0.000   0.000    0.000     0.000    0.000      0.000   0.000
      2   0.000    0.000   0.000   0.000   0.000   0.000   0.000   0.000   0.000   0.000   0.000   0.000   0.000    0.000    0.000   0.000    0.000   0.000   0.000   0.000   0.000   0.000    0.000    0.000      0.000    0.000   0.000    0.000     0.000    0.000      0.000   0.000
      3   0.000    0.000   0.000   0.000   0.000   0.000   0.000   0.000   0.000   0.000   0.000   0.000   0.000    0.000    0.000   0.000    0.000   0.000   0.000   0.000   0.000   0.000    0.000    0.000      0.000    0.000   0.000    0.000     0.000    0.000      0.000   0.000
      4   0.000    0.000   0.000   0.000   0.000   0.000   0.000   0.000   0.000   0.000   0.000   0.000   0.000    0.000    0.000   0.000    0.000   0.000   0.000   0.000   0.000   0.000    0.000    0.000      0.000    0.000   0.000    0.000     0.000    0.000      0.000   0.000
      5   0.000    0.000   0.000   0.000   0.000   0.000   0.000   0.000   0.000   0.000   0.000   0.000   0.000    0.000    0.000   0.000    0.000   0.000   0.000   0.000   0.000   0.000    0.000    0.000      0.000    0.000   0.000    0.000     0.000    0.000      0.000   0.000
      6   0.000    0.000   0.000   0.000   0.000   0.000   0.000   0.000   0.000   0.000   0.000   0.000   0.000    0.000    0.000   0.000    0.000   0.000   0.000   0.000   0.000   0.000    0.000    0.000      0.000    0.000   0.000    0.000     0.000    0.000      0.000   0.000
      7   0.000    0.000   0.000   0.000   0.000   0.000   0.000   0.000   0.000   0.000   0.000   0.000   0.000    0.000    0.000   0.000    0.000   0.000   0.000   0.000   0.000   0.000    0.000    0.000      0.000    0.000   0.000    0.000     0.000    0.000      0.000   0.000
      8   0.000    0.000   0.000   0.000   0.000   0.000   0.000   0.000   0.000   0.000   0.000   0.000   0.000    0.000    0.000   0.000    0.000   0.000   0.000   0.000   0.000   0.000    0.000    0.000      0.000    0.000   0.000    0.000     0.000    0.000      0.000   0.000
      9   0.000    0.000   0.000   0.000   0.000   0.000   0.000   0.000   0.000   0.000   0.000   0.000   0.000    0.000    0.000   0.000    0.000   0.000   0.000   0.000   0.000   0.000    0.000    0.000      0.000    0.000   0.000    0.000     0.000    0.000      0.000   0.000
    Sum   0.028    0.001   0.011   0.000   0.000   0.000   0.000   0.000   0.000   0.000   0.005   0.000   0.000    0.002    0.000   0.009    0.000   0.000   0.000   0.000   0.000   0.000    0.000    0.000      0.000    0.000   0.000    0.000     0.000    0.000      0.000   0.028


Summary
------------------------------------------------------------------------------------------------------------------------------
                  dt  Flu_Adv  Gra_Adv  Src_Adv  Che_Adv       SF   FB_Adv    FixUp     Flag   Refine MPI_Grid   Output      Aux       LB CorrSync      Par -MPI_Par    libyt         Sum
    Time      0.0006   0.0113   0.0000   0.0000   0.0000   0.0000   0.0000   0.0000   0.0005   0.0053   0.0107   0.0217   0.0419   0.0009   0.0000   0.0000   0.0000   0.0000      0.0930
    Frac      0.694%  12.159%   0.000%   0.000%   0.000%   0.000%   0.000%   0.000%   0.492%   5.726%  11.537%  23.319%  45.084%   0.981%   0.000%   0.000%   0.000%   0.000%     99.990%

==============================================================================================================================
==============================================================================================================================



Time : 9.5741645e-02 -> 9.6829619e-02,     Step :       88 ->       89

Main Loop
------------------------------------------------------------------------------------------------------------------------------
       Total    Integration       Output    Auxiliary    LoadBalance       CorrSync          libyt            Sum
      0.0589         0.0035       0.0168       0.0376         0.0010         0.0000         0.0000         0.0589


Integration Loop
------------------------------------------------------------------------------------------------------------------------------
     Lv   Total       dt Flu_Adv Gra_Adv Src_Adv Che_Adv      SF  FB_Adv   FixUp    Flag  Refine Buf_Rho Buf_Pot Buf_Flu1 Buf_Flu2 Buf_Ref Buf_Flux Buf_Res Buf_Che  Par_KD   Par_K Par_K-1 Par_2Sib -MPI_Sib -MPI_FaSib Par_2Son    -MPI Par_Coll -MPI_Real -MPI_Sib -MPI_FaSib     Sum
      0   0.003    0.001   0.001   0.000   0.000   0.000   0.000   0.000   0.000   0.000   0.000   0.000   0.000    0.002    0.000   0.000    0.000   0.000   0.000   0.000   0.000   0.000    0.000    0.000      0.000    0.000   0.000    0.000     0.000    0.000      0.000   0.003
      1   0.000    0.000   0.000   0.000   0.000   0.000   0.000   0.000   0.000   0.000   0.000   0.000   0.000    0.000    0.000   0.000    0.000   0.000   0.000   0.000   0.000   0.000    0.000    0.000      0.000    0.000   0.000    0.000     0.000    0.000      0.000   0.000
      2   0.000    0.000   0.000   0.000   0.000   0.000   0.000   0.000   0.000   0.000   0.000   0.000   0.000    0.000    0.000   0.000    0.000   0.000   0.000   0.000   0.000   0.000    0.000    0.000      0.000    0.000   0.000    0.000     0.000    0.000      0.000   0.000
      3   0.000    0.000   0.000   0.000   0.000   0.000   0.000   0.000   0.000   0.000   0.000   0.000   0.000    0.000    0.000   0.000    0.000   0.000   0.000   0.000   0.000   0.000    0.000    0.000      0.000    0.000   0.000    0.000     0.000    0.000      0.000   0.000
      4   0.000    0.000   0.000   0.000   0.000   0.000   0.000   0.000   0.000   0.000   0.000   0.000   0.000    0.000    0.000   0.000    0.000   0.000   0.000   0.000   0.000   0.000    0.000    0.000      0.000    0.000   0.000    0.000     0.000    0.000      0.000   0.000
      5   0.000    0.000   0.000   0.000   0.000   0.000   0.000   0.000   0.000   0.000   0.000   0.000   0.000    0.000    0.000   0.000    0.000   0.000   0.000   0.000   0.000   0.000    0.000    0.000      0.000    0.000   0.000    0.000     0.000    0.000      0.000   0.000
      6   0.000    0.000   0.000   0.000   0.000   0.000   0.000   0.000   0.000   0.000   0.000   0.000   0.000    0.000    0.000   0.000    0.000   0.000   0.000   0.000   0.000   0.000    0.000    0.000      0.000    0.000   0.000    0.000     0.000    0.000      0.000   0.000
      7   0.000    0.000   0.000   0.000   0.000   0.000   0.000   0.000   0.000   0.000   0.000   0.000   0.000    0.000    0.000   0.000    0.000   0.000   0.000   0.000   0.000   0.000    0.000    0.000      0.000    0.000   0.000    0.000     0.000    0.000      0.000   0.000
      8   0.000    0.000   0.000   0.000   0.000   0.000   0.000   0.000   0.000   0.000   0.000   0.000   0.000    0.000    0.000   0.000    0.000   0.000   0.000   0.000   0.000   0.000    0.000    0.000      0.000    0.000   0.000    0.000     0.000    0.000      0.000   0.000
      9   0.000    0.000   0.000   0.000   0.000   0.000   0.000   0.000   0.000   0.000   0.000   0.000   0.000    0.000    0.000   0.000    0.000   0.000   0.000   0.000   0.000   0.000    0.000    0.000      0.000    0.000   0.000    0.000     0.000    0.000      0.000   0.000
    Sum   0.003    0.001   0.001   0.000   0.000   0.000   0.000   0.000   0.000   0.000   0.000   0.000   0.000    0.002    0.000   0.000    0.000   0.000   0.000   0.000   0.000   0.000    0.000    0.000      0.000    0.000   0.000    0.000     0.000    0.000      0.000   0.003


Summary
------------------------------------------------------------------------------------------------------------------------------
                  dt  Flu_Adv  Gra_Adv  Src_Adv  Che_Adv       SF   FB_Adv    FixUp     Flag   Refine MPI_Grid   Output      Aux       LB CorrSync      Par -MPI_Par    libyt         Sum
    Time      0.0007   0.0010   0.0000   0.0000   0.0000   0.0000   0.0000   0.0000   0.0000   0.0000   0.0017   0.0168   0.0376   0.0010   0.0000   0.0000   0.0000   0.0000      0.0589
    Frac      1.139%   1.777%   0.000%   0.000%   0.000%   0.000%   0.000%   0.000%   0.000%   0.000%   2.936%  28.560%  63.818%   1.753%   0.000%   0.000%   0.000%   0.000%     99.981%

==============================================================================================================================
==============================================================================================================================



Time : 9.6829619e-02 -> 9.7917592e-02,     Step :       89 ->       90

Main Loop
------------------------------------------------------------------------------------------------------------------------------
       Total    Integration       Output    Auxiliary    LoadBalance       CorrSync          libyt            Sum
      0.0981         0.0036       0.0282       0.0655         0.0008         0.0000         0.0000         0.0981


Integration Loop
------------------------------------------------------------------------------------------------------------------------------
     Lv   Total       dt Flu_Adv Gra_Adv Src_Adv Che_Adv      SF  FB_Adv   FixUp    Flag  Refine Buf_Rho Buf_Pot Buf_Flu1 Buf_Flu2 Buf_Ref Buf_Flux Buf_Res Buf_Che  Par_KD   Par_K Par_K-1 Par_2Sib -MPI_Sib -MPI_FaSib Par_2Son    -MPI Par_Coll -MPI_Real -MPI_Sib -MPI_FaSib     Sum
      0   0.004    0.001   0.001   0.000   0.000   0.000   0.000   0.000   0.000   0.000   0.000   0.000   0.000    0.002    0.000   0.000    0.000   0.000   0.000   0.000   0.000   0.000    0.000    0.000      0.000    0.000   0.000    0.000     0.000    0.000      0.000   0.004
      1   0.000    0.000   0.000   0.000   0.000   0.000   0.000   0.000   0.000   0.000   0.000   0.000   0.000    0.000    0.000   0.000    0.000   0.000   0.000   0.000   0.000   0.000    0.000    0.000      0.000    0.000   0.000    0.000     0.000    0.000      0.000   0.000
      2   0.000    0.000   0.000   0.000   0.000   0.000   0.000   0.000   0.000   0.000   0.000   0.000   0.000    0.000    0.000   0.000    0.000   0.000   0.000   0.000   0.000   0.000    0.000    0.000      0.000    0.000   0.000    0.000     0.000    0.000      0.000   0.000
      3   0.000    0.000   0.000   0.000   0.000   0.000   0.000   0.000   0.000   0.000   0.000   0.000   0.000    0.000    0.000   0.000    0.000   0.000   0.000   0.000   0.000   0.000    0.000    0.000      0.000    0.000   0.000    0.000     0.000    0.000      0.000   0.000
      4   0.000    0.000   0.000   0.000   0.000   0.000   0.000   0.000   0.000   0.000   0.000   0.000   0.000    0.000    0.000   0.000    0.000   0.000   0.000   0.000   0.000   0.000    0.000    0.000      0.000    0.000   0.000    0.000     0.000    0.000      0.000   0.000
      5   0.000    0.000   0.000   0.000   0.000   0.000   0.000   0.000   0.000   0.000   0.000   0.000   0.000    0.000    0.000   0.000    0.000   0.000   0.000   0.000   0.000   0.000    0.000    0.000      0.000    0.000   0.000    0.000     0.000    0.000      0.000   0.000
      6   0.000    0.000   0.000   0.000   0.000   0.000   0.000   0.000   0.000   0.000   0.000   0.000   0.000    0.000    0.000   0.000    0.000   0.000   0.000   0.000   0.000   0.000    0.000    0.000      0.000    0.000   0.000    0.000     0.000    0.000      0.000   0.000
      7   0.000    0.000   0.000   0.000   0.000   0.000   0.000   0.000   0.000   0.000   0.000   0.000   0.000    0.000    0.000   0.000    0.000   0.000   0.000   0.000   0.000   0.000    0.000    0.000      0.000    0.000   0.000    0.000     0.000    0.000      0.000   0.000
      8   0.000    0.000   0.000   0.000   0.000   0.000   0.000   0.000   0.000   0.000   0.000   0.000   0.000    0.000    0.000   0.000    0.000   0.000   0.000   0.000   0.000   0.000    0.000    0.000      0.000    0.000   0.000    0.000     0.000    0.000      0.000   0.000
      9   0.000    0.000   0.000   0.000   0.000   0.000   0.000   0.000   0.000   0.000   0.000   0.000   0.000    0.000    0.000   0.000    0.000   0.000   0.000   0.000   0.000   0.000    0.000    0.000      0.000    0.000   0.000    0.000     0.000    0.000      0.000   0.000
    Sum   0.004    0.001   0.001   0.000   0.000   0.000   0.000   0.000   0.000   0.000   0.000   0.000   0.000    0.002    0.000   0.000    0.000   0.000   0.000   0.000   0.000   0.000    0.000    0.000      0.000    0.000   0.000    0.000     0.000    0.000      0.000   0.004


Summary
------------------------------------------------------------------------------------------------------------------------------
                  dt  Flu_Adv  Gra_Adv  Src_Adv  Che_Adv       SF   FB_Adv    FixUp     Flag   Refine MPI_Grid   Output      Aux       LB CorrSync      Par -MPI_Par    libyt         Sum
    Time      0.0007   0.0010   0.0000   0.0000   0.0000   0.0000   0.0000   0.0000   0.0000   0.0000   0.0019   0.0282   0.0655   0.0008   0.0000   0.0000   0.0000   0.0000      0.0981
    Frac      0.699%   1.007%   0.000%   0.000%   0.000%   0.000%   0.000%   0.000%   0.000%   0.000%   1.952%  28.713%  66.756%   0.859%   0.000%   0.000%   0.000%   0.000%     99.986%

==============================================================================================================================
==============================================================================================================================



Time : 9.7917592e-02 -> 9.9005565e-02,     Step :       90 ->       91

Main Loop
------------------------------------------------------------------------------------------------------------------------------
       Total    Integration       Output    Auxiliary    LoadBalance       CorrSync          libyt            Sum
      0.3037         0.0673       0.0375       0.1327         0.0662         0.0000         0.0000         0.3037


Integration Loop
------------------------------------------------------------------------------------------------------------------------------
     Lv   Total       dt Flu_Adv Gra_Adv Src_Adv Che_Adv      SF  FB_Adv   FixUp    Flag  Refine Buf_Rho Buf_Pot Buf_Flu1 Buf_Flu2 Buf_Ref Buf_Flux Buf_Res Buf_Che  Par_KD   Par_K Par_K-1 Par_2Sib -MPI_Sib -MPI_FaSib Par_2Son    -MPI Par_Coll -MPI_Real -MPI_Sib -MPI_FaSib     Sum
      0   0.067    0.052   0.013   0.000   0.000   0.000   0.000   0.000   0.000   0.000   0.000   0.000   0.000    0.002    0.000   0.000    0.000   0.000   0.000   0.000   0.000   0.000    0.000    0.000      0.000    0.000   0.000    0.000     0.000    0.000      0.000   0.067
      1   0.000    0.000   0.000   0.000   0.000   0.000   0.000   0.000   0.000   0.000   0.000   0.000   0.000    0.000    0.000   0.000    0.000   0.000   0.000   0.000   0.000   0.000    0.000    0.000      0.000    0.000   0.000    0.000     0.000    0.000      0.000   0.000
      2   0.000    0.000   0.000   0.000   0.000   0.000   0.000   0.000   0.000   0.000   0.000   0.000   0.000    0.000    0.000   0.000    0.000   0.000   0.000   0.000   0.000   0.000    0.000    0.000      0.000    0.000   0.000    0.000     0.000    0.000      0.000   0.000
      3   0.000    0.000   0.000   0.000   0.000   0.000   0.000   0.000   0.000   0.000   0.000   0.000   0.000    0.000    0.000   0.000    0.000   0.000   0.000   0.000   0.000   0.000    0.000    0.000      0.000    0.000   0.000    0.000     0.000    0.000      0.000   0.000
      4   0.000    0.000   0.000   0.000   0.000   0.000   0.000   0.000   0.000   0.000   0.000   0.000   0.000    0.000    0.000   0.000    0.000   0.000   0.000   0.000   0.000   0.000    0.000    0.000      0.000    0.000   0.000    0.000     0.000    0.000      0.000   0.000
      5   0.000    0.000   0.000   0.000   0.000   0.000   0.000   0.000   0.000   0.000   0.000   0.000   0.000    0.000    0.000   0.000    0.000   0.000   0.000   0.000   0.000   0.000    0.000    0.000      0.000    0.000   0.000    0.000     0.000    0.000      0.000   0.000
      6   0.000    0.000   0.000   0.000   0.000   0.000   0.000   0.000   0.000   0.000   0.000   0.000   0.000    0.000    0.000   0.000    0.000   0.000   0.000   0.000   0.000   0.000    0.000    0.000      0.000    0.000   0.000    0.000     0.000    0.000      0.000   0.000
      7   0.000    0.000   0.000   0.000   0.000   0.000   0.000   0.000   0.000   0.000   0.000   0.000   0.000    0.000    0.000   0.000    0.000   0.000   0.000   0.000   0.000   0.000    0.000    0.000      0.000    0.000   0.000    0.000     0.000    0.000      0.000   0.000
      8   0.000    0.000   0.000   0.000   0.000   0.000   0.000   0.000   0.000   0.000   0.000   0.000   0.000    0.000    0.000   0.000    0.000   0.000   0.000   0.000   0.000   0.000    0.000    0.000      0.000    0.000   0.000    0.000     0.000    0.000      0.000   0.000
      9   0.000    0.000   0.000   0.000   0.000   0.000   0.000   0.000   0.000   0.000   0.000   0.000   0.000    0.000    0.000   0.000    0.000   0.000   0.000   0.000   0.000   0.000    0.000    0.000      0.000    0.000   0.000    0.000     0.000    0.000      0.000   0.000
    Sum   0.067    0.052   0.013   0.000   0.000   0.000   0.000   0.000   0.000   0.000   0.000   0.000   0.000    0.002    0.000   0.000    0.000   0.000   0.000   0.000   0.000   0.000    0.000    0.000      0.000    0.000   0.000    0.000     0.000    0.000      0.000   0.067


Summary
------------------------------------------------------------------------------------------------------------------------------
                  dt  Flu_Adv  Gra_Adv  Src_Adv  Che_Adv       SF   FB_Adv    FixUp     Flag   Refine MPI_Grid   Output      Aux       LB CorrSync      Par -MPI_Par    libyt         Sum
    Time      0.0525   0.0131   0.0000   0.0000   0.0000   0.0000   0.0000   0.0000   0.0000   0.0000   0.0017   0.0375   0.1327   0.0662   0.0000   0.0000   0.0000   0.0000      0.3037
    Frac     17.271%   4.312%   0.000%   0.000%   0.000%   0.000%   0.000%   0.000%   0.000%   0.000%   0.557%  12.361%  43.687%  21.808%   0.000%   0.000%   0.000%   0.000%     99.995%

==============================================================================================================================
==============================================================================================================================



Time : 9.9005565e-02 -> 1.0009354e-01,     Step :       91 ->       92

Main Loop
------------------------------------------------------------------------------------------------------------------------------
       Total    Integration       Output    Auxiliary    LoadBalance       CorrSync          libyt            Sum
      0.0890         0.0055       0.0258       0.0567         0.0009         0.0000         0.0000         0.0890


Integration Loop
------------------------------------------------------------------------------------------------------------------------------
     Lv   Total       dt Flu_Adv Gra_Adv Src_Adv Che_Adv      SF  FB_Adv   FixUp    Flag  Refine Buf_Rho Buf_Pot Buf_Flu1 Buf_Flu2 Buf_Ref Buf_Flux Buf_Res Buf_Che  Par_KD   Par_K Par_K-1 Par_2Sib -MPI_Sib -MPI_FaSib Par_2Son    -MPI Par_Coll -MPI_Real -MPI_Sib -MPI_FaSib     Sum
      0   0.006    0.001   0.001   0.000   0.000   0.000   0.000   0.000   0.000   0.001   0.000   0.000   0.000    0.002    0.000   0.000    0.000   0.000   0.000   0.000   0.000   0.000    0.000    0.000      0.000    0.000   0.000    0.000     0.000    0.000      0.000   0.006
      1   0.000    0.000   0.000   0.000   0.000   0.000   0.000   0.000   0.000   0.000   0.000   0.000   0.000    0.000    0.000   0.000    0.000   0.000   0.000   0.000   0.000   0.000    0.000    0.000      0.000    0.000   0.000    0.000     0.000    0.000      0.000   0.000
      2   0.000    0.000   0.000   0.000   0.000   0.000   0.000   0.000   0.000   0.000   0.000   0.000   0.000    0.000    0.000   0.000    0.000   0.000   0.000   0.000   0.000   0.000    0.000    0.000      0.000    0.000   0.000    0.000     0.000    0.000      0.000   0.000
      3   0.000    0.000   0.000   0.000   0.000   0.000   0.000   0.000   0.000   0.000   0.000   0.000   0.000    0.000    0.000   0.000    0.000   0.000   0.000   0.000   0.000   0.000    0.000    0.000      0.000    0.000   0.000    0.000     0.000    0.000      0.000   0.000
      4   0.000    0.000   0.000   0.000   0.000   0.000   0.000   0.000   0.000   0.000   0.000   0.000   0.000    0.000    0.000   0.000    0.000   0.000   0.000   0.000   0.000   0.000    0.000    0.000      0.000    0.000   0.000    0.000     0.000    0.000      0.000   0.000
      5   0.000    0.000   0.000   0.000   0.000   0.000   0.000   0.000   0.000   0.000   0.000   0.000   0.000    0.000    0.000   0.000    0.000   0.000   0.000   0.000   0.000   0.000    0.000    0.000      0.000    0.000   0.000    0.000     0.000    0.000      0.000   0.000
      6   0.000    0.000   0.000   0.000   0.000   0.000   0.000   0.000   0.000   0.000   0.000   0.000   0.000    0.000    0.000   0.000    0.000   0.000   0.000   0.000   0.000   0.000    0.000    0.000      0.000    0.000   0.000    0.000     0.000    0.000      0.000   0.000
      7   0.000    0.000   0.000   0.000   0.000   0.000   0.000   0.000   0.000   0.000   0.000   0.000   0.000    0.000    0.000   0.000    0.000   0.000   0.000   0.000   0.000   0.000    0.000    0.000      0.000    0.000   0.000    0.000     0.000    0.000      0.000   0.000
      8   0.000    0.000   0.000   0.000   0.000   0.000   0.000   0.000   0.000   0.000   0.000   0.000   0.000    0.000    0.000   0.000    0.000   0.000   0.000   0.000   0.000   0.000    0.000    0.000      0.000    0.000   0.000    0.000     0.000    0.000      0.000   0.000
      9   0.000    0.000   0.000   0.000   0.000   0.000   0.000   0.000   0.000   0.000   0.000   0.000   0.000    0.000    0.000   0.000    0.000   0.000   0.000   0.000   0.000   0.000    0.000    0.000      0.000    0.000   0.000    0.000     0.000    0.000      0.000   0.000
    Sum   0.006    0.001   0.001   0.000   0.000   0.000   0.000   0.000   0.000   0.001   0.000   0.000   0.000    0.002    0.000   0.000    0.000   0.000   0.000   0.000   0.000   0.000    0.000    0.000      0.000    0.000   0.000    0.000     0.000    0.000      0.000   0.006


Summary
------------------------------------------------------------------------------------------------------------------------------
                  dt  Flu_Adv  Gra_Adv  Src_Adv  Che_Adv       SF   FB_Adv    FixUp     Flag   Refine MPI_Grid   Output      Aux       LB CorrSync      Par -MPI_Par    libyt         Sum
    Time      0.0007   0.0013   0.0000   0.0000   0.0000   0.0000   0.0000   0.0000   0.0006   0.0005   0.0025   0.0258   0.0567   0.0009   0.0000   0.0000   0.0000   0.0000      0.0889
    Frac      0.754%   1.459%   0.000%   0.000%   0.000%   0.000%   0.000%   0.000%   0.676%   0.523%   2.786%  29.000%  63.747%   1.041%   0.000%   0.000%   0.000%   0.000%     99.985%

==============================================================================================================================
==============================================================================================================================



Time : 1.0009354e-01 -> 1.0118151e-01,     Step :       92 ->       93

Main Loop
------------------------------------------------------------------------------------------------------------------------------
       Total    Integration       Output    Auxiliary    LoadBalance       CorrSync          libyt            Sum
      0.0949         0.0113       0.0184       0.0643         0.0008         0.0000         0.0000         0.0949


Integration Loop
------------------------------------------------------------------------------------------------------------------------------
     Lv   Total       dt Flu_Adv Gra_Adv Src_Adv Che_Adv      SF  FB_Adv   FixUp    Flag  Refine Buf_Rho Buf_Pot Buf_Flu1 Buf_Flu2 Buf_Ref Buf_Flux Buf_Res Buf_Che  Par_KD   Par_K Par_K-1 Par_2Sib -MPI_Sib -MPI_FaSib Par_2Son    -MPI Par_Coll -MPI_Real -MPI_Sib -MPI_FaSib     Sum
      0   0.011    0.001   0.009   0.000   0.000   0.000   0.000   0.000   0.000   0.000   0.000   0.000   0.000    0.002    0.000   0.000    0.000   0.000   0.000   0.000   0.000   0.000    0.000    0.000      0.000    0.000   0.000    0.000     0.000    0.000      0.000   0.011
      1   0.000    0.000   0.000   0.000   0.000   0.000   0.000   0.000   0.000   0.000   0.000   0.000   0.000    0.000    0.000   0.000    0.000   0.000   0.000   0.000   0.000   0.000    0.000    0.000      0.000    0.000   0.000    0.000     0.000    0.000      0.000   0.000
      2   0.000    0.000   0.000   0.000   0.000   0.000   0.000   0.000   0.000   0.000   0.000   0.000   0.000    0.000    0.000   0.000    0.000   0.000   0.000   0.000   0.000   0.000    0.000    0.000      0.000    0.000   0.000    0.000     0.000    0.000      0.000   0.000
      3   0.000    0.000   0.000   0.000   0.000   0.000   0.000   0.000   0.000   0.000   0.000   0.000   0.000    0.000    0.000   0.000    0.000   0.000   0.000   0.000   0.000   0.000    0.000    0.000      0.000    0.000   0.000    0.000     0.000    0.000      0.000   0.000
      4   0.000    0.000   0.000   0.000   0.000   0.000   0.000   0.000   0.000   0.000   0.000   0.000   0.000    0.000    0.000   0.000    0.000   0.000   0.000   0.000   0.000   0.000    0.000    0.000      0.000    0.000   0.000    0.000     0.000    0.000      0.000   0.000
      5   0.000    0.000   0.000   0.000   0.000   0.000   0.000   0.000   0.000   0.000   0.000   0.000   0.000    0.000    0.000   0.000    0.000   0.000   0.000   0.000   0.000   0.000    0.000    0.000      0.000    0.000   0.000    0.000     0.000    0.000      0.000   0.000
      6   0.000    0.000   0.000   0.000   0.000   0.000   0.000   0.000   0.000   0.000   0.000   0.000   0.000    0.000    0.000   0.000    0.000   0.000   0.000   0.000   0.000   0.000    0.000    0.000      0.000    0.000   0.000    0.000     0.000    0.000      0.000   0.000
      7   0.000    0.000   0.000   0.000   0.000   0.000   0.000   0.000   0.000   0.000   0.000   0.000   0.000    0.000    0.000   0.000    0.000   0.000   0.000   0.000   0.000   0.000    0.000    0.000      0.000    0.000   0.000    0.000     0.000    0.000      0.000   0.000
      8   0.000    0.000   0.000   0.000   0.000   0.000   0.000   0.000   0.000   0.000   0.000   0.000   0.000    0.000    0.000   0.000    0.000   0.000   0.000   0.000   0.000   0.000    0.000    0.000      0.000    0.000   0.000    0.000     0.000    0.000      0.000   0.000
      9   0.000    0.000   0.000   0.000   0.000   0.000   0.000   0.000   0.000   0.000   0.000   0.000   0.000    0.000    0.000   0.000    0.000   0.000   0.000   0.000   0.000   0.000    0.000    0.000      0.000    0.000   0.000    0.000     0.000    0.000      0.000   0.000
    Sum   0.011    0.001   0.009   0.000   0.000   0.000   0.000   0.000   0.000   0.000   0.000   0.000   0.000    0.002    0.000   0.000    0.000   0.000   0.000   0.000   0.000   0.000    0.000    0.000      0.000    0.000   0.000    0.000     0.000    0.000      0.000   0.011


Summary
------------------------------------------------------------------------------------------------------------------------------
                  dt  Flu_Adv  Gra_Adv  Src_Adv  Che_Adv       SF   FB_Adv    FixUp     Flag   Refine MPI_Grid   Output      Aux       LB CorrSync      Par -MPI_Par    libyt         Sum
    Time      0.0006   0.0088   0.0000   0.0000   0.0000   0.0000   0.0000   0.0000   0.0000   0.0000   0.0019   0.0184   0.0643   0.0008   0.0000   0.0000   0.0000   0.0000      0.0948
    Frac      0.614%   9.250%   0.000%   0.000%   0.000%   0.000%   0.000%   0.000%   0.000%   0.000%   2.051%  19.374%  67.824%   0.871%   0.000%   0.000%   0.000%   0.000%     99.984%

==============================================================================================================================
==============================================================================================================================



Time : 1.0118151e-01 -> 1.0226948e-01,     Step :       93 ->       94

Main Loop
------------------------------------------------------------------------------------------------------------------------------
       Total    Integration       Output    Auxiliary    LoadBalance       CorrSync          libyt            Sum
      0.0692         0.0034       0.0201       0.0448         0.0009         0.0000         0.0000         0.0692


Integration Loop
------------------------------------------------------------------------------------------------------------------------------
     Lv   Total       dt Flu_Adv Gra_Adv Src_Adv Che_Adv      SF  FB_Adv   FixUp    Flag  Refine Buf_Rho Buf_Pot Buf_Flu1 Buf_Flu2 Buf_Ref Buf_Flux Buf_Res Buf_Che  Par_KD   Par_K Par_K-1 Par_2Sib -MPI_Sib -MPI_FaSib Par_2Son    -MPI Par_Coll -MPI_Real -MPI_Sib -MPI_FaSib     Sum
      0   0.003    0.001   0.001   0.000   0.000   0.000   0.000   0.000   0.000   0.000   0.000   0.000   0.000    0.002    0.000   0.000    0.000   0.000   0.000   0.000   0.000   0.000    0.000    0.000      0.000    0.000   0.000    0.000     0.000    0.000      0.000   0.003
      1   0.000    0.000   0.000   0.000   0.000   0.000   0.000   0.000   0.000   0.000   0.000   0.000   0.000    0.000    0.000   0.000    0.000   0.000   0.000   0.000   0.000   0.000    0.000    0.000      0.000    0.000   0.000    0.000     0.000    0.000      0.000   0.000
      2   0.000    0.000   0.000   0.000   0.000   0.000   0.000   0.000   0.000   0.000   0.000   0.000   0.000    0.000    0.000   0.000    0.000   0.000   0.000   0.000   0.000   0.000    0.000    0.000      0.000    0.000   0.000    0.000     0.000    0.000      0.000   0.000
      3   0.000    0.000   0.000   0.000   0.000   0.000   0.000   0.000   0.000   0.000   0.000   0.000   0.000    0.000    0.000   0.000    0.000   0.000   0.000   0.000   0.000   0.000    0.000    0.000      0.000    0.000   0.000    0.000     0.000    0.000      0.000   0.000
      4   0.000    0.000   0.000   0.000   0.000   0.000   0.000   0.000   0.000   0.000   0.000   0.000   0.000    0.000    0.000   0.000    0.000   0.000   0.000   0.000   0.000   0.000    0.000    0.000      0.000    0.000   0.000    0.000     0.000    0.000      0.000   0.000
      5   0.000    0.000   0.000   0.000   0.000   0.000   0.000   0.000   0.000   0.000   0.000   0.000   0.000    0.000    0.000   0.000    0.000   0.000   0.000   0.000   0.000   0.000    0.000    0.000      0.000    0.000   0.000    0.000     0.000    0.000      0.000   0.000
      6   0.000    0.000   0.000   0.000   0.000   0.000   0.000   0.000   0.000   0.000   0.000   0.000   0.000    0.000    0.000   0.000    0.000   0.000   0.000   0.000   0.000   0.000    0.000    0.000      0.000    0.000   0.000    0.000     0.000    0.000      0.000   0.000
      7   0.000    0.000   0.000   0.000   0.000   0.000   0.000   0.000   0.000   0.000   0.000   0.000   0.000    0.000    0.000   0.000    0.000   0.000   0.000   0.000   0.000   0.000    0.000    0.000      0.000    0.000   0.000    0.000     0.000    0.000      0.000   0.000
      8   0.000    0.000   0.000   0.000   0.000   0.000   0.000   0.000   0.000   0.000   0.000   0.000   0.000    0.000    0.000   0.000    0.000   0.000   0.000   0.000   0.000   0.000    0.000    0.000      0.000    0.000   0.000    0.000     0.000    0.000      0.000   0.000
      9   0.000    0.000   0.000   0.000   0.000   0.000   0.000   0.000   0.000   0.000   0.000   0.000   0.000    0.000    0.000   0.000    0.000   0.000   0.000   0.000   0.000   0.000    0.000    0.000      0.000    0.000   0.000    0.000     0.000    0.000      0.000   0.000
    Sum   0.003    0.001   0.001   0.000   0.000   0.000   0.000   0.000   0.000   0.000   0.000   0.000   0.000    0.002    0.000   0.000    0.000   0.000   0.000   0.000   0.000   0.000    0.000    0.000      0.000    0.000   0.000    0.000     0.000    0.000      0.000   0.003


Summary
------------------------------------------------------------------------------------------------------------------------------
                  dt  Flu_Adv  Gra_Adv  Src_Adv  Che_Adv       SF   FB_Adv    FixUp     Flag   Refine MPI_Grid   Output      Aux       LB CorrSync      Par -MPI_Par    libyt         Sum
    Time      0.0006   0.0010   0.0000   0.0000   0.0000   0.0000   0.0000   0.0000   0.0000   0.0000   0.0018   0.0201   0.0448   0.0009   0.0000   0.0000   0.0000   0.0000      0.0692
    Frac      0.874%   1.454%   0.000%   0.000%   0.000%   0.000%   0.000%   0.000%   0.000%   0.000%   2.538%  29.015%  64.773%   1.328%   0.000%   0.000%   0.000%   0.000%     99.983%

==============================================================================================================================
==============================================================================================================================



Time : 1.0226948e-01 -> 1.0335746e-01,     Step :       94 ->       95

Main Loop
------------------------------------------------------------------------------------------------------------------------------
       Total    Integration       Output    Auxiliary    LoadBalance       CorrSync          libyt            Sum
      0.1697         0.0113       0.0213       0.1360         0.0011         0.0000         0.0000         0.1697


Integration Loop
------------------------------------------------------------------------------------------------------------------------------
     Lv   Total       dt Flu_Adv Gra_Adv Src_Adv Che_Adv      SF  FB_Adv   FixUp    Flag  Refine Buf_Rho Buf_Pot Buf_Flu1 Buf_Flu2 Buf_Ref Buf_Flux Buf_Res Buf_Che  Par_KD   Par_K Par_K-1 Par_2Sib -MPI_Sib -MPI_FaSib Par_2Son    -MPI Par_Coll -MPI_Real -MPI_Sib -MPI_FaSib     Sum
      0   0.011    0.001   0.009   0.000   0.000   0.000   0.000   0.000   0.000   0.000   0.000   0.000   0.000    0.002    0.000   0.000    0.000   0.000   0.000   0.000   0.000   0.000    0.000    0.000      0.000    0.000   0.000    0.000     0.000    0.000      0.000   0.011
      1   0.000    0.000   0.000   0.000   0.000   0.000   0.000   0.000   0.000   0.000   0.000   0.000   0.000    0.000    0.000   0.000    0.000   0.000   0.000   0.000   0.000   0.000    0.000    0.000      0.000    0.000   0.000    0.000     0.000    0.000      0.000   0.000
      2   0.000    0.000   0.000   0.000   0.000   0.000   0.000   0.000   0.000   0.000   0.000   0.000   0.000    0.000    0.000   0.000    0.000   0.000   0.000   0.000   0.000   0.000    0.000    0.000      0.000    0.000   0.000    0.000     0.000    0.000      0.000   0.000
      3   0.000    0.000   0.000   0.000   0.000   0.000   0.000   0.000   0.000   0.000   0.000   0.000   0.000    0.000    0.000   0.000    0.000   0.000   0.000   0.000   0.000   0.000    0.000    0.000      0.000    0.000   0.000    0.000     0.000    0.000      0.000   0.000
      4   0.000    0.000   0.000   0.000   0.000   0.000   0.000   0.000   0.000   0.000   0.000   0.000   0.000    0.000    0.000   0.000    0.000   0.000   0.000   0.000   0.000   0.000    0.000    0.000      0.000    0.000   0.000    0.000     0.000    0.000      0.000   0.000
      5   0.000    0.000   0.000   0.000   0.000   0.000   0.000   0.000   0.000   0.000   0.000   0.000   0.000    0.000    0.000   0.000    0.000   0.000   0.000   0.000   0.000   0.000    0.000    0.000      0.000    0.000   0.000    0.000     0.000    0.000      0.000   0.000
      6   0.000    0.000   0.000   0.000   0.000   0.000   0.000   0.000   0.000   0.000   0.000   0.000   0.000    0.000    0.000   0.000    0.000   0.000   0.000   0.000   0.000   0.000    0.000    0.000      0.000    0.000   0.000    0.000     0.000    0.000      0.000   0.000
      7   0.000    0.000   0.000   0.000   0.000   0.000   0.000   0.000   0.000   0.000   0.000   0.000   0.000    0.000    0.000   0.000    0.000   0.000   0.000   0.000   0.000   0.000    0.000    0.000      0.000    0.000   0.000    0.000     0.000    0.000      0.000   0.000
      8   0.000    0.000   0.000   0.000   0.000   0.000   0.000   0.000   0.000   0.000   0.000   0.000   0.000    0.000    0.000   0.000    0.000   0.000   0.000   0.000   0.000   0.000    0.000    0.000      0.000    0.000   0.000    0.000     0.000    0.000      0.000   0.000
      9   0.000    0.000   0.000   0.000   0.000   0.000   0.000   0.000   0.000   0.000   0.000   0.000   0.000    0.000    0.000   0.000    0.000   0.000   0.000   0.000   0.000   0.000    0.000    0.000      0.000    0.000   0.000    0.000     0.000    0.000      0.000   0.000
    Sum   0.011    0.001   0.009   0.000   0.000   0.000   0.000   0.000   0.000   0.000   0.000   0.000   0.000    0.002    0.000   0.000    0.000   0.000   0.000   0.000   0.000   0.000    0.000    0.000      0.000    0.000   0.000    0.000     0.000    0.000      0.000   0.011


Summary
------------------------------------------------------------------------------------------------------------------------------
                  dt  Flu_Adv  Gra_Adv  Src_Adv  Che_Adv       SF   FB_Adv    FixUp     Flag   Refine MPI_Grid   Output      Aux       LB CorrSync      Par -MPI_Par    libyt         Sum
    Time      0.0006   0.0087   0.0000   0.0000   0.0000   0.0000   0.0000   0.0000   0.0000   0.0000   0.0020   0.0213   0.1360   0.0011   0.0000   0.0000   0.0000   0.0000      0.1697
    Frac      0.335%   5.133%   0.000%   0.000%   0.000%   0.000%   0.000%   0.000%   0.000%   0.000%   1.208%  12.557%  80.136%   0.624%   0.000%   0.000%   0.000%   0.000%     99.993%

==============================================================================================================================
==============================================================================================================================



Time : 1.0335746e-01 -> 1.0444543e-01,     Step :       95 ->       96

Main Loop
------------------------------------------------------------------------------------------------------------------------------
       Total    Integration       Output    Auxiliary    LoadBalance       CorrSync          libyt            Sum
      0.1432         0.0135       0.0234       0.1051         0.0012         0.0000         0.0000         0.1432


Integration Loop
------------------------------------------------------------------------------------------------------------------------------
     Lv   Total       dt Flu_Adv Gra_Adv Src_Adv Che_Adv      SF  FB_Adv   FixUp    Flag  Refine Buf_Rho Buf_Pot Buf_Flu1 Buf_Flu2 Buf_Ref Buf_Flux Buf_Res Buf_Che  Par_KD   Par_K Par_K-1 Par_2Sib -MPI_Sib -MPI_FaSib Par_2Son    -MPI Par_Coll -MPI_Real -MPI_Sib -MPI_FaSib     Sum
      0   0.013    0.001   0.009   0.000   0.000   0.000   0.000   0.000   0.000   0.001   0.000   0.000   0.000    0.003    0.000   0.000    0.000   0.000   0.000   0.000   0.000   0.000    0.000    0.000      0.000    0.000   0.000    0.000     0.000    0.000      0.000   0.013
      1   0.000    0.000   0.000   0.000   0.000   0.000   0.000   0.000   0.000   0.000   0.000   0.000   0.000    0.000    0.000   0.000    0.000   0.000   0.000   0.000   0.000   0.000    0.000    0.000      0.000    0.000   0.000    0.000     0.000    0.000      0.000   0.000
      2   0.000    0.000   0.000   0.000   0.000   0.000   0.000   0.000   0.000   0.000   0.000   0.000   0.000    0.000    0.000   0.000    0.000   0.000   0.000   0.000   0.000   0.000    0.000    0.000      0.000    0.000   0.000    0.000     0.000    0.000      0.000   0.000
      3   0.000    0.000   0.000   0.000   0.000   0.000   0.000   0.000   0.000   0.000   0.000   0.000   0.000    0.000    0.000   0.000    0.000   0.000   0.000   0.000   0.000   0.000    0.000    0.000      0.000    0.000   0.000    0.000     0.000    0.000      0.000   0.000
      4   0.000    0.000   0.000   0.000   0.000   0.000   0.000   0.000   0.000   0.000   0.000   0.000   0.000    0.000    0.000   0.000    0.000   0.000   0.000   0.000   0.000   0.000    0.000    0.000      0.000    0.000   0.000    0.000     0.000    0.000      0.000   0.000
      5   0.000    0.000   0.000   0.000   0.000   0.000   0.000   0.000   0.000   0.000   0.000   0.000   0.000    0.000    0.000   0.000    0.000   0.000   0.000   0.000   0.000   0.000    0.000    0.000      0.000    0.000   0.000    0.000     0.000    0.000      0.000   0.000
      6   0.000    0.000   0.000   0.000   0.000   0.000   0.000   0.000   0.000   0.000   0.000   0.000   0.000    0.000    0.000   0.000    0.000   0.000   0.000   0.000   0.000   0.000    0.000    0.000      0.000    0.000   0.000    0.000     0.000    0.000      0.000   0.000
      7   0.000    0.000   0.000   0.000   0.000   0.000   0.000   0.000   0.000   0.000   0.000   0.000   0.000    0.000    0.000   0.000    0.000   0.000   0.000   0.000   0.000   0.000    0.000    0.000      0.000    0.000   0.000    0.000     0.000    0.000      0.000   0.000
      8   0.000    0.000   0.000   0.000   0.000   0.000   0.000   0.000   0.000   0.000   0.000   0.000   0.000    0.000    0.000   0.000    0.000   0.000   0.000   0.000   0.000   0.000    0.000    0.000      0.000    0.000   0.000    0.000     0.000    0.000      0.000   0.000
      9   0.000    0.000   0.000   0.000   0.000   0.000   0.000   0.000   0.000   0.000   0.000   0.000   0.000    0.000    0.000   0.000    0.000   0.000   0.000   0.000   0.000   0.000    0.000    0.000      0.000    0.000   0.000    0.000     0.000    0.000      0.000   0.000
    Sum   0.013    0.001   0.009   0.000   0.000   0.000   0.000   0.000   0.000   0.001   0.000   0.000   0.000    0.003    0.000   0.000    0.000   0.000   0.000   0.000   0.000   0.000    0.000    0.000      0.000    0.000   0.000    0.000     0.000    0.000      0.000   0.013


Summary
------------------------------------------------------------------------------------------------------------------------------
                  dt  Flu_Adv  Gra_Adv  Src_Adv  Che_Adv       SF   FB_Adv    FixUp     Flag   Refine MPI_Grid   Output      Aux       LB CorrSync      Par -MPI_Par    libyt         Sum
    Time      0.0007   0.0089   0.0000   0.0000   0.0000   0.0000   0.0000   0.0000   0.0007   0.0004   0.0028   0.0234   0.1051   0.0012   0.0000   0.0000   0.0000   0.0000      0.1432
    Frac      0.491%   6.233%   0.000%   0.000%   0.000%   0.000%   0.000%   0.000%   0.460%   0.268%   1.949%  16.353%  73.417%   0.816%   0.000%   0.000%   0.000%   0.000%     99.987%

==============================================================================================================================
==============================================================================================================================



Time : 1.0444543e-01 -> 1.0553340e-01,     Step :       96 ->       97

Main Loop
------------------------------------------------------------------------------------------------------------------------------
       Total    Integration       Output    Auxiliary    LoadBalance       CorrSync          libyt            Sum
      0.1208         0.0116       0.0259       0.0667         0.0165         0.0000         0.0000         0.1207


Integration Loop
------------------------------------------------------------------------------------------------------------------------------
     Lv   Total       dt Flu_Adv Gra_Adv Src_Adv Che_Adv      SF  FB_Adv   FixUp    Flag  Refine Buf_Rho Buf_Pot Buf_Flu1 Buf_Flu2 Buf_Ref Buf_Flux Buf_Res Buf_Che  Par_KD   Par_K Par_K-1 Par_2Sib -MPI_Sib -MPI_FaSib Par_2Son    -MPI Par_Coll -MPI_Real -MPI_Sib -MPI_FaSib     Sum
      0   0.012    0.001   0.009   0.000   0.000   0.000   0.000   0.000   0.000   0.000   0.000   0.000   0.000    0.002    0.000   0.000    0.000   0.000   0.000   0.000   0.000   0.000    0.000    0.000      0.000    0.000   0.000    0.000     0.000    0.000      0.000   0.012
      1   0.000    0.000   0.000   0.000   0.000   0.000   0.000   0.000   0.000   0.000   0.000   0.000   0.000    0.000    0.000   0.000    0.000   0.000   0.000   0.000   0.000   0.000    0.000    0.000      0.000    0.000   0.000    0.000     0.000    0.000      0.000   0.000
      2   0.000    0.000   0.000   0.000   0.000   0.000   0.000   0.000   0.000   0.000   0.000   0.000   0.000    0.000    0.000   0.000    0.000   0.000   0.000   0.000   0.000   0.000    0.000    0.000      0.000    0.000   0.000    0.000     0.000    0.000      0.000   0.000
      3   0.000    0.000   0.000   0.000   0.000   0.000   0.000   0.000   0.000   0.000   0.000   0.000   0.000    0.000    0.000   0.000    0.000   0.000   0.000   0.000   0.000   0.000    0.000    0.000      0.000    0.000   0.000    0.000     0.000    0.000      0.000   0.000
      4   0.000    0.000   0.000   0.000   0.000   0.000   0.000   0.000   0.000   0.000   0.000   0.000   0.000    0.000    0.000   0.000    0.000   0.000   0.000   0.000   0.000   0.000    0.000    0.000      0.000    0.000   0.000    0.000     0.000    0.000      0.000   0.000
      5   0.000    0.000   0.000   0.000   0.000   0.000   0.000   0.000   0.000   0.000   0.000   0.000   0.000    0.000    0.000   0.000    0.000   0.000   0.000   0.000   0.000   0.000    0.000    0.000      0.000    0.000   0.000    0.000     0.000    0.000      0.000   0.000
      6   0.000    0.000   0.000   0.000   0.000   0.000   0.000   0.000   0.000   0.000   0.000   0.000   0.000    0.000    0.000   0.000    0.000   0.000   0.000   0.000   0.000   0.000    0.000    0.000      0.000    0.000   0.000    0.000     0.000    0.000      0.000   0.000
      7   0.000    0.000   0.000   0.000   0.000   0.000   0.000   0.000   0.000   0.000   0.000   0.000   0.000    0.000    0.000   0.000    0.000   0.000   0.000   0.000   0.000   0.000    0.000    0.000      0.000    0.000   0.000    0.000     0.000    0.000      0.000   0.000
      8   0.000    0.000   0.000   0.000   0.000   0.000   0.000   0.000   0.000   0.000   0.000   0.000   0.000    0.000    0.000   0.000    0.000   0.000   0.000   0.000   0.000   0.000    0.000    0.000      0.000    0.000   0.000    0.000     0.000    0.000      0.000   0.000
      9   0.000    0.000   0.000   0.000   0.000   0.000   0.000   0.000   0.000   0.000   0.000   0.000   0.000    0.000    0.000   0.000    0.000   0.000   0.000   0.000   0.000   0.000    0.000    0.000      0.000    0.000   0.000    0.000     0.000    0.000      0.000   0.000
    Sum   0.012    0.001   0.009   0.000   0.000   0.000   0.000   0.000   0.000   0.000   0.000   0.000   0.000    0.002    0.000   0.000    0.000   0.000   0.000   0.000   0.000   0.000    0.000    0.000      0.000    0.000   0.000    0.000     0.000    0.000      0.000   0.012


Summary
------------------------------------------------------------------------------------------------------------------------------
                  dt  Flu_Adv  Gra_Adv  Src_Adv  Che_Adv       SF   FB_Adv    FixUp     Flag   Refine MPI_Grid   Output      Aux       LB CorrSync      Par -MPI_Par    libyt         Sum
    Time      0.0006   0.0088   0.0000   0.0000   0.0000   0.0000   0.0000   0.0000   0.0000   0.0000   0.0022   0.0259   0.0667   0.0165   0.0000   0.0000   0.0000   0.0000      0.1207
    Frac      0.524%   7.271%   0.000%   0.000%   0.000%   0.000%   0.000%   0.000%   0.000%   0.000%   1.806%  21.488%  55.206%  13.688%   0.000%   0.000%   0.000%   0.000%     99.983%

==============================================================================================================================
==============================================================================================================================



Time : 1.0553340e-01 -> 1.0662138e-01,     Step :       97 ->       98

Main Loop
------------------------------------------------------------------------------------------------------------------------------
       Total    Integration       Output    Auxiliary    LoadBalance       CorrSync          libyt            Sum
      0.1653         0.0115       0.0486       0.1042         0.0009         0.0000         0.0000         0.1653


Integration Loop
------------------------------------------------------------------------------------------------------------------------------
     Lv   Total       dt Flu_Adv Gra_Adv Src_Adv Che_Adv      SF  FB_Adv   FixUp    Flag  Refine Buf_Rho Buf_Pot Buf_Flu1 Buf_Flu2 Buf_Ref Buf_Flux Buf_Res Buf_Che  Par_KD   Par_K Par_K-1 Par_2Sib -MPI_Sib -MPI_FaSib Par_2Son    -MPI Par_Coll -MPI_Real -MPI_Sib -MPI_FaSib     Sum
      0   0.012    0.001   0.009   0.000   0.000   0.000   0.000   0.000   0.000   0.000   0.000   0.000   0.000    0.002    0.000   0.000    0.000   0.000   0.000   0.000   0.000   0.000    0.000    0.000      0.000    0.000   0.000    0.000     0.000    0.000      0.000   0.012
      1   0.000    0.000   0.000   0.000   0.000   0.000   0.000   0.000   0.000   0.000   0.000   0.000   0.000    0.000    0.000   0.000    0.000   0.000   0.000   0.000   0.000   0.000    0.000    0.000      0.000    0.000   0.000    0.000     0.000    0.000      0.000   0.000
      2   0.000    0.000   0.000   0.000   0.000   0.000   0.000   0.000   0.000   0.000   0.000   0.000   0.000    0.000    0.000   0.000    0.000   0.000   0.000   0.000   0.000   0.000    0.000    0.000      0.000    0.000   0.000    0.000     0.000    0.000      0.000   0.000
      3   0.000    0.000   0.000   0.000   0.000   0.000   0.000   0.000   0.000   0.000   0.000   0.000   0.000    0.000    0.000   0.000    0.000   0.000   0.000   0.000   0.000   0.000    0.000    0.000      0.000    0.000   0.000    0.000     0.000    0.000      0.000   0.000
      4   0.000    0.000   0.000   0.000   0.000   0.000   0.000   0.000   0.000   0.000   0.000   0.000   0.000    0.000    0.000   0.000    0.000   0.000   0.000   0.000   0.000   0.000    0.000    0.000      0.000    0.000   0.000    0.000     0.000    0.000      0.000   0.000
      5   0.000    0.000   0.000   0.000   0.000   0.000   0.000   0.000   0.000   0.000   0.000   0.000   0.000    0.000    0.000   0.000    0.000   0.000   0.000   0.000   0.000   0.000    0.000    0.000      0.000    0.000   0.000    0.000     0.000    0.000      0.000   0.000
      6   0.000    0.000   0.000   0.000   0.000   0.000   0.000   0.000   0.000   0.000   0.000   0.000   0.000    0.000    0.000   0.000    0.000   0.000   0.000   0.000   0.000   0.000    0.000    0.000      0.000    0.000   0.000    0.000     0.000    0.000      0.000   0.000
      7   0.000    0.000   0.000   0.000   0.000   0.000   0.000   0.000   0.000   0.000   0.000   0.000   0.000    0.000    0.000   0.000    0.000   0.000   0.000   0.000   0.000   0.000    0.000    0.000      0.000    0.000   0.000    0.000     0.000    0.000      0.000   0.000
      8   0.000    0.000   0.000   0.000   0.000   0.000   0.000   0.000   0.000   0.000   0.000   0.000   0.000    0.000    0.000   0.000    0.000   0.000   0.000   0.000   0.000   0.000    0.000    0.000      0.000    0.000   0.000    0.000     0.000    0.000      0.000   0.000
      9   0.000    0.000   0.000   0.000   0.000   0.000   0.000   0.000   0.000   0.000   0.000   0.000   0.000    0.000    0.000   0.000    0.000   0.000   0.000   0.000   0.000   0.000    0.000    0.000      0.000    0.000   0.000    0.000     0.000    0.000      0.000   0.000
    Sum   0.012    0.001   0.009   0.000   0.000   0.000   0.000   0.000   0.000   0.000   0.000   0.000   0.000    0.002    0.000   0.000    0.000   0.000   0.000   0.000   0.000   0.000    0.000    0.000      0.000    0.000   0.000    0.000     0.000    0.000      0.000   0.012


Summary
------------------------------------------------------------------------------------------------------------------------------
                  dt  Flu_Adv  Gra_Adv  Src_Adv  Che_Adv       SF   FB_Adv    FixUp     Flag   Refine MPI_Grid   Output      Aux       LB CorrSync      Par -MPI_Par    libyt         Sum
    Time      0.0007   0.0088   0.0000   0.0000   0.0000   0.0000   0.0000   0.0000   0.0000   0.0000   0.0019   0.0486   0.1042   0.0009   0.0000   0.0000   0.0000   0.0000      0.1653
    Frac      0.431%   5.353%   0.000%   0.000%   0.000%   0.000%   0.000%   0.000%   0.000%   0.000%   1.174%  29.411%  63.060%   0.555%   0.000%   0.000%   0.000%   0.000%     99.984%

==============================================================================================================================
==============================================================================================================================



Time : 1.0662138e-01 -> 1.0770935e-01,     Step :       98 ->       99

Main Loop
------------------------------------------------------------------------------------------------------------------------------
       Total    Integration       Output    Auxiliary    LoadBalance       CorrSync          libyt            Sum
      0.1536         0.0113       0.0301       0.0947         0.0175         0.0000         0.0000         0.1536


Integration Loop
------------------------------------------------------------------------------------------------------------------------------
     Lv   Total       dt Flu_Adv Gra_Adv Src_Adv Che_Adv      SF  FB_Adv   FixUp    Flag  Refine Buf_Rho Buf_Pot Buf_Flu1 Buf_Flu2 Buf_Ref Buf_Flux Buf_Res Buf_Che  Par_KD   Par_K Par_K-1 Par_2Sib -MPI_Sib -MPI_FaSib Par_2Son    -MPI Par_Coll -MPI_Real -MPI_Sib -MPI_FaSib     Sum
      0   0.011    0.001   0.009   0.000   0.000   0.000   0.000   0.000   0.000   0.000   0.000   0.000   0.000    0.002    0.000   0.000    0.000   0.000   0.000   0.000   0.000   0.000    0.000    0.000      0.000    0.000   0.000    0.000     0.000    0.000      0.000   0.011
      1   0.000    0.000   0.000   0.000   0.000   0.000   0.000   0.000   0.000   0.000   0.000   0.000   0.000    0.000    0.000   0.000    0.000   0.000   0.000   0.000   0.000   0.000    0.000    0.000      0.000    0.000   0.000    0.000     0.000    0.000      0.000   0.000
      2   0.000    0.000   0.000   0.000   0.000   0.000   0.000   0.000   0.000   0.000   0.000   0.000   0.000    0.000    0.000   0.000    0.000   0.000   0.000   0.000   0.000   0.000    0.000    0.000      0.000    0.000   0.000    0.000     0.000    0.000      0.000   0.000
      3   0.000    0.000   0.000   0.000   0.000   0.000   0.000   0.000   0.000   0.000   0.000   0.000   0.000    0.000    0.000   0.000    0.000   0.000   0.000   0.000   0.000   0.000    0.000    0.000      0.000    0.000   0.000    0.000     0.000    0.000      0.000   0.000
      4   0.000    0.000   0.000   0.000   0.000   0.000   0.000   0.000   0.000   0.000   0.000   0.000   0.000    0.000    0.000   0.000    0.000   0.000   0.000   0.000   0.000   0.000    0.000    0.000      0.000    0.000   0.000    0.000     0.000    0.000      0.000   0.000
      5   0.000    0.000   0.000   0.000   0.000   0.000   0.000   0.000   0.000   0.000   0.000   0.000   0.000    0.000    0.000   0.000    0.000   0.000   0.000   0.000   0.000   0.000    0.000    0.000      0.000    0.000   0.000    0.000     0.000    0.000      0.000   0.000
      6   0.000    0.000   0.000   0.000   0.000   0.000   0.000   0.000   0.000   0.000   0.000   0.000   0.000    0.000    0.000   0.000    0.000   0.000   0.000   0.000   0.000   0.000    0.000    0.000      0.000    0.000   0.000    0.000     0.000    0.000      0.000   0.000
      7   0.000    0.000   0.000   0.000   0.000   0.000   0.000   0.000   0.000   0.000   0.000   0.000   0.000    0.000    0.000   0.000    0.000   0.000   0.000   0.000   0.000   0.000    0.000    0.000      0.000    0.000   0.000    0.000     0.000    0.000      0.000   0.000
      8   0.000    0.000   0.000   0.000   0.000   0.000   0.000   0.000   0.000   0.000   0.000   0.000   0.000    0.000    0.000   0.000    0.000   0.000   0.000   0.000   0.000   0.000    0.000    0.000      0.000    0.000   0.000    0.000     0.000    0.000      0.000   0.000
      9   0.000    0.000   0.000   0.000   0.000   0.000   0.000   0.000   0.000   0.000   0.000   0.000   0.000    0.000    0.000   0.000    0.000   0.000   0.000   0.000   0.000   0.000    0.000    0.000      0.000    0.000   0.000    0.000     0.000    0.000      0.000   0.000
    Sum   0.011    0.001   0.009   0.000   0.000   0.000   0.000   0.000   0.000   0.000   0.000   0.000   0.000    0.002    0.000   0.000    0.000   0.000   0.000   0.000   0.000   0.000    0.000    0.000      0.000    0.000   0.000    0.000     0.000    0.000      0.000   0.011


Summary
------------------------------------------------------------------------------------------------------------------------------
                  dt  Flu_Adv  Gra_Adv  Src_Adv  Che_Adv       SF   FB_Adv    FixUp     Flag   Refine MPI_Grid   Output      Aux       LB CorrSync      Par -MPI_Par    libyt         Sum
    Time      0.0006   0.0088   0.0000   0.0000   0.0000   0.0000   0.0000   0.0000   0.0000   0.0000   0.0018   0.0301   0.0947   0.0175   0.0000   0.0000   0.0000   0.0000      0.1536
    Frac      0.414%   5.715%   0.000%   0.000%   0.000%   0.000%   0.000%   0.000%   0.000%   0.000%   1.191%  19.605%  61.643%  11.419%   0.000%   0.000%   0.000%   0.000%     99.987%

==============================================================================================================================
==============================================================================================================================



Time : 1.0770935e-01 -> 1.0879732e-01,     Step :       99 ->      100

Main Loop
------------------------------------------------------------------------------------------------------------------------------
       Total    Integration       Output    Auxiliary    LoadBalance       CorrSync          libyt            Sum
      0.3353         0.0268       0.1772       0.1304         0.0010         0.0000         0.0000         0.3353


Integration Loop
------------------------------------------------------------------------------------------------------------------------------
     Lv   Total       dt Flu_Adv Gra_Adv Src_Adv Che_Adv      SF  FB_Adv   FixUp    Flag  Refine Buf_Rho Buf_Pot Buf_Flu1 Buf_Flu2 Buf_Ref Buf_Flux Buf_Res Buf_Che  Par_KD   Par_K Par_K-1 Par_2Sib -MPI_Sib -MPI_FaSib Par_2Son    -MPI Par_Coll -MPI_Real -MPI_Sib -MPI_FaSib     Sum
      0   0.027    0.017   0.007   0.000   0.000   0.000   0.000   0.000   0.000   0.000   0.000   0.000   0.000    0.002    0.000   0.000    0.000   0.000   0.000   0.000   0.000   0.000    0.000    0.000      0.000    0.000   0.000    0.000     0.000    0.000      0.000   0.027
      1   0.000    0.000   0.000   0.000   0.000   0.000   0.000   0.000   0.000   0.000   0.000   0.000   0.000    0.000    0.000   0.000    0.000   0.000   0.000   0.000   0.000   0.000    0.000    0.000      0.000    0.000   0.000    0.000     0.000    0.000      0.000   0.000
      2   0.000    0.000   0.000   0.000   0.000   0.000   0.000   0.000   0.000   0.000   0.000   0.000   0.000    0.000    0.000   0.000    0.000   0.000   0.000   0.000   0.000   0.000    0.000    0.000      0.000    0.000   0.000    0.000     0.000    0.000      0.000   0.000
      3   0.000    0.000   0.000   0.000   0.000   0.000   0.000   0.000   0.000   0.000   0.000   0.000   0.000    0.000    0.000   0.000    0.000   0.000   0.000   0.000   0.000   0.000    0.000    0.000      0.000    0.000   0.000    0.000     0.000    0.000      0.000   0.000
      4   0.000    0.000   0.000   0.000   0.000   0.000   0.000   0.000   0.000   0.000   0.000   0.000   0.000    0.000    0.000   0.000    0.000   0.000   0.000   0.000   0.000   0.000    0.000    0.000      0.000    0.000   0.000    0.000     0.000    0.000      0.000   0.000
      5   0.000    0.000   0.000   0.000   0.000   0.000   0.000   0.000   0.000   0.000   0.000   0.000   0.000    0.000    0.000   0.000    0.000   0.000   0.000   0.000   0.000   0.000    0.000    0.000      0.000    0.000   0.000    0.000     0.000    0.000      0.000   0.000
      6   0.000    0.000   0.000   0.000   0.000   0.000   0.000   0.000   0.000   0.000   0.000   0.000   0.000    0.000    0.000   0.000    0.000   0.000   0.000   0.000   0.000   0.000    0.000    0.000      0.000    0.000   0.000    0.000     0.000    0.000      0.000   0.000
      7   0.000    0.000   0.000   0.000   0.000   0.000   0.000   0.000   0.000   0.000   0.000   0.000   0.000    0.000    0.000   0.000    0.000   0.000   0.000   0.000   0.000   0.000    0.000    0.000      0.000    0.000   0.000    0.000     0.000    0.000      0.000   0.000
      8   0.000    0.000   0.000   0.000   0.000   0.000   0.000   0.000   0.000   0.000   0.000   0.000   0.000    0.000    0.000   0.000    0.000   0.000   0.000   0.000   0.000   0.000    0.000    0.000      0.000    0.000   0.000    0.000     0.000    0.000      0.000   0.000
      9   0.000    0.000   0.000   0.000   0.000   0.000   0.000   0.000   0.000   0.000   0.000   0.000   0.000    0.000    0.000   0.000    0.000   0.000   0.000   0.000   0.000   0.000    0.000    0.000      0.000    0.000   0.000    0.000     0.000    0.000      0.000   0.000
    Sum   0.027    0.017   0.007   0.000   0.000   0.000   0.000   0.000   0.000   0.000   0.000   0.000   0.000    0.002    0.000   0.000    0.000   0.000   0.000   0.000   0.000   0.000    0.000    0.000      0.000    0.000   0.000    0.000     0.000    0.000      0.000   0.027


Summary
------------------------------------------------------------------------------------------------------------------------------
                  dt  Flu_Adv  Gra_Adv  Src_Adv  Che_Adv       SF   FB_Adv    FixUp     Flag   Refine MPI_Grid   Output      Aux       LB CorrSync      Par -MPI_Par    libyt         Sum
    Time      0.0173   0.0070   0.0000   0.0000   0.0000   0.0000   0.0000   0.0000   0.0002   0.0003   0.0019   0.1772   0.1304   0.0010   0.0000   0.0000   0.0000   0.0000      0.3353
    Frac      5.168%   2.097%   0.000%   0.000%   0.000%   0.000%   0.000%   0.000%   0.069%   0.094%   0.554%  52.836%  38.888%   0.291%   0.000%   0.000%   0.000%   0.000%     99.996%

==============================================================================================================================
==============================================================================================================================



******************************************************************************************************************************
*************                                     Accumulated timing results                                     *************
******************************************************************************************************************************
Total Number of Steps : 100
Final Physical Time   : 1.0879732e-01
Total Simulation Time : 14.960769 sec
Timing Diagnosis      :
------------------------------------------------------------------------------------------------------------------------------
                dt  Flu_Adv  Gra_Adv  Src_Adv  Che_Adv       SF   FB_Adv    FixUp     Flag   Refine MPI_Grid   Output      Aux       LB CorrSync      Par -MPI_Par    libyt     Init    Other      Sum
    Time      0.14     0.77     0.00     0.00     0.00     0.00     0.00     0.00     0.02     0.02     0.28     3.68     8.51     0.24     0.00     0.00     0.00     0.00     0.76     0.54    14.96
    Frac    0.950%   5.168%   0.000%   0.000%   0.000%   0.000%   0.000%   0.000%   0.117%   0.110%   1.870%  24.592%  56.892%   1.610%   0.000%   0.000%   0.000%   0.000%   5.060%   3.619%  99.988%
******************************************************************************************************************************


