#                  Coord.                Numerical               Analytical                    Error
   4.8828125000000000e-04   1.2271846303085129e-01   1.2271846303085129e-01   0.0000000000000000e+00
   1.4648437500000000e-03   3.6815538909255385e-01   3.6815538909255385e-01   0.0000000000000000e+00
   2.4414062500000000e-03   6.1359231515425650e-01   6.1359231515425650e-01   0.0000000000000000e+00
   3.4179687500000000e-03   8.5902924121595903e-01   8.5902924121595903e-01   0.0000000000000000e+00
   4.3945312500000000e-03   1.1044661672776617e+00   1.1044661672776617e+00   0.0000000000000000e+00
   5.3710937500000000e-03   1.3499030933393643e+00   1.3499030933393643e+00   0.0000000000000000e+00
   6.3476562500000000e-03   1.5953400194010667e+00   1.5953400194010667e+00   0.0000000000000000e+00
   7.3242187500000000e-03   1.8407769454627694e+00   1.8407769454627694e+00   0.0000000000000000e+00
   8.3007812500000000e-03   2.0862138715244720e+00   2.0862138715244720e+00   0.0000000000000000e+00
   9.2773437500000000e-03   2.3316507975861747e+00   2.3316507975861747e+00   0.0000000000000000e+00
   1.0253906250000000e-02   2.5770877236478773e+00   2.5770877236478773e+00   0.0000000000000000e+00
   1.1230468750000000e-02   2.8225246497095799e+00   2.8225246497095799e+00   0.0000000000000000e+00
   1.2207031250000000e-02   3.0679615757712821e+00   3.0679615757712821e+00   0.0000000000000000e+00
   1.3183593750000000e-02  -2.9697868053466019e+00  -2.9697868053466019e+00   0.0000000000000000e+00
   1.4160156250000000e-02  -2.7243498792848988e+00  -2.7243498792848988e+00   0.0000000000000000e+00
   1.5136718750000000e-02  -2.4789129532231966e+00  -2.4789129532231966e+00   0.0000000000000000e+00
   1.6113281250000000e-02  -2.2334760271614944e+00  -2.2334760271614944e+00   0.0000000000000000e+00
   1.7089843750000000e-02  -1.9880391010997915e+00  -1.9880391010997915e+00   0.0000000000000000e+00
   1.8066406250000000e-02  -1.7426021750380889e+00  -1.7426021750380889e+00   0.0000000000000000e+00
   1.9042968750000000e-02  -1.4971652489763863e+00  -1.4971652489763863e+00   0.0000000000000000e+00
   2.0019531250000000e-02  -1.2517283229146836e+00  -1.2517283229146836e+00   0.0000000000000000e+00
   2.0996093750000000e-02  -1.0062913968529810e+00  -1.0062913968529810e+00   0.0000000000000000e+00
   2.1972656250000000e-02  -7.6085447079127844e-01  -7.6085447079127844e-01   0.0000000000000000e+00
   2.2949218750000000e-02  -5.1541754472957568e-01  -5.1541754472957568e-01   0.0000000000000000e+00
   2.3925781250000000e-02  -2.6998061866787304e-01  -2.6998061866787304e-01   0.0000000000000000e+00
   2.4902343750000000e-02  -2.4543692606170418e-02  -2.4543692606170418e-02   0.0000000000000000e+00
   2.5878906250000000e-02   2.2089323345553222e-01   2.2089323345553222e-01   0.0000000000000000e+00
   2.6855468750000000e-02   4.6633015951723489e-01   4.6633015951723489e-01   0.0000000000000000e+00
   2.7832031250000000e-02   7.1176708557893753e-01   7.1176708557893753e-01   0.0000000000000000e+00
   2.8808593750000000e-02   9.5720401164064017e-01   9.5720401164064017e-01   0.0000000000000000e+00
   2.9785156250000000e-02   1.2026409377023428e+00   1.2026409377023428e+00   0.0000000000000000e+00
   3.0761718750000000e-02   1.4480778637640455e+00   1.4480778637640455e+00   0.0000000000000000e+00
   3.1738281250000000e-02   1.6935147898257472e+00   1.6935147898257472e+00   0.0000000000000000e+00
   3.2714843750000000e-02   1.9389517158874499e+00   1.9389517158874499e+00   0.0000000000000000e+00
   3.3691406250000000e-02   2.1843886419491532e+00   2.1843886419491532e+00   0.0000000000000000e+00
   3.4667968750000000e-02   2.4298255680108549e+00   2.4298255680108549e+00   0.0000000000000000e+00
   3.5644531250000000e-02   2.6752624940725585e+00   2.6752624940725585e+00   0.0000000000000000e+00
   3.6621093750000000e-02   2.9206994201342602e+00   2.9206994201342602e+00   0.0000000000000000e+00
   3.7597656250000000e-02  -3.1170489609836225e+00  -3.1170489609836225e+00   0.0000000000000000e+00
   3.8574218750000000e-02  -2.8716120349219207e+00  -2.8716120349219207e+00   0.0000000000000000e+00
   3.9550781250000000e-02  -2.6261751088602190e+00  -2.6261751088602190e+00   0.0000000000000000e+00
   4.0527343750000000e-02  -2.3807381827985155e+00  -2.3807381827985155e+00   0.0000000000000000e+00
   4.1503906250000000e-02  -2.1353012567368137e+00  -2.1353012567368137e+00   0.0000000000000000e+00
   4.2480468750000000e-02  -1.8898643306751102e+00  -1.8898643306751102e+00   0.0000000000000000e+00
   4.3457031250000000e-02  -1.6444274046134084e+00  -1.6444274046134084e+00   0.0000000000000000e+00
   4.4433593750000000e-02  -1.3989904785517049e+00  -1.3989904785517049e+00   0.0000000000000000e+00
   4.5410156250000000e-02  -1.1535535524900031e+00  -1.1535535524900031e+00   0.0000000000000000e+00
   4.6386718750000000e-02  -9.0811662642829971e-01  -9.0811662642829971e-01   0.0000000000000000e+00
   4.7363281250000000e-02  -6.6267970036659785e-01  -6.6267970036659785e-01   0.0000000000000000e+00
   4.8339843750000000e-02  -4.1724277430489431e-01  -4.1724277430489431e-01   0.0000000000000000e+00
   4.9316406250000000e-02  -1.7180584824319259e-01  -1.7180584824319259e-01   0.0000000000000000e+00
   5.0292968750000000e-02   7.3631077818510915e-02   7.3631077818510915e-02   0.0000000000000000e+00
   5.1269531250000000e-02   3.1906800388021267e-01   3.1906800388021267e-01   0.0000000000000000e+00
   5.2246093750000000e-02   5.6450492994191626e-01   5.6450492994191626e-01   0.0000000000000000e+00
   5.3222656250000000e-02   8.0994185600361801e-01   8.0994185600361801e-01   0.0000000000000000e+00
   5.4199218750000000e-02   1.0553787820653215e+00   1.0553787820653215e+00   0.0000000000000000e+00
   5.5175781250000000e-02   1.3008157081270233e+00   1.3008157081270233e+00   0.0000000000000000e+00
   5.6152343750000000e-02   1.5462526341887251e+00   1.5462526341887251e+00   0.0000000000000000e+00
   5.7128906250000000e-02   1.7916895602504286e+00   1.7916895602504286e+00   0.0000000000000000e+00
   5.8105468750000000e-02   2.0371264863121303e+00   2.0371264863121303e+00   0.0000000000000000e+00
   5.9082031250000000e-02   2.2825634123738339e+00   2.2825634123738339e+00   0.0000000000000000e+00
   6.0058593750000000e-02   2.5280003384355356e+00   2.5280003384355356e+00   0.0000000000000000e+00
   6.1035156250000000e-02   2.7734372644972392e+00   2.7734372644972392e+00   0.0000000000000000e+00
   6.2011718750000000e-02   3.0188741905589409e+00   3.0188741905589409e+00   0.0000000000000000e+00
   6.2988281250000000e-02  -3.0188741905589422e+00  -3.0188741905589422e+00   0.0000000000000000e+00
   6.3964843750000000e-02  -2.7734372644972405e+00  -2.7734372644972405e+00   0.0000000000000000e+00
   6.4941406250000000e-02  -2.5280003384355370e+00  -2.5280003384355370e+00   0.0000000000000000e+00
   6.5917968750000000e-02  -2.2825634123738334e+00  -2.2825634123738334e+00   0.0000000000000000e+00
   6.6894531250000000e-02  -2.0371264863121334e+00  -2.0371264863121334e+00   0.0000000000000000e+00
   6.7871093750000000e-02  -1.7916895602504297e+00  -1.7916895602504297e+00   0.0000000000000000e+00
   6.8847656250000000e-02  -1.5462526341887262e+00  -1.5462526341887262e+00   0.0000000000000000e+00
   6.9824218750000000e-02  -1.3008157081270226e+00  -1.3008157081270226e+00   0.0000000000000000e+00
   7.0800781250000000e-02  -1.0553787820653227e+00  -1.0553787820653227e+00   0.0000000000000000e+00
   7.1777343750000000e-02  -8.0994185600361912e-01  -8.0994185600361912e-01   0.0000000000000000e+00
   7.2753906250000000e-02  -5.6450492994191570e-01  -5.6450492994191570e-01   0.0000000000000000e+00
   7.3730468750000000e-02  -3.1906800388021572e-01  -3.1906800388021572e-01   0.0000000000000000e+00
   7.4707031250000000e-02  -7.3631077818512150e-02  -7.3631077818512150e-02   0.0000000000000000e+00
   7.5683593750000000e-02   1.7180584824319139e-01   1.7180584824319139e-01   0.0000000000000000e+00
   7.6660156250000000e-02   4.1724277430489487e-01   4.1724277430489487e-01   0.0000000000000000e+00
   7.7636718750000000e-02   6.6267970036659485e-01   6.6267970036659485e-01   0.0000000000000000e+00
   7.8613281250000000e-02   9.0811662642829838e-01   9.0811662642829838e-01   0.0000000000000000e+00
   7.9589843750000000e-02   1.1535535524900020e+00   1.1535535524900020e+00   0.0000000000000000e+00
   8.0566406250000000e-02   1.3989904785517056e+00   1.3989904785517056e+00   0.0000000000000000e+00
   8.1542968750000000e-02   1.6444274046134055e+00   1.6444274046134055e+00   0.0000000000000000e+00
   8.2519531250000000e-02   1.8898643306751091e+00   1.8898643306751091e+00   0.0000000000000000e+00
   8.3496093750000000e-02   2.1353012567368124e+00   2.1353012567368124e+00   0.0000000000000000e+00
   8.4472656250000000e-02   2.3807381827985159e+00   2.3807381827985159e+00   0.0000000000000000e+00
   8.5449218750000000e-02   2.6261751088602159e+00   2.6261751088602159e+00   0.0000000000000000e+00
   8.6425781250000000e-02   2.8716120349219194e+00   2.8716120349219194e+00   0.0000000000000000e+00
   8.7402343750000000e-02   3.1170489609836229e+00   3.1170489609836229e+00   0.0000000000000000e+00
   8.8378906250000000e-02  -2.9206994201342633e+00  -2.9206994201342633e+00   0.0000000000000000e+00
   8.9355468750000000e-02  -2.6752624940725598e+00  -2.6752624940725598e+00   0.0000000000000000e+00
   9.0332031250000000e-02  -2.4298255680108563e+00  -2.4298255680108563e+00   0.0000000000000000e+00
   9.1308593750000000e-02  -2.1843886419491527e+00  -2.1843886419491527e+00   0.0000000000000000e+00
   9.2285156250000000e-02  -1.9389517158874527e+00  -1.9389517158874527e+00   0.0000000000000000e+00
   9.3261718750000000e-02  -1.6935147898257492e+00  -1.6935147898257492e+00   0.0000000000000000e+00
   1.0986328125000000e-01   2.4789129532231966e+00   2.4789129532231966e+00   0.0000000000000000e+00
   1.1083984375000000e-01   2.7243498792848966e+00   2.7243498792848966e+00   0.0000000000000000e+00
   1.1181640625000000e-01   2.9697868053466001e+00   2.9697868053466001e+00   0.0000000000000000e+00
   1.1279296875000000e-01  -3.0679615757712830e+00  -3.0679615757712830e+00   0.0000000000000000e+00
   1.1376953125000000e-01  -2.8225246497095795e+00  -2.8225246497095795e+00   0.0000000000000000e+00
   1.1474609375000000e-01  -2.5770877236478795e+00  -2.5770877236478795e+00   0.0000000000000000e+00
   1.1572265625000000e-01  -2.3316507975861760e+00  -2.3316507975861760e+00   0.0000000000000000e+00
   1.1669921875000000e-01  -2.0862138715244725e+00  -2.0862138715244725e+00   0.0000000000000000e+00
   1.1767578125000000e-01  -1.8407769454627725e+00  -1.8407769454627725e+00   0.0000000000000000e+00
   1.1865234375000000e-01  -1.5953400194010690e+00  -1.5953400194010690e+00   0.0000000000000000e+00
   1.1962890625000000e-01  -1.3499030933393652e+00  -1.3499030933393652e+00   0.0000000000000000e+00
   1.2060546875000000e-01  -1.1044661672776619e+00  -1.1044661672776619e+00   0.0000000000000000e+00
   1.2158203125000000e-01  -8.5902924121596180e-01  -8.5902924121596180e-01   0.0000000000000000e+00
   1.2255859375000000e-01  -6.1359231515425827e-01  -6.1359231515425827e-01   0.0000000000000000e+00
   1.2353515625000000e-01  -3.6815538909255474e-01  -3.6815538909255474e-01   0.0000000000000000e+00
   1.2451171875000000e-01  -1.2271846303085121e-01  -1.2271846303085121e-01   0.0000000000000000e+00
   9.4238281250000000e-02  -1.4480778637640457e+00  -1.4480778637640457e+00   0.0000000000000000e+00
   9.5214843750000000e-02  -1.2026409377023421e+00  -1.2026409377023421e+00   0.0000000000000000e+00
   9.6191406250000000e-02  -9.5720401164064228e-01  -9.5720401164064228e-01   0.0000000000000000e+00
   9.7167968750000000e-02  -7.1176708557893864e-01  -7.1176708557893864e-01   0.0000000000000000e+00
   9.8144531250000000e-02  -4.6633015951723517e-01  -4.6633015951723517e-01   0.0000000000000000e+00
   9.9121093750000000e-02  -2.2089323345553169e-01  -2.2089323345553169e-01   0.0000000000000000e+00
   1.0009765625000000e-01   2.4543692606168305e-02   2.4543692606168305e-02   0.0000000000000000e+00
   1.0107421875000000e-01   2.6998061866787182e-01   2.6998061866787182e-01   0.0000000000000000e+00
   1.0205078125000000e-01   5.1541754472957535e-01   5.1541754472957535e-01   0.0000000000000000e+00
   1.0302734375000000e-01   7.6085447079127533e-01   7.6085447079127533e-01   0.0000000000000000e+00
   1.0400390625000000e-01   1.0062913968529790e+00   1.0062913968529790e+00   0.0000000000000000e+00
   1.0498046875000000e-01   1.2517283229146825e+00   1.2517283229146825e+00   0.0000000000000000e+00
   1.0595703125000000e-01   1.4971652489763860e+00   1.4971652489763860e+00   0.0000000000000000e+00
   1.0693359375000000e-01   1.7426021750380860e+00   1.7426021750380860e+00   0.0000000000000000e+00
   1.0791015625000000e-01   1.9880391010997895e+00   1.9880391010997895e+00   0.0000000000000000e+00
   1.0888671875000000e-01   2.2334760271614931e+00   2.2334760271614931e+00   0.0000000000000000e+00
   2.3486328125000000e-01   2.4789129532231917e+00   2.4789129532231917e+00   0.0000000000000000e+00
   2.3583984375000000e-01   2.7243498792848988e+00   2.7243498792848988e+00   0.0000000000000000e+00
   2.3681640625000000e-01   2.9697868053465988e+00   2.9697868053465988e+00   0.0000000000000000e+00
   2.3779296875000000e-01  -3.0679615757712879e+00  -3.0679615757712879e+00   0.0000000000000000e+00
   2.3876953125000000e-01  -2.8225246497095808e+00  -2.8225246497095808e+00   0.0000000000000000e+00
   2.3974609375000000e-01  -2.5770877236478804e+00  -2.5770877236478804e+00   0.0000000000000000e+00
   2.4072265625000000e-01  -2.3316507975861738e+00  -2.3316507975861738e+00   0.0000000000000000e+00
   2.4169921875000000e-01  -2.0862138715244738e+00  -2.0862138715244738e+00   0.0000000000000000e+00
   2.4267578125000000e-01  -1.8407769454627736e+00  -1.8407769454627736e+00   0.0000000000000000e+00
   2.4365234375000000e-01  -1.5953400194010665e+00  -1.5953400194010665e+00   0.0000000000000000e+00
   2.4462890625000000e-01  -1.3499030933393665e+00  -1.3499030933393665e+00   0.0000000000000000e+00
   2.4560546875000000e-01  -1.1044661672776666e+00  -1.1044661672776666e+00   0.0000000000000000e+00
   2.4658203125000000e-01  -8.5902924121595947e-01  -8.5902924121595947e-01   0.0000000000000000e+00
   2.4755859375000000e-01  -6.1359231515425949e-01  -6.1359231515425949e-01   0.0000000000000000e+00
   2.4853515625000000e-01  -3.6815538909255952e-01  -3.6815538909255952e-01   0.0000000000000000e+00
   2.4951171875000000e-01  -1.2271846303085245e-01  -1.2271846303085245e-01   0.0000000000000000e+00
   2.1923828125000000e-01  -1.4480778637640506e+00  -1.4480778637640506e+00   0.0000000000000000e+00
   2.2021484375000000e-01  -1.2026409377023435e+00  -1.2026409377023435e+00   0.0000000000000000e+00
   2.2119140625000000e-01  -9.5720401164064350e-01  -9.5720401164064350e-01   0.0000000000000000e+00
   2.2216796875000000e-01  -7.1176708557893642e-01  -7.1176708557893642e-01   0.0000000000000000e+00
   2.2314453125000000e-01  -4.6633015951723644e-01  -4.6633015951723644e-01   0.0000000000000000e+00
   2.2412109375000000e-01  -2.2089323345553644e-01  -2.2089323345553644e-01   0.0000000000000000e+00
   2.2509765625000000e-01   2.4543692606170633e-02   2.4543692606170633e-02   0.0000000000000000e+00
   2.2607421875000000e-01   2.6998061866787060e-01   2.6998061866787060e-01   0.0000000000000000e+00
   2.2705078125000000e-01   5.1541754472957058e-01   5.1541754472957058e-01   0.0000000000000000e+00
   2.2802734375000000e-01   7.6085447079127766e-01   7.6085447079127766e-01   0.0000000000000000e+00
   2.2900390625000000e-01   1.0062913968529776e+00   1.0062913968529776e+00   0.0000000000000000e+00
   2.2998046875000000e-01   1.2517283229146776e+00   1.2517283229146776e+00   0.0000000000000000e+00
   2.3095703125000000e-01   1.4971652489763847e+00   1.4971652489763847e+00   0.0000000000000000e+00
   2.3193359375000000e-01   1.7426021750380847e+00   1.7426021750380847e+00   0.0000000000000000e+00
   2.3291015625000000e-01   1.9880391010997918e+00   1.9880391010997918e+00   0.0000000000000000e+00
   2.3388671875000000e-01   2.2334760271614917e+00   2.2334760271614917e+00   0.0000000000000000e+00
   2.0361328125000000e-01   9.0811662642830082e-01   9.0811662642830082e-01   0.0000000000000000e+00
   2.0458984375000000e-01   1.1535535524900007e+00   1.1535535524900007e+00   0.0000000000000000e+00
   2.0556640625000000e-01   1.3989904785517007e+00   1.3989904785517007e+00   0.0000000000000000e+00
   2.0654296875000000e-01   1.6444274046134078e+00   1.6444274046134078e+00   0.0000000000000000e+00
   2.0751953125000000e-01   1.8898643306751077e+00   1.8898643306751077e+00   0.0000000000000000e+00
   2.0849609375000000e-01   2.1353012567368079e+00   2.1353012567368079e+00   0.0000000000000000e+00
   2.0947265625000000e-01   2.3807381827985150e+00   2.3807381827985150e+00   0.0000000000000000e+00
   2.1044921875000000e-01   2.6261751088602150e+00   2.6261751088602150e+00   0.0000000000000000e+00
   2.1142578125000000e-01   2.8716120349219150e+00   2.8716120349219150e+00   0.0000000000000000e+00
   2.1240234375000000e-01   3.1170489609836221e+00   3.1170489609836221e+00   0.0000000000000000e+00
   2.1337890625000000e-01  -2.9206994201342646e+00  -2.9206994201342646e+00   0.0000000000000000e+00
   2.1435546875000000e-01  -2.6752624940725576e+00  -2.6752624940725576e+00   0.0000000000000000e+00
   2.1533203125000000e-01  -2.4298255680108576e+00  -2.4298255680108576e+00   0.0000000000000000e+00
   2.1630859375000000e-01  -2.1843886419491576e+00  -2.1843886419491576e+00   0.0000000000000000e+00
   2.1728515625000000e-01  -1.9389517158874505e+00  -1.9389517158874505e+00   0.0000000000000000e+00
   2.1826171875000000e-01  -1.6935147898257505e+00  -1.6935147898257505e+00   0.0000000000000000e+00
   1.8798828125000000e-01  -3.0188741905589414e+00  -3.0188741905589414e+00   0.0000000000000000e+00
   1.8896484375000000e-01  -2.7734372644972414e+00  -2.7734372644972414e+00   0.0000000000000000e+00
   1.8994140625000000e-01  -2.5280003384355414e+00  -2.5280003384355414e+00   0.0000000000000000e+00
   1.9091796875000000e-01  -2.2825634123738343e+00  -2.2825634123738343e+00   0.0000000000000000e+00
   1.9189453125000000e-01  -2.0371264863121343e+00  -2.0371264863121343e+00   0.0000000000000000e+00
   1.9287109375000000e-01  -1.7916895602504275e+00  -1.7916895602504275e+00   0.0000000000000000e+00
   1.9384765625000000e-01  -1.5462526341887275e+00  -1.5462526341887275e+00   0.0000000000000000e+00
   1.9482421875000000e-01  -1.3008157081270275e+00  -1.3008157081270275e+00   0.0000000000000000e+00
   1.9580078125000000e-01  -1.0553787820653204e+00  -1.0553787820653204e+00   0.0000000000000000e+00
   1.9677734375000000e-01  -8.0994185600362045e-01  -8.0994185600362045e-01   0.0000000000000000e+00
   1.9775390625000000e-01  -5.6450492994192036e-01  -5.6450492994192036e-01   0.0000000000000000e+00
   1.9873046875000000e-01  -3.1906800388021334e-01  -3.1906800388021334e-01   0.0000000000000000e+00
   1.9970703125000000e-01  -7.3631077818513371e-02  -7.3631077818513371e-02   0.0000000000000000e+00
   2.0068359375000000e-01   1.7180584824318659e-01   1.7180584824318659e-01   0.0000000000000000e+00
   2.0166015625000000e-01   4.1724277430489370e-01   4.1724277430489370e-01   0.0000000000000000e+00
   2.0263671875000000e-01   6.6267970036659363e-01   6.6267970036659363e-01   0.0000000000000000e+00
   1.7236328125000000e-01  -6.6267970036659740e-01  -6.6267970036659740e-01   0.0000000000000000e+00
   1.7333984375000000e-01  -4.1724277430489737e-01  -4.1724277430489737e-01   0.0000000000000000e+00
   1.7431640625000000e-01  -1.7180584824319028e-01  -1.7180584824319028e-01   0.0000000000000000e+00
   1.7529296875000000e-01   7.3631077818509694e-02   7.3631077818509694e-02   0.0000000000000000e+00
   1.7626953125000000e-01   3.1906800388020967e-01   3.1906800388020967e-01   0.0000000000000000e+00
   1.7724609375000000e-01   5.6450492994191681e-01   5.6450492994191681e-01   0.0000000000000000e+00
   1.7822265625000000e-01   8.0994185600361668e-01   8.0994185600361668e-01   0.0000000000000000e+00
   1.7919921875000000e-01   1.0553787820653167e+00   1.0553787820653167e+00   0.0000000000000000e+00
   1.8017578125000000e-01   1.3008157081270237e+00   1.3008157081270237e+00   0.0000000000000000e+00
   1.8115234375000000e-01   1.5462526341887237e+00   1.5462526341887237e+00   0.0000000000000000e+00
   1.8212890625000000e-01   1.7916895602504237e+00   1.7916895602504237e+00   0.0000000000000000e+00
   1.8310546875000000e-01   2.0371264863121308e+00   2.0371264863121308e+00   0.0000000000000000e+00
   1.8408203125000000e-01   2.2825634123738308e+00   2.2825634123738308e+00   0.0000000000000000e+00
   1.8505859375000000e-01   2.5280003384355378e+00   2.5280003384355378e+00   0.0000000000000000e+00
   1.8603515625000000e-01   2.7734372644972378e+00   2.7734372644972378e+00   0.0000000000000000e+00
   1.8701171875000000e-01   3.0188741905589378e+00   3.0188741905589378e+00   0.0000000000000000e+00
   1.5673828125000000e-01   1.6935147898257468e+00   1.6935147898257468e+00   0.0000000000000000e+00
   1.5771484375000000e-01   1.9389517158874467e+00   1.9389517158874467e+00   0.0000000000000000e+00
   1.5869140625000000e-01   2.1843886419491541e+00   2.1843886419491541e+00   0.0000000000000000e+00
   1.5966796875000000e-01   2.4298255680108540e+00   2.4298255680108540e+00   0.0000000000000000e+00
   1.6064453125000000e-01   2.6752624940725540e+00   2.6752624940725540e+00   0.0000000000000000e+00
   1.6162109375000000e-01   2.9206994201342611e+00   2.9206994201342611e+00   0.0000000000000000e+00
   1.6259765625000000e-01  -3.1170489609836256e+00  -3.1170489609836256e+00   0.0000000000000000e+00
   1.6357421875000000e-01  -2.8716120349219185e+00  -2.8716120349219185e+00   0.0000000000000000e+00
   1.6455078125000000e-01  -2.6261751088602185e+00  -2.6261751088602185e+00   0.0000000000000000e+00
   1.6552734375000000e-01  -2.3807381827985186e+00  -2.3807381827985186e+00   0.0000000000000000e+00
   1.6650390625000000e-01  -2.1353012567368115e+00  -2.1353012567368115e+00   0.0000000000000000e+00
   1.6748046875000000e-01  -1.8898643306751115e+00  -1.8898643306751115e+00   0.0000000000000000e+00
   1.6845703125000000e-01  -1.6444274046134115e+00  -1.6444274046134115e+00   0.0000000000000000e+00
   1.6943359375000000e-01  -1.3989904785517044e+00  -1.3989904785517044e+00   0.0000000000000000e+00
   1.7041015625000000e-01  -1.1535535524900045e+00  -1.1535535524900045e+00   0.0000000000000000e+00
   1.7138671875000000e-01  -9.0811662642830437e-01  -9.0811662642830437e-01   0.0000000000000000e+00
   1.4111328125000000e-01  -2.2334760271614953e+00  -2.2334760271614953e+00   0.0000000000000000e+00
   1.4208984375000000e-01  -1.9880391010997955e+00  -1.9880391010997955e+00   0.0000000000000000e+00
   1.4306640625000000e-01  -1.7426021750380885e+00  -1.7426021750380885e+00   0.0000000000000000e+00
   1.4404296875000000e-01  -1.4971652489763885e+00  -1.4971652489763885e+00   0.0000000000000000e+00
   1.4501953125000000e-01  -1.2517283229146814e+00  -1.2517283229146814e+00   0.0000000000000000e+00
   1.4599609375000000e-01  -1.0062913968529814e+00  -1.0062913968529814e+00   0.0000000000000000e+00
   1.4697265625000000e-01  -7.6085447079128132e-01  -7.6085447079128132e-01   0.0000000000000000e+00
   1.4794921875000000e-01  -5.1541754472957424e-01  -5.1541754472957424e-01   0.0000000000000000e+00
   1.4892578125000000e-01  -2.6998061866787426e-01  -2.6998061866787426e-01   0.0000000000000000e+00
   1.4990234375000000e-01  -2.4543692606174311e-02  -2.4543692606174311e-02   0.0000000000000000e+00
   1.5087890625000000e-01   2.2089323345553277e-01   2.2089323345553277e-01   0.0000000000000000e+00
   1.5185546875000000e-01   4.6633015951723272e-01   4.6633015951723272e-01   0.0000000000000000e+00
   1.5283203125000000e-01   7.1176708557893276e-01   7.1176708557893276e-01   0.0000000000000000e+00
   1.5380859375000000e-01   9.5720401164063984e-01   9.5720401164063984e-01   0.0000000000000000e+00
   1.5478515625000000e-01   1.2026409377023397e+00   1.2026409377023397e+00   0.0000000000000000e+00
   1.5576171875000000e-01   1.4480778637640468e+00   1.4480778637640468e+00   0.0000000000000000e+00
   1.2548828125000000e-01   1.2271846303084877e-01   1.2271846303084877e-01   0.0000000000000000e+00
   1.2646484375000000e-01   3.6815538909255230e-01   3.6815538909255230e-01   0.0000000000000000e+00
   1.2744140625000000e-01   6.1359231515425583e-01   6.1359231515425583e-01   0.0000000000000000e+00
   1.2841796875000000e-01   8.5902924121595581e-01   8.5902924121595581e-01   0.0000000000000000e+00
   1.2939453125000000e-01   1.1044661672776628e+00   1.1044661672776628e+00   0.0000000000000000e+00
   1.3037109375000000e-01   1.3499030933393628e+00   1.3499030933393628e+00   0.0000000000000000e+00
   1.3134765625000000e-01   1.5953400194010627e+00   1.5953400194010627e+00   0.0000000000000000e+00
   1.3232421875000000e-01   1.8407769454627698e+00   1.8407769454627698e+00   0.0000000000000000e+00
   1.3330078125000000e-01   2.0862138715244698e+00   2.0862138715244698e+00   0.0000000000000000e+00
   1.3427734375000000e-01   2.3316507975861698e+00   2.3316507975861698e+00   0.0000000000000000e+00
   1.3525390625000000e-01   2.5770877236478769e+00   2.5770877236478769e+00   0.0000000000000000e+00
   1.3623046875000000e-01   2.8225246497095768e+00   2.8225246497095768e+00   0.0000000000000000e+00
   1.3720703125000000e-01   3.0679615757712839e+00   3.0679615757712839e+00   0.0000000000000000e+00
   1.3818359375000000e-01  -2.9697868053466023e+00  -2.9697868053466023e+00   0.0000000000000000e+00
   1.3916015625000000e-01  -2.7243498792849024e+00  -2.7243498792849024e+00   0.0000000000000000e+00
   1.4013671875000000e-01  -2.4789129532231953e+00  -2.4789129532231953e+00   0.0000000000000000e+00
   3.5986328125000000e-01   2.4789129532231975e+00   2.4789129532231975e+00   0.0000000000000000e+00
   3.6083984375000000e-01   2.7243498792848975e+00   2.7243498792848975e+00   0.0000000000000000e+00
   3.6181640625000000e-01   2.9697868053465974e+00   2.9697868053465974e+00   0.0000000000000000e+00
   3.6279296875000000e-01  -3.0679615757712888e+00  -3.0679615757712888e+00   0.0000000000000000e+00
   3.6376953125000000e-01  -2.8225246497095888e+00  -2.8225246497095888e+00   0.0000000000000000e+00
   3.6474609375000000e-01  -2.5770877236478746e+00  -2.5770877236478746e+00   0.0000000000000000e+00
   3.6572265625000000e-01  -2.3316507975861747e+00  -2.3316507975861747e+00   0.0000000000000000e+00
   3.6669921875000000e-01  -2.0862138715244747e+00  -2.0862138715244747e+00   0.0000000000000000e+00
   3.6767578125000000e-01  -1.8407769454627749e+00  -1.8407769454627749e+00   0.0000000000000000e+00
   3.6865234375000000e-01  -1.5953400194010749e+00  -1.5953400194010749e+00   0.0000000000000000e+00
   3.6962890625000000e-01  -1.3499030933393750e+00  -1.3499030933393750e+00   0.0000000000000000e+00
   3.7060546875000000e-01  -1.1044661672776608e+00  -1.1044661672776608e+00   0.0000000000000000e+00
   3.7158203125000000e-01  -8.5902924121596069e-01  -8.5902924121596069e-01   0.0000000000000000e+00
   3.7255859375000000e-01  -6.1359231515426071e-01  -6.1359231515426071e-01   0.0000000000000000e+00
   3.7353515625000000e-01  -3.6815538909256074e-01  -3.6815538909256074e-01   0.0000000000000000e+00
   3.7451171875000000e-01  -1.2271846303086076e-01  -1.2271846303086076e-01   0.0000000000000000e+00
   3.4423828125000000e-01  -1.4480778637640446e+00  -1.4480778637640446e+00   0.0000000000000000e+00
   3.4521484375000000e-01  -1.2026409377023446e+00  -1.2026409377023446e+00   0.0000000000000000e+00
   3.4619140625000000e-01  -9.5720401164064473e-01  -9.5720401164064473e-01   0.0000000000000000e+00
   3.4716796875000000e-01  -7.1176708557894475e-01  -7.1176708557894475e-01   0.0000000000000000e+00
   3.4814453125000000e-01  -4.6633015951724477e-01  -4.6633015951724477e-01   0.0000000000000000e+00
   3.4912109375000000e-01  -2.2089323345553058e-01  -2.2089323345553058e-01   0.0000000000000000e+00
   3.5009765625000000e-01   2.4543692606169409e-02   2.4543692606169409e-02   0.0000000000000000e+00
   3.5107421875000000e-01   2.6998061866786938e-01   2.6998061866786938e-01   0.0000000000000000e+00
   3.5205078125000000e-01   5.1541754472956935e-01   5.1541754472956935e-01   0.0000000000000000e+00
   3.5302734375000000e-01   7.6085447079126933e-01   7.6085447079126933e-01   0.0000000000000000e+00
   3.5400390625000000e-01   1.0062913968529834e+00   1.0062913968529834e+00   0.0000000000000000e+00
   3.5498046875000000e-01   1.2517283229146836e+00   1.2517283229146836e+00   0.0000000000000000e+00
   3.5595703125000000e-01   1.4971652489763836e+00   1.4971652489763836e+00   0.0000000000000000e+00
   3.5693359375000000e-01   1.7426021750380836e+00   1.7426021750380836e+00   0.0000000000000000e+00
   3.5791015625000000e-01   1.9880391010997835e+00   1.9880391010997835e+00   0.0000000000000000e+00
   3.5888671875000000e-01   2.2334760271614833e+00   2.2334760271614833e+00   0.0000000000000000e+00
   3.2861328125000000e-01   9.0811662642829949e-01   9.0811662642829949e-01   0.0000000000000000e+00
   3.2958984375000000e-01   1.1535535524899996e+00   1.1535535524899996e+00   0.0000000000000000e+00
   3.3056640625000000e-01   1.3989904785516996e+00   1.3989904785516996e+00   0.0000000000000000e+00
   3.3154296875000000e-01   1.6444274046133995e+00   1.6444274046133995e+00   0.0000000000000000e+00
   3.3251953125000000e-01   1.8898643306751137e+00   1.8898643306751137e+00   0.0000000000000000e+00
   3.3349609375000000e-01   2.1353012567368137e+00   2.1353012567368137e+00   0.0000000000000000e+00
   3.3447265625000000e-01   2.3807381827985137e+00   2.3807381827985137e+00   0.0000000000000000e+00
   3.3544921875000000e-01   2.6261751088602137e+00   2.6261751088602137e+00   0.0000000000000000e+00
   3.3642578125000000e-01   2.8716120349219136e+00   2.8716120349219136e+00   0.0000000000000000e+00
   3.3740234375000000e-01   3.1170489609836136e+00   3.1170489609836136e+00   0.0000000000000000e+00
   3.3837890625000000e-01  -2.9206994201342589e+00  -2.9206994201342589e+00   0.0000000000000000e+00
   3.3935546875000000e-01  -2.6752624940725589e+00  -2.6752624940725589e+00   0.0000000000000000e+00
   3.4033203125000000e-01  -2.4298255680108589e+00  -2.4298255680108589e+00   0.0000000000000000e+00
   3.4130859375000000e-01  -2.1843886419491589e+00  -2.1843886419491589e+00   0.0000000000000000e+00
   3.4228515625000000e-01  -1.9389517158874590e+00  -1.9389517158874590e+00   0.0000000000000000e+00
   3.4326171875000000e-01  -1.6935147898257445e+00  -1.6935147898257445e+00   0.0000000000000000e+00
   3.1298828125000000e-01  -3.0188741905589427e+00  -3.0188741905589427e+00   0.0000000000000000e+00
   3.1396484375000000e-01  -2.7734372644972427e+00  -2.7734372644972427e+00   0.0000000000000000e+00
   3.1494140625000000e-01  -2.5280003384355427e+00  -2.5280003384355427e+00   0.0000000000000000e+00
   3.1591796875000000e-01  -2.2825634123738427e+00  -2.2825634123738427e+00   0.0000000000000000e+00
   3.1689453125000000e-01  -2.0371264863121286e+00  -2.0371264863121286e+00   0.0000000000000000e+00
   3.1787109375000000e-01  -1.7916895602504286e+00  -1.7916895602504286e+00   0.0000000000000000e+00
   3.1884765625000000e-01  -1.5462526341887286e+00  -1.5462526341887286e+00   0.0000000000000000e+00
   3.1982421875000000e-01  -1.3008157081270286e+00  -1.3008157081270286e+00   0.0000000000000000e+00
   3.2080078125000000e-01  -1.0553787820653286e+00  -1.0553787820653286e+00   0.0000000000000000e+00
   3.2177734375000000e-01  -8.0994185600362878e-01  -8.0994185600362878e-01   0.0000000000000000e+00
   3.2275390625000000e-01  -5.6450492994191459e-01  -5.6450492994191459e-01   0.0000000000000000e+00
   3.2373046875000000e-01  -3.1906800388021456e-01  -3.1906800388021456e-01   0.0000000000000000e+00
   3.2470703125000000e-01  -7.3631077818514593e-02  -7.3631077818514593e-02   0.0000000000000000e+00
   3.2568359375000000e-01   1.7180584824318540e-01   1.7180584824318540e-01   0.0000000000000000e+00
   3.2666015625000000e-01   4.1724277430488532e-01   4.1724277430488532e-01   0.0000000000000000e+00
   3.2763671875000000e-01   6.6267970036659951e-01   6.6267970036659951e-01   0.0000000000000000e+00
   2.9736328125000000e-01  -6.6267970036659851e-01  -6.6267970036659851e-01   0.0000000000000000e+00
   2.9833984375000000e-01  -4.1724277430489859e-01  -4.1724277430489859e-01   0.0000000000000000e+00
   2.9931640625000000e-01  -1.7180584824319858e-01  -1.7180584824319858e-01   0.0000000000000000e+00
   3.0029296875000000e-01   7.3631077818501381e-02   7.3631077818501381e-02   0.0000000000000000e+00
   3.0126953125000000e-01   3.1906800388021556e-01   3.1906800388021556e-01   0.0000000000000000e+00
   3.0224609375000000e-01   5.6450492994191548e-01   5.6450492994191548e-01   0.0000000000000000e+00
   3.0322265625000000e-01   8.0994185600361546e-01   8.0994185600361546e-01   0.0000000000000000e+00
   3.0419921875000000e-01   1.0553787820653155e+00   1.0553787820653155e+00   0.0000000000000000e+00
   3.0517578125000000e-01   1.3008157081270155e+00   1.3008157081270155e+00   0.0000000000000000e+00
   3.0615234375000000e-01   1.5462526341887297e+00   1.5462526341887297e+00   0.0000000000000000e+00
   3.0712890625000000e-01   1.7916895602504297e+00   1.7916895602504297e+00   0.0000000000000000e+00
   3.0810546875000000e-01   2.0371264863121294e+00   2.0371264863121294e+00   0.0000000000000000e+00
   3.0908203125000000e-01   2.2825634123738294e+00   2.2825634123738294e+00   0.0000000000000000e+00
   3.1005859375000000e-01   2.5280003384355298e+00   2.5280003384355298e+00   0.0000000000000000e+00
   3.1103515625000000e-01   2.7734372644972294e+00   2.7734372644972294e+00   0.0000000000000000e+00
   3.1201171875000000e-01   3.0188741905589436e+00   3.0188741905589436e+00   0.0000000000000000e+00
   2.8173828125000000e-01   1.6935147898257457e+00   1.6935147898257457e+00   0.0000000000000000e+00
   2.8271484375000000e-01   1.9389517158874456e+00   1.9389517158874456e+00   0.0000000000000000e+00
   2.8369140625000000e-01   2.1843886419491456e+00   2.1843886419491456e+00   0.0000000000000000e+00
   2.8466796875000000e-01   2.4298255680108598e+00   2.4298255680108598e+00   0.0000000000000000e+00
   2.8564453125000000e-01   2.6752624940725598e+00   2.6752624940725598e+00   0.0000000000000000e+00
   2.8662109375000000e-01   2.9206994201342598e+00   2.9206994201342598e+00   0.0000000000000000e+00
   2.8759765625000000e-01  -3.1170489609836269e+00  -3.1170489609836269e+00   0.0000000000000000e+00
   2.8857421875000000e-01  -2.8716120349219270e+00  -2.8716120349219270e+00   0.0000000000000000e+00
   2.8955078125000000e-01  -2.6261751088602270e+00  -2.6261751088602270e+00   0.0000000000000000e+00
   2.9052734375000000e-01  -2.3807381827985123e+00  -2.3807381827985123e+00   0.0000000000000000e+00
   2.9150390625000000e-01  -2.1353012567368128e+00  -2.1353012567368128e+00   0.0000000000000000e+00
   2.9248046875000000e-01  -1.8898643306751126e+00  -1.8898643306751126e+00   0.0000000000000000e+00
   2.9345703125000000e-01  -1.6444274046134126e+00  -1.6444274046134126e+00   0.0000000000000000e+00
   2.9443359375000000e-01  -1.3989904785517127e+00  -1.3989904785517127e+00   0.0000000000000000e+00
   2.9541015625000000e-01  -1.1535535524899985e+00  -1.1535535524899985e+00   0.0000000000000000e+00
   2.9638671875000000e-01  -9.0811662642829849e-01  -9.0811662642829849e-01   0.0000000000000000e+00
   2.6611328125000000e-01  -2.2334760271614966e+00  -2.2334760271614966e+00   0.0000000000000000e+00
   2.6708984375000000e-01  -1.9880391010997966e+00  -1.9880391010997966e+00   0.0000000000000000e+00
   2.6806640625000000e-01  -1.7426021750380967e+00  -1.7426021750380967e+00   0.0000000000000000e+00
   2.6904296875000000e-01  -1.4971652489763825e+00  -1.4971652489763825e+00   0.0000000000000000e+00
   2.7001953125000000e-01  -1.2517283229146825e+00  -1.2517283229146825e+00   0.0000000000000000e+00
   2.7099609375000000e-01  -1.0062913968529825e+00  -1.0062913968529825e+00   0.0000000000000000e+00
   2.7197265625000000e-01  -7.6085447079128254e-01  -7.6085447079128254e-01   0.0000000000000000e+00
   2.7294921875000000e-01  -5.1541754472958257e-01  -5.1541754472958257e-01   0.0000000000000000e+00
   2.7392578125000000e-01  -2.6998061866788264e-01  -2.6998061866788264e-01   0.0000000000000000e+00
   2.7490234375000000e-01  -2.4543692606168427e-02  -2.4543692606168427e-02   0.0000000000000000e+00
   2.7587890625000000e-01   2.2089323345553155e-01   2.2089323345553155e-01   0.0000000000000000e+00
   2.7685546875000000e-01   4.6633015951723150e-01   4.6633015951723150e-01   0.0000000000000000e+00
   2.7783203125000000e-01   7.1176708557893154e-01   7.1176708557893154e-01   0.0000000000000000e+00
   2.7880859375000000e-01   9.5720401164063151e-01   9.5720401164063151e-01   0.0000000000000000e+00
   2.7978515625000000e-01   1.2026409377023457e+00   1.2026409377023457e+00   0.0000000000000000e+00
   2.8076171875000000e-01   1.4480778637640457e+00   1.4480778637640457e+00   0.0000000000000000e+00
   2.5048828125000000e-01   1.2271846303084755e-01   1.2271846303084755e-01   0.0000000000000000e+00
   2.5146484375000000e-01   3.6815538909255463e-01   3.6815538909255463e-01   0.0000000000000000e+00
   2.5244140625000000e-01   6.1359231515425461e-01   6.1359231515425461e-01   0.0000000000000000e+00
   2.5341796875000000e-01   8.5902924121595459e-01   8.5902924121595459e-01   0.0000000000000000e+00
   2.5439453125000000e-01   1.1044661672776617e+00   1.1044661672776617e+00   0.0000000000000000e+00
   2.5537109375000000e-01   1.3499030933393616e+00   1.3499030933393616e+00   0.0000000000000000e+00
   2.5634765625000000e-01   1.5953400194010616e+00   1.5953400194010616e+00   0.0000000000000000e+00
   2.5732421875000000e-01   1.8407769454627616e+00   1.8407769454627616e+00   0.0000000000000000e+00
   2.5830078125000000e-01   2.0862138715244756e+00   2.0862138715244756e+00   0.0000000000000000e+00
   2.5927734375000000e-01   2.3316507975861760e+00   2.3316507975861760e+00   0.0000000000000000e+00
   2.6025390625000000e-01   2.5770877236478755e+00   2.5770877236478755e+00   0.0000000000000000e+00
   2.6123046875000000e-01   2.8225246497095755e+00   2.8225246497095755e+00   0.0000000000000000e+00
   2.6220703125000000e-01   3.0679615757712755e+00   3.0679615757712755e+00   0.0000000000000000e+00
   2.6318359375000000e-01  -2.9697868053466108e+00  -2.9697868053466108e+00   0.0000000000000000e+00
   2.6416015625000000e-01  -2.7243498792848966e+00  -2.7243498792848966e+00   0.0000000000000000e+00
   2.6513671875000000e-01  -2.4789129532231966e+00  -2.4789129532231966e+00   0.0000000000000000e+00
   3.9111328125000000e-01  -2.2334760271614909e+00  -2.2334760271614909e+00   0.0000000000000000e+00
   3.9208984375000000e-01  -1.9880391010997909e+00  -1.9880391010997909e+00   0.0000000000000000e+00
   3.9306640625000000e-01  -1.7426021750380909e+00  -1.7426021750380909e+00   0.0000000000000000e+00
   3.9404296875000000e-01  -1.4971652489763909e+00  -1.4971652489763909e+00   0.0000000000000000e+00
   3.9501953125000000e-01  -1.2517283229146909e+00  -1.2517283229146909e+00   0.0000000000000000e+00
   3.9599609375000000e-01  -1.0062913968529910e+00  -1.0062913968529910e+00   0.0000000000000000e+00
   3.9697265625000000e-01  -7.6085447079127666e-01  -7.6085447079127666e-01   0.0000000000000000e+00
   3.9794921875000000e-01  -5.1541754472957668e-01  -5.1541754472957668e-01   0.0000000000000000e+00
   3.9892578125000000e-01  -2.6998061866787676e-01  -2.6998061866787676e-01   0.0000000000000000e+00
   3.9990234375000000e-01  -2.4543692606176760e-02  -2.4543692606176760e-02   0.0000000000000000e+00
   4.0087890625000000e-01   2.2089323345552320e-01   2.2089323345552320e-01   0.0000000000000000e+00
   4.0185546875000000e-01   4.6633015951723739e-01   4.6633015951723739e-01   0.0000000000000000e+00
   4.0283203125000000e-01   7.1176708557893731e-01   7.1176708557893731e-01   0.0000000000000000e+00
   4.0380859375000000e-01   9.5720401164063740e-01   9.5720401164063740e-01   0.0000000000000000e+00
   4.0478515625000000e-01   1.2026409377023373e+00   1.2026409377023373e+00   0.0000000000000000e+00
   4.0576171875000000e-01   1.4480778637640372e+00   1.4480778637640372e+00   0.0000000000000000e+00
   3.7548828125000000e-01   1.2271846303085342e-01   1.2271846303085342e-01   0.0000000000000000e+00
   3.7646484375000000e-01   3.6815538909255335e-01   3.6815538909255335e-01   0.0000000000000000e+00
   3.7744140625000000e-01   6.1359231515425339e-01   6.1359231515425339e-01   0.0000000000000000e+00
   3.7841796875000000e-01   8.5902924121595337e-01   8.5902924121595337e-01   0.0000000000000000e+00
   3.7939453125000000e-01   1.1044661672776535e+00   1.1044661672776535e+00   0.0000000000000000e+00
   3.8037109375000000e-01   1.3499030933393674e+00   1.3499030933393674e+00   0.0000000000000000e+00
   3.8134765625000000e-01   1.5953400194010674e+00   1.5953400194010674e+00   0.0000000000000000e+00
   3.8232421875000000e-01   1.8407769454627676e+00   1.8407769454627676e+00   0.0000000000000000e+00
   3.8330078125000000e-01   2.0862138715244676e+00   2.0862138715244676e+00   0.0000000000000000e+00
   3.8427734375000000e-01   2.3316507975861676e+00   2.3316507975861676e+00   0.0000000000000000e+00
   3.8525390625000000e-01   2.5770877236478675e+00   2.5770877236478675e+00   0.0000000000000000e+00
   3.8623046875000000e-01   2.8225246497095817e+00   2.8225246497095817e+00   0.0000000000000000e+00
   3.8720703125000000e-01   3.0679615757712817e+00   3.0679615757712817e+00   0.0000000000000000e+00
   3.8818359375000000e-01  -2.9697868053466050e+00  -2.9697868053466050e+00   0.0000000000000000e+00
   3.8916015625000000e-01  -2.7243498792849050e+00  -2.7243498792849050e+00   0.0000000000000000e+00
   3.9013671875000000e-01  -2.4789129532232050e+00  -2.4789129532232050e+00   0.0000000000000000e+00
   4.0673828125000000e-01   1.6935147898257372e+00   1.6935147898257372e+00   0.0000000000000000e+00
   4.0771484375000000e-01   1.9389517158874514e+00   1.9389517158874514e+00   0.0000000000000000e+00
   4.0869140625000000e-01   2.1843886419491514e+00   2.1843886419491514e+00   0.0000000000000000e+00
   4.0966796875000000e-01   2.4298255680108514e+00   2.4298255680108514e+00   0.0000000000000000e+00
   4.1064453125000000e-01   2.6752624940725513e+00   2.6752624940725513e+00   0.0000000000000000e+00
   4.1162109375000000e-01   2.9206994201342513e+00   2.9206994201342513e+00   0.0000000000000000e+00
   4.1259765625000000e-01  -3.1170489609836207e+00  -3.1170489609836207e+00   0.0000000000000000e+00
   4.1357421875000000e-01  -2.8716120349219207e+00  -2.8716120349219207e+00   0.0000000000000000e+00
   4.1455078125000000e-01  -2.6261751088602208e+00  -2.6261751088602208e+00   0.0000000000000000e+00
   4.1552734375000000e-01  -2.3807381827985208e+00  -2.3807381827985208e+00   0.0000000000000000e+00
   4.1650390625000000e-01  -2.1353012567368208e+00  -2.1353012567368208e+00   0.0000000000000000e+00
   4.1748046875000000e-01  -1.8898643306751211e+00  -1.8898643306751211e+00   0.0000000000000000e+00
   4.1845703125000000e-01  -1.6444274046134069e+00  -1.6444274046134069e+00   0.0000000000000000e+00
   4.1943359375000000e-01  -1.3989904785517069e+00  -1.3989904785517069e+00   0.0000000000000000e+00
   4.2041015625000000e-01  -1.1535535524900069e+00  -1.1535535524900069e+00   0.0000000000000000e+00
   4.2138671875000000e-01  -9.0811662642830682e-01  -9.0811662642830682e-01   0.0000000000000000e+00
   4.2236328125000000e-01  -6.6267970036660684e-01  -6.6267970036660684e-01   0.0000000000000000e+00
   4.2333984375000000e-01  -4.1724277430489271e-01  -4.1724277430489271e-01   0.0000000000000000e+00
   4.2431640625000000e-01  -1.7180584824319273e-01  -1.7180584824319273e-01   0.0000000000000000e+00
   4.2529296875000000e-01   7.3631077818507251e-02   7.3631077818507251e-02   0.0000000000000000e+00
   4.2626953125000000e-01   3.1906800388020723e-01   3.1906800388020723e-01   0.0000000000000000e+00
   4.2724609375000000e-01   5.6450492994190726e-01   5.6450492994190726e-01   0.0000000000000000e+00
   4.2822265625000000e-01   8.0994185600362145e-01   8.0994185600362145e-01   0.0000000000000000e+00
   4.2919921875000000e-01   1.0553787820653213e+00   1.0553787820653213e+00   0.0000000000000000e+00
   4.3017578125000000e-01   1.3008157081270213e+00   1.3008157081270213e+00   0.0000000000000000e+00
   4.3115234375000000e-01   1.5462526341887213e+00   1.5462526341887213e+00   0.0000000000000000e+00
   4.3212890625000000e-01   1.7916895602504213e+00   1.7916895602504213e+00   0.0000000000000000e+00
   4.3310546875000000e-01   2.0371264863121215e+00   2.0371264863121215e+00   0.0000000000000000e+00
   4.3408203125000000e-01   2.2825634123738356e+00   2.2825634123738356e+00   0.0000000000000000e+00
   4.3505859375000000e-01   2.5280003384355356e+00   2.5280003384355356e+00   0.0000000000000000e+00
   4.3603515625000000e-01   2.7734372644972356e+00   2.7734372644972356e+00   0.0000000000000000e+00
   4.3701171875000000e-01   3.0188741905589356e+00   3.0188741905589356e+00   0.0000000000000000e+00
   4.3798828125000000e-01  -3.0188741905589511e+00  -3.0188741905589511e+00   0.0000000000000000e+00
   4.3896484375000000e-01  -2.7734372644972369e+00  -2.7734372644972369e+00   0.0000000000000000e+00
   4.3994140625000000e-01  -2.5280003384355370e+00  -2.5280003384355370e+00   0.0000000000000000e+00
   4.4091796875000000e-01  -2.2825634123738370e+00  -2.2825634123738370e+00   0.0000000000000000e+00
   4.4189453125000000e-01  -2.0371264863121370e+00  -2.0371264863121370e+00   0.0000000000000000e+00
   4.4287109375000000e-01  -1.7916895602504370e+00  -1.7916895602504370e+00   0.0000000000000000e+00
   4.4384765625000000e-01  -1.5462526341887370e+00  -1.5462526341887370e+00   0.0000000000000000e+00
   4.4482421875000000e-01  -1.3008157081270229e+00  -1.3008157081270229e+00   0.0000000000000000e+00
   4.4580078125000000e-01  -1.0553787820653229e+00  -1.0553787820653229e+00   0.0000000000000000e+00
   4.4677734375000000e-01  -8.0994185600362290e-01  -8.0994185600362290e-01   0.0000000000000000e+00
   4.4775390625000000e-01  -5.6450492994192292e-01  -5.6450492994192292e-01   0.0000000000000000e+00
   4.4873046875000000e-01  -3.1906800388022288e-01  -3.1906800388022288e-01   0.0000000000000000e+00
   4.4970703125000000e-01  -7.3631077818508722e-02  -7.3631077818508722e-02   0.0000000000000000e+00
   4.5068359375000000e-01   1.7180584824319128e-01   1.7180584824319128e-01   0.0000000000000000e+00
   4.5166015625000000e-01   4.1724277430489126e-01   4.1724277430489126e-01   0.0000000000000000e+00
   4.5263671875000000e-01   6.6267970036659118e-01   6.6267970036659118e-01   0.0000000000000000e+00
   4.5361328125000000e-01   9.0811662642829116e-01   9.0811662642829116e-01   0.0000000000000000e+00
   4.5458984375000000e-01   1.1535535524899911e+00   1.1535535524899911e+00   0.0000000000000000e+00
   4.5556640625000000e-01   1.3989904785517053e+00   1.3989904785517053e+00   0.0000000000000000e+00
   4.5654296875000000e-01   1.6444274046134053e+00   1.6444274046134053e+00   0.0000000000000000e+00
   4.5751953125000000e-01   1.8898643306751053e+00   1.8898643306751053e+00   0.0000000000000000e+00
   4.5849609375000000e-01   2.1353012567368053e+00   2.1353012567368053e+00   0.0000000000000000e+00
   4.5947265625000000e-01   2.3807381827985052e+00   2.3807381827985052e+00   0.0000000000000000e+00
   4.6044921875000000e-01   2.6261751088602194e+00   2.6261751088602194e+00   0.0000000000000000e+00
   4.6142578125000000e-01   2.8716120349219194e+00   2.8716120349219194e+00   0.0000000000000000e+00
   4.6240234375000000e-01   3.1170489609836194e+00   3.1170489609836194e+00   0.0000000000000000e+00
   4.6337890625000000e-01  -2.9206994201342669e+00  -2.9206994201342669e+00   0.0000000000000000e+00
   4.6435546875000000e-01  -2.6752624940725669e+00  -2.6752624940725669e+00   0.0000000000000000e+00
   4.6533203125000000e-01  -2.4298255680108674e+00  -2.4298255680108674e+00   0.0000000000000000e+00
   4.6630859375000000e-01  -2.1843886419491527e+00  -2.1843886419491527e+00   0.0000000000000000e+00
   4.6728515625000000e-01  -1.9389517158874530e+00  -1.9389517158874530e+00   0.0000000000000000e+00
   4.6826171875000000e-01  -1.6935147898257530e+00  -1.6935147898257530e+00   0.0000000000000000e+00
   4.6923828125000000e-01  -1.4480778637640530e+00  -1.4480778637640530e+00   0.0000000000000000e+00
   4.7021484375000000e-01  -1.2026409377023530e+00  -1.2026409377023530e+00   0.0000000000000000e+00
   4.7119140625000000e-01  -9.5720401164063884e-01  -9.5720401164063884e-01   0.0000000000000000e+00
   4.7216796875000000e-01  -7.1176708557893886e-01  -7.1176708557893886e-01   0.0000000000000000e+00
   4.7314453125000000e-01  -4.6633015951723888e-01  -4.6633015951723888e-01   0.0000000000000000e+00
   4.7412109375000000e-01  -2.2089323345553891e-01  -2.2089323345553891e-01   0.0000000000000000e+00
   4.7509765625000000e-01   2.4543692606161079e-02   2.4543692606161079e-02   0.0000000000000000e+00
   4.7607421875000000e-01   2.6998061866787526e-01   2.6998061866787526e-01   0.0000000000000000e+00
   4.7705078125000000e-01   5.1541754472957524e-01   5.1541754472957524e-01   0.0000000000000000e+00
   4.7802734375000000e-01   7.6085447079127522e-01   7.6085447079127522e-01   0.0000000000000000e+00
   4.7900390625000000e-01   1.0062913968529752e+00   1.0062913968529752e+00   0.0000000000000000e+00
   4.7998046875000000e-01   1.2517283229146752e+00   1.2517283229146752e+00   0.0000000000000000e+00
   4.8095703125000000e-01   1.4971652489763752e+00   1.4971652489763752e+00   0.0000000000000000e+00
   4.8193359375000000e-01   1.7426021750380893e+00   1.7426021750380893e+00   0.0000000000000000e+00
   4.8291015625000000e-01   1.9880391010997893e+00   1.9880391010997893e+00   0.0000000000000000e+00
   4.8388671875000000e-01   2.2334760271614895e+00   2.2334760271614895e+00   0.0000000000000000e+00
   4.8486328125000000e-01   2.4789129532231891e+00   2.4789129532231891e+00   0.0000000000000000e+00
   4.8583984375000000e-01   2.7243498792848895e+00   2.7243498792848895e+00   0.0000000000000000e+00
   4.8681640625000000e-01   2.9697868053466037e+00   2.9697868053466037e+00   0.0000000000000000e+00
   4.8779296875000000e-01  -3.0679615757712830e+00  -3.0679615757712830e+00   0.0000000000000000e+00
   4.8876953125000000e-01  -2.8225246497095831e+00  -2.8225246497095831e+00   0.0000000000000000e+00
   4.8974609375000000e-01  -2.5770877236478831e+00  -2.5770877236478831e+00   0.0000000000000000e+00
   4.9072265625000000e-01  -2.3316507975861831e+00  -2.3316507975861831e+00   0.0000000000000000e+00
   4.9169921875000000e-01  -2.0862138715244831e+00  -2.0862138715244831e+00   0.0000000000000000e+00
   4.9267578125000000e-01  -1.8407769454627689e+00  -1.8407769454627689e+00   0.0000000000000000e+00
   4.9365234375000000e-01  -1.5953400194010690e+00  -1.5953400194010690e+00   0.0000000000000000e+00
   4.9462890625000000e-01  -1.3499030933393690e+00  -1.3499030933393690e+00   0.0000000000000000e+00
   4.9560546875000000e-01  -1.1044661672776690e+00  -1.1044661672776690e+00   0.0000000000000000e+00
   4.9658203125000000e-01  -8.5902924121596902e-01  -8.5902924121596902e-01   0.0000000000000000e+00
   4.9755859375000000e-01  -6.1359231515425494e-01  -6.1359231515425494e-01   0.0000000000000000e+00
   4.9853515625000000e-01  -3.6815538909255485e-01  -3.6815538909255485e-01   0.0000000000000000e+00
   4.9951171875000000e-01  -1.2271846303085489e-01  -1.2271846303085489e-01   0.0000000000000000e+00
   5.0048828125000000e-01   1.2271846303084509e-01   1.2271846303084509e-01   0.0000000000000000e+00
   5.0146484375000000e-01   3.6815538909254503e-01   3.6815538909254503e-01   0.0000000000000000e+00
   5.0244140625000000e-01   6.1359231515424506e-01   6.1359231515424506e-01   0.0000000000000000e+00
   5.0341796875000000e-01   8.5902924121595925e-01   8.5902924121595925e-01   0.0000000000000000e+00
   5.0439453125000000e-01   1.1044661672776592e+00   1.1044661672776592e+00   0.0000000000000000e+00
   5.0537109375000000e-01   1.3499030933393592e+00   1.3499030933393592e+00   0.0000000000000000e+00
   5.0634765625000000e-01   1.5953400194010592e+00   1.5953400194010592e+00   0.0000000000000000e+00
   5.0732421875000000e-01   1.8407769454627592e+00   1.8407769454627592e+00   0.0000000000000000e+00
   5.0830078125000000e-01   2.0862138715244734e+00   2.0862138715244734e+00   0.0000000000000000e+00
   5.0927734375000000e-01   2.3316507975861733e+00   2.3316507975861733e+00   0.0000000000000000e+00
   5.1025390625000000e-01   2.5770877236478733e+00   2.5770877236478733e+00   0.0000000000000000e+00
   5.1123046875000000e-01   2.8225246497095733e+00   2.8225246497095733e+00   0.0000000000000000e+00
   5.1220703125000000e-01   3.0679615757712733e+00   3.0679615757712733e+00   0.0000000000000000e+00
   5.1318359375000000e-01  -2.9697868053466134e+00  -2.9697868053466134e+00   0.0000000000000000e+00
   5.1416015625000000e-01  -2.7243498792849135e+00  -2.7243498792849135e+00   0.0000000000000000e+00
   5.1513671875000000e-01  -2.4789129532232135e+00  -2.4789129532232135e+00   0.0000000000000000e+00
   5.1611328125000000e-01  -2.2334760271614851e+00  -2.2334760271614851e+00   0.0000000000000000e+00
   5.1708984375000000e-01  -1.9880391010997849e+00  -1.9880391010997849e+00   0.0000000000000000e+00
   5.1806640625000000e-01  -1.7426021750380849e+00  -1.7426021750380849e+00   0.0000000000000000e+00
   5.1904296875000000e-01  -1.4971652489763849e+00  -1.4971652489763849e+00   0.0000000000000000e+00
   5.2001953125000000e-01  -1.2517283229146849e+00  -1.2517283229146849e+00   0.0000000000000000e+00
   5.2099609375000000e-01  -1.0062913968529850e+00  -1.0062913968529850e+00   0.0000000000000000e+00
   5.2197265625000000e-01  -7.6085447079128499e-01  -7.6085447079128499e-01   0.0000000000000000e+00
   5.2294921875000000e-01  -5.1541754472958501e-01  -5.1541754472958501e-01   0.0000000000000000e+00
   5.2392578125000000e-01  -2.6998061866788503e-01  -2.6998061866788503e-01   0.0000000000000000e+00
   5.2490234375000000e-01  -2.4543692606185091e-02  -2.4543692606185091e-02   0.0000000000000000e+00
   5.2587890625000000e-01   2.2089323345551490e-01   2.2089323345551490e-01   0.0000000000000000e+00
   5.2685546875000000e-01   4.6633015951724333e-01   4.6633015951724333e-01   0.0000000000000000e+00
   5.2783203125000000e-01   7.1176708557894330e-01   7.1176708557894330e-01   0.0000000000000000e+00
   5.2880859375000000e-01   9.5720401164064317e-01   9.5720401164064317e-01   0.0000000000000000e+00
   5.2978515625000000e-01   1.2026409377023433e+00   1.2026409377023433e+00   0.0000000000000000e+00
   5.3076171875000000e-01   1.4480778637640432e+00   1.4480778637640432e+00   0.0000000000000000e+00
   5.4736328125000000e-01  -6.6267970036661528e-01  -6.6267970036661528e-01   0.0000000000000000e+00
   5.4833984375000000e-01  -4.1724277430488682e-01  -4.1724277430488682e-01   0.0000000000000000e+00
   5.4931640625000000e-01  -1.7180584824318684e-01  -1.7180584824318684e-01   0.0000000000000000e+00
   5.5029296875000000e-01   7.3631077818513135e-02   7.3631077818513135e-02   0.0000000000000000e+00
   5.5126953125000000e-01   3.1906800388021311e-01   3.1906800388021311e-01   0.0000000000000000e+00
   5.5224609375000000e-01   5.6450492994191315e-01   5.6450492994191315e-01   0.0000000000000000e+00
   5.5322265625000000e-01   8.0994185600361301e-01   8.0994185600361301e-01   0.0000000000000000e+00
   5.5419921875000000e-01   1.0553787820653131e+00   1.0553787820653131e+00   0.0000000000000000e+00
   5.5517578125000000e-01   1.3008157081270131e+00   1.3008157081270131e+00   0.0000000000000000e+00
   5.5615234375000000e-01   1.5462526341887131e+00   1.5462526341887131e+00   0.0000000000000000e+00
   5.5712890625000000e-01   1.7916895602504130e+00   1.7916895602504130e+00   0.0000000000000000e+00
   5.5810546875000000e-01   2.0371264863121130e+00   2.0371264863121130e+00   0.0000000000000000e+00
   5.5908203125000000e-01   2.2825634123738414e+00   2.2825634123738414e+00   0.0000000000000000e+00
   5.6005859375000000e-01   2.5280003384355414e+00   2.5280003384355414e+00   0.0000000000000000e+00
   5.6103515625000000e-01   2.7734372644972414e+00   2.7734372644972414e+00   0.0000000000000000e+00
   5.6201171875000000e-01   3.0188741905589414e+00   3.0188741905589414e+00   0.0000000000000000e+00
   5.3173828125000000e-01   1.6935147898257432e+00   1.6935147898257432e+00   0.0000000000000000e+00
   5.3271484375000000e-01   1.9389517158874432e+00   1.9389517158874432e+00   0.0000000000000000e+00
   5.3369140625000000e-01   2.1843886419491430e+00   2.1843886419491430e+00   0.0000000000000000e+00
   5.3466796875000000e-01   2.4298255680108429e+00   2.4298255680108429e+00   0.0000000000000000e+00
   5.3564453125000000e-01   2.6752624940725429e+00   2.6752624940725429e+00   0.0000000000000000e+00
   5.3662109375000000e-01   2.9206994201342429e+00   2.9206994201342429e+00   0.0000000000000000e+00
   5.3759765625000000e-01  -3.1170489609836149e+00  -3.1170489609836149e+00   0.0000000000000000e+00
   5.3857421875000000e-01  -2.8716120349219150e+00  -2.8716120349219150e+00   0.0000000000000000e+00
   5.3955078125000000e-01  -2.6261751088602150e+00  -2.6261751088602150e+00   0.0000000000000000e+00
   5.4052734375000000e-01  -2.3807381827985150e+00  -2.3807381827985150e+00   0.0000000000000000e+00
   5.4150390625000000e-01  -2.1353012567368150e+00  -2.1353012567368150e+00   0.0000000000000000e+00
   5.4248046875000000e-01  -1.8898643306751151e+00  -1.8898643306751151e+00   0.0000000000000000e+00
   5.4345703125000000e-01  -1.6444274046134151e+00  -1.6444274046134151e+00   0.0000000000000000e+00
   5.4443359375000000e-01  -1.3989904785517151e+00  -1.3989904785517151e+00   0.0000000000000000e+00
   5.4541015625000000e-01  -1.1535535524900151e+00  -1.1535535524900151e+00   0.0000000000000000e+00
   5.4638671875000000e-01  -9.0811662642831525e-01  -9.0811662642831525e-01   0.0000000000000000e+00
   5.7861328125000000e-01   9.0811662642828295e-01   9.0811662642828295e-01   0.0000000000000000e+00
   5.7958984375000000e-01   1.1535535524899829e+00   1.1535535524899829e+00   0.0000000000000000e+00
   5.8056640625000000e-01   1.3989904785517113e+00   1.3989904785517113e+00   0.0000000000000000e+00
   5.8154296875000000e-01   1.6444274046134113e+00   1.6444274046134113e+00   0.0000000000000000e+00
   5.8251953125000000e-01   1.8898643306751113e+00   1.8898643306751113e+00   0.0000000000000000e+00
   5.8349609375000000e-01   2.1353012567368110e+00   2.1353012567368110e+00   0.0000000000000000e+00
   5.8447265625000000e-01   2.3807381827985110e+00   2.3807381827985110e+00   0.0000000000000000e+00
   5.8544921875000000e-01   2.6261751088602110e+00   2.6261751088602110e+00   0.0000000000000000e+00
   5.8642578125000000e-01   2.8716120349219110e+00   2.8716120349219110e+00   0.0000000000000000e+00
   5.8740234375000000e-01   3.1170489609836110e+00   3.1170489609836110e+00   0.0000000000000000e+00
   5.8837890625000000e-01  -2.9206994201342753e+00  -2.9206994201342753e+00   0.0000000000000000e+00
   5.8935546875000000e-01  -2.6752624940725753e+00  -2.6752624940725753e+00   0.0000000000000000e+00
   5.9033203125000000e-01  -2.4298255680108753e+00  -2.4298255680108753e+00   0.0000000000000000e+00
   5.9130859375000000e-01  -2.1843886419491469e+00  -2.1843886419491469e+00   0.0000000000000000e+00
   5.9228515625000000e-01  -1.9389517158874470e+00  -1.9389517158874470e+00   0.0000000000000000e+00
   5.9326171875000000e-01  -1.6935147898257470e+00  -1.6935147898257470e+00   0.0000000000000000e+00
   5.6298828125000000e-01  -3.0188741905589453e+00  -3.0188741905589453e+00   0.0000000000000000e+00
   5.6396484375000000e-01  -2.7734372644972454e+00  -2.7734372644972454e+00   0.0000000000000000e+00
   5.6494140625000000e-01  -2.5280003384355454e+00  -2.5280003384355454e+00   0.0000000000000000e+00
   5.6591796875000000e-01  -2.2825634123738454e+00  -2.2825634123738454e+00   0.0000000000000000e+00
   5.6689453125000000e-01  -2.0371264863121454e+00  -2.0371264863121454e+00   0.0000000000000000e+00
   5.6787109375000000e-01  -1.7916895602504452e+00  -1.7916895602504452e+00   0.0000000000000000e+00
   5.6884765625000000e-01  -1.5462526341887453e+00  -1.5462526341887453e+00   0.0000000000000000e+00
   5.6982421875000000e-01  -1.3008157081270169e+00  -1.3008157081270169e+00   0.0000000000000000e+00
   5.7080078125000000e-01  -1.0553787820653169e+00  -1.0553787820653169e+00   0.0000000000000000e+00
   5.7177734375000000e-01  -8.0994185600361701e-01  -8.0994185600361701e-01   0.0000000000000000e+00
   5.7275390625000000e-01  -5.6450492994191692e-01  -5.6450492994191692e-01   0.0000000000000000e+00
   5.7373046875000000e-01  -3.1906800388021705e-01  -3.1906800388021705e-01   0.0000000000000000e+00
   5.7470703125000000e-01  -7.3631077818517049e-02  -7.3631077818517049e-02   0.0000000000000000e+00
   5.7568359375000000e-01   1.7180584824318293e-01   1.7180584824318293e-01   0.0000000000000000e+00
   5.7666015625000000e-01   4.1724277430488294e-01   4.1724277430488294e-01   0.0000000000000000e+00
   5.7763671875000000e-01   6.6267970036658286e-01   6.6267970036658286e-01   0.0000000000000000e+00
   5.9423828125000000e-01  -1.4480778637640470e+00  -1.4480778637640470e+00   0.0000000000000000e+00
   5.9521484375000000e-01  -1.2026409377023473e+00  -1.2026409377023473e+00   0.0000000000000000e+00
   5.9619140625000000e-01  -9.5720401164064717e-01  -9.5720401164064717e-01   0.0000000000000000e+00
   5.9716796875000000e-01  -7.1176708557894719e-01  -7.1176708557894719e-01   0.0000000000000000e+00
   5.9814453125000000e-01  -4.6633015951724727e-01  -4.6633015951724727e-01   0.0000000000000000e+00
   5.9912109375000000e-01  -2.2089323345554723e-01  -2.2089323345554723e-01   0.0000000000000000e+00
   6.0009765625000000e-01   2.4543692606152748e-02   2.4543692606152748e-02   0.0000000000000000e+00
   6.0107421875000000e-01   2.6998061866788114e-01   2.6998061866788114e-01   0.0000000000000000e+00
   6.0205078125000000e-01   5.1541754472958112e-01   5.1541754472958112e-01   0.0000000000000000e+00
   6.0302734375000000e-01   7.6085447079128110e-01   7.6085447079128110e-01   0.0000000000000000e+00
   6.0400390625000000e-01   1.0062913968529812e+00   1.0062913968529812e+00   0.0000000000000000e+00
   6.0498046875000000e-01   1.2517283229146809e+00   1.2517283229146809e+00   0.0000000000000000e+00
   6.0595703125000000e-01   1.4971652489763811e+00   1.4971652489763811e+00   0.0000000000000000e+00
   6.0693359375000000e-01   1.7426021750380809e+00   1.7426021750380809e+00   0.0000000000000000e+00
   6.0791015625000000e-01   1.9880391010997811e+00   1.9880391010997811e+00   0.0000000000000000e+00
   6.0888671875000000e-01   2.2334760271614811e+00   2.2334760271614811e+00   0.0000000000000000e+00
   6.0986328125000000e-01   2.4789129532231811e+00   2.4789129532231811e+00   0.0000000000000000e+00
   6.1083984375000000e-01   2.7243498792848810e+00   2.7243498792848810e+00   0.0000000000000000e+00
   6.1181640625000000e-01   2.9697868053466094e+00   2.9697868053466094e+00   0.0000000000000000e+00
   6.1279296875000000e-01  -3.0679615757712773e+00  -3.0679615757712773e+00   0.0000000000000000e+00
   6.1376953125000000e-01  -2.8225246497095773e+00  -2.8225246497095773e+00   0.0000000000000000e+00
   6.1474609375000000e-01  -2.5770877236478773e+00  -2.5770877236478773e+00   0.0000000000000000e+00
   6.1572265625000000e-01  -2.3316507975861773e+00  -2.3316507975861773e+00   0.0000000000000000e+00
   6.1669921875000000e-01  -2.0862138715244773e+00  -2.0862138715244773e+00   0.0000000000000000e+00
   6.1767578125000000e-01  -1.8407769454627774e+00  -1.8407769454627774e+00   0.0000000000000000e+00
   6.1865234375000000e-01  -1.5953400194010774e+00  -1.5953400194010774e+00   0.0000000000000000e+00
   6.1962890625000000e-01  -1.3499030933393772e+00  -1.3499030933393772e+00   0.0000000000000000e+00
   6.2060546875000000e-01  -1.1044661672776774e+00  -1.1044661672776774e+00   0.0000000000000000e+00
   6.2158203125000000e-01  -8.5902924121597735e-01  -8.5902924121597735e-01   0.0000000000000000e+00
   6.2255859375000000e-01  -6.1359231515424895e-01  -6.1359231515424895e-01   0.0000000000000000e+00
   6.2353515625000000e-01  -3.6815538909254897e-01  -3.6815538909254897e-01   0.0000000000000000e+00
   6.2451171875000000e-01  -1.2271846303084900e-01  -1.2271846303084900e-01   0.0000000000000000e+00
   6.2548828125000000e-01   1.2271846303085097e-01   1.2271846303085097e-01   0.0000000000000000e+00
   6.2646484375000000e-01   3.6815538909255091e-01   3.6815538909255091e-01   0.0000000000000000e+00
   6.2744140625000000e-01   6.1359231515425094e-01   6.1359231515425094e-01   0.0000000000000000e+00
   6.2841796875000000e-01   8.5902924121595092e-01   8.5902924121595092e-01   0.0000000000000000e+00
   6.2939453125000000e-01   1.1044661672776508e+00   1.1044661672776508e+00   0.0000000000000000e+00
   6.3037109375000000e-01   1.3499030933393508e+00   1.3499030933393508e+00   0.0000000000000000e+00
   6.3134765625000000e-01   1.5953400194010507e+00   1.5953400194010507e+00   0.0000000000000000e+00
   6.3232421875000000e-01   1.8407769454627507e+00   1.8407769454627507e+00   0.0000000000000000e+00
   6.3330078125000000e-01   2.0862138715244791e+00   2.0862138715244791e+00   0.0000000000000000e+00
   6.3427734375000000e-01   2.3316507975861791e+00   2.3316507975861791e+00   0.0000000000000000e+00
   6.3525390625000000e-01   2.5770877236478791e+00   2.5770877236478791e+00   0.0000000000000000e+00
   6.3623046875000000e-01   2.8225246497095791e+00   2.8225246497095791e+00   0.0000000000000000e+00
   6.3720703125000000e-01   3.0679615757712790e+00   3.0679615757712790e+00   0.0000000000000000e+00
   6.3818359375000000e-01  -2.9697868053466072e+00  -2.9697868053466072e+00   0.0000000000000000e+00
   6.3916015625000000e-01  -2.7243498792849072e+00  -2.7243498792849072e+00   0.0000000000000000e+00
   6.4013671875000000e-01  -2.4789129532232073e+00  -2.4789129532232073e+00   0.0000000000000000e+00
   6.4111328125000000e-01  -2.2334760271615073e+00  -2.2334760271615073e+00   0.0000000000000000e+00
   6.4208984375000000e-01  -1.9880391010998075e+00  -1.9880391010998075e+00   0.0000000000000000e+00
   6.4306640625000000e-01  -1.7426021750381075e+00  -1.7426021750381075e+00   0.0000000000000000e+00
   6.4404296875000000e-01  -1.4971652489763791e+00  -1.4971652489763791e+00   0.0000000000000000e+00
   6.4501953125000000e-01  -1.2517283229146792e+00  -1.2517283229146792e+00   0.0000000000000000e+00
   6.4599609375000000e-01  -1.0062913968529792e+00  -1.0062913968529792e+00   0.0000000000000000e+00
   6.4697265625000000e-01  -7.6085447079127921e-01  -7.6085447079127921e-01   0.0000000000000000e+00
   6.4794921875000000e-01  -5.1541754472957912e-01  -5.1541754472957912e-01   0.0000000000000000e+00
   6.4892578125000000e-01  -2.6998061866787915e-01  -2.6998061866787915e-01   0.0000000000000000e+00
   6.4990234375000000e-01  -2.4543692606179206e-02  -2.4543692606179206e-02   0.0000000000000000e+00
   6.5087890625000000e-01   2.2089323345552075e-01   2.2089323345552075e-01   0.0000000000000000e+00
   6.5185546875000000e-01   4.6633015951722079e-01   4.6633015951722079e-01   0.0000000000000000e+00
   6.5283203125000000e-01   7.1176708557892066e-01   7.1176708557892066e-01   0.0000000000000000e+00
   6.5380859375000000e-01   9.5720401164062063e-01   9.5720401164062063e-01   0.0000000000000000e+00
   6.5478515625000000e-01   1.2026409377023490e+00   1.2026409377023490e+00   0.0000000000000000e+00
   6.5576171875000000e-01   1.4480778637640490e+00   1.4480778637640490e+00   0.0000000000000000e+00
   6.5673828125000000e-01   1.6935147898257490e+00   1.6935147898257490e+00   0.0000000000000000e+00
   6.5771484375000000e-01   1.9389517158874490e+00   1.9389517158874490e+00   0.0000000000000000e+00
   6.5869140625000000e-01   2.1843886419491492e+00   2.1843886419491492e+00   0.0000000000000000e+00
   6.5966796875000000e-01   2.4298255680108491e+00   2.4298255680108491e+00   0.0000000000000000e+00
   6.6064453125000000e-01   2.6752624940725491e+00   2.6752624940725491e+00   0.0000000000000000e+00
   6.6162109375000000e-01   2.9206994201342491e+00   2.9206994201342491e+00   0.0000000000000000e+00
   6.6259765625000000e-01  -3.1170489609836376e+00  -3.1170489609836376e+00   0.0000000000000000e+00
   6.6357421875000000e-01  -2.8716120349219376e+00  -2.8716120349219376e+00   0.0000000000000000e+00
   6.6455078125000000e-01  -2.6261751088602376e+00  -2.6261751088602376e+00   0.0000000000000000e+00
   6.6552734375000000e-01  -2.3807381827985092e+00  -2.3807381827985092e+00   0.0000000000000000e+00
   6.6650390625000000e-01  -2.1353012567368093e+00  -2.1353012567368093e+00   0.0000000000000000e+00
   6.6748046875000000e-01  -1.8898643306751093e+00  -1.8898643306751093e+00   0.0000000000000000e+00
   6.6845703125000000e-01  -1.6444274046134093e+00  -1.6444274046134093e+00   0.0000000000000000e+00
   6.6943359375000000e-01  -1.3989904785517093e+00  -1.3989904785517093e+00   0.0000000000000000e+00
   6.7041015625000000e-01  -1.1535535524900093e+00  -1.1535535524900093e+00   0.0000000000000000e+00
   6.7138671875000000e-01  -9.0811662642830937e-01  -9.0811662642830937e-01   0.0000000000000000e+00
   6.7236328125000000e-01  -6.6267970036660939e-01  -6.6267970036660939e-01   0.0000000000000000e+00
   6.7333984375000000e-01  -4.1724277430490936e-01  -4.1724277430490936e-01   0.0000000000000000e+00
   6.7431640625000000e-01  -1.7180584824320938e-01  -1.7180584824320938e-01   0.0000000000000000e+00
   6.7529296875000000e-01   7.3631077818490598e-02   7.3631077818490598e-02   0.0000000000000000e+00
   6.7626953125000000e-01   3.1906800388021900e-01   3.1906800388021900e-01   0.0000000000000000e+00
   6.7724609375000000e-01   5.6450492994191892e-01   5.6450492994191892e-01   0.0000000000000000e+00
   6.7822265625000000e-01   8.0994185600361901e-01   8.0994185600361901e-01   0.0000000000000000e+00
   6.7919921875000000e-01   1.0553787820653189e+00   1.0553787820653189e+00   0.0000000000000000e+00
   6.8017578125000000e-01   1.3008157081270189e+00   1.3008157081270189e+00   0.0000000000000000e+00
   6.8115234375000000e-01   1.5462526341887188e+00   1.5462526341887188e+00   0.0000000000000000e+00
   6.8212890625000000e-01   1.7916895602504188e+00   1.7916895602504188e+00   0.0000000000000000e+00
   6.8310546875000000e-01   2.0371264863121188e+00   2.0371264863121188e+00   0.0000000000000000e+00
   6.8408203125000000e-01   2.2825634123738188e+00   2.2825634123738188e+00   0.0000000000000000e+00
   6.8505859375000000e-01   2.5280003384355187e+00   2.5280003384355187e+00   0.0000000000000000e+00
   6.8603515625000000e-01   2.7734372644972187e+00   2.7734372644972187e+00   0.0000000000000000e+00
   6.8701171875000000e-01   3.0188741905589471e+00   3.0188741905589471e+00   0.0000000000000000e+00
   7.3486328125000000e-01   2.4789129532231868e+00   2.4789129532231868e+00   0.0000000000000000e+00
   7.3583984375000000e-01   2.7243498792848868e+00   2.7243498792848868e+00   0.0000000000000000e+00
   7.3681640625000000e-01   2.9697868053465868e+00   2.9697868053465868e+00   0.0000000000000000e+00
   7.3779296875000000e-01  -3.0679615757712999e+00  -3.0679615757712999e+00   0.0000000000000000e+00
   7.3876953125000000e-01  -2.8225246497095999e+00  -2.8225246497095999e+00   0.0000000000000000e+00
   7.3974609375000000e-01  -2.5770877236478711e+00  -2.5770877236478711e+00   0.0000000000000000e+00
   7.4072265625000000e-01  -2.3316507975861711e+00  -2.3316507975861711e+00   0.0000000000000000e+00
   7.4169921875000000e-01  -2.0862138715244716e+00  -2.0862138715244716e+00   0.0000000000000000e+00
   7.4267578125000000e-01  -1.8407769454627714e+00  -1.8407769454627714e+00   0.0000000000000000e+00
   7.4365234375000000e-01  -1.5953400194010714e+00  -1.5953400194010714e+00   0.0000000000000000e+00
   7.4462890625000000e-01  -1.3499030933393714e+00  -1.3499030933393714e+00   0.0000000000000000e+00
   7.4560546875000000e-01  -1.1044661672776714e+00  -1.1044661672776714e+00   0.0000000000000000e+00
   7.4658203125000000e-01  -8.5902924121597146e-01  -8.5902924121597146e-01   0.0000000000000000e+00
   7.4755859375000000e-01  -6.1359231515427148e-01  -6.1359231515427148e-01   0.0000000000000000e+00
   7.4853515625000000e-01  -3.6815538909257156e-01  -3.6815538909257156e-01   0.0000000000000000e+00
   7.4951171875000000e-01  -1.2271846303087154e-01  -1.2271846303087154e-01   0.0000000000000000e+00
   7.1923828125000000e-01  -1.4480778637640412e+00  -1.4480778637640412e+00   0.0000000000000000e+00
   7.2021484375000000e-01  -1.2026409377023413e+00  -1.2026409377023413e+00   0.0000000000000000e+00
   7.2119140625000000e-01  -9.5720401164064128e-01  -9.5720401164064128e-01   0.0000000000000000e+00
   7.2216796875000000e-01  -7.1176708557894131e-01  -7.1176708557894131e-01   0.0000000000000000e+00
   7.2314453125000000e-01  -4.6633015951724133e-01  -4.6633015951724133e-01   0.0000000000000000e+00
   7.2412109375000000e-01  -2.2089323345554135e-01  -2.2089323345554135e-01   0.0000000000000000e+00
   7.2509765625000000e-01   2.4543692606158633e-02   2.4543692606158633e-02   0.0000000000000000e+00
   7.2607421875000000e-01   2.6998061866785861e-01   2.6998061866785861e-01   0.0000000000000000e+00
   7.2705078125000000e-01   5.1541754472955859e-01   5.1541754472955859e-01   0.0000000000000000e+00
   7.2802734375000000e-01   7.6085447079125856e-01   7.6085447079125856e-01   0.0000000000000000e+00
   7.2900390625000000e-01   1.0062913968529870e+00   1.0062913968529870e+00   0.0000000000000000e+00
   7.2998046875000000e-01   1.2517283229146869e+00   1.2517283229146869e+00   0.0000000000000000e+00
   7.3095703125000000e-01   1.4971652489763869e+00   1.4971652489763869e+00   0.0000000000000000e+00
   7.3193359375000000e-01   1.7426021750380869e+00   1.7426021750380869e+00   0.0000000000000000e+00
   7.3291015625000000e-01   1.9880391010997869e+00   1.9880391010997869e+00   0.0000000000000000e+00
   7.3388671875000000e-01   2.2334760271614869e+00   2.2334760271614869e+00   0.0000000000000000e+00
   7.0361328125000000e-01   9.0811662642828872e-01   9.0811662642828872e-01   0.0000000000000000e+00
   7.0458984375000000e-01   1.1535535524899887e+00   1.1535535524899887e+00   0.0000000000000000e+00
   7.0556640625000000e-01   1.3989904785516887e+00   1.3989904785516887e+00   0.0000000000000000e+00
   7.0654296875000000e-01   1.6444274046133887e+00   1.6444274046133887e+00   0.0000000000000000e+00
   7.0751953125000000e-01   1.8898643306751171e+00   1.8898643306751171e+00   0.0000000000000000e+00
   7.0849609375000000e-01   2.1353012567368173e+00   2.1353012567368173e+00   0.0000000000000000e+00
   7.0947265625000000e-01   2.3807381827985172e+00   2.3807381827985172e+00   0.0000000000000000e+00
   7.1044921875000000e-01   2.6261751088602172e+00   2.6261751088602172e+00   0.0000000000000000e+00
   7.1142578125000000e-01   2.8716120349219172e+00   2.8716120349219172e+00   0.0000000000000000e+00
   7.1240234375000000e-01   3.1170489609836172e+00   3.1170489609836172e+00   0.0000000000000000e+00
   7.1337890625000000e-01  -2.9206994201342695e+00  -2.9206994201342695e+00   0.0000000000000000e+00
   7.1435546875000000e-01  -2.6752624940725696e+00  -2.6752624940725696e+00   0.0000000000000000e+00
   7.1533203125000000e-01  -2.4298255680108696e+00  -2.4298255680108696e+00   0.0000000000000000e+00
   7.1630859375000000e-01  -2.1843886419491696e+00  -2.1843886419491696e+00   0.0000000000000000e+00
   7.1728515625000000e-01  -1.9389517158874696e+00  -1.9389517158874696e+00   0.0000000000000000e+00
   7.1826171875000000e-01  -1.6935147898257412e+00  -1.6935147898257412e+00   0.0000000000000000e+00
   6.8798828125000000e-01  -3.0188741905589391e+00  -3.0188741905589391e+00   0.0000000000000000e+00
   6.8896484375000000e-01  -2.7734372644972392e+00  -2.7734372644972392e+00   0.0000000000000000e+00
   6.8994140625000000e-01  -2.5280003384355392e+00  -2.5280003384355392e+00   0.0000000000000000e+00
   6.9091796875000000e-01  -2.2825634123738392e+00  -2.2825634123738392e+00   0.0000000000000000e+00
   6.9189453125000000e-01  -2.0371264863121397e+00  -2.0371264863121397e+00   0.0000000000000000e+00
   6.9287109375000000e-01  -1.7916895602504395e+00  -1.7916895602504395e+00   0.0000000000000000e+00
   6.9384765625000000e-01  -1.5462526341887395e+00  -1.5462526341887395e+00   0.0000000000000000e+00
   6.9482421875000000e-01  -1.3008157081270395e+00  -1.3008157081270395e+00   0.0000000000000000e+00
   6.9580078125000000e-01  -1.0553787820653395e+00  -1.0553787820653395e+00   0.0000000000000000e+00
   6.9677734375000000e-01  -8.0994185600363955e-01  -8.0994185600363955e-01   0.0000000000000000e+00
   6.9775390625000000e-01  -5.6450492994191115e-01  -5.6450492994191115e-01   0.0000000000000000e+00
   6.9873046875000000e-01  -3.1906800388021117e-01  -3.1906800388021117e-01   0.0000000000000000e+00
   6.9970703125000000e-01  -7.3631077818511165e-02  -7.3631077818511165e-02   0.0000000000000000e+00
   7.0068359375000000e-01   1.7180584824318881e-01   1.7180584824318881e-01   0.0000000000000000e+00
   7.0166015625000000e-01   4.1724277430488882e-01   4.1724277430488882e-01   0.0000000000000000e+00
   7.0263671875000000e-01   6.6267970036658874e-01   6.6267970036658874e-01   0.0000000000000000e+00
   9.6923828125000000e-01  -1.4480778637640579e+00  -1.4480778637640579e+00   0.0000000000000000e+00
   9.7021484375000000e-01  -1.2026409377023579e+00  -1.2026409377023579e+00   0.0000000000000000e+00
   9.7119140625000000e-01  -9.5720401164065794e-01  -9.5720401164065794e-01   0.0000000000000000e+00
   9.7216796875000000e-01  -7.1176708557895785e-01  -7.1176708557895785e-01   0.0000000000000000e+00
   9.7314453125000000e-01  -4.6633015951725798e-01  -4.6633015951725798e-01   0.0000000000000000e+00
   9.7412109375000000e-01  -2.2089323345552958e-01  -2.2089323345552958e-01   0.0000000000000000e+00
   9.7509765625000000e-01   2.4543692606170391e-02   2.4543692606170391e-02   0.0000000000000000e+00
   9.7607421875000000e-01   2.6998061866787038e-01   2.6998061866787038e-01   0.0000000000000000e+00
   9.7705078125000000e-01   5.1541754472957035e-01   5.1541754472957035e-01   0.0000000000000000e+00
   9.7802734375000000e-01   7.6085447079127033e-01   7.6085447079127033e-01   0.0000000000000000e+00
   9.7900390625000000e-01   1.0062913968529703e+00   1.0062913968529703e+00   0.0000000000000000e+00
   9.7998046875000000e-01   1.2517283229146703e+00   1.2517283229146703e+00   0.0000000000000000e+00
   9.8095703125000000e-01   1.4971652489763703e+00   1.4971652489763703e+00   0.0000000000000000e+00
   9.8193359375000000e-01   1.7426021750380702e+00   1.7426021750380702e+00   0.0000000000000000e+00
   9.8291015625000000e-01   1.9880391010997702e+00   1.9880391010997702e+00   0.0000000000000000e+00
   9.8388671875000000e-01   2.2334760271614704e+00   2.2334760271614704e+00   0.0000000000000000e+00
   9.8486328125000000e-01   2.4789129532231988e+00   2.4789129532231988e+00   0.0000000000000000e+00
   9.8583984375000000e-01   2.7243498792848988e+00   2.7243498792848988e+00   0.0000000000000000e+00
   9.8681640625000000e-01   2.9697868053465988e+00   2.9697868053465988e+00   0.0000000000000000e+00
   9.8779296875000000e-01  -3.0679615757712879e+00  -3.0679615757712879e+00   0.0000000000000000e+00
   9.8876953125000000e-01  -2.8225246497095879e+00  -2.8225246497095879e+00   0.0000000000000000e+00
   9.8974609375000000e-01  -2.5770877236478880e+00  -2.5770877236478880e+00   0.0000000000000000e+00
   9.9072265625000000e-01  -2.3316507975861880e+00  -2.3316507975861880e+00   0.0000000000000000e+00
   9.9169921875000000e-01  -2.0862138715244880e+00  -2.0862138715244880e+00   0.0000000000000000e+00
   9.9267578125000000e-01  -1.8407769454627880e+00  -1.8407769454627880e+00   0.0000000000000000e+00
   9.9365234375000000e-01  -1.5953400194010880e+00  -1.5953400194010880e+00   0.0000000000000000e+00
   9.9462890625000000e-01  -1.3499030933393881e+00  -1.3499030933393881e+00   0.0000000000000000e+00
   9.9560546875000000e-01  -1.1044661672776597e+00  -1.1044661672776597e+00   0.0000000000000000e+00
   9.9658203125000000e-01  -8.5902924121595969e-01  -8.5902924121595969e-01   0.0000000000000000e+00
   9.9755859375000000e-01  -6.1359231515425983e-01  -6.1359231515425983e-01   0.0000000000000000e+00
   9.9853515625000000e-01  -3.6815538909255974e-01  -3.6815538909255974e-01   0.0000000000000000e+00
   9.9951171875000000e-01  -1.2271846303085979e-01  -1.2271846303085979e-01   0.0000000000000000e+00
   9.3798828125000000e-01  -3.0188741905589560e+00  -3.0188741905589560e+00   0.0000000000000000e+00
   9.3896484375000000e-01  -2.7734372644972560e+00  -2.7734372644972560e+00   0.0000000000000000e+00
   9.3994140625000000e-01  -2.5280003384355560e+00  -2.5280003384355560e+00   0.0000000000000000e+00
   9.4091796875000000e-01  -2.2825634123738561e+00  -2.2825634123738561e+00   0.0000000000000000e+00
   9.4189453125000000e-01  -2.0371264863121277e+00  -2.0371264863121277e+00   0.0000000000000000e+00
   9.4287109375000000e-01  -1.7916895602504277e+00  -1.7916895602504277e+00   0.0000000000000000e+00
   9.4384765625000000e-01  -1.5462526341887277e+00  -1.5462526341887277e+00   0.0000000000000000e+00
   9.4482421875000000e-01  -1.3008157081270277e+00  -1.3008157081270277e+00   0.0000000000000000e+00
   9.4580078125000000e-01  -1.0553787820653278e+00  -1.0553787820653278e+00   0.0000000000000000e+00
   9.4677734375000000e-01  -8.0994185600362778e-01  -8.0994185600362778e-01   0.0000000000000000e+00
   9.4775390625000000e-01  -5.6450492994192769e-01  -5.6450492994192769e-01   0.0000000000000000e+00
   9.4873046875000000e-01  -3.1906800388022782e-01  -3.1906800388022782e-01   0.0000000000000000e+00
   9.4970703125000000e-01  -7.3631077818527832e-02  -7.3631077818527832e-02   0.0000000000000000e+00
   9.5068359375000000e-01   1.7180584824317216e-01   1.7180584824317216e-01   0.0000000000000000e+00
   9.5166015625000000e-01   4.1724277430487211e-01   4.1724277430487211e-01   0.0000000000000000e+00
   9.5263671875000000e-01   6.6267970036660051e-01   6.6267970036660051e-01   0.0000000000000000e+00
   9.5361328125000000e-01   9.0811662642830049e-01   9.0811662642830049e-01   0.0000000000000000e+00
   9.5458984375000000e-01   1.1535535524900005e+00   1.1535535524900005e+00   0.0000000000000000e+00
   9.5556640625000000e-01   1.3989904785517004e+00   1.3989904785517004e+00   0.0000000000000000e+00
   9.5654296875000000e-01   1.6444274046134004e+00   1.6444274046134004e+00   0.0000000000000000e+00
   9.5751953125000000e-01   1.8898643306751004e+00   1.8898643306751004e+00   0.0000000000000000e+00
   9.5849609375000000e-01   2.1353012567368004e+00   2.1353012567368004e+00   0.0000000000000000e+00
   9.5947265625000000e-01   2.3807381827985004e+00   2.3807381827985004e+00   0.0000000000000000e+00
   9.6044921875000000e-01   2.6261751088602003e+00   2.6261751088602003e+00   0.0000000000000000e+00
   9.6142578125000000e-01   2.8716120349219003e+00   2.8716120349219003e+00   0.0000000000000000e+00
   9.6240234375000000e-01   3.1170489609836003e+00   3.1170489609836003e+00   0.0000000000000000e+00
   9.6337890625000000e-01  -2.9206994201342580e+00  -2.9206994201342580e+00   0.0000000000000000e+00
   9.6435546875000000e-01  -2.6752624940725580e+00  -2.6752624940725580e+00   0.0000000000000000e+00
   9.6533203125000000e-01  -2.4298255680108576e+00  -2.4298255680108576e+00   0.0000000000000000e+00
   9.6630859375000000e-01  -2.1843886419491576e+00  -2.1843886419491576e+00   0.0000000000000000e+00
   9.6728515625000000e-01  -1.9389517158874578e+00  -1.9389517158874578e+00   0.0000000000000000e+00
   9.6826171875000000e-01  -1.6935147898257579e+00  -1.6935147898257579e+00   0.0000000000000000e+00
   9.0673828125000000e-01   1.6935147898257323e+00   1.6935147898257323e+00   0.0000000000000000e+00
   9.0771484375000000e-01   1.9389517158874323e+00   1.9389517158874323e+00   0.0000000000000000e+00
   9.0869140625000000e-01   2.1843886419491323e+00   2.1843886419491323e+00   0.0000000000000000e+00
   9.0966796875000000e-01   2.4298255680108607e+00   2.4298255680108607e+00   0.0000000000000000e+00
   9.1064453125000000e-01   2.6752624940725607e+00   2.6752624940725607e+00   0.0000000000000000e+00
   9.1162109375000000e-01   2.9206994201342606e+00   2.9206994201342606e+00   0.0000000000000000e+00
   9.1259765625000000e-01  -3.1170489609836256e+00  -3.1170489609836256e+00   0.0000000000000000e+00
   9.1357421875000000e-01  -2.8716120349219256e+00  -2.8716120349219256e+00   0.0000000000000000e+00
   9.1455078125000000e-01  -2.6261751088602256e+00  -2.6261751088602256e+00   0.0000000000000000e+00
   9.1552734375000000e-01  -2.3807381827985257e+00  -2.3807381827985257e+00   0.0000000000000000e+00
   9.1650390625000000e-01  -2.1353012567368257e+00  -2.1353012567368257e+00   0.0000000000000000e+00
   9.1748046875000000e-01  -1.8898643306751259e+00  -1.8898643306751259e+00   0.0000000000000000e+00
   9.1845703125000000e-01  -1.6444274046134260e+00  -1.6444274046134260e+00   0.0000000000000000e+00
   9.1943359375000000e-01  -1.3989904785517260e+00  -1.3989904785517260e+00   0.0000000000000000e+00
   9.2041015625000000e-01  -1.1535535524899976e+00  -1.1535535524899976e+00   0.0000000000000000e+00
   9.2138671875000000e-01  -9.0811662642829749e-01  -9.0811662642829749e-01   0.0000000000000000e+00
   9.2236328125000000e-01  -6.6267970036659751e-01  -6.6267970036659751e-01   0.0000000000000000e+00
   9.2333984375000000e-01  -4.1724277430489765e-01  -4.1724277430489765e-01   0.0000000000000000e+00
   9.2431640625000000e-01  -1.7180584824319764e-01  -1.7180584824319764e-01   0.0000000000000000e+00
   9.2529296875000000e-01   7.3631077818502352e-02   7.3631077818502352e-02   0.0000000000000000e+00
   9.2626953125000000e-01   3.1906800388020234e-01   3.1906800388020234e-01   0.0000000000000000e+00
   9.2724609375000000e-01   5.6450492994190238e-01   5.6450492994190238e-01   0.0000000000000000e+00
   9.2822265625000000e-01   8.0994185600360225e-01   8.0994185600360225e-01   0.0000000000000000e+00
   9.2919921875000000e-01   1.0553787820653022e+00   1.0553787820653022e+00   0.0000000000000000e+00
   9.3017578125000000e-01   1.3008157081270022e+00   1.3008157081270022e+00   0.0000000000000000e+00
   9.3115234375000000e-01   1.5462526341887306e+00   1.5462526341887306e+00   0.0000000000000000e+00
   9.3212890625000000e-01   1.7916895602504306e+00   1.7916895602504306e+00   0.0000000000000000e+00
   9.3310546875000000e-01   2.0371264863121308e+00   2.0371264863121308e+00   0.0000000000000000e+00
   9.3408203125000000e-01   2.2825634123738308e+00   2.2825634123738308e+00   0.0000000000000000e+00
   9.3505859375000000e-01   2.5280003384355307e+00   2.5280003384355307e+00   0.0000000000000000e+00
   9.3603515625000000e-01   2.7734372644972307e+00   2.7734372644972307e+00   0.0000000000000000e+00
   9.3701171875000000e-01   3.0188741905589307e+00   3.0188741905589307e+00   0.0000000000000000e+00
   8.7548828125000000e-01   1.2271846303083431e-01   1.2271846303083431e-01   0.0000000000000000e+00
   8.7646484375000000e-01   3.6815538909253426e-01   3.6815538909253426e-01   0.0000000000000000e+00
   8.7744140625000000e-01   6.1359231515423429e-01   6.1359231515423429e-01   0.0000000000000000e+00
   8.7841796875000000e-01   8.5902924121596269e-01   8.5902924121596269e-01   0.0000000000000000e+00
   8.7939453125000000e-01   1.1044661672776626e+00   1.1044661672776626e+00   0.0000000000000000e+00
   8.8037109375000000e-01   1.3499030933393625e+00   1.3499030933393625e+00   0.0000000000000000e+00
   8.8134765625000000e-01   1.5953400194010625e+00   1.5953400194010625e+00   0.0000000000000000e+00
   8.8232421875000000e-01   1.8407769454627625e+00   1.8407769454627625e+00   0.0000000000000000e+00
   8.8330078125000000e-01   2.0862138715244627e+00   2.0862138715244627e+00   0.0000000000000000e+00
   8.8427734375000000e-01   2.3316507975861627e+00   2.3316507975861627e+00   0.0000000000000000e+00
   8.8525390625000000e-01   2.5770877236478626e+00   2.5770877236478626e+00   0.0000000000000000e+00
   8.8623046875000000e-01   2.8225246497095626e+00   2.8225246497095626e+00   0.0000000000000000e+00
   8.8720703125000000e-01   3.0679615757712626e+00   3.0679615757712626e+00   0.0000000000000000e+00
   8.8818359375000000e-01  -2.9697868053466241e+00  -2.9697868053466241e+00   0.0000000000000000e+00
   8.8916015625000000e-01  -2.7243498792848957e+00  -2.7243498792848957e+00   0.0000000000000000e+00
   8.9013671875000000e-01  -2.4789129532231957e+00  -2.4789129532231957e+00   0.0000000000000000e+00
   8.9111328125000000e-01  -2.2334760271614957e+00  -2.2334760271614957e+00   0.0000000000000000e+00
   8.9208984375000000e-01  -1.9880391010997958e+00  -1.9880391010997958e+00   0.0000000000000000e+00
   8.9306640625000000e-01  -1.7426021750380958e+00  -1.7426021750380958e+00   0.0000000000000000e+00
   8.9404296875000000e-01  -1.4971652489763958e+00  -1.4971652489763958e+00   0.0000000000000000e+00
   8.9501953125000000e-01  -1.2517283229146958e+00  -1.2517283229146958e+00   0.0000000000000000e+00
   8.9599609375000000e-01  -1.0062913968529958e+00  -1.0062913968529958e+00   0.0000000000000000e+00
   8.9697265625000000e-01  -7.6085447079129587e-01  -7.6085447079129587e-01   0.0000000000000000e+00
   8.9794921875000000e-01  -5.1541754472959578e-01  -5.1541754472959578e-01   0.0000000000000000e+00
   8.9892578125000000e-01  -2.6998061866789586e-01  -2.6998061866789586e-01   0.0000000000000000e+00
   8.9990234375000000e-01  -2.4543692606167445e-02  -2.4543692606167445e-02   0.0000000000000000e+00
   9.0087890625000000e-01   2.2089323345553255e-01   2.2089323345553255e-01   0.0000000000000000e+00
   9.0185546875000000e-01   4.6633015951723250e-01   4.6633015951723250e-01   0.0000000000000000e+00
   9.0283203125000000e-01   7.1176708557893253e-01   7.1176708557893253e-01   0.0000000000000000e+00
   9.0380859375000000e-01   9.5720401164063251e-01   9.5720401164063251e-01   0.0000000000000000e+00
   9.0478515625000000e-01   1.2026409377023324e+00   1.2026409377023324e+00   0.0000000000000000e+00
   9.0576171875000000e-01   1.4480778637640324e+00   1.4480778637640324e+00   0.0000000000000000e+00
   8.4423828125000000e-01  -1.4480778637640639e+00  -1.4480778637640639e+00   0.0000000000000000e+00
   8.4521484375000000e-01  -1.2026409377023639e+00  -1.2026409377023639e+00   0.0000000000000000e+00
   8.4619140625000000e-01  -9.5720401164063540e-01  -9.5720401164063540e-01   0.0000000000000000e+00
   8.4716796875000000e-01  -7.1176708557893542e-01  -7.1176708557893542e-01   0.0000000000000000e+00
   8.4814453125000000e-01  -4.6633015951723544e-01  -4.6633015951723544e-01   0.0000000000000000e+00
   8.4912109375000000e-01  -2.2089323345553546e-01  -2.2089323345553546e-01   0.0000000000000000e+00
   8.5009765625000000e-01   2.4543692606164513e-02   2.4543692606164513e-02   0.0000000000000000e+00
   8.5107421875000000e-01   2.6998061866786449e-01   2.6998061866786449e-01   0.0000000000000000e+00
   8.5205078125000000e-01   5.1541754472956447e-01   5.1541754472956447e-01   0.0000000000000000e+00
   8.5302734375000000e-01   7.6085447079126445e-01   7.6085447079126445e-01   0.0000000000000000e+00
   8.5400390625000000e-01   1.0062913968529643e+00   1.0062913968529643e+00   0.0000000000000000e+00
   8.5498046875000000e-01   1.2517283229146643e+00   1.2517283229146643e+00   0.0000000000000000e+00
   8.5595703125000000e-01   1.4971652489763643e+00   1.4971652489763643e+00   0.0000000000000000e+00
   8.5693359375000000e-01   1.7426021750380929e+00   1.7426021750380929e+00   0.0000000000000000e+00
   8.5791015625000000e-01   1.9880391010997929e+00   1.9880391010997929e+00   0.0000000000000000e+00
   8.5888671875000000e-01   2.2334760271614926e+00   2.2334760271614926e+00   0.0000000000000000e+00
   8.5986328125000000e-01   2.4789129532231926e+00   2.4789129532231926e+00   0.0000000000000000e+00
   8.6083984375000000e-01   2.7243498792848926e+00   2.7243498792848926e+00   0.0000000000000000e+00
   8.6181640625000000e-01   2.9697868053465926e+00   2.9697868053465926e+00   0.0000000000000000e+00
   8.6279296875000000e-01  -3.0679615757712937e+00  -3.0679615757712937e+00   0.0000000000000000e+00
   8.6376953125000000e-01  -2.8225246497095937e+00  -2.8225246497095937e+00   0.0000000000000000e+00
   8.6474609375000000e-01  -2.5770877236478937e+00  -2.5770877236478937e+00   0.0000000000000000e+00
   8.6572265625000000e-01  -2.3316507975861938e+00  -2.3316507975861938e+00   0.0000000000000000e+00
   8.6669921875000000e-01  -2.0862138715244938e+00  -2.0862138715244938e+00   0.0000000000000000e+00
   8.6767578125000000e-01  -1.8407769454627656e+00  -1.8407769454627656e+00   0.0000000000000000e+00
   8.6865234375000000e-01  -1.5953400194010656e+00  -1.5953400194010656e+00   0.0000000000000000e+00
   8.6962890625000000e-01  -1.3499030933393656e+00  -1.3499030933393656e+00   0.0000000000000000e+00
   8.7060546875000000e-01  -1.1044661672776657e+00  -1.1044661672776657e+00   0.0000000000000000e+00
   8.7158203125000000e-01  -8.5902924121596558e-01  -8.5902924121596558e-01   0.0000000000000000e+00
   8.7255859375000000e-01  -6.1359231515426560e-01  -6.1359231515426560e-01   0.0000000000000000e+00
   8.7353515625000000e-01  -3.6815538909256562e-01  -3.6815538909256562e-01   0.0000000000000000e+00
   8.7451171875000000e-01  -1.2271846303086567e-01  -1.2271846303086567e-01   0.0000000000000000e+00
   8.1298828125000000e-01  -3.0188741905589618e+00  -3.0188741905589618e+00   0.0000000000000000e+00
   8.1396484375000000e-01  -2.7734372644972334e+00  -2.7734372644972334e+00   0.0000000000000000e+00
   8.1494140625000000e-01  -2.5280003384355334e+00  -2.5280003384355334e+00   0.0000000000000000e+00
   8.1591796875000000e-01  -2.2825634123738334e+00  -2.2825634123738334e+00   0.0000000000000000e+00
   8.1689453125000000e-01  -2.0371264863121334e+00  -2.0371264863121334e+00   0.0000000000000000e+00
   8.1787109375000000e-01  -1.7916895602504335e+00  -1.7916895602504335e+00   0.0000000000000000e+00
   8.1884765625000000e-01  -1.5462526341887335e+00  -1.5462526341887335e+00   0.0000000000000000e+00
   8.1982421875000000e-01  -1.3008157081270335e+00  -1.3008157081270335e+00   0.0000000000000000e+00
   8.2080078125000000e-01  -1.0553787820653335e+00  -1.0553787820653335e+00   0.0000000000000000e+00
   8.2177734375000000e-01  -8.0994185600363366e-01  -8.0994185600363366e-01   0.0000000000000000e+00
   8.2275390625000000e-01  -5.6450492994193369e-01  -5.6450492994193369e-01   0.0000000000000000e+00
   8.2373046875000000e-01  -3.1906800388023371e-01  -3.1906800388023371e-01   0.0000000000000000e+00
   8.2470703125000000e-01  -7.3631077818505281e-02  -7.3631077818505281e-02   0.0000000000000000e+00
   8.2568359375000000e-01   1.7180584824319467e-01   1.7180584824319467e-01   0.0000000000000000e+00
   8.2666015625000000e-01   4.1724277430489465e-01   4.1724277430489465e-01   0.0000000000000000e+00
   8.2763671875000000e-01   6.6267970036659463e-01   6.6267970036659463e-01   0.0000000000000000e+00
   8.2861328125000000e-01   9.0811662642829460e-01   9.0811662642829460e-01   0.0000000000000000e+00
   8.2958984375000000e-01   1.1535535524899947e+00   1.1535535524899947e+00   0.0000000000000000e+00
   8.3056640625000000e-01   1.3989904785516947e+00   1.3989904785516947e+00   0.0000000000000000e+00
   8.3154296875000000e-01   1.6444274046133946e+00   1.6444274046133946e+00   0.0000000000000000e+00
   8.3251953125000000e-01   1.8898643306750946e+00   1.8898643306750946e+00   0.0000000000000000e+00
   8.3349609375000000e-01   2.1353012567367946e+00   2.1353012567367946e+00   0.0000000000000000e+00
   8.3447265625000000e-01   2.3807381827984946e+00   2.3807381827984946e+00   0.0000000000000000e+00
   8.3544921875000000e-01   2.6261751088602230e+00   2.6261751088602230e+00   0.0000000000000000e+00
   8.3642578125000000e-01   2.8716120349219230e+00   2.8716120349219230e+00   0.0000000000000000e+00
   8.3740234375000000e-01   3.1170489609836229e+00   3.1170489609836229e+00   0.0000000000000000e+00
   8.3837890625000000e-01  -2.9206994201342638e+00  -2.9206994201342638e+00   0.0000000000000000e+00
   8.3935546875000000e-01  -2.6752624940725638e+00  -2.6752624940725638e+00   0.0000000000000000e+00
   8.4033203125000000e-01  -2.4298255680108638e+00  -2.4298255680108638e+00   0.0000000000000000e+00
   8.4130859375000000e-01  -2.1843886419491638e+00  -2.1843886419491638e+00   0.0000000000000000e+00
   8.4228515625000000e-01  -1.9389517158874636e+00  -1.9389517158874636e+00   0.0000000000000000e+00
   8.4326171875000000e-01  -1.6935147898257636e+00  -1.6935147898257636e+00   0.0000000000000000e+00
   7.8173828125000000e-01   1.6935147898257266e+00   1.6935147898257266e+00   0.0000000000000000e+00
   7.8271484375000000e-01   1.9389517158874550e+00   1.9389517158874550e+00   0.0000000000000000e+00
   7.8369140625000000e-01   2.1843886419491549e+00   2.1843886419491549e+00   0.0000000000000000e+00
   7.8466796875000000e-01   2.4298255680108549e+00   2.4298255680108549e+00   0.0000000000000000e+00
   7.8564453125000000e-01   2.6752624940725549e+00   2.6752624940725549e+00   0.0000000000000000e+00
   7.8662109375000000e-01   2.9206994201342549e+00   2.9206994201342549e+00   0.0000000000000000e+00
   7.8759765625000000e-01  -3.1170489609836318e+00  -3.1170489609836318e+00   0.0000000000000000e+00
   7.8857421875000000e-01  -2.8716120349219318e+00  -2.8716120349219318e+00   0.0000000000000000e+00
   7.8955078125000000e-01  -2.6261751088602319e+00  -2.6261751088602319e+00   0.0000000000000000e+00
   7.9052734375000000e-01  -2.3807381827985319e+00  -2.3807381827985319e+00   0.0000000000000000e+00
   7.9150390625000000e-01  -2.1353012567368319e+00  -2.1353012567368319e+00   0.0000000000000000e+00
   7.9248046875000000e-01  -1.8898643306751317e+00  -1.8898643306751317e+00   0.0000000000000000e+00
   7.9345703125000000e-01  -1.6444274046134033e+00  -1.6444274046134033e+00   0.0000000000000000e+00
   7.9443359375000000e-01  -1.3989904785517033e+00  -1.3989904785517033e+00   0.0000000000000000e+00
   7.9541015625000000e-01  -1.1535535524900034e+00  -1.1535535524900034e+00   0.0000000000000000e+00
   7.9638671875000000e-01  -9.0811662642830349e-01  -9.0811662642830349e-01   0.0000000000000000e+00
   7.9736328125000000e-01  -6.6267970036660340e-01  -6.6267970036660340e-01   0.0000000000000000e+00
   7.9833984375000000e-01  -4.1724277430490347e-01  -4.1724277430490347e-01   0.0000000000000000e+00
   7.9931640625000000e-01  -1.7180584824320350e-01  -1.7180584824320350e-01   0.0000000000000000e+00
   8.0029296875000000e-01   7.3631077818496468e-02   7.3631077818496468e-02   0.0000000000000000e+00
   8.0126953125000000e-01   3.1906800388019646e-01   3.1906800388019646e-01   0.0000000000000000e+00
   8.0224609375000000e-01   5.6450492994189638e-01   5.6450492994189638e-01   0.0000000000000000e+00
   8.0322265625000000e-01   8.0994185600362478e-01   8.0994185600362478e-01   0.0000000000000000e+00
   8.0419921875000000e-01   1.0553787820653249e+00   1.0553787820653249e+00   0.0000000000000000e+00
   8.0517578125000000e-01   1.3008157081270249e+00   1.3008157081270249e+00   0.0000000000000000e+00
   8.0615234375000000e-01   1.5462526341887248e+00   1.5462526341887248e+00   0.0000000000000000e+00
   8.0712890625000000e-01   1.7916895602504248e+00   1.7916895602504248e+00   0.0000000000000000e+00
   8.0810546875000000e-01   2.0371264863121246e+00   2.0371264863121246e+00   0.0000000000000000e+00
   8.0908203125000000e-01   2.2825634123738245e+00   2.2825634123738245e+00   0.0000000000000000e+00
   8.1005859375000000e-01   2.5280003384355245e+00   2.5280003384355245e+00   0.0000000000000000e+00
   8.1103515625000000e-01   2.7734372644972245e+00   2.7734372644972245e+00   0.0000000000000000e+00
   8.1201171875000000e-01   3.0188741905589245e+00   3.0188741905589245e+00   0.0000000000000000e+00
   7.5048828125000000e-01   1.2271846303085684e-01   1.2271846303085684e-01   0.0000000000000000e+00
   7.5146484375000000e-01   3.6815538909255685e-01   3.6815538909255685e-01   0.0000000000000000e+00
   7.5244140625000000e-01   6.1359231515425683e-01   6.1359231515425683e-01   0.0000000000000000e+00
   7.5341796875000000e-01   8.5902924121595670e-01   8.5902924121595670e-01   0.0000000000000000e+00
   7.5439453125000000e-01   1.1044661672776568e+00   1.1044661672776568e+00   0.0000000000000000e+00
   7.5537109375000000e-01   1.3499030933393568e+00   1.3499030933393568e+00   0.0000000000000000e+00
   7.5634765625000000e-01   1.5953400194010567e+00   1.5953400194010567e+00   0.0000000000000000e+00
   7.5732421875000000e-01   1.8407769454627567e+00   1.8407769454627567e+00   0.0000000000000000e+00
   7.5830078125000000e-01   2.0862138715244565e+00   2.0862138715244565e+00   0.0000000000000000e+00
   7.5927734375000000e-01   2.3316507975861565e+00   2.3316507975861565e+00   0.0000000000000000e+00
   7.6025390625000000e-01   2.5770877236478564e+00   2.5770877236478564e+00   0.0000000000000000e+00
   7.6123046875000000e-01   2.8225246497095848e+00   2.8225246497095848e+00   0.0000000000000000e+00
   7.6220703125000000e-01   3.0679615757712848e+00   3.0679615757712848e+00   0.0000000000000000e+00
   7.6318359375000000e-01  -2.9697868053466014e+00  -2.9697868053466014e+00   0.0000000000000000e+00
   7.6416015625000000e-01  -2.7243498792849015e+00  -2.7243498792849015e+00   0.0000000000000000e+00
   7.6513671875000000e-01  -2.4789129532232015e+00  -2.4789129532232015e+00   0.0000000000000000e+00
   7.6611328125000000e-01  -2.2334760271615015e+00  -2.2334760271615015e+00   0.0000000000000000e+00
   7.6708984375000000e-01  -1.9880391010998015e+00  -1.9880391010998015e+00   0.0000000000000000e+00
   7.6806640625000000e-01  -1.7426021750381016e+00  -1.7426021750381016e+00   0.0000000000000000e+00
   7.6904296875000000e-01  -1.4971652489764016e+00  -1.4971652489764016e+00   0.0000000000000000e+00
   7.7001953125000000e-01  -1.2517283229147016e+00  -1.2517283229147016e+00   0.0000000000000000e+00
   7.7099609375000000e-01  -1.0062913968530016e+00  -1.0062913968530016e+00   0.0000000000000000e+00
   7.7197265625000000e-01  -7.6085447079127333e-01  -7.6085447079127333e-01   0.0000000000000000e+00
   7.7294921875000000e-01  -5.1541754472957335e-01  -5.1541754472957335e-01   0.0000000000000000e+00
   7.7392578125000000e-01  -2.6998061866787332e-01  -2.6998061866787332e-01   0.0000000000000000e+00
   7.7490234375000000e-01  -2.4543692606173329e-02  -2.4543692606173329e-02   0.0000000000000000e+00
   7.7587890625000000e-01   2.2089323345552664e-01   2.2089323345552664e-01   0.0000000000000000e+00
   7.7685546875000000e-01   4.6633015951722656e-01   4.6633015951722656e-01   0.0000000000000000e+00
   7.7783203125000000e-01   7.1176708557892665e-01   7.1176708557892665e-01   0.0000000000000000e+00
   7.7880859375000000e-01   9.5720401164062663e-01   9.5720401164062663e-01   0.0000000000000000e+00
   7.7978515625000000e-01   1.2026409377023266e+00   1.2026409377023266e+00   0.0000000000000000e+00
   7.8076171875000000e-01   1.4480778637640266e+00   1.4480778637640266e+00   0.0000000000000000e+00
