OPT__FLU_INT_SCHEME,OPT__INT_PHASE,VorPairLin_kx,OPT__REF_FLU_INT_SCHEME,Mean_L1_Error
8,1,1,8,1.4399132175837453e-05
8,1,3,8,0.00011130311692587452
8,1,5,8,0.0006902695173709936
8,1,7,8,0.0017220751587476552
8,1,9,8,0.0033883248258575103
8,1,11,8,0.00688881107722761
8,1,13,8,0.010928544355039739
8,1,15,8,0.02005495544822835
8,1,17,8,0.031040206826214937
8,1,19,8,0.0402458063261948
8,1,21,8,0.054365738849290156
8,1,23,8,0.07780001697904
8,1,25,8,0.10376063084681278
8,1,27,8,0.13927619479477893
8,1,29,8,0.15994804862275688
8,1,31,8,0.14230412940845463
8,1,33,8,0.1276749541112498
8,1,35,8,0.13018557323795027
8,1,37,8,0.12611242779375145
8,1,39,8,0.13899463081461766
8,1,41,8,0.22786396513986945
8,1,43,8,0.3129388816891475
8,1,45,8,0.37569766744661554
8,1,47,8,0.426333035170626
8,1,49,8,0.47786335082308845
8,1,51,8,0.5304951115457245
8,1,53,8,0.584931527280751
8,1,55,8,0.642096395934821
8,1,57,8,0.6966480384812868
8,1,59,8,0.749367343367741
