#                  Coord.                Numerical               Analytical                    Error
   4.8828125000000000e-04   1.7398037111864051e-01   1.7398387338746385e-01   3.5022688233410371e-06
   1.4648437500000000e-03   5.0088746082524538e-01   5.0088538261124083e-01   2.0782140045527697e-06
   2.4414062500000000e-03   7.6713992376038653e-01   7.6713891193582040e-01   1.0118245661328018e-06
   3.4179687500000000e-03   9.4050572064668647e-01   9.4050607059326841e-01   3.4994658193454597e-07
   4.3945312500000000e-03   9.9999529584937707e-01   9.9999529380957619e-01   2.0398008837574366e-09
   5.3710937500000000e-03   9.3840339165620168e-01   9.3840353406310806e-01   1.4240690637823405e-07
   6.3476562500000000e-03   7.6318827201347395e-01   7.6318841726338127e-01   1.4524990732400767e-07
   7.3242187500000000e-03   4.9556532386433066e-01   4.9556526182577254e-01   6.2038558124033472e-08
   8.3007812500000000e-03   1.6793822456315274e-01   1.6793829497473084e-01   7.0411578095841421e-08
   9.2773437500000000e-03  -1.8002268029435742e-01  -1.8002290140569976e-01   2.2111134234670260e-07
   1.0253906250000000e-02  -5.0618628991712800e-01  -5.0618664534515545e-01   3.5542802745425206e-07
   1.1230468750000000e-02  -7.7106094767318156e-01  -7.7106052426181382e-01   4.2341136774481924e-07
   1.2207031250000000e-02  -9.4257354159689988e-01  -9.4257319760144698e-01   3.4399545290053624e-07
   1.3183593750000000e-02  -9.9995765906805467e-01  -9.9995764455196390e-01   1.4516090773852852e-08
   1.4160156250000000e-02  -9.3626651066908939e-01  -9.3626566717027815e-01   8.4349881124268222e-07
   1.5136718750000000e-02  -7.5920687423092048e-01  -7.5920918897838763e-01   2.3147474671469936e-06
   1.6113281250000000e-02  -4.9022958312168280e-01  -4.9022648328829110e-01   3.0998333916953946e-06
   1.7089843750000000e-02  -1.6188402431660245e-01  -1.6188639378011141e-01   2.3694635089555049e-06
   1.8066406250000000e-02   1.8605670144929129e-01   1.8605515166344741e-01   1.5497858438795475e-06
   1.9042968750000000e-02   5.1146796541779549e-01   5.1146885043797063e-01   8.8502017514535680e-07
   2.0019531250000000e-02   7.7495268633708803e-01   7.7495310659487426e-01   4.2025778623777654e-07
   2.0996093750000000e-02   9.4460497252545916e-01   9.4460483726148026e-01   1.3526397890650799e-07
   2.1972656250000000e-02   9.9988234400618248e-01   9.9988234745421256e-01   3.4480300836747801e-09
   2.2949218750000000e-02   9.3409257590556138e-01   9.3409255040425865e-01   2.5501302736152809e-08
   2.3925781250000000e-02   7.5520133007729839e-01   7.5520137689653632e-01   4.6819237931039481e-08
   2.4902343750000000e-02   4.8486944459365505e-01   4.8486924800079134e-01   1.9659286371043194e-07
   2.5878906250000000e-02   1.5582880474652230e-01   1.5582839765426429e-01   4.0709225801460747e-07
   2.6855468750000000e-02  -1.9208104961291836e-01  -1.9208039704989285e-01   6.5256302550498191e-07
   2.7832031250000000e-02  -5.1673268078840395e-01  -5.1673179901764976e-01   8.8177075419082485e-07
   2.8808593750000000e-02  -7.7881552299906098e-01  -7.7881651238147664e-01   9.8938241566148832e-07
   2.9785156250000000e-02  -9.4660013893602990e-01  -9.4660091308328376e-01   7.7414725385693828e-07
   3.0761718750000000e-02  -9.9976932897211324e-01  -9.9976940535121528e-01   7.6379102043055980e-08
   3.1738281250000000e-02  -9.3188555572007425e-01  -9.3188426558166759e-01   1.2901384066621446e-06
   3.2714843750000000e-02  -7.5116354688356957e-01  -7.5116513190968592e-01   1.5850261163574686e-06
   3.3691406250000000e-02  -4.7949237348340307e-01  -4.7949375766015284e-01   1.3841767497746460e-06
   3.4667968750000000e-02  -1.4976555299043201e-01  -1.4976453467732007e-01   1.0183131119445576e-06
   3.5644531250000000e-02   1.9809775895083090e-01   1.9809841071795450e-01   6.5176712360504041e-07
   3.6621093750000000e-02   5.2197564446500067e-01   5.2197529293715472e-01   3.5152784594316699e-07
   3.7597656250000000e-02   7.8265073608575642e-01   7.8265059616657673e-01   1.3991917968692036e-07
   3.8574218750000000e-02   9.4856132730271914e-01   9.4856134991573060e-01   2.2613011463334942e-08
   3.9550781250000000e-02   9.9961882052323714e-01   9.9961882249517853e-01   1.9719413879570880e-09
   4.0527343750000000e-02   9.2964097866851758e-01   9.2964089584318121e-01   8.2825336367164937e-08
   4.1503906250000000e-02   7.4710087992529328e-01   7.4710060598017924e-01   2.7394511403766586e-07
   4.2480468750000000e-02   4.7409962918583687e-01   4.7410021465054936e-01   5.8546471248810406e-07
   4.3457031250000000e-02   1.4369401390972630e-01   1.4369503315029425e-01   1.0192405679454453e-06
   4.4433593750000000e-02  -2.0410742197082868e-01  -2.0410896609281831e-01   1.5441219896328295e-06
   4.5410156250000000e-02  -5.2719709443525220e-01  -5.2719913478190361e-01   2.0403466514107294e-06
   4.6386718750000000e-02  -7.8645741026286631e-01  -7.8645521359908599e-01   2.1966637803183531e-06
   4.7363281250000000e-02  -9.5048496869703891e-01  -9.5048607394948226e-01   1.1052524433452504e-06
   4.8339843750000000e-02  -9.9943052353545625e-01  -9.9943060455546184e-01   8.1020005593401834e-08
   4.9316406250000000e-02  -9.2736193547005230e-01  -9.2736252565040089e-01   5.9018034859192881e-07
   5.0292968750000000e-02  -7.4300864144830681e-01  -7.4300795213512050e-01   6.8931318630838234e-07
   5.1269531250000000e-02  -4.6868940942364068e-01  -4.6868882203582840e-01   5.8738781227862802e-07
   5.2246093750000000e-02  -1.3761971338106455e-01  -1.3762012158648532e-01   4.0820542077102395e-07
   5.3222656250000000e-02   2.1011205664647889e-01   2.1011183688047155e-01   2.1976600733664142e-07
   5.4199218750000000e-02   5.3240306741570731e-01   5.3240312787719768e-01   6.0461490369867477e-08
   5.5175781250000000e-02   7.9023026520788375e-01   7.9023022143731059e-01   4.3770573165957671e-08
   5.6152343750000000e-02   9.5237494417660351e-01   9.5237501271976654e-01   6.8543163034284760e-08
   5.7128906250000000e-02   9.9920477505097904e-01   9.9920475861836389e-01   1.6432615157491171e-08
   5.8105468750000000e-02   9.2504898820501569e-01   9.2504924078267714e-01   2.5257766145259097e-07
   5.9082031250000000e-02   7.3888663046414127e-01   7.3888732446061356e-01   6.9399647228962635e-07
   6.0058593750000000e-02   4.6326118141432227e-01   4.6325978355186020e-01   1.3978624620603064e-06
   6.1035156250000000e-02   1.3154240897420724e-01   1.3154002870288187e-01   2.3802713253751051e-06
   6.2011718750000000e-02  -2.1611026954344850e-01  -2.1610679707622196e-01   3.4724672265395995e-06
   6.2988281250000000e-02  -5.3758407741385750e-01  -5.3758707629564562e-01   2.9988817881188012e-06
   6.3964843750000000e-02  -7.9397693732183228e-01  -7.9397547755433806e-01   1.4597674942162797e-06
   6.4941406250000000e-02  -9.5422856685469681e-01  -9.5422809510910644e-01   4.7174559036911035e-07
   6.5917968750000000e-02  -9.9894134056634065e-01  -9.9894129318685687e-01   4.7379483780751741e-08
   6.6894531250000000e-02  -9.2270138468059593e-01  -9.2270112833387796e-01   2.5634671796392894e-07
   6.7871093750000000e-02  -7.3473859852969514e-01  -7.3473887809596150e-01   2.7956626635905479e-07
   6.8847656250000000e-02  -4.5781310375521189e-01  -4.5781330359887673e-01   1.9984366483871696e-07
   6.9824218750000000e-02  -1.2545505427326076e-01  -1.2545498341154446e-01   7.0861716300330002e-08
   7.0800781250000000e-02   2.2209369061537049e-01   2.2209362097320648e-01   6.9642164007843732e-08
   7.1777343750000000e-02   5.4275059607001785e-01   5.4275078486451656e-01   1.8879449870112808e-07
   7.2753906250000000e-02   7.9769059240344509e-01   7.9769084094339227e-01   2.4853994717854988e-07
   7.3730468750000000e-02   9.5604544632436572e-01   9.5604525134999740e-01   1.9497436831716897e-07
   7.4707031250000000e-02   9.9864016448777682e-01   9.9864021818026516e-01   5.3692488344303513e-08
   7.5683593750000000e-02   9.2031889371171227e-01   9.2031827670910971e-01   6.1700260256536410e-07
   7.6660156250000000e-02   7.3056440883040641e-01   7.3056276922782526e-01   1.6396025811493686e-06
   7.7636718750000000e-02   4.5234641539061465e-01   4.5234958723376995e-01   3.1718431552918425e-06
   7.8613281250000000e-02   1.1936874589249032e-01   1.1936521481098908e-01   3.5310815012373764e-06
   7.9589843750000000e-02  -2.2807442102195558e-01  -2.2807208317088573e-01   2.3378510698446320e-06
   8.0566406250000000e-02  -5.4789537868199500e-01  -5.4789405917310119e-01   1.3195088938156019e-06
   8.1542968750000000e-02  -8.0137555565962804e-01  -8.0137617172314168e-01   6.1606351364762446e-07
   8.2519531250000000e-02  -9.5782622195710365e-01  -9.5782641302753291e-01   1.9107042925625706e-07
   8.3496093750000000e-02  -9.9830152092401803e-01  -9.9830154493389278e-01   2.4009874755037686e-08
   8.4472656250000000e-02  -9.1790068642491685e-01  -9.1790077562138939e-01   8.9196472541352989e-08
   8.5449218750000000e-02  -7.2635920417655109e-01  -7.2635915508434579e-01   4.9092205300915737e-08
   8.6425781250000000e-02  -4.4686877626470545e-01  -4.4686884016237277e-01   6.3897667323953300e-08
   8.7402343750000000e-02  -1.1327117551464355e-01  -1.1327095217756154e-01   2.2333708200872326e-07
   8.8378906250000000e-02   2.3404155790297668e-01   2.3404195858354393e-01   4.0068056725295342e-07
   8.9355468750000000e-02   5.5301725959214232e-01   5.5301670558002902e-01   5.5401211329630939e-07
   9.0332031250000000e-02   8.0503194212973006e-01   8.0503133114296332e-01   6.1098676673587704e-07
   9.1308593750000000e-02   9.5957106911844692e-01   9.5957151308198574e-01   4.4396353882092399e-07
   9.2285156250000000e-02   9.9792544078714063e-01   9.9792528619859588e-01   1.5458854474292849e-07
   9.3261718750000000e-02   9.1544728481966564e-01   9.1544871608826794e-01   1.4312686023032484e-06
   1.0986328125000000e-01   9.9706034284669331e-01   9.9706007033948274e-01   2.7250721057470173e-07
   1.1083984375000000e-01   9.1044029905382373e-01   9.1044129225806691e-01   9.9320424318261047e-07
   1.1181640625000000e-01   7.1358376375360955e-01   7.1358486878078975e-01   1.1050271802037770e-06
   1.1279296875000000e-01   4.3032741102932348e-01   4.3032648134007978e-01   9.2968924370051553e-07
   1.1376953125000000e-01   9.4964157269436980e-02   9.4963495329638159e-02   6.6193979882112064e-07
   1.1474609375000000e-01  -2.5189821699144838e-01  -2.5189781815422241e-01   3.9883722596778526e-07
   1.1572265625000000e-01  -5.6825913763340363e-01  -5.6825895267013427e-01   1.8496326936734420e-07
   1.1669921875000000e-01  -8.1581436950007302e-01  -8.1581441080673434e-01   4.1306661313633697e-08
   1.1767578125000000e-01  -9.6458981212875450e-01  -9.6458979328981431e-01   1.8838940185617048e-08
   1.1865234375000000e-01  -9.9657116438919757e-01  -9.9657114579055450e-01   1.8598643070077969e-08
   1.1962890625000000e-01  -9.0788628925808323e-01  -9.0788611648766571e-01   1.7277041752805644e-07
   1.2060546875000000e-01  -7.0927235769640318e-01  -7.0927282643886147e-01   4.6874245829275907e-07
   1.2158203125000000e-01  -4.2477874881742700e-01  -4.2477968120910553e-01   9.3239167853198524e-07
   1.2255859375000000e-01  -8.8855123670963126e-02  -8.8853552582523240e-02   1.5710884398861813e-06
   1.2353515625000000e-01   2.5782878220829708e-01   2.5783110216216498e-01   2.3199538679019582e-06
   1.2451171875000000e-01   5.7330008071197180e-01   5.7329716669804531e-01   2.9140139264915987e-06
   9.4238281250000000e-02   7.2213065417324429e-01   7.2212819392921224e-01   2.4602440320542485e-06
   9.5214843750000000e-02   4.4136911413257907e-01   4.4137126873171478e-01   2.1545991357174721e-06
   9.6191406250000000e-02   1.0717085671406268e-01   1.0717242495680905e-01   1.5682427463720172e-06
   9.7167968750000000e-02  -2.4000202262218642e-01  -2.4000302244874594e-01   9.9982655951680321e-07
   9.8144531250000000e-02  -5.5811797947495956e-01  -5.5811853122055799e-01   5.5174559843162996e-07
   9.9121093750000000e-02  -8.0865642403467608e-01  -8.0865618158817498e-01   2.4244650109750410e-07
   1.0009765625000000e-01  -9.6128054775537275e-01  -9.6128048581132197e-01   6.1944050777640314e-08
   1.0107421875000000e-01  -9.9751146117616263e-01  -9.9751145614030323e-01   5.0358593961519205e-09
   1.0205078125000000e-01  -9.1296216128343155e-01  -9.1296219042839810e-01   2.9144966551264417e-08
   1.0302734375000000e-01  -7.1787020154502856e-01  -7.1787004505572827e-01   1.5648930029588115e-07
   1.0400390625000000e-01  -4.3585745084284516e-01  -4.3585707992225314e-01   3.7092059201881966e-07
   1.0498046875000000e-01  -1.0106920121488734e-01  -1.0106986275482750e-01   6.6153994016104889e-07
   1.0595703125000000e-01   2.4595604862659606e-01   2.4595505033579956e-01   9.9829079650004537e-07
   1.0693359375000000e-01   5.6319804063432177e-01   5.6319934401383642e-01   1.3033795146499827e-06
   1.0791015625000000e-01   8.1224918597974649e-01   8.1225058658520422e-01   1.4006054577242466e-06
   1.0888671875000000e-01   9.6295422594565616e-01   9.6295326687368532e-01   9.5907197084077467e-07
   2.3486328125000000e-01   6.5084938512719659e-01   6.5084668499638199e-01   2.7001308146035186e-06
   2.3583984375000000e-01   3.5129050798385553e-01   3.5129275608555732e-01   2.2481017017961236e-06
   2.3681640625000000e-01   9.2021775215360112e-03   9.2037547820516593e-03   1.5772605156481184e-06
   2.3779296875000000e-01  -3.3399868065831961e-01  -3.3399965144201493e-01   9.7078369531988784e-07
   2.3876953125000000e-01  -6.3676134852340593e-01  -6.3676186123628697e-01   5.1271288104004498e-07
   2.3974609375000000e-01  -8.6242416472403161e-01  -8.6242395611104117e-01   2.0861299043772874e-07
   2.4072265625000000e-01  -9.8366245967793575e-01  -9.8366241921173003e-01   4.0466205719624782e-08
   2.4169921875000000e-01  -9.8579752116272912e-01  -9.8579750916756559e-01   1.1995163529121555e-08
   2.4267578125000000e-01  -8.6857067057508752e-01  -8.6857070597133668e-01   3.5396249153940573e-08
   2.4365234375000000e-01  -6.4617618453565850e-01  -6.4617601298331162e-01   1.7155234688370768e-07
   2.4462890625000000e-01  -3.4554171170515768e-01  -3.4554132496398543e-01   3.8674117225356852e-07
   2.4560546875000000e-01  -3.0672918212129694e-03  -3.0679567629643988e-03   6.6494175142949030e-07
   2.4658203125000000e-01   3.3977785306120373e-01   3.3977688440682619e-01   9.6865437754223294e-07
   2.4755859375000000e-01   6.4147980277860661e-01   6.4148101280859171e-01   1.2100299850992258e-06
   2.4853515625000000e-01   8.6551242139440387e-01   8.6551362409057353e-01   1.2026961696554039e-06
   2.4951171875000000e-01   9.8474912057104103e-01   9.8474850180190532e-01   6.1876913570735326e-07
   2.1923828125000000e-01   2.1477635965036275e-02   2.1474080275462396e-02   3.5556895738794725e-06
   2.2021484375000000e-01  -3.2240995171715359e-01  -3.2240767880107440e-01   2.2729160791823411e-06
   2.2119140625000000e-01  -6.2725304394291737e-01  -6.2725181549514608e-01   1.2284477712842801e-06
   2.2216796875000000e-01  -8.5614679617765344e-01  -8.5614732837519458e-01   5.3219754114763873e-07
   2.2314453125000000e-01  -9.8137906559066546e-01  -9.8137919331375412e-01   1.2772308866093596e-07
   2.2412109375000000e-01  -9.8778407742343410e-01  -9.8778414164457062e-01   6.4221136519826416e-08
   2.2509765625000000e-01  -8.7458654328740693e-01  -8.7458665227817245e-01   1.0899076552384201e-07
   2.2607421875000000e-01  -6.5549290694064810e-01  -6.5549285299961146e-01   5.3941036637361606e-08
   2.2705078125000000e-01  -3.5703089451492792e-01  -3.5703096123342737e-01   6.6718499447393498e-08
   2.2802734375000000e-01  -1.5339431042298984e-02  -1.5339206284987569e-02   2.2475731141502475e-07
   2.2900390625000000e-01   3.2820945428214865e-01   3.2820984357909083e-01   3.8929694218259314e-07
   2.2998046875000000e-01   6.3201925124077829e-01   6.3201873593981683e-01   5.1530096145668836e-07
   2.3095703125000000e-01   8.5930234513319892e-01   8.5930181835701236e-01   5.2677618656016278e-07
   2.3193359375000000e-01   9.8253900881634038e-01   9.8253930228744224e-01   2.9347110186428438e-07
   2.3291015625000000e-01   9.8680979052250917e-01   9.8680940181418497e-01   3.8870832419490853e-07
   2.3388671875000000e-01   8.7159334315510661e-01   8.7159508665595065e-01   1.7435008440314093e-06
   2.0361328125000000e-01  -6.1764451089819505e-01  -6.1764730793780509e-01   2.7970396100363004e-06
   2.0458984375000000e-01  -8.4974303387494010e-01  -8.4974176800085199e-01   1.2658740881077435e-06
   2.0556640625000000e-01  -9.7894849726449285e-01  -9.7894817531906442e-01   3.2194542842756135e-07
   2.0654296875000000e-01  -9.8962216545836346e-01  -9.8962201746319955e-01   1.4799516390162637e-07
   2.0751953125000000e-01  -8.8047120430246717e-01  -8.8047088905215776e-01   3.1525030941281784e-07
   2.0849609375000000e-01  -6.6471067030313413e-01  -6.6471097820334180e-01   3.0790020766335857e-07
   2.0947265625000000e-01  -3.6846662098516703e-01  -3.6846682995337066e-01   2.0896820362992230e-07
   2.1044921875000000e-01  -2.7608217177769720e-02  -2.7608145778966253e-02   7.1398803466737881e-08
   2.1142578125000000e-01   3.1659344330812050e-01   3.1659337555617667e-01   6.7751943833016526e-08
   2.1240234375000000e-01   6.2246110344699890e-01   6.2246127937415707e-01   1.7592715817471571e-07
   2.1337890625000000e-01   8.5296038981031297e-01   8.5296060493036718e-01   2.1512005421442382e-07
   2.1435546875000000e-01   9.8018226769242511e-01   9.8018213596811832e-01   1.3172430679553315e-07
   2.1533203125000000e-01   9.8872153771294990e-01   9.8872169196032345e-01   1.5424737354052809e-07
   2.1630859375000000e-01   8.7754604652478962e-01   8.7754529020726135e-01   7.5631752827209908e-07
   2.1728515625000000e-01   6.6011614571478416e-01   6.6011434206741171e-01   1.8036473724558633e-06
   2.1826171875000000e-01   3.6275241010948694e-01   3.6275572436738845e-01   3.3142579015099649e-06
   1.8798828125000000e-01  -9.7636896273790152e-01  -9.7636973133002336e-01   7.6859212183588710e-07
   1.8896484375000000e-01  -9.9131054399782925e-01  -9.9131085984611444e-01   3.1584828519282127e-07
   1.8994140625000000e-01  -8.8622179943546597e-01  -8.8622253014887820e-01   7.3071341222252784e-07
   1.9091796875000000e-01  -6.7382976137991690e-01  -6.7382900037875382e-01   7.6100116308541743e-07
   1.9189453125000000e-01  -3.7984782403071354e-01  -3.7984720892405049e-01   6.1510666304886996e-07
   1.9287109375000000e-01  -3.9872515788714903e-02  -3.9872927587741365e-02   4.1179902646182320e-07
   1.9384765625000000e-01   3.0492944381385872e-01   3.0492922973541225e-01   2.1407844646992302e-07
   1.9482421875000000e-01   6.1281002598640566e-01   6.1281008242941604e-01   5.6443010376661107e-08
   1.9580078125000000e-01   8.4649097680148200e-01   8.4649093877405512e-01   3.8027426874087666e-08
   1.9677734375000000e-01   9.7767731059475704e-01   9.7767735782451071e-01   4.7229753663557972e-08
   1.9775390625000000e-01   9.9048514097330664e-01   9.9048508425645687e-01   5.6716849772264766e-08
   1.9873046875000000e-01   8.8336302701330416e-01   8.8336333866573213e-01   3.1165242797559500e-07
   1.9970703125000000e-01   6.6928182310078244e-01   6.6928258834662813e-01   7.6524584569082066e-07
   2.0068359375000000e-01   3.7416552572525985e-01   3.7416406297145022e-01   1.4627538096334547e-06
   2.0166015625000000e-01   3.3743571619580165e-02   3.3741171851371515e-02   2.3997682086496219e-06
   2.0263671875000000e-01  -3.1077053316075737e-01  -3.1076715274961508e-01   3.3804111422841565e-06
   1.7236328125000000e-01  -8.9184231817245285e-01  -8.9184070939234072e-01   1.6087801121278389e-06
   1.7333984375000000e-01  -6.8284379220311064e-01  -6.8284554638524664e-01   1.7541821359934318e-06
   1.7431640625000000e-01  -3.9116893265860991e-01  -3.9117038430224760e-01   1.4516436376843522e-06
   1.7529296875000000e-01  -5.2132733208820295e-02  -5.2131704680278827e-02   1.0285285414676770e-06
   1.7626953125000000e-01   2.9321852697681239e-01   2.9321916269426074e-01   6.3571744834955979e-07
   1.7724609375000000e-01   6.0306692729003941e-01   6.0306659854035383e-01   3.2874968558527229e-07
   1.7822265625000000e-01   8.3989391619755394e-01   8.3989379419600207e-01   1.2200155186103956e-07
   1.7919921875000000e-01   9.7502532920372598e-01   9.7502534506699468e-01   1.5863268698623756e-08
   1.8017578125000000e-01   9.9209930418144110e-01   9.9209931314219180e-01   8.9607506970068584e-09
   1.8115234375000000e-01   8.8904845876363825e-01   8.8904835585466557e-01   1.0290897267672960e-07
   1.8212890625000000e-01   6.7835034593534715e-01   6.7835004312985436e-01   3.0280549279115831e-07
   1.8310546875000000e-01   3.8551544029843565e-01   3.8551605384391208e-01   6.1354547642444857e-07
   1.8408203125000000e-01   4.6002153292199914e-02   4.6003182130909606e-02   1.0288387096921148e-06
   1.8505859375000000e-01  -2.9907832117759398e-01  -2.9907982630804308e-01   1.5051304491087159e-06
   1.8603515625000000e-01  -6.0794787852331189e-01  -6.0794978496777397e-01   1.9064444620742194e-06
   1.8701171875000000e-01  -8.4321015157025814e-01  -8.4320823964184444e-01   1.9119284137003589e-06
   1.5673828125000000e-01  -4.0243790665922063e-01  -4.0243465085941316e-01   3.2557998074778105e-06
   1.5771484375000000e-01  -6.4380234775885031e-02  -6.4382630929854009e-02   2.3961539689781874e-06
   1.5869140625000000e-01   2.8146645148376120e-01   2.8146493792575911e-01   1.5135580020975148e-06
   1.5966796875000000e-01   5.9323146591433285e-01   5.9323229503980457e-01   8.2912547172409035e-07
   1.6064453125000000e-01   8.3316979697611016e-01   8.3317016470191518e-01   3.6772580502830721e-07
   1.6162109375000000e-01   9.7222659353380847e-01   9.7222649707893660e-01   9.6454871867379666e-08
   1.6259765625000000e-01   9.9356411005909662e-01   9.9356413552059464e-01   2.5461498021073226e-08
   1.6357421875000000e-01   8.9459951754944667e-01   8.9459948563138103e-01   3.1918065634961579e-08
   1.6455078125000000e-01   6.8731528901082373e-01   6.8731534089175805e-01   5.1880934326398176e-08
   1.6552734375000000e-01   3.9681019374588866e-01   3.9680998741670453e-01   2.0632918412699652e-07
   1.6650390625000000e-01   5.8258675927202873e-02   5.8258264500431790e-02   4.1142677108252368e-07
   1.6748046875000000e-01  -2.8734809644643750e-01  -2.8734745954473112e-01   6.3690170637453747e-07
   1.6845703125000000e-01  -5.9816153235665015e-01  -5.9816070699634749e-01   8.2536030265867311e-07
   1.6943359375000000e-01  -8.3654686301418812e-01  -8.3654772722351423e-01   8.6420932610131729e-07
   1.7041015625000000e-01  -9.7364370201602968e-01  -9.7364424965081231e-01   5.4763478263275545e-07
   1.7138671875000000e-01  -9.9284998993002005e-01  -9.9285041445986433e-01   4.2452984427843177e-07
   1.4111328125000000e-01   2.6966490081846201e-01   2.6966832557291520e-01   3.4247544531962326e-06
   1.4208984375000000e-01   5.8331060325969997e-01   5.8330865293770229e-01   1.9503219976790831e-06
   1.4306640625000000e-01   8.2632195119434293e-01   8.2632106284566498e-01   8.8834867795206662e-07
   1.4404296875000000e-01   9.6928098203978419e-01   9.6928123535654853e-01   2.5331676434259265e-07
   1.4501953125000000e-01   9.9487939800047176e-01   9.9487933079480506e-01   6.7205666698377797e-08
   1.4599609375000000e-01   9.0001571238771572e-01   9.0001589201615906e-01   1.7962844334196149e-07
   1.4697265625000000e-01   6.9617697012589730e-01   6.9617713149146265e-01   1.6136556535428781e-07
   1.4794921875000000e-01   4.0804422807424012e-01   4.0804416286497391e-01   6.5209266209009797e-08
   1.4892578125000000e-01   7.0504502141352732e-02   7.0504573389610942e-02   7.1248258209921644e-08
   1.4990234375000000e-01  -2.7557160323071050e-01  -2.7557181931095875e-01   2.1608024824981698e-07
   1.5087890625000000e-01  -5.8828121495375241e-01  -5.8828154822264966e-01   3.3326889725682207e-07
   1.5185546875000000e-01  -8.2976160491240136e-01  -8.2976123379452482e-01   3.7111787654087180e-07
   1.5283203125000000e-01  -9.7077238791452813e-01  -9.7077214072895046e-01   2.4718557767311466e-07
   1.5380859375000000e-01  -9.9424061849794820e-01  -9.9424044945318735e-01   1.6904476085599640e-07
   1.5478515625000000e-01  -8.9732564049505481e-01  -8.9732458070541687e-01   1.0597896379360705e-06
   1.5576171875000000e-01  -6.9175669010372753e-01  -6.9175925836415708e-01   2.5682604295473865e-06
   1.2548828125000000e-01   8.1934548113460781e-01   8.1934752007679790e-01   2.0389421900857130e-06
   1.2646484375000000e-01   9.6619062253002763e-01   9.6619000344541239e-01   6.1908461523874081e-07
   1.2744140625000000e-01   9.9604456074887737e-01   9.9604470090125163e-01   1.4015237426168170e-07
   1.2841796875000000e-01   9.0529719681057008e-01   9.0529675931811804e-01   4.3749245204338649e-07
   1.2939453125000000e-01   7.0493455200307087e-01   7.0493408037590533e-01   4.7162716554360884e-07
   1.3037109375000000e-01   4.1921651419902162e-01   4.1921688836322013e-01   3.7416419851332705e-07
   1.3134765625000000e-01   8.2740040536341625e-02   8.2740264549373804e-02   2.2401303217955970e-07
   1.3232421875000000e-01  -2.6375461007800988e-01  -2.6375467897483096e-01   6.8896821081576576e-08
   1.3330078125000000e-01  -5.7831385468202012e-01  -5.7831379641165914e-01   5.8270360980827718e-08
   1.3427734375000000e-01  -8.2284965364042373e-01  -8.2284978137582754e-01   1.2773540380983661e-07
   1.3525390625000000e-01  -9.6775373327956482e-01  -9.6775383709347540e-01   1.0381391057912026e-07
   1.3623046875000000e-01  -9.9548069234621661e-01  -9.9548075549192649e-01   6.3145709883194456e-08
   1.3720703125000000e-01  -9.0267287503102345e-01  -9.0267331823725783e-01   4.4320623437954509e-07
   1.3818359375000000e-01  -7.0056991949931069e-01  -7.0056879394324845e-01   1.1255560622425165e-06
   1.3916015625000000e-01  -4.1364049833015509e-01  -4.1363831223843023e-01   2.1860917248650580e-06
   1.4013671875000000e-01  -7.6620315337547984e-02  -7.6623861392029091e-02   3.5460544811072303e-06
   3.5986328125000000e-01  -7.6620315337613959e-02  -7.6623861392032755e-02   3.5460544187959631e-06
   3.6083984375000000e-01  -4.1364049833010214e-01  -4.1363831223843361e-01   2.1860916685212395e-06
   3.6181640625000000e-01  -7.0056991949927194e-01  -7.0056879394324600e-01   1.1255560259382236e-06
   3.6279296875000000e-01  -9.0267287503103799e-01  -9.0267331823725638e-01   4.4320621839233354e-07
   3.6376953125000000e-01  -9.9548069234621950e-01  -9.9548075549192894e-01   6.3145709439105246e-08
   3.6474609375000000e-01  -9.6775373327955672e-01  -9.6775383709347085e-01   1.0381391413183394e-07
   3.6572265625000000e-01  -8.2284965364040008e-01  -8.2284978137581732e-01   1.2773541724353521e-07
   3.6669921875000000e-01  -5.7831385468202967e-01  -5.7831379641164449e-01   5.8270385183689655e-08
   3.6767578125000000e-01  -2.6375461007802442e-01  -2.6375467897482058e-01   6.8896796157069673e-08
   3.6865234375000000e-01   8.2740040536372295e-02   8.2740264549384560e-02   2.2401301226493420e-07
   3.6962890625000000e-01   4.1921651419903744e-01   4.1921688836322996e-01   3.7416419251812272e-07
   3.7060546875000000e-01   7.0493455200308641e-01   7.0493408037590799e-01   4.7162717842219593e-07
   3.7158203125000000e-01   9.0529719681058496e-01   9.0529675931811959e-01   4.3749246536606279e-07
   3.7255859375000000e-01   9.9604456074887371e-01   9.9604470090125197e-01   1.4015237825848459e-07
   3.7353515625000000e-01   9.6619062253004240e-01   9.6619000344541328e-01   6.1908462911652862e-07
   3.7451171875000000e-01   8.1934548113457895e-01   8.1934752007679978e-01   2.0389422208388908e-06
   3.4423828125000000e-01  -6.9175669010377583e-01  -6.9175925836416485e-01   2.5682603890242461e-06
   3.4521484375000000e-01  -8.9732564049503416e-01  -8.9732458070542154e-01   1.0597896126229855e-06
   3.4619140625000000e-01  -9.9424061849794354e-01  -9.9424044945318846e-01   1.6904475508283667e-07
   3.4716796875000000e-01  -9.7077238791451803e-01  -9.7077214072894957e-01   2.4718556845826356e-07
   3.4814453125000000e-01  -8.2976160491238493e-01  -8.2976123379452271e-01   3.7111786221899479e-07
   3.4912109375000000e-01  -5.8828121495373320e-01  -5.8828154822263523e-01   3.3326890203078108e-07
   3.5009765625000000e-01  -2.7557160323067831e-01  -2.7557181931094837e-01   2.1608027006569941e-07
   3.5107421875000000e-01   7.0504502141335454e-02   7.0504573389621697e-02   7.1248286243053016e-08
   3.5205078125000000e-01   4.0804422807422408e-01   4.0804416286498374e-01   6.5209240340813324e-08
   3.5302734375000000e-01   6.9617697012592128e-01   6.9617713149146532e-01   1.6136554403800574e-07
   3.5400390625000000e-01   9.0001571238772571e-01   9.0001589201616061e-01   1.7962843490426650e-07
   3.5498046875000000e-01   9.9487939800047487e-01   9.9487933079480695e-01   6.7205667919623124e-08
   3.5595703125000000e-01   9.6928098203977331e-01   9.6928123535654587e-01   2.5331677255824303e-07
   3.5693359375000000e-01   8.2632195119436380e-01   8.2632106284565887e-01   8.8834870493048612e-07
   3.5791015625000000e-01   5.8331060325973660e-01   5.8330865293769352e-01   1.9503220430872048e-06
   3.5888671875000000e-01   2.6966490081839900e-01   2.6966832557291165e-01   3.4247545126486756e-06
   3.2861328125000000e-01  -9.9284998993002604e-01  -9.9285041445986555e-01   4.2452983950447276e-07
   3.2958984375000000e-01  -9.7364370201603767e-01  -9.7364424965081153e-01   5.4763477386199355e-07
   3.3056640625000000e-01  -8.3654686301420056e-01  -8.3654772722350446e-01   8.6420930389685680e-07
   3.3154296875000000e-01  -5.9816153235661307e-01  -5.9816070699633317e-01   8.2536027989910110e-07
   3.3251953125000000e-01  -2.8734809644641407e-01  -2.8734745954472080e-01   6.3690169327390578e-07
   3.3349609375000000e-01   5.8258675927217146e-02   5.8258264500442553e-02   4.1142677459360399e-07
   3.3447265625000000e-01   3.9681019374591003e-01   3.9680998741671447e-01   2.0632919556229368e-07
   3.3544921875000000e-01   6.8731528901080874e-01   6.8731534089176072e-01   5.1880951978944267e-08
   3.3642578125000000e-01   8.9459951754944123e-01   8.9459948563138902e-01   3.1918052201262981e-08
   3.3740234375000000e-01   9.9356411005910183e-01   9.9356413552059664e-01   2.5461494801426454e-08
   3.3837890625000000e-01   9.7222659353380425e-01   9.7222649707893405e-01   9.6454870202045129e-08
   3.3935546875000000e-01   8.3316979697609905e-01   8.3317016470190919e-01   3.6772581013533312e-07
   3.4033203125000000e-01   5.9323146591430564e-01   5.9323229503979591e-01   8.2912549026481486e-07
   3.4130859375000000e-01   2.8146645148380073e-01   2.8146493792575555e-01   1.5135580451741681e-06
   3.4228515625000000e-01  -6.4380234775841386e-02  -6.4382630929871856e-02   2.3961540304706652e-06
   3.4326171875000000e-01  -4.0243790665929641e-01  -4.0243465085942953e-01   3.2557998668747423e-06
   3.1298828125000000e-01  -8.4321015157022605e-01  -8.4320823964183866e-01   1.9119283873880732e-06
   3.1396484375000000e-01  -6.0794787852334264e-01  -6.0794978496776542e-01   1.9064444227723243e-06
   3.1494140625000000e-01  -2.9907832117762434e-01  -2.9907982630803276e-01   1.5051304084190420e-06
   3.1591796875000000e-01   4.6002153292238751e-02   4.6003182130920382e-02   1.0288386816312278e-06
   3.1689453125000000e-01   3.8551544029845486e-01   3.8551605384392207e-01   6.1354546720959746e-07
   3.1787109375000000e-01   6.7835034593536059e-01   6.7835004312986236e-01   3.0280549823125114e-07
   3.1884765625000000e-01   8.8904845876365257e-01   8.8904835585467057e-01   1.0290898200260301e-07
   3.1982421875000000e-01   9.9209930418143855e-01   9.9209931314219313e-01   8.9607545827874446e-09
   3.2080078125000000e-01   9.7502532920372953e-01   9.7502534506699223e-01   1.5863262703419423e-08
   3.2177734375000000e-01   8.3989391619753817e-01   8.3989379419599619e-01   1.2200154198005464e-07
   3.2275390625000000e-01   6.0306692729003020e-01   6.0306659854034517e-01   3.2874968503016078e-07
   3.2373046875000000e-01   2.9321852697679729e-01   2.9321916269425724e-01   6.3571745995139040e-07
   3.2470703125000000e-01  -5.2132733208862303e-02  -5.2131704680296688e-02   1.0285285656150278e-06
   3.2568359375000000e-01  -3.9116893265858932e-01  -3.9117038430226408e-01   1.4516436747658013e-06
   3.2666015625000000e-01  -6.8284379220308533e-01  -6.8284554638525452e-01   1.7541821691891002e-06
   3.2763671875000000e-01  -8.9184231817247850e-01  -8.9184070939234561e-01   1.6087801328890095e-06
   2.9736328125000000e-01  -3.1077053316069730e-01  -3.1076715274960481e-01   3.3804110924906539e-06
   2.9833984375000000e-01   3.3743571619538885e-02   3.3741171851382298e-02   2.3997681565871010e-06
   2.9931640625000000e-01   3.7416552572522965e-01   3.7416406297146021e-01   1.4627537694433812e-06
   3.0029296875000000e-01   6.6928182310081219e-01   6.6928258834663612e-01   7.6524582393044938e-07
   3.0126953125000000e-01   8.8336302701331426e-01   8.8336333866573724e-01   3.1165242297959139e-07
   3.0224609375000000e-01   9.9048514097330886e-01   9.9048508425645843e-01   5.6716850438398581e-08
   3.0322265625000000e-01   9.7767731059475027e-01   9.7767735782450849e-01   4.7229758215472373e-08
   3.0419921875000000e-01   8.4649097680149088e-01   8.4649093877404935e-01   3.8027441529031591e-08
   3.0517578125000000e-01   6.1281002598641954e-01   6.1281008242940749e-01   5.6442987950156009e-08
   3.0615234375000000e-01   3.0492944381382936e-01   3.0492922973540199e-01   2.1407842737408700e-07
   3.0712890625000000e-01  -3.9872515788732549e-02  -3.9872927587752141e-02   4.1179901959231824e-07
   3.0810546875000000e-01  -3.7984782403073392e-01  -3.7984720892406043e-01   6.1510667348496639e-07
   3.0908203125000000e-01  -6.7382976137994610e-01  -6.7382900037876181e-01   7.6100118429067720e-07
   3.1005859375000000e-01  -8.8622179943545110e-01  -8.8622253014888319e-01   7.3071343209551998e-07
   3.1103515625000000e-01  -9.9131054399782459e-01  -9.9131085984611578e-01   3.1584829118802560e-07
   3.1201171875000000e-01  -9.7636896273788709e-01  -9.7636973133002103e-01   7.6859213393731807e-07
   2.8173828125000000e-01   3.6275241010954618e-01   3.6275572436739850e-01   3.3142578523270849e-06
   2.8271484375000000e-01   6.6011614571475274e-01   6.6011434206741981e-01   1.8036473329319236e-06
   2.8369140625000000e-01   8.7754604652477375e-01   8.7754529020726657e-01   7.5631750717786161e-07
   2.8466796875000000e-01   9.8872153771295612e-01   9.8872169196032511e-01   1.5424736898861369e-07
   2.8564453125000000e-01   9.8018226769242067e-01   9.8018213596811610e-01   1.3172430457508710e-07
   2.8662109375000000e-01   8.5296038981030364e-01   8.5296060493036152e-01   2.1512005787815980e-07
   2.8759765625000000e-01   6.2246110344697347e-01   6.2246127937414863e-01   1.7592717516112799e-07
   2.8857421875000000e-01   3.1659344330813649e-01   3.1659337555616646e-01   6.7751970034279907e-08
   2.8955078125000000e-01  -2.7608217177752952e-02  -2.7608145778977033e-02   7.1398775919329083e-08
   2.9052734375000000e-01  -3.6846662098519639e-01  -3.6846682995338070e-01   2.0896818431204167e-07
   2.9150390625000000e-01  -6.6471067030314768e-01  -6.6471097820334990e-01   3.0790020222326575e-07
   2.9248046875000000e-01  -8.8047120430247749e-01  -8.8047088905216286e-01   3.1525031463086606e-07
   2.9345703125000000e-01  -9.8962216545836901e-01  -9.8962201746320111e-01   1.4799516789842926e-07
   2.9443359375000000e-01  -9.7894849726449984e-01  -9.7894817531906220e-01   3.2194543764241246e-07
   2.9541015625000000e-01  -8.4974303387496264e-01  -8.4974176800084633e-01   1.2658741163074083e-06
   2.9638671875000000e-01  -6.1764451089814498e-01  -6.1764730793779654e-01   2.7970396515586415e-06
   2.6611328125000000e-01   8.7159334315513837e-01   8.7159508665595586e-01   1.7435008174970790e-06
   2.6708984375000000e-01   9.8680979052250195e-01   9.8680940181418675e-01   3.8870831520210203e-07
   2.6806640625000000e-01   9.8253900881634559e-01   9.8253930228744024e-01   2.9347109464783472e-07
   2.6904296875000000e-01   8.5930234513317860e-01   8.5930181835700692e-01   5.2677617168317425e-07
   2.7001953125000000e-01   6.3201925124076175e-01   6.3201873593980851e-01   5.1530095324103797e-07
   2.7099609375000000e-01   3.2820945428213183e-01   3.2820984357908067e-01   3.8929694884393129e-07
   2.7197265625000000e-01  -1.5339431042330520e-02  -1.5339206284998351e-02   2.2475733216925642e-07
   2.7294921875000000e-01  -3.5703089451491232e-01  -3.5703096123343747e-01   6.6718525149056518e-08
   2.7392578125000000e-01  -6.5549290694063544e-01  -6.5549285299961968e-01   5.3941015765168743e-08
   2.7490234375000000e-01  -8.7458654328742291e-01  -8.7458665227817767e-01   1.0899075475467868e-07
   2.7587890625000000e-01  -9.8778407742343688e-01  -9.8778414164457229e-01   6.4221135409603392e-08
   2.7685546875000000e-01  -9.8137906559066124e-01  -9.8137919331375212e-01   1.2772309088138201e-07
   2.7783203125000000e-01  -8.5614679617763256e-01  -8.5614732837518903e-01   5.3219755646871647e-07
   2.7880859375000000e-01  -6.2725304394294290e-01  -6.2725181549513764e-01   1.2284478052571046e-06
   2.7978515625000000e-01  -3.2240995171719283e-01  -3.2240767880106419e-01   2.2729161286427768e-06
   2.8076171875000000e-01   2.1477635965099422e-02   2.1474080275473175e-02   3.5556896262473048e-06
   2.5048828125000000e-01   9.8474912057103048e-01   9.8474850180190343e-01   6.1876912704761367e-07
   2.5146484375000000e-01   8.6551242139442464e-01   8.6551362409056809e-01   1.2026961434541406e-06
   2.5244140625000000e-01   6.4147980277863159e-01   6.4148101280858350e-01   1.2100299519035573e-06
   2.5341796875000000e-01   3.3977785306116598e-01   3.3977688440681603e-01   9.6865434995319077e-07
   2.5439453125000000e-01  -3.0672918212348789e-03  -3.0679567629751819e-03   6.6494174030297393e-07
   2.5537109375000000e-01  -3.4554171170517439e-01  -3.4554132496399553e-01   3.8674117885939552e-07
   2.5634765625000000e-01  -6.4617618453568204e-01  -6.4617601298331984e-01   1.7155236220478542e-07
   2.5732421875000000e-01  -8.6857067057507897e-01  -8.6857070597134201e-01   3.5396263031728381e-08
   2.5830078125000000e-01  -9.8579752116272623e-01  -9.8579750916756737e-01   1.1995158866184852e-08
   2.5927734375000000e-01  -9.8366245967793076e-01  -9.8366241921172815e-01   4.0466202611000313e-08
   2.6025390625000000e-01  -8.6242416472402261e-01  -8.6242395611103573e-01   2.0861298688501506e-07
   2.6123046875000000e-01  -6.3676134852338873e-01  -6.3676186123627865e-01   5.1271288992182917e-07
   2.6220703125000000e-01  -3.3399868065828187e-01  -3.3399965144200477e-01   9.7078372290893000e-07
   2.6318359375000000e-01   9.2021775215034660e-03   9.2037547820624423e-03   1.5772605589763067e-06
   2.6416015625000000e-01   3.5129050798381739e-01   3.5129275608556743e-01   2.2481017500353140e-06
   2.6513671875000000e-01   6.5084938512724488e-01   6.5084668499639020e-01   2.7001308546825697e-06
   3.9111328125000000e-01   9.6295422594564406e-01   9.6295326687368044e-01   9.5907196362432501e-07
   3.9208984375000000e-01   8.1224918597976603e-01   8.1225058658519789e-01   1.4006054318560501e-06
   3.9306640625000000e-01   5.6319804063434531e-01   5.6319934401382754e-01   1.3033794822314704e-06
   3.9404296875000000e-01   2.4595604862655918e-01   2.4595505033578913e-01   9.9829077004898181e-07
   3.9501953125000000e-01  -1.0106920121490473e-01  -1.0106986275483117e-01   6.6153992643591675e-07
   3.9599609375000000e-01  -4.3585745084285071e-01  -4.3585707992225642e-01   3.7092059429477686e-07
   3.9697265625000000e-01  -7.1787020154503889e-01  -7.1787004505573082e-01   1.5648930806744232e-07
   3.9794921875000000e-01  -9.1296216128342111e-01  -9.1296219042839666e-01   2.9144975544070917e-08
   3.9892578125000000e-01  -9.9751146117616241e-01  -9.9751145614030501e-01   5.0358573977504761e-09
   3.9990234375000000e-01  -9.6128054775536009e-01  -9.6128048581131509e-01   6.1944045004480586e-08
   4.0087890625000000e-01  -8.0865642403465898e-01  -8.0865618158816444e-01   2.4244649454718825e-07
   4.0185546875000000e-01  -5.5811797947493780e-01  -5.5811853122054311e-01   5.5174560531501271e-07
   4.0283203125000000e-01  -2.4000202262214590e-01  -2.4000302244872859e-01   9.9982658269270885e-07
   4.0380859375000000e-01   1.0717085671402696e-01   1.0717242495681976e-01   1.5682427928070952e-06
   4.0478515625000000e-01   4.4136911413253643e-01   4.4137126873172450e-01   2.1545991880644877e-06
   4.0576171875000000e-01   7.2213065417329692e-01   7.2212819392921967e-01   2.4602440772403256e-06
   3.7548828125000000e-01   5.7330008071191019e-01   5.7329716669802488e-01   2.9140138853023245e-06
   3.7646484375000000e-01   2.5782878220832300e-01   2.5783110216214083e-01   2.3199538178308998e-06
   3.7744140625000000e-01  -8.8855123670941227e-02  -8.8853552582541059e-02   1.5710884001679526e-06
   3.7841796875000000e-01  -4.2477874881746625e-01  -4.2477968120912168e-01   9.3239165543934632e-07
   3.7939453125000000e-01  -7.0927235769641861e-01  -7.0927282643887402e-01   4.6874245540617920e-07
   3.8037109375000000e-01  -9.0788628925809167e-01  -9.0788611648767026e-01   1.7277042141383703e-07
   3.8134765625000000e-01  -9.9657116438919968e-01  -9.9657114579055550e-01   1.8598644180300994e-08
   3.8232421875000000e-01  -9.6458981212875905e-01  -9.6458979328981143e-01   1.8838947624111313e-08
   3.8330078125000000e-01  -8.1581436950008590e-01  -8.1581441080673223e-01   4.1306646325622864e-08
   3.8427734375000000e-01  -5.6825913763338520e-01  -5.6825895267013127e-01   1.8496325393524415e-07
   3.8525390625000000e-01  -2.5189821699144482e-01  -2.5189781815421886e-01   3.9883722596778526e-07
   3.8623046875000000e-01   9.4964157269447985e-02   9.4963495329634745e-02   6.6193981324014217e-07
   3.8720703125000000e-01   4.3032741102936412e-01   4.3032648134010237e-01   9.2968926174163968e-07
   3.8818359375000000e-01   7.1358376375360255e-01   7.1358486878080729e-01   1.1050272047397058e-06
   3.8916015625000000e-01   9.1044029905381429e-01   9.1044129225807435e-01   9.9320426005800044e-07
   3.9013671875000000e-01   9.9706034284669742e-01   9.9706007033948407e-01   2.7250721335025929e-07
   4.0673828125000000e-01   9.1544728481969129e-01   9.1544871608826950e-01   1.4312685782114087e-06
   4.0771484375000000e-01   9.9792544078713630e-01   9.9792528619859611e-01   1.5458854019101409e-07
   4.0869140625000000e-01   9.5957106911845880e-01   9.5957151308198474e-01   4.4396352594233690e-07
   4.0966796875000000e-01   8.0503194212970619e-01   8.0503133114296532e-01   6.1098674086768057e-07
   4.1064453125000000e-01   5.5301725959211445e-01   5.5301670558003191e-01   5.5401208254313161e-07
   4.1162109375000000e-01   2.3404155790294609e-01   2.3404195858352309e-01   4.0068057699516046e-07
   4.1259765625000000e-01  -1.1327117551468377e-01  -1.1327095217758285e-01   2.2333710092414805e-07
   4.1357421875000000e-01  -4.4686877626469562e-01  -4.4686884016238876e-01   6.3897693136638622e-08
   4.1455078125000000e-01  -7.2635920417654343e-01  -7.2635915508435556e-01   4.9092187870414250e-08
   4.1552734375000000e-01  -9.1790068642493106e-01  -9.1790077562139505e-01   8.9196463992635699e-08
   4.1650390625000000e-01  -9.9830152092401914e-01  -9.9830154493389334e-01   2.4009874199926173e-08
   4.1748046875000000e-01  -9.5782622195709721e-01  -9.5782641302753091e-01   1.9107043369714916e-07
   4.1845703125000000e-01  -8.0137555565960672e-01  -8.0137617172313735e-01   6.1606353063403674e-07
   4.1943359375000000e-01  -5.4789537868203109e-01  -5.4789405917309808e-01   1.3195089330064746e-06
   4.2041015625000000e-01  -2.2807442102200895e-01  -2.2807208317088562e-01   2.3378511233296262e-06
   4.2138671875000000e-01   1.1936874589254706e-01   1.1936521481098920e-01   3.5310815578587507e-06
   4.2236328125000000e-01   4.5234641539068043e-01   4.5234958723376689e-01   3.1718430864580149e-06
   4.2333984375000000e-01   7.3056440883038920e-01   7.3056276922784236e-01   1.6396025468434772e-06
   4.2431640625000000e-01   9.2031889371170428e-01   9.2031827670911814e-01   6.1700258613406334e-07
   4.2529296875000000e-01   9.9864016448777937e-01   9.9864021818026616e-01   5.3692486789991278e-08
   4.2626953125000000e-01   9.5604544632435839e-01   9.5604525134999219e-01   1.9497436620774522e-07
   4.2724609375000000e-01   7.9769059240343243e-01   7.9769084094338361e-01   2.4853995117535277e-07
   4.2822265625000000e-01   5.4275059606999032e-01   5.4275078486450745e-01   1.8879451713083029e-07
   4.2919921875000000e-01   2.2209369061538753e-01   2.2209362097319596e-01   6.9642191569130318e-08
   4.3017578125000000e-01  -1.2545505427324197e-01  -1.2545498341155165e-01   7.0861690321111226e-08
   4.3115234375000000e-01  -4.5781310375523554e-01  -4.5781330359888001e-01   1.9984364446612446e-07
   4.3212890625000000e-01  -7.3473859852970036e-01  -7.3473887809596405e-01   2.7956626369451953e-07
   4.3310546875000000e-01  -9.2270138468060114e-01  -9.2270112833387796e-01   2.5634672318197715e-07
   4.3408203125000000e-01  -9.9894134056634276e-01  -9.9894129318685665e-01   4.7379486112220093e-08
   4.3505859375000000e-01  -9.5422856685470103e-01  -9.5422809510909901e-01   4.7174560202645210e-07
   4.3603515625000000e-01  -7.9397693732184793e-01  -7.9397547755432496e-01   1.4597675229710561e-06
   4.3701171875000000e-01  -5.3758407741379932e-01  -5.3758707629563052e-01   2.9988818311954546e-06
   4.3798828125000000e-01  -2.1611026954337562e-01  -2.1610679707620448e-01   3.4724671711394706e-06
   4.3896484375000000e-01   1.3154240897416444e-01   1.3154002870289608e-01   2.3802712683651528e-06
   4.3994140625000000e-01   4.6326118141429118e-01   4.6325978355186975e-01   1.3978624214261437e-06
   4.4091796875000000e-01   7.3888663046416903e-01   7.3888732446062089e-01   6.9399645186152270e-07
   4.4189453125000000e-01   9.2504898820502368e-01   9.2504924078267992e-01   2.5257765623454276e-07
   4.4287109375000000e-01   9.9920477505097960e-01   9.9920475861836400e-01   1.6432615601580380e-08
   4.4384765625000000e-01   9.5237494417659574e-01   9.5237501271976543e-01   6.8543169695622908e-08
   4.4482421875000000e-01   7.9023026520790174e-01   7.9023022143731059e-01   4.3770591151570670e-08
   4.4580078125000000e-01   5.3240306741573495e-01   5.3240312787720057e-01   6.0461465611894027e-08
   4.4677734375000000e-01   2.1011205664645785e-01   2.1011183688044713e-01   2.1976601072282165e-07
   4.4775390625000000e-01  -1.3761971338108644e-01  -1.3762012158650655e-01   4.0820542010489014e-07
   4.4873046875000000e-01  -4.6868940942367260e-01  -4.6868882203584417e-01   5.8738782843237303e-07
   4.4970703125000000e-01  -7.4300864144833911e-01  -7.4300795213513249e-01   6.8931320662546369e-07
   4.5068359375000000e-01  -9.2736193547004064e-01  -9.2736252565040622e-01   5.9018036557834108e-07
   4.5166015625000000e-01  -9.9943052353545592e-01  -9.9943060455546218e-01   8.1020006259535648e-08
   4.5263671875000000e-01  -9.5048496869701959e-01  -9.5048607394947893e-01   1.1052524593324620e-06
   4.5361328125000000e-01  -7.8645741026282590e-01  -7.8645521359908155e-01   2.1966637443471271e-06
   4.5458984375000000e-01  -5.2719709443529150e-01  -5.2719913478189750e-01   2.0403466060026076e-06
   4.5556640625000000e-01  -2.0410742197086612e-01  -2.0410896609281470e-01   1.5441219485823332e-06
   4.5654296875000000e-01   1.4369401390975270e-01   1.4369503315029436e-01   1.0192405416609152e-06
   4.5751953125000000e-01   4.7409962918584059e-01   4.7410021465054791e-01   5.8546470732556699e-07
   4.5849609375000000e-01   7.4710087992530005e-01   7.4710060598019590e-01   2.7394510415668094e-07
   4.5947265625000000e-01   9.2964097866853113e-01   9.2964089584318910e-01   8.2825342029302362e-08
   4.6044921875000000e-01   9.9961882052323625e-01   9.9961882249517908e-01   1.9719428312470200e-09
   4.6142578125000000e-01   9.4856132730272225e-01   9.4856134991572494e-01   2.2613002692573048e-08
   4.6240234375000000e-01   7.8265073608573432e-01   7.8265059616656674e-01   1.3991916758548939e-07
   4.6337890625000000e-01   5.2197564446498379e-01   5.2197529293714395e-01   3.5152783983694036e-07
   4.6435546875000000e-01   1.9809775895080947e-01   1.9809841071794393e-01   6.5176713445747048e-07
   4.6533203125000000e-01  -1.4976555299046779e-01  -1.4976453467732898e-01   1.0183131388119548e-06
   4.6630859375000000e-01  -4.7949237348337242e-01  -4.7949375766015762e-01   1.3841767851907605e-06
   4.6728515625000000e-01  -7.5116354688354048e-01  -7.5116513190968837e-01   1.5850261478878025e-06
   4.6826171875000000e-01  -9.3188555572008946e-01  -9.3188426558166837e-01   1.2901384210950440e-06
   4.6923828125000000e-01  -9.9976932897211523e-01  -9.9976940535121528e-01   7.6379100044654535e-08
   4.7021484375000000e-01  -9.4660013893604378e-01  -9.4660091308328487e-01   7.7414724108937349e-07
   4.7119140625000000e-01  -7.7881552299907542e-01  -7.7881651238146210e-01   9.8938238668466738e-07
   4.7216796875000000e-01  -5.1673268078836099e-01  -5.1673179901763289e-01   8.8177072810058377e-07
   4.7314453125000000e-01  -1.9208104961289005e-01  -1.9208039704987528e-01   6.5256301476357415e-07
   4.7412109375000000e-01   1.5582880474654393e-01   1.5582839765428022e-01   4.0709226370450047e-07
   4.7509765625000000e-01   4.8486944459368458e-01   4.8486924800080233e-01   1.9659288225115645e-07
   4.7607421875000000e-01   7.5520133007728762e-01   7.5520137689654343e-01   4.6819255805630178e-08
   4.7705078125000000e-01   9.3409257590555517e-01   9.3409255040426187e-01   2.5501293299257100e-08
   4.7802734375000000e-01   9.9988234400618348e-01   9.9988234745421256e-01   3.4480290844740580e-09
   4.7900390625000000e-01   9.4460497252545561e-01   9.4460483726147904e-01   1.3526397657503964e-07
   4.7998046875000000e-01   7.7495268633708003e-01   7.7495310659487304e-01   4.2025779301013699e-07
   4.8095703125000000e-01   5.1146796541777195e-01   5.1146885043797130e-01   8.8502019934821874e-07
   4.8193359375000000e-01   1.8605670144933378e-01   1.8605515166344991e-01   1.5497858838753320e-06
   4.8291015625000000e-01  -1.6188402431656426e-01  -1.6188639378013434e-01   2.3694635700732825e-06
   4.8388671875000000e-01  -4.9022958312175458e-01  -4.9022648328830903e-01   3.0998334455412113e-06
   4.8486328125000000e-01  -7.5920687423097111e-01  -7.5920918897839984e-01   2.3147474287332770e-06
   4.8583984375000000e-01  -9.3626651066907463e-01  -9.3626566717028381e-01   8.4349879081457857e-07
   4.8681640625000000e-01  -9.9995765906805323e-01  -9.9995764455196401e-01   1.4516089219540618e-08
   4.8779296875000000e-01  -9.4257354159688567e-01  -9.4257319760144309e-01   3.4399544257546211e-07
   4.8876953125000000e-01  -7.7106094767316813e-01  -7.7106052426180804e-01   4.2341136008428037e-07
   4.8974609375000000e-01  -5.0618628991711589e-01  -5.0618664534514957e-01   3.5542803367150100e-07
   4.9072265625000000e-01  -1.8002268029433216e-01  -1.8002290140569530e-01   2.2111136313562874e-07
   4.9169921875000000e-01   1.6793822456312651e-01   1.6793829497473314e-01   7.0411606628573153e-08
   4.9267578125000000e-01   4.9556532386430452e-01   4.9556526182577226e-01   6.2038532255836998e-08
   4.9365234375000000e-01   7.6318827201348960e-01   7.6318841726337960e-01   1.4524989000452848e-07
   4.9462890625000000e-01   9.3840339165620990e-01   9.3840353406311627e-01   1.4240690637823405e-07
   4.9560546875000000e-01   9.9999529584937730e-01   9.9999529380957619e-01   2.0398011058020415e-09
   4.9658203125000000e-01   9.4050572064666893e-01   9.4050607059326197e-01   3.4994659303677622e-07
   4.9755859375000000e-01   7.6713992376040530e-01   7.6713891193580974e-01   1.0118245955537120e-06
   4.9853515625000000e-01   5.0088746082527824e-01   5.0088538261122850e-01   2.0782140497388468e-06
   4.9951171875000000e-01   1.7398037111858056e-01   1.7398387338745208e-01   3.5022688715247163e-06
   5.0048828125000000e-01  -1.7398037111865328e-01  -1.7398387338747331e-01   3.5022688200381236e-06
   5.0146484375000000e-01  -5.0088746082525182e-01  -5.0088538261124715e-01   2.0782140046637920e-06
   5.0244140625000000e-01  -7.6713992376039120e-01  -7.6713891193582362e-01   1.0118245675760917e-06
   5.0341796875000000e-01  -9.4050572064668625e-01  -9.4050607059326929e-01   3.4994658304476900e-07
   5.0439453125000000e-01  -9.9999529584937730e-01  -9.9999529380957619e-01   2.0398011058020415e-09
   5.0537109375000000e-01  -9.3840339165620001e-01  -9.3840353406310872e-01   1.4240690870970241e-07
   5.0634765625000000e-01  -7.6318827201346151e-01  -7.6318841726336561e-01   1.4524990410436089e-07
   5.0732421875000000e-01  -4.9556532386430929e-01  -4.9556526182575356e-01   6.2038555737053969e-08
   5.0830078125000000e-01  -1.6793822456313259e-01  -1.6793829497471188e-01   7.0411579289331172e-08
   5.0927734375000000e-01   1.8002268029437404e-01   1.8002290140571650e-01   2.2111134245772490e-07
   5.1025390625000000e-01   5.0618628991714076e-01   5.0618664534516822e-01   3.5542802745425206e-07
   5.1123046875000000e-01   7.7106094767318945e-01   7.7106052426182181e-01   4.2341136763379694e-07
   5.1220703125000000e-01   9.4257354159690276e-01   9.4257319760145031e-01   3.4399545245644703e-07
   5.1318359375000000e-01   9.9995765906805445e-01   9.9995764455196379e-01   1.4516090662830550e-08
   5.1416015625000000e-01   9.3626651066908606e-01   9.3626566717027626e-01   8.4349880979939229e-07
   5.1513671875000000e-01   7.5920687423092281e-01   7.5920918897838585e-01   2.3147474630391685e-06
   5.1611328125000000e-01   4.9022958312169052e-01   4.9022648328829022e-01   3.0998334002996231e-06
   5.1708984375000000e-01   1.6188402431659438e-01   1.6188639378011305e-01   2.3694635186699564e-06
   5.1806640625000000e-01  -1.8605670144931205e-01  -1.8605515166347109e-01   1.5497858409652121e-06
   5.1904296875000000e-01  -5.1146796541781558e-01  -5.1146885043798984e-01   8.8502017425717838e-07
   5.2001953125000000e-01  -7.7495268633710102e-01  -7.7495310659488670e-01   4.2025778568266503e-07
   5.2099609375000000e-01  -9.4460497252546505e-01  -9.4460483726148614e-01   1.3526397890650799e-07
   5.2197265625000000e-01  -9.9988234400618226e-01  -9.9988234745421234e-01   3.4480300836747801e-09
   5.2294921875000000e-01  -9.3409257590555683e-01  -9.3409255040425421e-01   2.5501302625130506e-08
   5.2392578125000000e-01  -7.5520133007729184e-01  -7.5520137689652933e-01   4.6819237486950271e-08
   5.2490234375000000e-01  -4.8486944459364756e-01  -4.8486924800078346e-01   1.9659286409901000e-07
   5.2587890625000000e-01  -1.5582880474651561e-01  -1.5582839765425890e-01   4.0709225671009541e-07
   5.2685546875000000e-01   1.9208104961292208e-01   1.9208039704989646e-01   6.5256302561600421e-07
   5.2783203125000000e-01   5.1673268078840418e-01   5.1673179901765143e-01   8.8177075274753491e-07
   5.2880859375000000e-01   7.7881552299906187e-01   7.7881651238147565e-01   9.8938241377410918e-07
   5.2978515625000000e-01   9.4660013893603412e-01   9.4660091308329186e-01   7.7414725774271886e-07
   5.3076171875000000e-01   9.9976932897211301e-01   9.9976940535121483e-01   7.6379101821011375e-08
   5.4736328125000000e-01   9.5048496869704358e-01   9.5048607394948559e-01   1.1052524420129828e-06
   5.4833984375000000e-01   9.9943052353545592e-01   9.9943060455546140e-01   8.1020005482379531e-08
   5.4931640625000000e-01   9.2736193547004842e-01   9.2736252565039812e-01   5.9018034970215183e-07
   5.5029296875000000e-01   7.4300864144830525e-01   7.4300795213511805e-01   6.8931318719656076e-07
   5.5126953125000000e-01   4.6868940942364362e-01   4.6868882203582513e-01   5.8738781849587696e-07
   5.5224609375000000e-01   1.3761971338105802e-01   1.3762012158648518e-01   4.0820542715480634e-07
   5.5322265625000000e-01  -2.1011205664649923e-01  -2.1011183688046819e-01   2.1976603103990300e-07
   5.5419921875000000e-01  -5.3240306741572963e-01  -5.3240312787721888e-01   6.0461489259644452e-08
   5.5517578125000000e-01  -7.9023026520789830e-01  -7.9023022143732380e-01   4.3770574498225301e-08
   5.5615234375000000e-01  -9.5237494417660951e-01  -9.5237501271977199e-01   6.8543162479173247e-08
   5.5712890625000000e-01  -9.9920477505097838e-01  -9.9920475861836322e-01   1.6432615157491171e-08
   5.5810546875000000e-01  -9.2504898820501102e-01  -9.2504924078267170e-01   2.5257766067543486e-07
   5.5908203125000000e-01  -7.3888663046413472e-01  -7.3888732446060634e-01   6.9399647162349254e-07
   5.6005859375000000e-01  -4.6326118141431116e-01  -4.6325978355185060e-01   1.3978624605615053e-06
   5.6103515625000000e-01  -1.3154240897419489e-01  -1.3154002870287471e-01   2.3802713201848125e-06
   5.6201171875000000e-01   2.1611026954344759e-01   2.1610679707622554e-01   3.4724672220431962e-06
   5.3173828125000000e-01   9.3188555572006371e-01   9.3188426558166049e-01   1.2901384032204533e-06
   5.3271484375000000e-01   7.5116354688356046e-01   7.5116513190967416e-01   1.5850261136929333e-06
   5.3369140625000000e-01   4.7949237348339147e-01   4.7949375766013869e-01   1.3841767472211330e-06
   5.3466796875000000e-01   1.4976555299041780e-01   1.4976453467730766e-01   1.0183131101404452e-06
   5.3564453125000000e-01  -1.9809775895084147e-01  -1.9809841071796508e-01   6.5176712360504041e-07
   5.3662109375000000e-01  -5.2197564446500766e-01  -5.2197529293716238e-01   3.5152784527703318e-07
   5.3759765625000000e-01  -7.8265073608576063e-01  -7.8265059616658017e-01   1.3991918046407648e-07
   5.3857421875000000e-01  -9.4856132730272014e-01  -9.4856134991573182e-01   2.2613011685379547e-08
   5.3955078125000000e-01  -9.9961882052323714e-01  -9.9961882249517853e-01   1.9719413879570880e-09
   5.4052734375000000e-01  -9.2964097866851614e-01  -9.2964089584318121e-01   8.2825334923875005e-08
   5.4150390625000000e-01  -7.4710087992528118e-01  -7.4710060598018158e-01   2.7394509960476654e-07
   5.4248046875000000e-01  -4.7409962918581178e-01  -4.7410021465052893e-01   5.8546471715104076e-07
   5.4345703125000000e-01  -1.4369401390970232e-01  -1.4369503315027302e-01   1.0192405706932472e-06
   5.4443359375000000e-01   2.0410742197084472e-01   2.0410896609283583e-01   1.5441219911038750e-06
   5.4541015625000000e-01   5.2719709443526597e-01   5.2719913478191582e-01   2.0403466498564171e-06
   5.4638671875000000e-01   7.8645741026287130e-01   7.8645521359909487e-01   2.1966637764325725e-06
   5.7861328125000000e-01  -1.1936874589247314e-01  -1.1936521481096779e-01   3.5310815053452016e-06
   5.7958984375000000e-01   2.2807442102197856e-01   2.2807208317090660e-01   2.3378510719540557e-06
   5.8056640625000000e-01   5.4789537868201221e-01   5.4789405917311618e-01   1.3195088960360479e-06
   5.8154296875000000e-01   8.0137555565963747e-01   8.0137617172315023e-01   6.1606351275944604e-07
   5.8251953125000000e-01   9.5782622195710698e-01   9.5782641302753702e-01   1.9107043003341317e-07
   5.8349609375000000e-01   9.9830152092401758e-01   9.9830154493389212e-01   2.4009874532993081e-08
   5.8447265625000000e-01   9.1790068642491363e-01   9.1790077562138650e-01   8.9196472874419896e-08
   5.8544921875000000e-01   7.2635920417654654e-01   7.2635915508434079e-01   4.9092205745004946e-08
   5.8642578125000000e-01   4.4686877626470084e-01   4.4686884016236950e-01   6.3897668656220930e-08
   5.8740234375000000e-01   1.1327117551464189e-01   1.1327095217756142e-01   2.2333708046828882e-07
   5.8837890625000000e-01  -2.3404155790297385e-01  -2.3404195858354404e-01   4.0068057019504444e-07
   5.8935546875000000e-01  -5.5301725959214110e-01  -5.5301670558004978e-01   5.5401209131389351e-07
   5.9033203125000000e-01  -8.0503194212973594e-01  -8.0503133114297809e-01   6.1098675785409284e-07
   5.9130859375000000e-01  -9.5957106911845302e-01  -9.5957151308199073e-01   4.4396353771070096e-07
   5.9228515625000000e-01  -9.9792544078713874e-01  -9.9792528619859477e-01   1.5458854396577237e-07
   5.9326171875000000e-01  -9.1544728481966042e-01  -9.1544871608826073e-01   1.4312686003048469e-06
   5.6298828125000000e-01   5.3758407741386161e-01   5.3758707629564872e-01   2.9988817871196005e-06
   5.6396484375000000e-01   7.9397693732182884e-01   7.9397547755433806e-01   1.4597674907745883e-06
   5.6494140625000000e-01   9.5422856685469415e-01   9.5422809510910545e-01   4.7174558870377581e-07
   5.6591796875000000e-01   9.9894134056634032e-01   9.9894129318685565e-01   4.7379484668930161e-08
   5.6689453125000000e-01   9.2270138468058838e-01   9.2270112833386964e-01   2.5634671874108506e-07
   5.6787109375000000e-01   7.3473859852968082e-01   7.3473887809594940e-01   2.7956626857950084e-07
   5.6884765625000000e-01   4.5781310375519707e-01   4.5781330359886085e-01   1.9984366378400509e-07
   5.6982421875000000e-01   1.2545505427324774e-01   1.2545498341153025e-01   7.0861717493819754e-08
   5.7080078125000000e-01  -2.2209369061538187e-01  -2.2209362097321700e-01   6.9642164868266576e-08
   5.7177734375000000e-01  -5.4275059607002607e-01  -5.4275078486452555e-01   1.8879449947828419e-07
   5.7275390625000000e-01  -7.9769059240344975e-01  -7.9769084094339660e-01   2.4853994684548297e-07
   5.7373046875000000e-01  -9.5604544632436783e-01  -9.5604525134999851e-01   1.9497436931636969e-07
   5.7470703125000000e-01  -9.9864016448777682e-01  -9.9864021818026494e-01   5.3692488122258908e-08
   5.7568359375000000e-01  -9.2031889371171316e-01  -9.2031827670910971e-01   6.1700260345354252e-07
   5.7666015625000000e-01  -7.3056440883041007e-01  -7.3056276922782759e-01   1.6396025824816363e-06
   5.7763671875000000e-01  -4.5234641539061360e-01  -4.5234958723374763e-01   3.1718431340310715e-06
   5.9423828125000000e-01  -7.2213065417324618e-01  -7.2212819392920480e-01   2.4602440413801219e-06
   5.9521484375000000e-01  -4.4136911413256358e-01  -4.4137126873170512e-01   2.1545991415461430e-06
   5.9619140625000000e-01  -1.0717085671404870e-01  -1.0717242495679832e-01   1.5682427496194196e-06
   5.9716796875000000e-01   2.4000202262219522e-01   2.4000302244874952e-01   9.9982655429875500e-07
   5.9814453125000000e-01   5.5811797947496500e-01   5.5811853122056110e-01   5.5174559610016161e-07
   5.9912109375000000e-01   8.0865642403467541e-01   8.0865618158817709e-01   2.4244649832194654e-07
   6.0009765625000000e-01   9.6128054775537120e-01   9.6128048581132097e-01   6.1944050222528801e-08
   6.0107421875000000e-01   9.9751146117616241e-01   9.9751145614030357e-01   5.0358588410404082e-09
   6.0205078125000000e-01   9.1296216128342422e-01   9.1296219042838789e-01   2.9144963664684553e-08
   6.0302734375000000e-01   7.1787020154500947e-01   7.1787004505571583e-01   1.5648929363454300e-07
   6.0400390625000000e-01   4.3585745084282546e-01   4.3585707992223705e-01   3.7092058841059483e-07
   6.0498046875000000e-01   1.0106920121487241e-01   1.0106986275480971e-01   6.6153993730222460e-07
   6.0595703125000000e-01  -2.4595604862660822e-01  -2.4595505033581003e-01   9.9829079819313549e-07
   6.0693359375000000e-01  -5.6319804063432777e-01  -5.6319934401384530e-01   1.3033795175365626e-06
   6.0791015625000000e-01  -8.1224918597974904e-01  -8.1225058658521054e-01   1.4006054614990049e-06
   6.0888671875000000e-01  -9.6295422594566282e-01  -9.6295326687368632e-01   9.5907197650291209e-07
   6.0986328125000000e-01  -9.9706034284669298e-01  -9.9706007033948252e-01   2.7250721046367943e-07
   6.1083984375000000e-01  -9.1044029905382595e-01  -9.1044129225806536e-01   9.9320423940785219e-07
   6.1181640625000000e-01  -7.1358376375361665e-01  -7.1358486878079219e-01   1.1050271755408403e-06
   6.1279296875000000e-01  -4.3032741102931749e-01  -4.3032648134008289e-01   9.2968923459668673e-07
   6.1376953125000000e-01  -9.4964157269415150e-02  -9.4963495329613276e-02   6.6193980187423396e-07
   6.1474609375000000e-01   2.5189821699147286e-01   2.5189781815423973e-01   3.9883723312872377e-07
   6.1572265625000000e-01   5.6825913763342051e-01   5.6825895267014903e-01   1.8496327147676794e-07
   6.1669921875000000e-01   8.1581436950008257e-01   8.1581441080674477e-01   4.1306662201812117e-08
   6.1767578125000000e-01   9.6458981212875772e-01   9.6458979328981709e-01   1.8838940629706258e-08
   6.1865234375000000e-01   9.9657116438919702e-01   9.9657114579055361e-01   1.8598643403144877e-08
   6.1962890625000000e-01   9.0788628925807935e-01   9.0788611648766115e-01   1.7277041819419026e-07
   6.2060546875000000e-01   7.0927235769639507e-01   7.0927282643885881e-01   4.6874246373285189e-07
   6.2158203125000000e-01   4.2477874881742012e-01   4.2477968120910220e-01   9.3239168208469891e-07
   6.2255859375000000e-01   8.8855123670963251e-02   8.8853552582519577e-02   1.5710884436748174e-06
   6.2353515625000000e-01  -2.5782878220829331e-01  -2.5783110216216165e-01   2.3199538683460474e-06
   6.2451171875000000e-01  -5.7330008071197025e-01  -5.7329716669804254e-01   2.9140139277128441e-06
   6.2548828125000000e-01  -8.1934548113462125e-01  -8.1934752007681222e-01   2.0389421909738914e-06
   6.2646484375000000e-01  -9.6619062253003418e-01  -9.6619000344541883e-01   6.1908461534976311e-07
   6.2744140625000000e-01  -9.9604456074887560e-01  -9.9604470090125008e-01   1.4015237448372631e-07
   6.2841796875000000e-01  -9.0529719681056386e-01  -9.0529675931811049e-01   4.3749245337565412e-07
   6.2939453125000000e-01  -7.0493455200306321e-01  -7.0493408037589267e-01   4.7162717053961245e-07
   6.3037109375000000e-01  -4.1921651419901107e-01  -4.1921688836321036e-01   3.7416419929048317e-07
   6.3134765625000000e-01  -8.2740040536329981e-02  -8.2740264549363063e-02   2.2401303308161591e-07
   6.3232421875000000e-01   2.6375461007801876e-01   2.6375467897484139e-01   6.8896822635888810e-08
   6.3330078125000000e-01   5.7831385468202479e-01   5.7831379641166214e-01   5.8270362646162255e-08
   6.3427734375000000e-01   8.2284965364042462e-01   8.2284978137582965e-01   1.2773540503108194e-07
   6.3525390625000000e-01   9.6775373327956393e-01   9.6775383709347629e-01   1.0381391235547710e-07
   6.3623046875000000e-01   9.9548069234621639e-01   9.9548075549192683e-01   6.3145710438305969e-08
   6.3720703125000000e-01   9.0267287503101690e-01   9.0267331823724706e-01   4.4320623016069760e-07
   6.3818359375000000e-01   7.0056991949928782e-01   7.0056879394323057e-01   1.1255560572465129e-06
   6.3916015625000000e-01   4.1364049833013011e-01   4.1363831223841396e-01   2.1860917161498072e-06
   6.4013671875000000e-01   7.6620315337539643e-02   7.6623861392011258e-02   3.5460544716148235e-06
   6.4111328125000000e-01  -2.6966490081845912e-01  -2.6966832557293241e-01   3.4247544732912694e-06
   6.4208984375000000e-01  -5.8331060325971473e-01  -5.8330865293771106e-01   1.9503220036742874e-06
   6.4306640625000000e-01  -8.2632195119435092e-01  -8.2632106284567097e-01   8.8834867995046807e-07
   6.4404296875000000e-01  -9.6928098203978619e-01  -9.6928123535655120e-01   2.5331676500872646e-07
   6.4501953125000000e-01  -9.9487939800047098e-01  -9.9487933079480473e-01   6.7205666254288587e-08
   6.4599609375000000e-01  -9.0001571238771572e-01  -9.0001589201615739e-01   1.7962844167662695e-07
   6.4697265625000000e-01  -6.9617697012590141e-01  -6.9617713149145999e-01   1.6136555858192736e-07
   6.4794921875000000e-01  -4.0804422807423774e-01  -4.0804416286497702e-01   6.5209260713405826e-08
   6.4892578125000000e-01  -7.0504502141333747e-02  -7.0504573389586003e-02   7.1248252256350675e-08
   6.4990234375000000e-01   2.7557160323073665e-01   2.7557181931098279e-01   2.1608024614039323e-07
   6.5087890625000000e-01   5.8828121495376962e-01   5.8828154822266421e-01   3.3326889459228681e-07
   6.5185546875000000e-01   8.2976160491240980e-01   8.2976123379453481e-01   3.7111787498655957e-07
   6.5283203125000000e-01   9.7077238791453146e-01   9.7077214072895479e-01   2.4718557667391394e-07
   6.5380859375000000e-01   9.9424061849794720e-01   9.9424044945318624e-01   1.6904476096701870e-07
   6.5478515625000000e-01   8.9732564049505226e-01   8.9732458070541210e-01   1.0597896401565166e-06
   6.5576171875000000e-01   6.9175669010371021e-01   6.9175925836414931e-01   2.5682604390953045e-06
   6.5673828125000000e-01   4.0243790665921558e-01   4.0243465085940977e-01   3.2557998058124760e-06
   6.5771484375000000e-01   6.4380234775885004e-02   6.4382630929850346e-02   2.3961539653422070e-06
   6.5869140625000000e-01  -2.8146645148376015e-01  -2.8146493792576260e-01   1.5135579975456004e-06
   6.5966796875000000e-01  -5.9323146591434184e-01  -5.9323229503980179e-01   8.2912545995572628e-07
   6.6064453125000000e-01  -8.3316979697612303e-01  -8.3317016470191330e-01   3.6772579026234098e-07
   6.6162109375000000e-01  -9.7222659353381413e-01  -9.7222649707894249e-01   9.6454871645335061e-08
   6.6259765625000000e-01  -9.9356411005909440e-01  -9.9356413552059264e-01   2.5461498243117830e-08
   6.6357421875000000e-01  -8.9459951754943889e-01  -8.9459948563137304e-01   3.1918065857006184e-08
   6.6455078125000000e-01  -6.8731528901081063e-01  -6.8731534089174506e-01   5.1880934437420478e-08
   6.6552734375000000e-01  -3.9681019374587351e-01  -3.9680998741669465e-01   2.0632917885343716e-07
   6.6650390625000000e-01  -5.8258675927190209e-02  -5.8258264500421021e-02   4.1142676918820564e-07
   6.6748046875000000e-01   2.8734809644644654e-01   2.8734745954474145e-01   6.3690170509778099e-07
   6.6845703125000000e-01   5.9816153235665492e-01   5.9816070699635049e-01   8.2536030443502995e-07
   6.6943359375000000e-01   8.3654686301418835e-01   8.3654772722351622e-01   8.6420932787767413e-07
   6.7041015625000000e-01   9.7364370201602968e-01   9.7364424965081320e-01   5.4763478352093387e-07
   6.7138671875000000e-01   9.9284998993001905e-01   9.9285041445986466e-01   4.2452984561069940e-07
   6.7236328125000000e-01   8.9184231817244397e-01   8.9184070939234228e-01   1.6087801016917425e-06
   6.7333984375000000e-01   6.8284379220309177e-01   6.8284554638522832e-01   1.7541821365485433e-06
   6.7431640625000000e-01   3.9116893265859071e-01   3.9117038430223117e-01   1.4516436404599098e-06
   6.7529296875000000e-01   5.2132733208803503e-02   5.2131704680260960e-02   1.0285285425432056e-06
   6.7626953125000000e-01  -2.9321852697682960e-01  -2.9321916269427784e-01   6.3571744823853749e-07
   6.7724609375000000e-01  -6.0306692729005251e-01  -6.0306659854036238e-01   3.2874969013718669e-07
   6.7822265625000000e-01  -8.3989391619756049e-01  -8.3989379419600785e-01   1.2200155263819568e-07
   6.7919921875000000e-01  -9.7502532920372842e-01  -9.7502534506699712e-01   1.5863268698623756e-08
   6.8017578125000000e-01  -9.9209930418144032e-01  -9.9209931314219035e-01   8.9607500308730437e-09
   6.8115234375000000e-01  -8.8904845876363481e-01  -8.8904835585466069e-01   1.0290897412001954e-07
   6.8212890625000000e-01  -6.7835034593534815e-01  -6.7835004312985692e-01   3.0280549123684608e-07
   6.8310546875000000e-01  -3.8551544029843682e-01  -3.8551605384391524e-01   6.1354547842285001e-07
   6.8408203125000000e-01  -4.6002153292184871e-02  -4.6003182130913034e-02   1.0288387281634503e-06
   6.8505859375000000e-01   2.9907832117762417e-01   2.9907982630806690e-01   1.5051304427249335e-06
   6.8603515625000000e-01   6.0794787852333565e-01   6.0794978496779384e-01   1.9064444581884388e-06
   6.8701171875000000e-01   8.4321015157027068e-01   8.4320823964185787e-01   1.9119284128121805e-06
   7.3486328125000000e-01  -6.5084938512718837e-01  -6.5084668499636300e-01   2.7001308253726819e-06
   7.3583984375000000e-01  -3.5129050798384620e-01  -3.5129275608554722e-01   2.2481017010189674e-06
   7.3681640625000000e-01  -9.2021775215268605e-03  -9.2037547820408763e-03   1.5772605140157436e-06
   7.3779296875000000e-01   3.3399868065833160e-01   3.3399965144202509e-01   9.7078369348801985e-07
   7.3876953125000000e-01   6.3676134852341637e-01   6.3676186123629530e-01   5.1271287893062123e-07
   7.3974609375000000e-01   8.6242416472403538e-01   8.6242395611104661e-01   2.0861298877239420e-07
   7.4072265625000000e-01   9.8366245967793553e-01   9.8366241921173203e-01   4.0466203499178732e-08
   7.4169921875000000e-01   9.8579752116272967e-01   9.8579750916756614e-01   1.1995163529121555e-08
   7.4267578125000000e-01   8.6857067057508963e-01   8.6857070597133834e-01   3.5396248709851363e-08
   7.4365234375000000e-01   6.4617618453566084e-01   6.4617601298331429e-01   1.7155234655064078e-07
   7.4462890625000000e-01   3.4554171170516035e-01   3.4554132496398865e-01   3.8674117169845701e-07
   7.4560546875000000e-01   3.0672918212179085e-03   3.0679567629678267e-03   6.6494174991811247e-07
   7.4658203125000000e-01  -3.3977785306119196e-01  -3.3977688440682297e-01   9.6865436899351565e-07
   7.4755859375000000e-01  -6.4147980277858951e-01  -6.4148101280857817e-01   1.2100299886519394e-06
   7.4853515625000000e-01  -8.6551242139439233e-01  -8.6551362409056465e-01   1.2026961723199392e-06
   7.4951171875000000e-01  -9.8474912057103969e-01  -9.8474850180190232e-01   6.1876913737268779e-07
   7.1923828125000000e-01  -2.1477635965066456e-02  -2.1474080275465820e-02   3.5556896006358474e-06
   7.2021484375000000e-01   3.2240995171716375e-01   3.2240767880107113e-01   2.2729160926160397e-06
   7.2119140625000000e-01   6.2725304394292070e-01   6.2725181549514342e-01   1.2284477772794844e-06
   7.2216796875000000e-01   8.5614679617764866e-01   8.5614732837519281e-01   5.3219754414524090e-07
   7.2314453125000000e-01   9.8137906559066279e-01   9.8137919331375356e-01   1.2772309077035970e-07
   7.2412109375000000e-01   9.8778407742343743e-01   9.8778414164457340e-01   6.4221135964714904e-08
   7.2509765625000000e-01   8.7458654328741881e-01   8.7458665227818100e-01   1.0899076219317294e-07
   7.2607421875000000e-01   6.5549290694065176e-01   6.5549285299962479e-01   5.3941026978421291e-08
   7.2705078125000000e-01   3.5703089451490189e-01   3.5703096123339073e-01   6.6718488844763613e-08
   7.2802734375000000e-01   1.5339431042255984e-02   1.5339206284948368e-02   2.2475730761598034e-07
   7.2900390625000000e-01  -3.2820945428217940e-01  -3.2820984357912786e-01   3.8929694845535323e-07
   7.2998046875000000e-01  -6.3201925124079461e-01  -6.3201873593983626e-01   5.1530095834806389e-07
   7.3095703125000000e-01  -8.5930234513321102e-01  -8.5930181835702524e-01   5.2677618578300667e-07
   7.3193359375000000e-01  -9.8253900881634437e-01  -9.8253930228744690e-01   2.9347110253041819e-07
   7.3291015625000000e-01  -9.8680979052250650e-01  -9.8680940181418086e-01   3.8870832563819846e-07
   7.3388671875000000e-01  -8.7159334315508408e-01  -8.7159508665593832e-01   1.7435008542454611e-06
   7.0361328125000000e-01   6.1764451089821482e-01   6.1764730793781353e-01   2.7970395987120256e-06
   7.0458984375000000e-01   8.4974303387494154e-01   8.4974176800085777e-01   1.2658740837778737e-06
   7.0556640625000000e-01   9.7894849726449240e-01   9.7894817531906375e-01   3.2194542864960596e-07
   7.0654296875000000e-01   9.8962216545836434e-01   9.8962201746320011e-01   1.4799516423469328e-07
   7.0751953125000000e-01   8.8047120430247106e-01   8.8047088905215931e-01   3.1525031174428619e-07
   7.0849609375000000e-01   6.6471067030313047e-01   6.6471097820332314e-01   3.0790019267534774e-07
   7.0947265625000000e-01   3.6846662098514693e-01   3.6846682995334745e-01   2.0896820052129783e-07
   7.1044921875000000e-01   2.7608217177745614e-02   2.7608145778941270e-02   7.1398804344507960e-08
   7.1142578125000000e-01  -3.1659344330813477e-01  -3.1659337555618688e-01   6.7751947885330566e-08
   7.1240234375000000e-01  -6.2246110344700567e-01  -6.2246127937416551e-01   1.7592715984005025e-07
   7.1337890625000000e-01  -8.5296038981031819e-01  -8.5296060493037285e-01   2.1512005465851303e-07
   7.1435546875000000e-01  -9.8018226769242711e-01  -9.8018213596812043e-01   1.3172430668451085e-07
   7.1533203125000000e-01  -9.8872153771294857e-01  -9.8872169196032178e-01   1.5424737320746118e-07
   7.1630859375000000e-01  -8.7754604652478330e-01  -8.7754529020725625e-01   7.5631752705085376e-07
   7.1728515625000000e-01  -6.6011614571477761e-01  -6.6011434206741426e-01   1.8036473633520345e-06
   7.1826171875000000e-01  -3.6275241010950632e-01  -3.6275572436739162e-01   3.3142578853007088e-06
   6.8798828125000000e-01   9.7636896273790519e-01   9.7636973133002569e-01   7.6859212050361947e-07
   6.8896484375000000e-01   9.9131054399782870e-01   9.9131085984611300e-01   3.1584828430464285e-07
   6.8994140625000000e-01   8.8622179943546298e-01   8.8622253014887320e-01   7.3071341022412639e-07
   6.9091796875000000e-01   6.7382976137990636e-01   6.7382900037874582e-01   7.6100116053190447e-07
   6.9189453125000000e-01   3.7984782403070061e-01   3.7984720892404050e-01   6.1510666010677895e-07
   6.9287109375000000e-01   3.9872515788708242e-02   3.9872927587730596e-02   4.1179902235399801e-07
   6.9384765625000000e-01  -3.0492944381385811e-01  -3.0492922973540898e-01   2.1407844913445828e-07
   6.9482421875000000e-01  -6.1281002598640155e-01  -6.1281008242941337e-01   5.6443011819951039e-08
   6.9580078125000000e-01  -8.4649097680147845e-01  -8.4649093877405335e-01   3.8027425097730827e-08
   6.9677734375000000e-01  -9.7767731059475793e-01  -9.7767735782451592e-01   4.7229757993427768e-08
   6.9775390625000000e-01  -9.9048514097330420e-01  -9.9048508425645343e-01   5.6716850771465488e-08
   6.9873046875000000e-01  -8.8336302701329106e-01  -8.8336333866572048e-01   3.1165242941888494e-07
   6.9970703125000000e-01  -6.6928182310076800e-01  -6.6928258834662013e-01   7.6524585213011420e-07
   7.0068359375000000e-01  -3.7416552572525591e-01  -3.7416406297144023e-01   1.4627538156841702e-06
   7.0166015625000000e-01  -3.3743571619574121e-02  -3.3741171851360739e-02   2.3997682133819476e-06
   7.0263671875000000e-01   3.1077053316076914e-01   3.1076715274962530e-01   3.3804111438384687e-06
   9.6923828125000000e-01   9.9976932897211634e-01   9.9976940535121617e-01   7.6379099822609930e-08
   9.7021484375000000e-01   9.4660013893603445e-01   9.4660091308327221e-01   7.7414723775870442e-07
   9.7119140625000000e-01   7.7881552299906687e-01   7.7881651238145533e-01   9.8938238846102422e-07
   9.7216796875000000e-01   5.1673268078835255e-01   5.1673179901762367e-01   8.8177072887773988e-07
   9.7314453125000000e-01   1.9208104961287994e-01   1.9208039704986471e-01   6.5256301523541893e-07
   9.7412109375000000e-01  -1.5582880474655489e-01  -1.5582839765429088e-01   4.0709226400981180e-07
   9.7509765625000000e-01  -4.8486944459369408e-01  -4.8486924800081177e-01   1.9659288230666760e-07
   9.7607421875000000e-01  -7.5520133007729506e-01  -7.5520137689655054e-01   4.6819255472563270e-08
   9.7705078125000000e-01  -9.3409257590555905e-01  -9.3409255040426575e-01   2.5501293299257100e-08
   9.7802734375000000e-01  -9.9988234400618348e-01  -9.9988234745421278e-01   3.4480293065186629e-09
   9.7900390625000000e-01  -9.4460497252545217e-01  -9.4460483726147559e-01   1.3526397657503964e-07
   9.7998046875000000e-01  -7.7495268633707315e-01  -7.7495310659486627e-01   4.2025779312115930e-07
   9.8095703125000000e-01  -5.1146796541776163e-01  -5.1146885043796197e-01   8.8502020034741946e-07
   9.8193359375000000e-01  -1.8605670144932593e-01  -1.8605515166343931e-01   1.5497858866231340e-06
   9.8291015625000000e-01   1.6188402431655735e-01   1.6188639378011693e-01   2.3694635595816749e-06
   9.8388671875000000e-01   4.9022958312173037e-01   4.9022648328829366e-01   3.0998334367149383e-06
   9.8486328125000000e-01   7.5920687423096078e-01   7.5920918897838841e-01   2.3147474276230540e-06
   9.8583984375000000e-01   9.3626651066906619e-01   9.3626566717027759e-01   8.4349878859413252e-07
   9.8681640625000000e-01   9.9995765906805345e-01   9.9995764455196379e-01   1.4516089663629828e-08
   9.8779296875000000e-01   9.4257354159688611e-01   9.4257319760144898e-01   3.4399543713536929e-07
   9.8876953125000000e-01   7.7106094767314892e-01   7.7106052426178318e-01   4.2341136574641780e-07
   9.8974609375000000e-01   5.0618628991707992e-01   5.0618664534511582e-01   3.5542803589194705e-07
   9.9072265625000000e-01   1.8002268029429286e-01   1.8002290140565672e-01   2.2111136385727370e-07
   9.9169921875000000e-01  -1.6793822456316601e-01  -1.6793829497477181e-01   7.0411605795905885e-08
   9.9267578125000000e-01  -4.9556532386434049e-01  -4.9556526182580629e-01   6.2038534198727291e-08
   9.9365234375000000e-01  -7.6318827201351125e-01  -7.6318841726340492e-01   1.4524989366826446e-07
   9.9462890625000000e-01  -9.3840339165621589e-01  -9.3840353406311994e-01   1.4240690404676570e-07
   9.9560546875000000e-01  -9.9999529584937730e-01  -9.9999529380957630e-01   2.0398009947797391e-09
   9.9658203125000000e-01  -9.4050572064666604e-01  -9.4050607059325830e-01   3.4994659225962010e-07
   9.9755859375000000e-01  -7.6713992376039886e-01  -7.6713891193580286e-01   1.0118245959978012e-06
   9.9853515625000000e-01  -5.0088746082527136e-01  -5.0088538261121907e-01   2.0782140522923598e-06
   9.9951171875000000e-01  -1.7398037111856307e-01  -1.7398387338744145e-01   3.5022688783803435e-06
   9.3798828125000000e-01   2.1611026954339127e-01   2.1610679707622171e-01   3.4724671695574028e-06
   9.3896484375000000e-01  -1.3154240897414024e-01  -1.3154002870287859e-01   2.3802712616483035e-06
   9.3994140625000000e-01  -4.6326118141426675e-01  -4.6325978355185410e-01   1.3978624126553818e-06
   9.4091796875000000e-01  -7.3888663046416814e-01  -7.3888732446064731e-01   6.9399647917300911e-07
   9.4189453125000000e-01  -9.2504898820503534e-01  -9.2504924078269479e-01   2.5257765945418953e-07
   9.4287109375000000e-01  -9.9920477505098115e-01  -9.9920475861836566e-01   1.6432615490558078e-08
   9.4384765625000000e-01  -9.5237494417658353e-01  -9.5237501271975344e-01   6.8543169917667512e-08
   9.4482421875000000e-01  -7.9023026520787731e-01  -7.9023022143728650e-01   4.3770590818503763e-08
   9.4580078125000000e-01  -5.3240306741569976e-01  -5.3240312787716737e-01   6.0461467610295472e-08
   9.4677734375000000e-01  -2.1011205664642502e-01  -2.1011183688043658e-01   2.1976598843509443e-07
   9.4775390625000000e-01   1.3761971338110326e-01   1.3762012158651724e-01   4.0820541397090793e-07
   9.4873046875000000e-01   4.6868940942367876e-01   4.6868882203585371e-01   5.8738782504619280e-07
   9.4970703125000000e-01   7.4300864144834533e-01   7.4300795213513970e-01   6.8931320562626297e-07
   9.5068359375000000e-01   9.2736193547004486e-01   9.2736252565041033e-01   5.9018036546731878e-07
   9.5166015625000000e-01   9.9943052353545614e-01   9.9943060455546251e-01   8.1020006370557951e-08
   9.5263671875000000e-01   9.5048496869701360e-01   9.5048607394947549e-01   1.1052524618859749e-06
   9.5361328125000000e-01   7.8645741026282479e-01   7.8645521359907489e-01   2.1966637498982422e-06
   9.5458984375000000e-01   5.2719709443527996e-01   5.2719913478188829e-01   2.0403466083340760e-06
   9.5556640625000000e-01   2.0410742197085488e-01   2.0410896609280416e-01   1.5441219492762226e-06
   9.5654296875000000e-01  -1.4369401390976475e-01  -1.4369503315030505e-01   1.0192405403008920e-06
   9.5751953125000000e-01  -4.7409962918585291e-01  -4.7410021465055741e-01   5.8546470449449828e-07
   9.5849609375000000e-01  -7.4710087992530294e-01  -7.4710060598018413e-01   2.7394511881162487e-07
   9.5947265625000000e-01  -9.2964097866852657e-01  -9.2964089584318266e-01   8.2825343916681504e-08
   9.6044921875000000e-01  -9.9961882052323559e-01  -9.9961882249517864e-01   1.9719430532916249e-09
   9.6142578125000000e-01  -9.4856132730272802e-01  -9.4856134991573060e-01   2.2613002581550745e-08
   9.6240234375000000e-01  -7.8265073608574554e-01  -7.8265059616657773e-01   1.3991916780753400e-07
   9.6337890625000000e-01  -5.2197564446500100e-01  -5.2197529293715905e-01   3.5152784194636411e-07
   9.6435546875000000e-01  -1.9809775895081827e-01  -1.9809841071790552e-01   6.5176708724523635e-07
   9.6533203125000000e-01   1.4976555299049052e-01   1.4976453467736772e-01   1.0183131227969877e-06
   9.6630859375000000e-01   4.7949237348341595e-01   4.7949375766019203e-01   1.3841767760869317e-06
   9.6728515625000000e-01   7.5116354688357101e-01   7.5116513190971423e-01   1.5850261432248658e-06
   9.6826171875000000e-01   9.3188555572010290e-01   9.3188426558168258e-01   1.2901384203178878e-06
   9.0673828125000000e-01  -9.1544728481969995e-01  -9.1544871608827383e-01   1.4312685738815389e-06
   9.0771484375000000e-01  -9.9792544078713685e-01  -9.9792528619859677e-01   1.5458854007999179e-07
   9.0869140625000000e-01  -9.5957106911845580e-01  -9.5957151308198163e-01   4.4396352583131460e-07
   9.0966796875000000e-01  -8.0503194212970375e-01  -8.0503133114295888e-01   6.1098674486448346e-07
   9.1064453125000000e-01  -5.5301725959212433e-01  -5.5301670558002292e-01   5.5401210141692303e-07
   9.1162109375000000e-01  -2.3404155790296507e-01  -2.3404195858354024e-01   4.0068057516329247e-07
   9.1259765625000000e-01   1.1327117551466633e-01   1.1327095217756532e-01   2.2333710100741477e-07
   9.1357421875000000e-01   4.4686877626467797e-01   4.4686884016237299e-01   6.3897695024017764e-08
   9.1455078125000000e-01   7.2635920417652755e-01   7.2635915508434346e-01   4.9092184095655966e-08
   9.1552734375000000e-01   9.1790068642492795e-01   9.1790077562138805e-01   8.9196460106855113e-08
   9.1650390625000000e-01   9.9830152092402069e-01   9.9830154493389234e-01   2.4009871646413217e-08
   9.1748046875000000e-01   9.5782622195708367e-01   9.5782641302751959e-01   1.9107043591759520e-07
   9.1845703125000000e-01   8.0137555565957985e-01   8.0137617172311393e-01   6.1606353407572811e-07
   9.1943359375000000e-01   5.4789537868200078e-01   5.4789405917306533e-01   1.3195089354489653e-06
   9.2041015625000000e-01   2.2807442102196829e-01   2.2807208317084743e-01   2.3378511208593800e-06
   9.2138671875000000e-01  -1.1936874589257285e-01  -1.1936521481102812e-01   3.5310815447303634e-06
   9.2236328125000000e-01  -4.5234641539069370e-01  -4.5234958723380181e-01   3.1718431081073639e-06
   9.2333984375000000e-01  -7.3056440883039486e-01  -7.3056276922784968e-01   1.6396025451781426e-06
   9.2431640625000000e-01  -9.2031889371170783e-01  -9.2031827670912236e-01   6.1700258546792952e-07
   9.2529296875000000e-01  -9.9864016448778004e-01  -9.9864021818026671e-01   5.3692486678968976e-08
   9.2626953125000000e-01  -9.5604544632435484e-01  -9.5604525134998897e-01   1.9497436587467831e-07
   9.2724609375000000e-01  -7.9769059240342621e-01  -7.9769084094337717e-01   2.4853995095330816e-07
   9.2822265625000000e-01  -5.4275059606998133e-01  -5.4275078486449835e-01   1.8879451701980798e-07
   9.2919921875000000e-01  -2.2209369061537695e-01  -2.2209362097318547e-01   6.9642191485863592e-08
   9.3017578125000000e-01   1.2545505427325243e-01   1.2545498341156233e-01   7.0861690099066621e-08
   9.3115234375000000e-01   4.5781310375524570e-01   4.5781330359888961e-01   1.9984364391101295e-07
   9.3212890625000000e-01   7.3473859852970902e-01   7.3473887809597138e-01   2.7956626236225190e-07
   9.3310546875000000e-01   9.2270138468060381e-01   9.2270112833388218e-01   2.5634672162766492e-07
   9.3408203125000000e-01   9.9894134056634243e-01   9.9894129318685720e-01   4.7379485224041673e-08
   9.3505859375000000e-01   9.5422856685470825e-01   9.5422809510910422e-01   4.7174560402485355e-07
   9.3603515625000000e-01   7.9397693732186214e-01   7.9397547755433573e-01   1.4597675264127474e-06
   9.3701171875000000e-01   5.3758407741381042e-01   5.3758707629564539e-01   2.9988818349702129e-06
   8.7548828125000000e-01  -5.7330008071189820e-01  -5.7329716669801600e-01   2.9140138821937001e-06
   8.7646484375000000e-01  -2.5782878220831457e-01  -2.5783110216213040e-01   2.3199538158324984e-06
   8.7744140625000000e-01   8.8855123670950525e-02   8.8853552582551787e-02   1.5710883987385404e-06
   8.7841796875000000e-01   4.2477874881747674e-01   4.2477968120913145e-01   9.3239165471770136e-07
   8.7939453125000000e-01   7.0927235769642660e-01   7.0927282643888168e-01   4.6874245507311230e-07
   8.8037109375000000e-01   9.0788628925809545e-01   9.0788611648767470e-01   1.7277042074770321e-07
   8.8134765625000000e-01   9.9657116438920057e-01   9.9657114579055639e-01   1.8598644180300994e-08
   8.8232421875000000e-01   9.6458981212875616e-01   9.6458979328980854e-01   1.8838947624111313e-08
   8.8330078125000000e-01   8.1581436950007968e-01   8.1581441080672601e-01   4.1306646325622864e-08
   8.8427734375000000e-01   5.6825913763337632e-01   5.6825895267012239e-01   1.8496325393524415e-07
   8.8525390625000000e-01   2.5189821699143289e-01   2.5189781815420842e-01   3.9883722446898418e-07
   8.8623046875000000e-01  -9.4964157269454827e-02  -9.4963495329645486e-02   6.6193980934048380e-07
   8.8720703125000000e-01  -4.3032741102935618e-01  -4.3032648134008644e-01   9.2968926973524546e-07
   8.8818359375000000e-01  -7.1358376375358534e-01  -7.1358486878079497e-01   1.1050272096246871e-06
   8.8916015625000000e-01  -9.1044029905380475e-01  -9.1044129225806703e-01   9.9320426227844649e-07
   8.9013671875000000e-01  -9.9706034284669642e-01  -9.9706007033948274e-01   2.7250721368332620e-07
   8.9111328125000000e-01  -9.6295422594565072e-01  -9.6295326687368521e-01   9.5907196551170415e-07
   8.9208984375000000e-01  -8.1224918597976670e-01  -8.1225058658520821e-01   1.4006054415149904e-06
   8.9306640625000000e-01  -5.6319804063431933e-01  -5.6319934401379512e-01   1.3033794757921768e-06
   8.9404296875000000e-01  -2.4595604862651918e-01  -2.4595505033575113e-01   9.9829076805058037e-07
   8.9501953125000000e-01   1.0106920121494342e-01   1.0106986275487016e-01   6.6153992674122808e-07
   8.9599609375000000e-01   4.3585745084288779e-01   4.3585707992229172e-01   3.7092059607113370e-07
   8.9697265625000000e-01   7.1787020154506831e-01   7.1787004505575813e-01   1.5648931017686607e-07
   8.9794921875000000e-01   9.1296216128343455e-01   9.1296219042841276e-01   2.9144978208606176e-08
   8.9892578125000000e-01   9.9751146117616374e-01   9.9751145614030579e-01   5.0358579528619885e-09
   8.9990234375000000e-01   9.6128054775535809e-01   9.6128048581131209e-01   6.1944046003681308e-08
   9.0087890625000000e-01   8.0865642403465354e-01   8.0865618158815811e-01   2.4244649543536667e-07
   9.0185546875000000e-01   5.5811797947492847e-01   5.5811853122053423e-01   5.5174560575910192e-07
   9.0283203125000000e-01   2.4000202262213591e-01   2.4000302244871810e-01   9.9982658219310849e-07
   9.0380859375000000e-01  -1.0717085671403967e-01  -1.0717242495683049e-01   1.5682427908225716e-06
   9.0478515625000000e-01  -4.4136911413255020e-01  -4.4137126873173416e-01   2.1545991839566625e-06
   9.0576171875000000e-01  -7.2213065417329780e-01  -7.2212819392922722e-01   2.4602440705789874e-06
   8.4423828125000000e-01   6.9175669010374541e-01   6.9175925836415209e-01   2.5682604066767922e-06
   8.4521484375000000e-01   8.9732564049503749e-01   8.9732458070541377e-01   1.0597896237252158e-06
   8.4619140625000000e-01   9.9424061849794765e-01   9.9424044945319268e-01   1.6904475497181437e-07
   8.4716796875000000e-01   9.7077238791450926e-01   9.7077214072894025e-01   2.4718556901337507e-07
   8.4814453125000000e-01   8.2976160491236950e-01   8.2976123379450084e-01   3.7111786865828833e-07
   8.4912109375000000e-01   5.8828121495371322e-01   5.8828154822261502e-01   3.3326890180873647e-07
   8.5009765625000000e-01   2.7557160323065460e-01   2.7557181931092439e-01   2.1608026978814365e-07
   8.5107421875000000e-01  -7.0504502141360573e-02  -7.0504573389646621e-02   7.1248286048763987e-08
   8.5205078125000000e-01  -4.0804422807424734e-01  -4.0804416286500655e-01   6.5209240784902534e-08
   8.5302734375000000e-01  -6.9617697012593760e-01  -6.9617713149148319e-01   1.6136554559231797e-07
   8.5400390625000000e-01  -9.0001571238773226e-01  -9.0001589201617149e-01   1.7962843923413629e-07
   8.5498046875000000e-01  -9.9487939800047553e-01  -9.9487933079480806e-01   6.7205667475533915e-08
   8.5595703125000000e-01  -9.6928098203977120e-01  -9.6928123535654320e-01   2.5331677200313152e-07
   8.5693359375000000e-01  -8.2632195119435647e-01  -8.2632106284565277e-01   8.8834870370924079e-07
   8.5791015625000000e-01  -5.8331060325972728e-01  -5.8330865293768475e-01   1.9503220425320933e-06
   8.5888671875000000e-01  -2.6966490081838707e-01  -2.6966832557290127e-01   3.4247545142029878e-06
   8.5986328125000000e-01   7.6620315337634373e-02   7.6623861392043510e-02   3.5460544091370227e-06
   8.6083984375000000e-01   4.1364049833010919e-01   4.1363831223844344e-01   2.1860916657456819e-06
   8.6181640625000000e-01   7.0056991949928027e-01   7.0056879394325366e-01   1.1255560266043574e-06
   8.6279296875000000e-01   9.0267287503104021e-01   9.0267331823726105e-01   4.4320622083482419e-07
   8.6376953125000000e-01   9.9548069234621839e-01   9.9548075549192716e-01   6.3145708772971432e-08
   8.6474609375000000e-01   9.6775373327956160e-01   9.6775383709347529e-01   1.0381391368774473e-07
   8.6572265625000000e-01   8.2284965364041018e-01   8.2284978137582732e-01   1.2773541713251291e-07
   8.6669921875000000e-01   5.7831385468204588e-01   5.7831379641165892e-01   5.8270386960046494e-08
   8.6767578125000000e-01   2.6375461007804590e-01   2.6375467897483756e-01   6.8896791660666423e-08
   8.6865234375000000e-01  -8.2740040536365078e-02  -8.2740264549366976e-02   2.2401300189822670e-07
   8.6962890625000000e-01  -4.1921651419905992e-01  -4.1921688836326554e-01   3.7416420561875441e-07
   8.7060546875000000e-01  -7.0493455200312016e-01  -7.0493408037593575e-01   4.7162718441740026e-07
   8.7158203125000000e-01  -9.0529719681060372e-01  -9.0529675931813625e-01   4.3749246747548654e-07
   8.7255859375000000e-01  -9.9604456074887704e-01  -9.9604470090125541e-01   1.4015237836950689e-07
   8.7353515625000000e-01  -9.6619062253003185e-01  -9.6619000344540318e-01   6.1908462867243941e-07
   8.7451171875000000e-01  -8.1934548113456407e-01  -8.1934752007677736e-01   2.0389422132893742e-06
   8.1298828125000000e-01   8.4321015157022050e-01   8.4320823964184044e-01   1.9119283800606013e-06
   8.1396484375000000e-01   6.0794787852335297e-01   6.0794978496776819e-01   1.9064444152228077e-06
   8.1494140625000000e-01   2.9907832117763378e-01   2.9907982630803603e-01   1.5051304022573042e-06
   8.1591796875000000e-01  -4.6002153292240285e-02  -4.6003182130916954e-02   1.0288386766699187e-06
   8.1689453125000000e-01  -3.8551544029845553e-01  -3.8551605384391890e-01   6.1354546337932803e-07
   8.1787109375000000e-01  -6.7835034593535470e-01  -6.7835004312985980e-01   3.0280549490058206e-07
   8.1884765625000000e-01  -8.8904845876364558e-01  -8.8904835585466246e-01   1.0290898311282604e-07
   8.1982421875000000e-01  -9.9209930418143621e-01  -9.9209931314219091e-01   8.9607546938097471e-09
   8.2080078125000000e-01  -9.7502532920373441e-01  -9.7502534506699623e-01   1.5863261815241003e-08
   8.2177734375000000e-01  -8.3989391619754150e-01  -8.3989379419597487e-01   1.2200156662700579e-07
   8.2275390625000000e-01  -6.0306692729001010e-01  -6.0306659854031386e-01   3.2874969624341333e-07
   8.2373046875000000e-01  -2.9321852697675238e-01  -2.9321916269421977e-01   6.3571746738988466e-07
   8.2470703125000000e-01   5.2132733208898711e-02   5.2131704680321647e-02   1.0285285770642028e-06
   8.2568359375000000e-01   3.9116893265860470e-01   3.9117038430228707e-01   1.4516436823708290e-06
   8.2666015625000000e-01   6.8284379220310010e-01   6.8284554638527273e-01   1.7541821726307916e-06
   8.2763671875000000e-01   8.9184231817248882e-01   8.9184070939235693e-01   1.6087801318898087e-06
   8.2861328125000000e-01   9.9284998993003049e-01   9.9285041445986855e-01   4.2452983806118283e-07
   8.2958984375000000e-01   9.7364370201603367e-01   9.7364424965080576e-01   5.4763477208563671e-07
   8.3056640625000000e-01   8.3654686301419445e-01   8.3654772722349857e-01   8.6420930411890140e-07
   8.3154296875000000e-01   5.9816153235660485e-01   5.9816070699632451e-01   8.2536028034319031e-07
   8.3251953125000000e-01   2.8734809644640419e-01   2.8734745954471047e-01   6.3690169371799499e-07
   8.3349609375000000e-01  -5.8258675927228991e-02  -5.8258264500453315e-02   4.1142677567607144e-07
   8.3447265625000000e-01  -3.9681019374592141e-01  -3.9680998741672435e-01   2.0632919706109476e-07
   8.3544921875000000e-01  -6.8731528901081396e-01  -6.8731534089176849e-01   5.1880954532457224e-08
   8.3642578125000000e-01  -8.9459951754944111e-01  -8.9459948563138747e-01   3.1918053644552913e-08
   8.3740234375000000e-01  -9.9356411005910050e-01  -9.9356413552059630e-01   2.5461495800627176e-08
   8.3837890625000000e-01  -9.7222659353380458e-01  -9.7222649707893494e-01   9.6454869646933616e-08
   8.3935546875000000e-01  -8.3316979697610072e-01  -8.3317016470191108e-01   3.6772581035737772e-07
   8.4033203125000000e-01  -5.9323146591430775e-01  -5.9323229503979868e-01   8.2912549093094867e-07
   8.4130859375000000e-01  -2.8146645148380450e-01  -2.8146493792575883e-01   1.5135580456737685e-06
   8.4228515625000000e-01   6.4380234775831310e-02   6.4382630929854259e-02   2.3961540229489042e-06
   8.4326171875000000e-01   4.0243790665927143e-01   4.0243465085941338e-01   3.2557998580484693e-06
   7.8173828125000000e-01  -3.6275241010957870e-01  -3.6275572436742176e-01   3.3142578430567227e-06
   7.8271484375000000e-01  -6.6011614571476573e-01  -6.6011434206743858e-01   1.8036473271587639e-06
   7.8369140625000000e-01  -8.7754604652477930e-01  -8.7754529020727168e-01   7.5631750762195082e-07
   7.8466796875000000e-01  -9.8872153771295757e-01  -9.8872169196032667e-01   1.5424736909963599e-07
   7.8564453125000000e-01  -9.8018226769241878e-01  -9.8018213596811399e-01   1.3172430479713171e-07
   7.8662109375000000e-01  -8.5296038981029754e-01  -8.5296060493035597e-01   2.1512005843327131e-07
   7.8759765625000000e-01  -6.2246110344696381e-01  -6.2246127937414020e-01   1.7592717638237332e-07
   7.8857421875000000e-01  -3.1659344330812922e-01  -3.1659337555615619e-01   6.7751973031882073e-08
   7.8955078125000000e-01   2.7608217177752574e-02   2.7608145778973608e-02   7.1398778965503507e-08
   7.9052734375000000e-01   3.6846662098519195e-01   3.6846682995337748e-01   2.0896818553328700e-07
   7.9150390625000000e-01   6.6471067030314435e-01   6.6471097820334735e-01   3.0790020300042187e-07
   7.9248046875000000e-01   8.8047120430247627e-01   8.8047088905216120e-01   3.1525031507495527e-07
   7.9345703125000000e-01   9.8962216545836867e-01   9.8962201746320066e-01   1.4799516800945156e-07
   7.9443359375000000e-01   9.7894849726450117e-01   9.7894817531906297e-01   3.2194543819752397e-07
   7.9541015625000000e-01   8.4974303387496830e-01   8.4974176800085566e-01   1.2658741126436723e-06
   7.9638671875000000e-01   6.1764451089816330e-01   6.1764730793781042e-01   2.7970396471177494e-06
   7.9736328125000000e-01   3.1077053316066944e-01   3.1076715274962158e-01   3.3804110478596883e-06
   7.9833984375000000e-01  -3.3743571619584037e-02  -3.3741171851421475e-02   2.3997681625614886e-06
   7.9931640625000000e-01  -3.7416552572527012e-01  -3.7416406297149657e-01   1.4627537735512064e-06
   8.0029296875000000e-01  -6.6928182310083772e-01  -6.6928258834666532e-01   7.6524582759418536e-07
   8.0126953125000000e-01  -8.8336302701332692e-01  -8.8336333866574890e-01   3.1165242198039067e-07
   8.0224609375000000e-01  -9.9048514097331231e-01  -9.9048508425646176e-01   5.6716850549420883e-08
   8.0322265625000000e-01  -9.7767731059474516e-01  -9.7767735782450316e-01   4.7229757993427768e-08
   8.0419921875000000e-01  -8.4649097680147689e-01  -8.4649093877403603e-01   3.8027440862897777e-08
   8.0517578125000000e-01  -6.1281002598639855e-01  -6.1281008242938773e-01   5.6442989171401337e-08
   8.0615234375000000e-01  -3.0492944381380743e-01  -3.0492922973537817e-01   2.1407842926146614e-07
   8.0712890625000000e-01   3.9872515788747377e-02   3.9872927587762917e-02   4.1179901554000420e-07
   8.0810546875000000e-01   3.7984782403074141e-01   3.7984720892407042e-01   6.1510667098696459e-07
   8.0908203125000000e-01   6.7382976137995254e-01   6.7382900037876969e-01   7.6100118284738727e-07
   8.1005859375000000e-01   8.8622179943545654e-01   8.8622253014888819e-01   7.3071343165143077e-07
   8.1103515625000000e-01   9.9131054399782614e-01   9.9131085984611722e-01   3.1584829107700330e-07
   8.1201171875000000e-01   9.7636896273788465e-01   9.7636973133001870e-01   7.6859213404834037e-07
   7.5048828125000000e-01  -9.8474912057102559e-01  -9.8474850180189666e-01   6.1876912893499281e-07
   7.5146484375000000e-01  -8.6551242139440177e-01  -8.6551362409054844e-01   1.2026961466737873e-06
   7.5244140625000000e-01  -6.4147980277859795e-01  -6.4148101280855341e-01   1.2100299554562710e-06
   7.5341796875000000e-01  -3.3977785306113434e-01  -3.3977688440679255e-01   9.6865434179305154e-07
   7.5439453125000000e-01   3.0672918212615559e-03   3.0679567630001758e-03   6.6494173861985847e-07
   7.5537109375000000e-01   3.4554171170519726e-01   3.4554132496401901e-01   3.8674117824877285e-07
   7.5634765625000000e-01   6.4617618453570091e-01   6.4617601298333893e-01   1.7155236198274082e-07
   7.5732421875000000e-01   8.6857067057509174e-01   8.6857070597135444e-01   3.5396262698661474e-08
   7.5830078125000000e-01   9.8579752116273101e-01   9.8579750916757158e-01   1.1995159421296364e-08
   7.5927734375000000e-01   9.8366245967792676e-01   9.8366241921172615e-01   4.0466200612598868e-08
   7.6025390625000000e-01   8.6242416472401551e-01   8.6242395611103029e-01   2.0861298521968052e-07
   7.6123046875000000e-01   6.3676134852338273e-01   6.3676186123627032e-01   5.1271288759036082e-07
   7.6220703125000000e-01   3.3399868065827359e-01   3.3399965144199462e-01   9.7078372102155086e-07
   7.6318359375000000e-01  -9.2021775215158485e-03  -9.2037547820732254e-03   1.5772605573768916e-06
   7.6416015625000000e-01  -3.5129050798382844e-01  -3.5129275608557753e-01   2.2481017490916244e-06
   7.6513671875000000e-01  -6.5084938512725266e-01  -6.5084668499638754e-01   2.7001308651186662e-06
   7.6611328125000000e-01  -8.7159334315512649e-01  -8.7159508665595420e-01   1.7435008277111308e-06
   7.6708984375000000e-01  -9.8680979052250251e-01  -9.8680940181418619e-01   3.8870831631232505e-07
   7.6806640625000000e-01  -9.8253900881634570e-01  -9.8253930228744091e-01   2.9347109520294623e-07
   7.6904296875000000e-01  -8.5930234513317949e-01  -8.5930181835700858e-01   5.2677617090601814e-07
   7.7001953125000000e-01  -6.3201925124076075e-01  -6.3201873593981117e-01   5.1530094957730199e-07
   7.7099609375000000e-01  -3.2820945428214215e-01  -3.2820984357909733e-01   3.8929695517220253e-07
   7.7197265625000000e-01   1.5339431042308952e-02   1.5339206284980714e-02   2.2475732823837302e-07
   7.7294921875000000e-01   3.5703089451490660e-01   3.5703096123342098e-01   6.6718514379893179e-08
   7.7392578125000000e-01   6.5549290694065532e-01   6.5549285299964921e-01   5.3941006106228429e-08
   7.7490234375000000e-01   8.7458654328744523e-01   8.7458665227819676e-01   1.0899075153503190e-07
   7.7587890625000000e-01   9.8778407742344365e-01   9.8778414164457840e-01   6.4221134743469577e-08
   7.7685546875000000e-01   9.8137906559065435e-01   9.8137919331374734e-01   1.2772309299080575e-07
   7.7783203125000000e-01   8.5614679617761669e-01   8.5614732837517604e-01   5.3219755935529633e-07
   7.7880859375000000e-01   6.2725304394292969e-01   6.2725181549511821e-01   1.2284478114743536e-06
   7.7978515625000000e-01   3.2240995171718306e-01   3.2240767880104054e-01   2.2729161425205646e-06
   7.8076171875000000e-01  -2.1477635965151343e-02  -2.1474080275498162e-02   3.5556896531806215e-06
