# dt         : calculate time-step
# Flu_Adv    : evolve fluid variables
# Gra_Adv    : calculate gravitational potential and acceleration
# Src_Adv    : Source terms
# Che_Adv    : Grackle cooling and chemistry library
# SF         : Star formation
# FB_Adv     : Feedback
# FixUp      : use fine-grid data to correct coarse-grid data
# Flag       : check refinement criteria
# Refine     : allocate/remove patches on a higher level
# Buf_Rho    : MPI for exchanging density for the Poisson solver
# Buf_Pot    : MPI for exchanging potential
# Buf_Flu1   : MPI for exchanging fluid data after advance
# Buf_Flu2   : MPI for exchanging fluid data after fix-up
# Buf_Ref    : MPI for exchanging fluid data and potential after grid refinement
# Buf_Flux   : MPI for exchanging fluxes across coarse-fine boundaries
# Buf_Res    : MPI for exchanging restricted fluid data in the father buffer patches (LOAD_BALANCE only)
# Buf_Che    : MPI for exchanging fluid data after calling Grackle
# Par_KD     : kick-drift for particles
# Par_K      : last kick for particles staying at the same level
# Par_K-1    : last kick for particles entering coarser grids
# Par_2Sib   : pass particles to sibling patches after drift
# -MPI_Sib   : MPI for exchanging particles staying at the same level after drift (included in Par_2Sib)
# -MPI_FaSib : MPI for exchanging particles entering coarser grids after drift (included in Par_2Sib)
# Par_2Son   : pass particles to son patches after the last kick
# -MPI       : MPI for exchanging particles after the last kick (included in Par_2Son)
# Par_Coll   : collect particles from finer grids for the Poisson solver
# -MPI_Real  : MPI for collecting particles from leaf patches in other ranks (included in Par_Coll)
# -MPI_Sib   : MPI for collecting particles to sibling buffer patches (included in Par_Coll)
# -MPI_FaSib : MPI for collecting particles to father-sibling buffer patches (included in Par_Coll)
#-----------------------------------------------------------------------------------------------------------------------------

Time : 0.0000000e+00 -> 1.0879732e-03,     Step :        0 ->        1

Main Loop
------------------------------------------------------------------------------------------------------------------------------
       Total    Integration       Output    Auxiliary    LoadBalance       CorrSync          libyt            Sum
      0.0629         0.0058       0.0176       0.0383         0.0012         0.0000         0.0000         0.0629


Integration Loop
------------------------------------------------------------------------------------------------------------------------------
     Lv   Total       dt Flu_Adv Gra_Adv Src_Adv Che_Adv      SF  FB_Adv   FixUp    Flag  Refine Buf_Rho Buf_Pot Buf_Flu1 Buf_Flu2 Buf_Ref Buf_Flux Buf_Res Buf_Che  Par_KD   Par_K Par_K-1 Par_2Sib -MPI_Sib -MPI_FaSib Par_2Son    -MPI Par_Coll -MPI_Real -MPI_Sib -MPI_FaSib     Sum
      0   0.006    0.001   0.003   0.000   0.000   0.000   0.000   0.000   0.000   0.000   0.000   0.000   0.000    0.002    0.000   0.000    0.000   0.000   0.000   0.000   0.000   0.000    0.000    0.000      0.000    0.000   0.000    0.000     0.000    0.000      0.000   0.006
      1   0.000    0.000   0.000   0.000   0.000   0.000   0.000   0.000   0.000   0.000   0.000   0.000   0.000    0.000    0.000   0.000    0.000   0.000   0.000   0.000   0.000   0.000    0.000    0.000      0.000    0.000   0.000    0.000     0.000    0.000      0.000   0.000
      2   0.000    0.000   0.000   0.000   0.000   0.000   0.000   0.000   0.000   0.000   0.000   0.000   0.000    0.000    0.000   0.000    0.000   0.000   0.000   0.000   0.000   0.000    0.000    0.000      0.000    0.000   0.000    0.000     0.000    0.000      0.000   0.000
      3   0.000    0.000   0.000   0.000   0.000   0.000   0.000   0.000   0.000   0.000   0.000   0.000   0.000    0.000    0.000   0.000    0.000   0.000   0.000   0.000   0.000   0.000    0.000    0.000      0.000    0.000   0.000    0.000     0.000    0.000      0.000   0.000
      4   0.000    0.000   0.000   0.000   0.000   0.000   0.000   0.000   0.000   0.000   0.000   0.000   0.000    0.000    0.000   0.000    0.000   0.000   0.000   0.000   0.000   0.000    0.000    0.000      0.000    0.000   0.000    0.000     0.000    0.000      0.000   0.000
      5   0.000    0.000   0.000   0.000   0.000   0.000   0.000   0.000   0.000   0.000   0.000   0.000   0.000    0.000    0.000   0.000    0.000   0.000   0.000   0.000   0.000   0.000    0.000    0.000      0.000    0.000   0.000    0.000     0.000    0.000      0.000   0.000
      6   0.000    0.000   0.000   0.000   0.000   0.000   0.000   0.000   0.000   0.000   0.000   0.000   0.000    0.000    0.000   0.000    0.000   0.000   0.000   0.000   0.000   0.000    0.000    0.000      0.000    0.000   0.000    0.000     0.000    0.000      0.000   0.000
      7   0.000    0.000   0.000   0.000   0.000   0.000   0.000   0.000   0.000   0.000   0.000   0.000   0.000    0.000    0.000   0.000    0.000   0.000   0.000   0.000   0.000   0.000    0.000    0.000      0.000    0.000   0.000    0.000     0.000    0.000      0.000   0.000
      8   0.000    0.000   0.000   0.000   0.000   0.000   0.000   0.000   0.000   0.000   0.000   0.000   0.000    0.000    0.000   0.000    0.000   0.000   0.000   0.000   0.000   0.000    0.000    0.000      0.000    0.000   0.000    0.000     0.000    0.000      0.000   0.000
      9   0.000    0.000   0.000   0.000   0.000   0.000   0.000   0.000   0.000   0.000   0.000   0.000   0.000    0.000    0.000   0.000    0.000   0.000   0.000   0.000   0.000   0.000    0.000    0.000      0.000    0.000   0.000    0.000     0.000    0.000      0.000   0.000
    Sum   0.006    0.001   0.003   0.000   0.000   0.000   0.000   0.000   0.000   0.000   0.000   0.000   0.000    0.002    0.000   0.000    0.000   0.000   0.000   0.000   0.000   0.000    0.000    0.000      0.000    0.000   0.000    0.000     0.000    0.000      0.000   0.006


Summary
------------------------------------------------------------------------------------------------------------------------------
                  dt  Flu_Adv  Gra_Adv  Src_Adv  Che_Adv       SF   FB_Adv    FixUp     Flag   Refine MPI_Grid   Output      Aux       LB CorrSync      Par -MPI_Par    libyt         Sum
    Time      0.0009   0.0028   0.0000   0.0000   0.0000   0.0000   0.0000   0.0000   0.0000   0.0000   0.0021   0.0176   0.0383   0.0012   0.0000   0.0000   0.0000   0.0000      0.0629
    Frac      1.367%   4.476%   0.000%   0.000%   0.000%   0.000%   0.000%   0.000%   0.000%   0.000%   3.412%  27.928%  60.872%   1.920%   0.000%   0.000%   0.000%   0.000%     99.975%

==============================================================================================================================
==============================================================================================================================



Time : 1.0879732e-03 -> 2.1759465e-03,     Step :        1 ->        2

Main Loop
------------------------------------------------------------------------------------------------------------------------------
       Total    Integration       Output    Auxiliary    LoadBalance       CorrSync          libyt            Sum
      0.0697         0.0186       0.0136       0.0364         0.0011         0.0000         0.0000         0.0697


Integration Loop
------------------------------------------------------------------------------------------------------------------------------
     Lv   Total       dt Flu_Adv Gra_Adv Src_Adv Che_Adv      SF  FB_Adv   FixUp    Flag  Refine Buf_Rho Buf_Pot Buf_Flu1 Buf_Flu2 Buf_Ref Buf_Flux Buf_Res Buf_Che  Par_KD   Par_K Par_K-1 Par_2Sib -MPI_Sib -MPI_FaSib Par_2Son    -MPI Par_Coll -MPI_Real -MPI_Sib -MPI_FaSib     Sum
      0   0.019    0.001   0.009   0.000   0.000   0.000   0.000   0.000   0.000   0.000   0.000   0.000   0.000    0.009    0.000   0.000    0.000   0.000   0.000   0.000   0.000   0.000    0.000    0.000      0.000    0.000   0.000    0.000     0.000    0.000      0.000   0.019
      1   0.000    0.000   0.000   0.000   0.000   0.000   0.000   0.000   0.000   0.000   0.000   0.000   0.000    0.000    0.000   0.000    0.000   0.000   0.000   0.000   0.000   0.000    0.000    0.000      0.000    0.000   0.000    0.000     0.000    0.000      0.000   0.000
      2   0.000    0.000   0.000   0.000   0.000   0.000   0.000   0.000   0.000   0.000   0.000   0.000   0.000    0.000    0.000   0.000    0.000   0.000   0.000   0.000   0.000   0.000    0.000    0.000      0.000    0.000   0.000    0.000     0.000    0.000      0.000   0.000
      3   0.000    0.000   0.000   0.000   0.000   0.000   0.000   0.000   0.000   0.000   0.000   0.000   0.000    0.000    0.000   0.000    0.000   0.000   0.000   0.000   0.000   0.000    0.000    0.000      0.000    0.000   0.000    0.000     0.000    0.000      0.000   0.000
      4   0.000    0.000   0.000   0.000   0.000   0.000   0.000   0.000   0.000   0.000   0.000   0.000   0.000    0.000    0.000   0.000    0.000   0.000   0.000   0.000   0.000   0.000    0.000    0.000      0.000    0.000   0.000    0.000     0.000    0.000      0.000   0.000
      5   0.000    0.000   0.000   0.000   0.000   0.000   0.000   0.000   0.000   0.000   0.000   0.000   0.000    0.000    0.000   0.000    0.000   0.000   0.000   0.000   0.000   0.000    0.000    0.000      0.000    0.000   0.000    0.000     0.000    0.000      0.000   0.000
      6   0.000    0.000   0.000   0.000   0.000   0.000   0.000   0.000   0.000   0.000   0.000   0.000   0.000    0.000    0.000   0.000    0.000   0.000   0.000   0.000   0.000   0.000    0.000    0.000      0.000    0.000   0.000    0.000     0.000    0.000      0.000   0.000
      7   0.000    0.000   0.000   0.000   0.000   0.000   0.000   0.000   0.000   0.000   0.000   0.000   0.000    0.000    0.000   0.000    0.000   0.000   0.000   0.000   0.000   0.000    0.000    0.000      0.000    0.000   0.000    0.000     0.000    0.000      0.000   0.000
      8   0.000    0.000   0.000   0.000   0.000   0.000   0.000   0.000   0.000   0.000   0.000   0.000   0.000    0.000    0.000   0.000    0.000   0.000   0.000   0.000   0.000   0.000    0.000    0.000      0.000    0.000   0.000    0.000     0.000    0.000      0.000   0.000
      9   0.000    0.000   0.000   0.000   0.000   0.000   0.000   0.000   0.000   0.000   0.000   0.000   0.000    0.000    0.000   0.000    0.000   0.000   0.000   0.000   0.000   0.000    0.000    0.000      0.000    0.000   0.000    0.000     0.000    0.000      0.000   0.000
    Sum   0.019    0.001   0.009   0.000   0.000   0.000   0.000   0.000   0.000   0.000   0.000   0.000   0.000    0.009    0.000   0.000    0.000   0.000   0.000   0.000   0.000   0.000    0.000    0.000      0.000    0.000   0.000    0.000     0.000    0.000      0.000   0.019


Summary
------------------------------------------------------------------------------------------------------------------------------
                  dt  Flu_Adv  Gra_Adv  Src_Adv  Che_Adv       SF   FB_Adv    FixUp     Flag   Refine MPI_Grid   Output      Aux       LB CorrSync      Par -MPI_Par    libyt         Sum
    Time      0.0007   0.0087   0.0000   0.0000   0.0000   0.0000   0.0000   0.0000   0.0000   0.0000   0.0093   0.0136   0.0364   0.0011   0.0000   0.0000   0.0000   0.0000      0.0697
    Frac      0.980%  12.467%   0.000%   0.000%   0.000%   0.000%   0.000%   0.000%   0.000%   0.000%  13.276%  19.492%  52.200%   1.558%   0.000%   0.000%   0.000%   0.000%     99.971%

==============================================================================================================================
==============================================================================================================================



Time : 2.1759465e-03 -> 3.2639197e-03,     Step :        2 ->        3

Main Loop
------------------------------------------------------------------------------------------------------------------------------
       Total    Integration       Output    Auxiliary    LoadBalance       CorrSync          libyt            Sum
      0.0554         0.0065       0.0152       0.0329         0.0009         0.0000         0.0000         0.0554


Integration Loop
------------------------------------------------------------------------------------------------------------------------------
     Lv   Total       dt Flu_Adv Gra_Adv Src_Adv Che_Adv      SF  FB_Adv   FixUp    Flag  Refine Buf_Rho Buf_Pot Buf_Flu1 Buf_Flu2 Buf_Ref Buf_Flux Buf_Res Buf_Che  Par_KD   Par_K Par_K-1 Par_2Sib -MPI_Sib -MPI_FaSib Par_2Son    -MPI Par_Coll -MPI_Real -MPI_Sib -MPI_FaSib     Sum
      0   0.006    0.001   0.003   0.000   0.000   0.000   0.000   0.000   0.000   0.000   0.000   0.000   0.000    0.003    0.000   0.000    0.000   0.000   0.000   0.000   0.000   0.000    0.000    0.000      0.000    0.000   0.000    0.000     0.000    0.000      0.000   0.006
      1   0.000    0.000   0.000   0.000   0.000   0.000   0.000   0.000   0.000   0.000   0.000   0.000   0.000    0.000    0.000   0.000    0.000   0.000   0.000   0.000   0.000   0.000    0.000    0.000      0.000    0.000   0.000    0.000     0.000    0.000      0.000   0.000
      2   0.000    0.000   0.000   0.000   0.000   0.000   0.000   0.000   0.000   0.000   0.000   0.000   0.000    0.000    0.000   0.000    0.000   0.000   0.000   0.000   0.000   0.000    0.000    0.000      0.000    0.000   0.000    0.000     0.000    0.000      0.000   0.000
      3   0.000    0.000   0.000   0.000   0.000   0.000   0.000   0.000   0.000   0.000   0.000   0.000   0.000    0.000    0.000   0.000    0.000   0.000   0.000   0.000   0.000   0.000    0.000    0.000      0.000    0.000   0.000    0.000     0.000    0.000      0.000   0.000
      4   0.000    0.000   0.000   0.000   0.000   0.000   0.000   0.000   0.000   0.000   0.000   0.000   0.000    0.000    0.000   0.000    0.000   0.000   0.000   0.000   0.000   0.000    0.000    0.000      0.000    0.000   0.000    0.000     0.000    0.000      0.000   0.000
      5   0.000    0.000   0.000   0.000   0.000   0.000   0.000   0.000   0.000   0.000   0.000   0.000   0.000    0.000    0.000   0.000    0.000   0.000   0.000   0.000   0.000   0.000    0.000    0.000      0.000    0.000   0.000    0.000     0.000    0.000      0.000   0.000
      6   0.000    0.000   0.000   0.000   0.000   0.000   0.000   0.000   0.000   0.000   0.000   0.000   0.000    0.000    0.000   0.000    0.000   0.000   0.000   0.000   0.000   0.000    0.000    0.000      0.000    0.000   0.000    0.000     0.000    0.000      0.000   0.000
      7   0.000    0.000   0.000   0.000   0.000   0.000   0.000   0.000   0.000   0.000   0.000   0.000   0.000    0.000    0.000   0.000    0.000   0.000   0.000   0.000   0.000   0.000    0.000    0.000      0.000    0.000   0.000    0.000     0.000    0.000      0.000   0.000
      8   0.000    0.000   0.000   0.000   0.000   0.000   0.000   0.000   0.000   0.000   0.000   0.000   0.000    0.000    0.000   0.000    0.000   0.000   0.000   0.000   0.000   0.000    0.000    0.000      0.000    0.000   0.000    0.000     0.000    0.000      0.000   0.000
      9   0.000    0.000   0.000   0.000   0.000   0.000   0.000   0.000   0.000   0.000   0.000   0.000   0.000    0.000    0.000   0.000    0.000   0.000   0.000   0.000   0.000   0.000    0.000    0.000      0.000    0.000   0.000    0.000     0.000    0.000      0.000   0.000
    Sum   0.006    0.001   0.003   0.000   0.000   0.000   0.000   0.000   0.000   0.000   0.000   0.000   0.000    0.003    0.000   0.000    0.000   0.000   0.000   0.000   0.000   0.000    0.000    0.000      0.000    0.000   0.000    0.000     0.000    0.000      0.000   0.006


Summary
------------------------------------------------------------------------------------------------------------------------------
                  dt  Flu_Adv  Gra_Adv  Src_Adv  Che_Adv       SF   FB_Adv    FixUp     Flag   Refine MPI_Grid   Output      Aux       LB CorrSync      Par -MPI_Par    libyt         Sum
    Time      0.0008   0.0030   0.0000   0.0000   0.0000   0.0000   0.0000   0.0000   0.0000   0.0000   0.0026   0.0152   0.0329   0.0009   0.0000   0.0000   0.0000   0.0000      0.0554
    Frac      1.508%   5.498%   0.000%   0.000%   0.000%   0.000%   0.000%   0.000%   0.000%   0.000%   4.619%  27.427%  59.299%   1.596%   0.000%   0.000%   0.000%   0.000%     99.948%

==============================================================================================================================
==============================================================================================================================



Time : 3.2639197e-03 -> 4.3518930e-03,     Step :        3 ->        4

Main Loop
------------------------------------------------------------------------------------------------------------------------------
       Total    Integration       Output    Auxiliary    LoadBalance       CorrSync          libyt            Sum
      0.0549         0.0079       0.0125       0.0336         0.0009         0.0000         0.0000         0.0549


Integration Loop
------------------------------------------------------------------------------------------------------------------------------
     Lv   Total       dt Flu_Adv Gra_Adv Src_Adv Che_Adv      SF  FB_Adv   FixUp    Flag  Refine Buf_Rho Buf_Pot Buf_Flu1 Buf_Flu2 Buf_Ref Buf_Flux Buf_Res Buf_Che  Par_KD   Par_K Par_K-1 Par_2Sib -MPI_Sib -MPI_FaSib Par_2Son    -MPI Par_Coll -MPI_Real -MPI_Sib -MPI_FaSib     Sum
      0   0.008    0.001   0.003   0.000   0.000   0.000   0.000   0.000   0.000   0.001   0.001   0.000   0.000    0.003    0.000   0.000    0.000   0.000   0.000   0.000   0.000   0.000    0.000    0.000      0.000    0.000   0.000    0.000     0.000    0.000      0.000   0.008
      1   0.000    0.000   0.000   0.000   0.000   0.000   0.000   0.000   0.000   0.000   0.000   0.000   0.000    0.000    0.000   0.000    0.000   0.000   0.000   0.000   0.000   0.000    0.000    0.000      0.000    0.000   0.000    0.000     0.000    0.000      0.000   0.000
      2   0.000    0.000   0.000   0.000   0.000   0.000   0.000   0.000   0.000   0.000   0.000   0.000   0.000    0.000    0.000   0.000    0.000   0.000   0.000   0.000   0.000   0.000    0.000    0.000      0.000    0.000   0.000    0.000     0.000    0.000      0.000   0.000
      3   0.000    0.000   0.000   0.000   0.000   0.000   0.000   0.000   0.000   0.000   0.000   0.000   0.000    0.000    0.000   0.000    0.000   0.000   0.000   0.000   0.000   0.000    0.000    0.000      0.000    0.000   0.000    0.000     0.000    0.000      0.000   0.000
      4   0.000    0.000   0.000   0.000   0.000   0.000   0.000   0.000   0.000   0.000   0.000   0.000   0.000    0.000    0.000   0.000    0.000   0.000   0.000   0.000   0.000   0.000    0.000    0.000      0.000    0.000   0.000    0.000     0.000    0.000      0.000   0.000
      5   0.000    0.000   0.000   0.000   0.000   0.000   0.000   0.000   0.000   0.000   0.000   0.000   0.000    0.000    0.000   0.000    0.000   0.000   0.000   0.000   0.000   0.000    0.000    0.000      0.000    0.000   0.000    0.000     0.000    0.000      0.000   0.000
      6   0.000    0.000   0.000   0.000   0.000   0.000   0.000   0.000   0.000   0.000   0.000   0.000   0.000    0.000    0.000   0.000    0.000   0.000   0.000   0.000   0.000   0.000    0.000    0.000      0.000    0.000   0.000    0.000     0.000    0.000      0.000   0.000
      7   0.000    0.000   0.000   0.000   0.000   0.000   0.000   0.000   0.000   0.000   0.000   0.000   0.000    0.000    0.000   0.000    0.000   0.000   0.000   0.000   0.000   0.000    0.000    0.000      0.000    0.000   0.000    0.000     0.000    0.000      0.000   0.000
      8   0.000    0.000   0.000   0.000   0.000   0.000   0.000   0.000   0.000   0.000   0.000   0.000   0.000    0.000    0.000   0.000    0.000   0.000   0.000   0.000   0.000   0.000    0.000    0.000      0.000    0.000   0.000    0.000     0.000    0.000      0.000   0.000
      9   0.000    0.000   0.000   0.000   0.000   0.000   0.000   0.000   0.000   0.000   0.000   0.000   0.000    0.000    0.000   0.000    0.000   0.000   0.000   0.000   0.000   0.000    0.000    0.000      0.000    0.000   0.000    0.000     0.000    0.000      0.000   0.000
    Sum   0.008    0.001   0.003   0.000   0.000   0.000   0.000   0.000   0.000   0.001   0.001   0.000   0.000    0.003    0.000   0.000    0.000   0.000   0.000   0.000   0.000   0.000    0.000    0.000      0.000    0.000   0.000    0.000     0.000    0.000      0.000   0.008


Summary
------------------------------------------------------------------------------------------------------------------------------
                  dt  Flu_Adv  Gra_Adv  Src_Adv  Che_Adv       SF   FB_Adv    FixUp     Flag   Refine MPI_Grid   Output      Aux       LB CorrSync      Par -MPI_Par    libyt         Sum
    Time      0.0006   0.0029   0.0000   0.0000   0.0000   0.0000   0.0000   0.0000   0.0006   0.0005   0.0033   0.0125   0.0336   0.0009   0.0000   0.0000   0.0000   0.0000      0.0549
    Frac      1.128%   5.214%   0.000%   0.000%   0.000%   0.000%   0.000%   0.000%   1.041%   0.924%   6.030%  22.844%  61.218%   1.567%   0.000%   0.000%   0.000%   0.000%     99.965%

==============================================================================================================================
==============================================================================================================================



Time : 4.3518930e-03 -> 5.4398662e-03,     Step :        4 ->        5

Main Loop
------------------------------------------------------------------------------------------------------------------------------
       Total    Integration       Output    Auxiliary    LoadBalance       CorrSync          libyt            Sum
      0.0854         0.0218       0.0120       0.0506         0.0010         0.0000         0.0000         0.0854


Integration Loop
------------------------------------------------------------------------------------------------------------------------------
     Lv   Total       dt Flu_Adv Gra_Adv Src_Adv Che_Adv      SF  FB_Adv   FixUp    Flag  Refine Buf_Rho Buf_Pot Buf_Flu1 Buf_Flu2 Buf_Ref Buf_Flux Buf_Res Buf_Che  Par_KD   Par_K Par_K-1 Par_2Sib -MPI_Sib -MPI_FaSib Par_2Son    -MPI Par_Coll -MPI_Real -MPI_Sib -MPI_FaSib     Sum
      0   0.022    0.001   0.017   0.000   0.000   0.000   0.000   0.000   0.000   0.000   0.000   0.000   0.000    0.004    0.000   0.000    0.000   0.000   0.000   0.000   0.000   0.000    0.000    0.000      0.000    0.000   0.000    0.000     0.000    0.000      0.000   0.022
      1   0.000    0.000   0.000   0.000   0.000   0.000   0.000   0.000   0.000   0.000   0.000   0.000   0.000    0.000    0.000   0.000    0.000   0.000   0.000   0.000   0.000   0.000    0.000    0.000      0.000    0.000   0.000    0.000     0.000    0.000      0.000   0.000
      2   0.000    0.000   0.000   0.000   0.000   0.000   0.000   0.000   0.000   0.000   0.000   0.000   0.000    0.000    0.000   0.000    0.000   0.000   0.000   0.000   0.000   0.000    0.000    0.000      0.000    0.000   0.000    0.000     0.000    0.000      0.000   0.000
      3   0.000    0.000   0.000   0.000   0.000   0.000   0.000   0.000   0.000   0.000   0.000   0.000   0.000    0.000    0.000   0.000    0.000   0.000   0.000   0.000   0.000   0.000    0.000    0.000      0.000    0.000   0.000    0.000     0.000    0.000      0.000   0.000
      4   0.000    0.000   0.000   0.000   0.000   0.000   0.000   0.000   0.000   0.000   0.000   0.000   0.000    0.000    0.000   0.000    0.000   0.000   0.000   0.000   0.000   0.000    0.000    0.000      0.000    0.000   0.000    0.000     0.000    0.000      0.000   0.000
      5   0.000    0.000   0.000   0.000   0.000   0.000   0.000   0.000   0.000   0.000   0.000   0.000   0.000    0.000    0.000   0.000    0.000   0.000   0.000   0.000   0.000   0.000    0.000    0.000      0.000    0.000   0.000    0.000     0.000    0.000      0.000   0.000
      6   0.000    0.000   0.000   0.000   0.000   0.000   0.000   0.000   0.000   0.000   0.000   0.000   0.000    0.000    0.000   0.000    0.000   0.000   0.000   0.000   0.000   0.000    0.000    0.000      0.000    0.000   0.000    0.000     0.000    0.000      0.000   0.000
      7   0.000    0.000   0.000   0.000   0.000   0.000   0.000   0.000   0.000   0.000   0.000   0.000   0.000    0.000    0.000   0.000    0.000   0.000   0.000   0.000   0.000   0.000    0.000    0.000      0.000    0.000   0.000    0.000     0.000    0.000      0.000   0.000
      8   0.000    0.000   0.000   0.000   0.000   0.000   0.000   0.000   0.000   0.000   0.000   0.000   0.000    0.000    0.000   0.000    0.000   0.000   0.000   0.000   0.000   0.000    0.000    0.000      0.000    0.000   0.000    0.000     0.000    0.000      0.000   0.000
      9   0.000    0.000   0.000   0.000   0.000   0.000   0.000   0.000   0.000   0.000   0.000   0.000   0.000    0.000    0.000   0.000    0.000   0.000   0.000   0.000   0.000   0.000    0.000    0.000      0.000    0.000   0.000    0.000     0.000    0.000      0.000   0.000
    Sum   0.022    0.001   0.017   0.000   0.000   0.000   0.000   0.000   0.000   0.000   0.000   0.000   0.000    0.004    0.000   0.000    0.000   0.000   0.000   0.000   0.000   0.000    0.000    0.000      0.000    0.000   0.000    0.000     0.000    0.000      0.000   0.022


Summary
------------------------------------------------------------------------------------------------------------------------------
                  dt  Flu_Adv  Gra_Adv  Src_Adv  Che_Adv       SF   FB_Adv    FixUp     Flag   Refine MPI_Grid   Output      Aux       LB CorrSync      Par -MPI_Par    libyt         Sum
    Time      0.0007   0.0168   0.0000   0.0000   0.0000   0.0000   0.0000   0.0000   0.0000   0.0000   0.0043   0.0120   0.0506   0.0010   0.0000   0.0000   0.0000   0.0000      0.0854
    Frac      0.836%  19.677%   0.000%   0.000%   0.000%   0.000%   0.000%   0.000%   0.000%   0.000%   5.013%  14.090%  59.231%   1.130%   0.000%   0.000%   0.000%   0.000%     99.978%

==============================================================================================================================
==============================================================================================================================



Time : 5.4398662e-03 -> 6.5278395e-03,     Step :        5 ->        6

Main Loop
------------------------------------------------------------------------------------------------------------------------------
       Total    Integration       Output    Auxiliary    LoadBalance       CorrSync          libyt            Sum
      0.0924         0.0068       0.0177       0.0668         0.0011         0.0000         0.0000         0.0924


Integration Loop
------------------------------------------------------------------------------------------------------------------------------
     Lv   Total       dt Flu_Adv Gra_Adv Src_Adv Che_Adv      SF  FB_Adv   FixUp    Flag  Refine Buf_Rho Buf_Pot Buf_Flu1 Buf_Flu2 Buf_Ref Buf_Flux Buf_Res Buf_Che  Par_KD   Par_K Par_K-1 Par_2Sib -MPI_Sib -MPI_FaSib Par_2Son    -MPI Par_Coll -MPI_Real -MPI_Sib -MPI_FaSib     Sum
      0   0.007    0.001   0.002   0.000   0.000   0.000   0.000   0.000   0.000   0.000   0.000   0.000   0.000    0.004    0.000   0.000    0.000   0.000   0.000   0.000   0.000   0.000    0.000    0.000      0.000    0.000   0.000    0.000     0.000    0.000      0.000   0.007
      1   0.000    0.000   0.000   0.000   0.000   0.000   0.000   0.000   0.000   0.000   0.000   0.000   0.000    0.000    0.000   0.000    0.000   0.000   0.000   0.000   0.000   0.000    0.000    0.000      0.000    0.000   0.000    0.000     0.000    0.000      0.000   0.000
      2   0.000    0.000   0.000   0.000   0.000   0.000   0.000   0.000   0.000   0.000   0.000   0.000   0.000    0.000    0.000   0.000    0.000   0.000   0.000   0.000   0.000   0.000    0.000    0.000      0.000    0.000   0.000    0.000     0.000    0.000      0.000   0.000
      3   0.000    0.000   0.000   0.000   0.000   0.000   0.000   0.000   0.000   0.000   0.000   0.000   0.000    0.000    0.000   0.000    0.000   0.000   0.000   0.000   0.000   0.000    0.000    0.000      0.000    0.000   0.000    0.000     0.000    0.000      0.000   0.000
      4   0.000    0.000   0.000   0.000   0.000   0.000   0.000   0.000   0.000   0.000   0.000   0.000   0.000    0.000    0.000   0.000    0.000   0.000   0.000   0.000   0.000   0.000    0.000    0.000      0.000    0.000   0.000    0.000     0.000    0.000      0.000   0.000
      5   0.000    0.000   0.000   0.000   0.000   0.000   0.000   0.000   0.000   0.000   0.000   0.000   0.000    0.000    0.000   0.000    0.000   0.000   0.000   0.000   0.000   0.000    0.000    0.000      0.000    0.000   0.000    0.000     0.000    0.000      0.000   0.000
      6   0.000    0.000   0.000   0.000   0.000   0.000   0.000   0.000   0.000   0.000   0.000   0.000   0.000    0.000    0.000   0.000    0.000   0.000   0.000   0.000   0.000   0.000    0.000    0.000      0.000    0.000   0.000    0.000     0.000    0.000      0.000   0.000
      7   0.000    0.000   0.000   0.000   0.000   0.000   0.000   0.000   0.000   0.000   0.000   0.000   0.000    0.000    0.000   0.000    0.000   0.000   0.000   0.000   0.000   0.000    0.000    0.000      0.000    0.000   0.000    0.000     0.000    0.000      0.000   0.000
      8   0.000    0.000   0.000   0.000   0.000   0.000   0.000   0.000   0.000   0.000   0.000   0.000   0.000    0.000    0.000   0.000    0.000   0.000   0.000   0.000   0.000   0.000    0.000    0.000      0.000    0.000   0.000    0.000     0.000    0.000      0.000   0.000
      9   0.000    0.000   0.000   0.000   0.000   0.000   0.000   0.000   0.000   0.000   0.000   0.000   0.000    0.000    0.000   0.000    0.000   0.000   0.000   0.000   0.000   0.000    0.000    0.000      0.000    0.000   0.000    0.000     0.000    0.000      0.000   0.000
    Sum   0.007    0.001   0.002   0.000   0.000   0.000   0.000   0.000   0.000   0.000   0.000   0.000   0.000    0.004    0.000   0.000    0.000   0.000   0.000   0.000   0.000   0.000    0.000    0.000      0.000    0.000   0.000    0.000     0.000    0.000      0.000   0.007


Summary
------------------------------------------------------------------------------------------------------------------------------
                  dt  Flu_Adv  Gra_Adv  Src_Adv  Che_Adv       SF   FB_Adv    FixUp     Flag   Refine MPI_Grid   Output      Aux       LB CorrSync      Par -MPI_Par    libyt         Sum
    Time      0.0007   0.0017   0.0000   0.0000   0.0000   0.0000   0.0000   0.0000   0.0000   0.0000   0.0044   0.0177   0.0668   0.0011   0.0000   0.0000   0.0000   0.0000      0.0924
    Frac      0.757%   1.824%   0.000%   0.000%   0.000%   0.000%   0.000%   0.000%   0.000%   0.000%   4.794%  19.110%  72.345%   1.148%   0.000%   0.000%   0.000%   0.000%     99.977%

==============================================================================================================================
==============================================================================================================================



Time : 6.5278395e-03 -> 7.6158127e-03,     Step :        6 ->        7

Main Loop
------------------------------------------------------------------------------------------------------------------------------
       Total    Integration       Output    Auxiliary    LoadBalance       CorrSync          libyt            Sum
      0.1011         0.0141       0.0271       0.0589         0.0010         0.0000         0.0000         0.1011


Integration Loop
------------------------------------------------------------------------------------------------------------------------------
     Lv   Total       dt Flu_Adv Gra_Adv Src_Adv Che_Adv      SF  FB_Adv   FixUp    Flag  Refine Buf_Rho Buf_Pot Buf_Flu1 Buf_Flu2 Buf_Ref Buf_Flux Buf_Res Buf_Che  Par_KD   Par_K Par_K-1 Par_2Sib -MPI_Sib -MPI_FaSib Par_2Son    -MPI Par_Coll -MPI_Real -MPI_Sib -MPI_FaSib     Sum
      0   0.014    0.001   0.010   0.000   0.000   0.000   0.000   0.000   0.000   0.000   0.000   0.000   0.000    0.004    0.000   0.000    0.000   0.000   0.000   0.000   0.000   0.000    0.000    0.000      0.000    0.000   0.000    0.000     0.000    0.000      0.000   0.014
      1   0.000    0.000   0.000   0.000   0.000   0.000   0.000   0.000   0.000   0.000   0.000   0.000   0.000    0.000    0.000   0.000    0.000   0.000   0.000   0.000   0.000   0.000    0.000    0.000      0.000    0.000   0.000    0.000     0.000    0.000      0.000   0.000
      2   0.000    0.000   0.000   0.000   0.000   0.000   0.000   0.000   0.000   0.000   0.000   0.000   0.000    0.000    0.000   0.000    0.000   0.000   0.000   0.000   0.000   0.000    0.000    0.000      0.000    0.000   0.000    0.000     0.000    0.000      0.000   0.000
      3   0.000    0.000   0.000   0.000   0.000   0.000   0.000   0.000   0.000   0.000   0.000   0.000   0.000    0.000    0.000   0.000    0.000   0.000   0.000   0.000   0.000   0.000    0.000    0.000      0.000    0.000   0.000    0.000     0.000    0.000      0.000   0.000
      4   0.000    0.000   0.000   0.000   0.000   0.000   0.000   0.000   0.000   0.000   0.000   0.000   0.000    0.000    0.000   0.000    0.000   0.000   0.000   0.000   0.000   0.000    0.000    0.000      0.000    0.000   0.000    0.000     0.000    0.000      0.000   0.000
      5   0.000    0.000   0.000   0.000   0.000   0.000   0.000   0.000   0.000   0.000   0.000   0.000   0.000    0.000    0.000   0.000    0.000   0.000   0.000   0.000   0.000   0.000    0.000    0.000      0.000    0.000   0.000    0.000     0.000    0.000      0.000   0.000
      6   0.000    0.000   0.000   0.000   0.000   0.000   0.000   0.000   0.000   0.000   0.000   0.000   0.000    0.000    0.000   0.000    0.000   0.000   0.000   0.000   0.000   0.000    0.000    0.000      0.000    0.000   0.000    0.000     0.000    0.000      0.000   0.000
      7   0.000    0.000   0.000   0.000   0.000   0.000   0.000   0.000   0.000   0.000   0.000   0.000   0.000    0.000    0.000   0.000    0.000   0.000   0.000   0.000   0.000   0.000    0.000    0.000      0.000    0.000   0.000    0.000     0.000    0.000      0.000   0.000
      8   0.000    0.000   0.000   0.000   0.000   0.000   0.000   0.000   0.000   0.000   0.000   0.000   0.000    0.000    0.000   0.000    0.000   0.000   0.000   0.000   0.000   0.000    0.000    0.000      0.000    0.000   0.000    0.000     0.000    0.000      0.000   0.000
      9   0.000    0.000   0.000   0.000   0.000   0.000   0.000   0.000   0.000   0.000   0.000   0.000   0.000    0.000    0.000   0.000    0.000   0.000   0.000   0.000   0.000   0.000    0.000    0.000      0.000    0.000   0.000    0.000     0.000    0.000      0.000   0.000
    Sum   0.014    0.001   0.010   0.000   0.000   0.000   0.000   0.000   0.000   0.000   0.000   0.000   0.000    0.004    0.000   0.000    0.000   0.000   0.000   0.000   0.000   0.000    0.000    0.000      0.000    0.000   0.000    0.000     0.000    0.000      0.000   0.014


Summary
------------------------------------------------------------------------------------------------------------------------------
                  dt  Flu_Adv  Gra_Adv  Src_Adv  Che_Adv       SF   FB_Adv    FixUp     Flag   Refine MPI_Grid   Output      Aux       LB CorrSync      Par -MPI_Par    libyt         Sum
    Time      0.0007   0.0098   0.0000   0.0000   0.0000   0.0000   0.0000   0.0000   0.0000   0.0000   0.0036   0.0271   0.0589   0.0010   0.0000   0.0000   0.0000   0.0000      0.1011
    Frac      0.690%   9.709%   0.000%   0.000%   0.000%   0.000%   0.000%   0.000%   0.000%   0.000%   3.558%  26.785%  58.294%   0.941%   0.000%   0.000%   0.000%   0.000%     99.977%

==============================================================================================================================
==============================================================================================================================



Time : 7.6158127e-03 -> 8.7037860e-03,     Step :        7 ->        8

Main Loop
------------------------------------------------------------------------------------------------------------------------------
       Total    Integration       Output    Auxiliary    LoadBalance       CorrSync          libyt            Sum
      0.0965         0.0141       0.0168       0.0646         0.0009         0.0000         0.0000         0.0965


Integration Loop
------------------------------------------------------------------------------------------------------------------------------
     Lv   Total       dt Flu_Adv Gra_Adv Src_Adv Che_Adv      SF  FB_Adv   FixUp    Flag  Refine Buf_Rho Buf_Pot Buf_Flu1 Buf_Flu2 Buf_Ref Buf_Flux Buf_Res Buf_Che  Par_KD   Par_K Par_K-1 Par_2Sib -MPI_Sib -MPI_FaSib Par_2Son    -MPI Par_Coll -MPI_Real -MPI_Sib -MPI_FaSib     Sum
      0   0.014    0.001   0.009   0.000   0.000   0.000   0.000   0.000   0.000   0.000   0.000   0.000   0.000    0.003    0.000   0.000    0.000   0.000   0.000   0.000   0.000   0.000    0.000    0.000      0.000    0.000   0.000    0.000     0.000    0.000      0.000   0.014
      1   0.000    0.000   0.000   0.000   0.000   0.000   0.000   0.000   0.000   0.000   0.000   0.000   0.000    0.000    0.000   0.000    0.000   0.000   0.000   0.000   0.000   0.000    0.000    0.000      0.000    0.000   0.000    0.000     0.000    0.000      0.000   0.000
      2   0.000    0.000   0.000   0.000   0.000   0.000   0.000   0.000   0.000   0.000   0.000   0.000   0.000    0.000    0.000   0.000    0.000   0.000   0.000   0.000   0.000   0.000    0.000    0.000      0.000    0.000   0.000    0.000     0.000    0.000      0.000   0.000
      3   0.000    0.000   0.000   0.000   0.000   0.000   0.000   0.000   0.000   0.000   0.000   0.000   0.000    0.000    0.000   0.000    0.000   0.000   0.000   0.000   0.000   0.000    0.000    0.000      0.000    0.000   0.000    0.000     0.000    0.000      0.000   0.000
      4   0.000    0.000   0.000   0.000   0.000   0.000   0.000   0.000   0.000   0.000   0.000   0.000   0.000    0.000    0.000   0.000    0.000   0.000   0.000   0.000   0.000   0.000    0.000    0.000      0.000    0.000   0.000    0.000     0.000    0.000      0.000   0.000
      5   0.000    0.000   0.000   0.000   0.000   0.000   0.000   0.000   0.000   0.000   0.000   0.000   0.000    0.000    0.000   0.000    0.000   0.000   0.000   0.000   0.000   0.000    0.000    0.000      0.000    0.000   0.000    0.000     0.000    0.000      0.000   0.000
      6   0.000    0.000   0.000   0.000   0.000   0.000   0.000   0.000   0.000   0.000   0.000   0.000   0.000    0.000    0.000   0.000    0.000   0.000   0.000   0.000   0.000   0.000    0.000    0.000      0.000    0.000   0.000    0.000     0.000    0.000      0.000   0.000
      7   0.000    0.000   0.000   0.000   0.000   0.000   0.000   0.000   0.000   0.000   0.000   0.000   0.000    0.000    0.000   0.000    0.000   0.000   0.000   0.000   0.000   0.000    0.000    0.000      0.000    0.000   0.000    0.000     0.000    0.000      0.000   0.000
      8   0.000    0.000   0.000   0.000   0.000   0.000   0.000   0.000   0.000   0.000   0.000   0.000   0.000    0.000    0.000   0.000    0.000   0.000   0.000   0.000   0.000   0.000    0.000    0.000      0.000    0.000   0.000    0.000     0.000    0.000      0.000   0.000
      9   0.000    0.000   0.000   0.000   0.000   0.000   0.000   0.000   0.000   0.000   0.000   0.000   0.000    0.000    0.000   0.000    0.000   0.000   0.000   0.000   0.000   0.000    0.000    0.000      0.000    0.000   0.000    0.000     0.000    0.000      0.000   0.000
    Sum   0.014    0.001   0.009   0.000   0.000   0.000   0.000   0.000   0.000   0.000   0.000   0.000   0.000    0.003    0.000   0.000    0.000   0.000   0.000   0.000   0.000   0.000    0.000    0.000      0.000    0.000   0.000    0.000     0.000    0.000      0.000   0.014


Summary
------------------------------------------------------------------------------------------------------------------------------
                  dt  Flu_Adv  Gra_Adv  Src_Adv  Che_Adv       SF   FB_Adv    FixUp     Flag   Refine MPI_Grid   Output      Aux       LB CorrSync      Par -MPI_Par    libyt         Sum
    Time      0.0008   0.0091   0.0000   0.0000   0.0000   0.0000   0.0000   0.0000   0.0004   0.0004   0.0034   0.0168   0.0646   0.0009   0.0000   0.0000   0.0000   0.0000      0.0965
    Frac      0.797%   9.477%   0.000%   0.000%   0.000%   0.000%   0.000%   0.000%   0.378%   0.433%   3.544%  17.419%  66.989%   0.942%   0.000%   0.000%   0.000%   0.000%     99.980%

==============================================================================================================================
==============================================================================================================================



Time : 8.7037860e-03 -> 9.7917592e-03,     Step :        8 ->        9

Main Loop
------------------------------------------------------------------------------------------------------------------------------
       Total    Integration       Output    Auxiliary    LoadBalance       CorrSync          libyt            Sum
      0.0838         0.0172       0.0131       0.0526         0.0010         0.0000         0.0000         0.0838


Integration Loop
------------------------------------------------------------------------------------------------------------------------------
     Lv   Total       dt Flu_Adv Gra_Adv Src_Adv Che_Adv      SF  FB_Adv   FixUp    Flag  Refine Buf_Rho Buf_Pot Buf_Flu1 Buf_Flu2 Buf_Ref Buf_Flux Buf_Res Buf_Che  Par_KD   Par_K Par_K-1 Par_2Sib -MPI_Sib -MPI_FaSib Par_2Son    -MPI Par_Coll -MPI_Real -MPI_Sib -MPI_FaSib     Sum
      0   0.017    0.001   0.010   0.000   0.000   0.000   0.000   0.000   0.000   0.000   0.000   0.000   0.000    0.007    0.000   0.000    0.000   0.000   0.000   0.000   0.000   0.000    0.000    0.000      0.000    0.000   0.000    0.000     0.000    0.000      0.000   0.017
      1   0.000    0.000   0.000   0.000   0.000   0.000   0.000   0.000   0.000   0.000   0.000   0.000   0.000    0.000    0.000   0.000    0.000   0.000   0.000   0.000   0.000   0.000    0.000    0.000      0.000    0.000   0.000    0.000     0.000    0.000      0.000   0.000
      2   0.000    0.000   0.000   0.000   0.000   0.000   0.000   0.000   0.000   0.000   0.000   0.000   0.000    0.000    0.000   0.000    0.000   0.000   0.000   0.000   0.000   0.000    0.000    0.000      0.000    0.000   0.000    0.000     0.000    0.000      0.000   0.000
      3   0.000    0.000   0.000   0.000   0.000   0.000   0.000   0.000   0.000   0.000   0.000   0.000   0.000    0.000    0.000   0.000    0.000   0.000   0.000   0.000   0.000   0.000    0.000    0.000      0.000    0.000   0.000    0.000     0.000    0.000      0.000   0.000
      4   0.000    0.000   0.000   0.000   0.000   0.000   0.000   0.000   0.000   0.000   0.000   0.000   0.000    0.000    0.000   0.000    0.000   0.000   0.000   0.000   0.000   0.000    0.000    0.000      0.000    0.000   0.000    0.000     0.000    0.000      0.000   0.000
      5   0.000    0.000   0.000   0.000   0.000   0.000   0.000   0.000   0.000   0.000   0.000   0.000   0.000    0.000    0.000   0.000    0.000   0.000   0.000   0.000   0.000   0.000    0.000    0.000      0.000    0.000   0.000    0.000     0.000    0.000      0.000   0.000
      6   0.000    0.000   0.000   0.000   0.000   0.000   0.000   0.000   0.000   0.000   0.000   0.000   0.000    0.000    0.000   0.000    0.000   0.000   0.000   0.000   0.000   0.000    0.000    0.000      0.000    0.000   0.000    0.000     0.000    0.000      0.000   0.000
      7   0.000    0.000   0.000   0.000   0.000   0.000   0.000   0.000   0.000   0.000   0.000   0.000   0.000    0.000    0.000   0.000    0.000   0.000   0.000   0.000   0.000   0.000    0.000    0.000      0.000    0.000   0.000    0.000     0.000    0.000      0.000   0.000
      8   0.000    0.000   0.000   0.000   0.000   0.000   0.000   0.000   0.000   0.000   0.000   0.000   0.000    0.000    0.000   0.000    0.000   0.000   0.000   0.000   0.000   0.000    0.000    0.000      0.000    0.000   0.000    0.000     0.000    0.000      0.000   0.000
      9   0.000    0.000   0.000   0.000   0.000   0.000   0.000   0.000   0.000   0.000   0.000   0.000   0.000    0.000    0.000   0.000    0.000   0.000   0.000   0.000   0.000   0.000    0.000    0.000      0.000    0.000   0.000    0.000     0.000    0.000      0.000   0.000
    Sum   0.017    0.001   0.010   0.000   0.000   0.000   0.000   0.000   0.000   0.000   0.000   0.000   0.000    0.007    0.000   0.000    0.000   0.000   0.000   0.000   0.000   0.000    0.000    0.000      0.000    0.000   0.000    0.000     0.000    0.000      0.000   0.017


Summary
------------------------------------------------------------------------------------------------------------------------------
                  dt  Flu_Adv  Gra_Adv  Src_Adv  Che_Adv       SF   FB_Adv    FixUp     Flag   Refine MPI_Grid   Output      Aux       LB CorrSync      Par -MPI_Par    libyt         Sum
    Time      0.0008   0.0098   0.0000   0.0000   0.0000   0.0000   0.0000   0.0000   0.0000   0.0000   0.0066   0.0131   0.0526   0.0010   0.0000   0.0000   0.0000   0.0000      0.0838
    Frac      0.923%  11.719%   0.000%   0.000%   0.000%   0.000%   0.000%   0.000%   0.000%   0.000%   7.817%  15.605%  62.774%   1.136%   0.000%   0.000%   0.000%   0.000%     99.974%

==============================================================================================================================
==============================================================================================================================



Time : 9.7917592e-03 -> 1.0879732e-02,     Step :        9 ->       10

Main Loop
------------------------------------------------------------------------------------------------------------------------------
       Total    Integration       Output    Auxiliary    LoadBalance       CorrSync          libyt            Sum
      0.0605         0.0066       0.0136       0.0380         0.0022         0.0000         0.0000         0.0605


Integration Loop
------------------------------------------------------------------------------------------------------------------------------
     Lv   Total       dt Flu_Adv Gra_Adv Src_Adv Che_Adv      SF  FB_Adv   FixUp    Flag  Refine Buf_Rho Buf_Pot Buf_Flu1 Buf_Flu2 Buf_Ref Buf_Flux Buf_Res Buf_Che  Par_KD   Par_K Par_K-1 Par_2Sib -MPI_Sib -MPI_FaSib Par_2Son    -MPI Par_Coll -MPI_Real -MPI_Sib -MPI_FaSib     Sum
      0   0.007    0.001   0.003   0.000   0.000   0.000   0.000   0.000   0.000   0.000   0.000   0.000   0.000    0.003    0.000   0.000    0.000   0.000   0.000   0.000   0.000   0.000    0.000    0.000      0.000    0.000   0.000    0.000     0.000    0.000      0.000   0.007
      1   0.000    0.000   0.000   0.000   0.000   0.000   0.000   0.000   0.000   0.000   0.000   0.000   0.000    0.000    0.000   0.000    0.000   0.000   0.000   0.000   0.000   0.000    0.000    0.000      0.000    0.000   0.000    0.000     0.000    0.000      0.000   0.000
      2   0.000    0.000   0.000   0.000   0.000   0.000   0.000   0.000   0.000   0.000   0.000   0.000   0.000    0.000    0.000   0.000    0.000   0.000   0.000   0.000   0.000   0.000    0.000    0.000      0.000    0.000   0.000    0.000     0.000    0.000      0.000   0.000
      3   0.000    0.000   0.000   0.000   0.000   0.000   0.000   0.000   0.000   0.000   0.000   0.000   0.000    0.000    0.000   0.000    0.000   0.000   0.000   0.000   0.000   0.000    0.000    0.000      0.000    0.000   0.000    0.000     0.000    0.000      0.000   0.000
      4   0.000    0.000   0.000   0.000   0.000   0.000   0.000   0.000   0.000   0.000   0.000   0.000   0.000    0.000    0.000   0.000    0.000   0.000   0.000   0.000   0.000   0.000    0.000    0.000      0.000    0.000   0.000    0.000     0.000    0.000      0.000   0.000
      5   0.000    0.000   0.000   0.000   0.000   0.000   0.000   0.000   0.000   0.000   0.000   0.000   0.000    0.000    0.000   0.000    0.000   0.000   0.000   0.000   0.000   0.000    0.000    0.000      0.000    0.000   0.000    0.000     0.000    0.000      0.000   0.000
      6   0.000    0.000   0.000   0.000   0.000   0.000   0.000   0.000   0.000   0.000   0.000   0.000   0.000    0.000    0.000   0.000    0.000   0.000   0.000   0.000   0.000   0.000    0.000    0.000      0.000    0.000   0.000    0.000     0.000    0.000      0.000   0.000
      7   0.000    0.000   0.000   0.000   0.000   0.000   0.000   0.000   0.000   0.000   0.000   0.000   0.000    0.000    0.000   0.000    0.000   0.000   0.000   0.000   0.000   0.000    0.000    0.000      0.000    0.000   0.000    0.000     0.000    0.000      0.000   0.000
      8   0.000    0.000   0.000   0.000   0.000   0.000   0.000   0.000   0.000   0.000   0.000   0.000   0.000    0.000    0.000   0.000    0.000   0.000   0.000   0.000   0.000   0.000    0.000    0.000      0.000    0.000   0.000    0.000     0.000    0.000      0.000   0.000
      9   0.000    0.000   0.000   0.000   0.000   0.000   0.000   0.000   0.000   0.000   0.000   0.000   0.000    0.000    0.000   0.000    0.000   0.000   0.000   0.000   0.000   0.000    0.000    0.000      0.000    0.000   0.000    0.000     0.000    0.000      0.000   0.000
    Sum   0.007    0.001   0.003   0.000   0.000   0.000   0.000   0.000   0.000   0.000   0.000   0.000   0.000    0.003    0.000   0.000    0.000   0.000   0.000   0.000   0.000   0.000    0.000    0.000      0.000    0.000   0.000    0.000     0.000    0.000      0.000   0.007


Summary
------------------------------------------------------------------------------------------------------------------------------
                  dt  Flu_Adv  Gra_Adv  Src_Adv  Che_Adv       SF   FB_Adv    FixUp     Flag   Refine MPI_Grid   Output      Aux       LB CorrSync      Par -MPI_Par    libyt         Sum
    Time      0.0008   0.0026   0.0000   0.0000   0.0000   0.0000   0.0000   0.0000   0.0000   0.0000   0.0033   0.0136   0.0380   0.0022   0.0000   0.0000   0.0000   0.0000      0.0605
    Frac      1.298%   4.279%   0.000%   0.000%   0.000%   0.000%   0.000%   0.000%   0.000%   0.000%   5.374%  22.512%  62.834%   3.671%   0.000%   0.000%   0.000%   0.000%     99.969%

==============================================================================================================================
==============================================================================================================================



Time : 1.0879732e-02 -> 1.1967706e-02,     Step :       10 ->       11

Main Loop
------------------------------------------------------------------------------------------------------------------------------
       Total    Integration       Output    Auxiliary    LoadBalance       CorrSync          libyt            Sum
      0.1153         0.0181       0.0125       0.0837         0.0009         0.0000         0.0000         0.1153


Integration Loop
------------------------------------------------------------------------------------------------------------------------------
     Lv   Total       dt Flu_Adv Gra_Adv Src_Adv Che_Adv      SF  FB_Adv   FixUp    Flag  Refine Buf_Rho Buf_Pot Buf_Flu1 Buf_Flu2 Buf_Ref Buf_Flux Buf_Res Buf_Che  Par_KD   Par_K Par_K-1 Par_2Sib -MPI_Sib -MPI_FaSib Par_2Son    -MPI Par_Coll -MPI_Real -MPI_Sib -MPI_FaSib     Sum
      0   0.018    0.001   0.009   0.000   0.000   0.000   0.000   0.000   0.000   0.000   0.000   0.000   0.000    0.008    0.000   0.000    0.000   0.000   0.000   0.000   0.000   0.000    0.000    0.000      0.000    0.000   0.000    0.000     0.000    0.000      0.000   0.018
      1   0.000    0.000   0.000   0.000   0.000   0.000   0.000   0.000   0.000   0.000   0.000   0.000   0.000    0.000    0.000   0.000    0.000   0.000   0.000   0.000   0.000   0.000    0.000    0.000      0.000    0.000   0.000    0.000     0.000    0.000      0.000   0.000
      2   0.000    0.000   0.000   0.000   0.000   0.000   0.000   0.000   0.000   0.000   0.000   0.000   0.000    0.000    0.000   0.000    0.000   0.000   0.000   0.000   0.000   0.000    0.000    0.000      0.000    0.000   0.000    0.000     0.000    0.000      0.000   0.000
      3   0.000    0.000   0.000   0.000   0.000   0.000   0.000   0.000   0.000   0.000   0.000   0.000   0.000    0.000    0.000   0.000    0.000   0.000   0.000   0.000   0.000   0.000    0.000    0.000      0.000    0.000   0.000    0.000     0.000    0.000      0.000   0.000
      4   0.000    0.000   0.000   0.000   0.000   0.000   0.000   0.000   0.000   0.000   0.000   0.000   0.000    0.000    0.000   0.000    0.000   0.000   0.000   0.000   0.000   0.000    0.000    0.000      0.000    0.000   0.000    0.000     0.000    0.000      0.000   0.000
      5   0.000    0.000   0.000   0.000   0.000   0.000   0.000   0.000   0.000   0.000   0.000   0.000   0.000    0.000    0.000   0.000    0.000   0.000   0.000   0.000   0.000   0.000    0.000    0.000      0.000    0.000   0.000    0.000     0.000    0.000      0.000   0.000
      6   0.000    0.000   0.000   0.000   0.000   0.000   0.000   0.000   0.000   0.000   0.000   0.000   0.000    0.000    0.000   0.000    0.000   0.000   0.000   0.000   0.000   0.000    0.000    0.000      0.000    0.000   0.000    0.000     0.000    0.000      0.000   0.000
      7   0.000    0.000   0.000   0.000   0.000   0.000   0.000   0.000   0.000   0.000   0.000   0.000   0.000    0.000    0.000   0.000    0.000   0.000   0.000   0.000   0.000   0.000    0.000    0.000      0.000    0.000   0.000    0.000     0.000    0.000      0.000   0.000
      8   0.000    0.000   0.000   0.000   0.000   0.000   0.000   0.000   0.000   0.000   0.000   0.000   0.000    0.000    0.000   0.000    0.000   0.000   0.000   0.000   0.000   0.000    0.000    0.000      0.000    0.000   0.000    0.000     0.000    0.000      0.000   0.000
      9   0.000    0.000   0.000   0.000   0.000   0.000   0.000   0.000   0.000   0.000   0.000   0.000   0.000    0.000    0.000   0.000    0.000   0.000   0.000   0.000   0.000   0.000    0.000    0.000      0.000    0.000   0.000    0.000     0.000    0.000      0.000   0.000
    Sum   0.018    0.001   0.009   0.000   0.000   0.000   0.000   0.000   0.000   0.000   0.000   0.000   0.000    0.008    0.000   0.000    0.000   0.000   0.000   0.000   0.000   0.000    0.000    0.000      0.000    0.000   0.000    0.000     0.000    0.000      0.000   0.018


Summary
------------------------------------------------------------------------------------------------------------------------------
                  dt  Flu_Adv  Gra_Adv  Src_Adv  Che_Adv       SF   FB_Adv    FixUp     Flag   Refine MPI_Grid   Output      Aux       LB CorrSync      Par -MPI_Par    libyt         Sum
    Time      0.0008   0.0092   0.0000   0.0000   0.0000   0.0000   0.0000   0.0000   0.0000   0.0000   0.0081   0.0125   0.0837   0.0009   0.0000   0.0000   0.0000   0.0000      0.1153
    Frac      0.675%   7.997%   0.000%   0.000%   0.000%   0.000%   0.000%   0.000%   0.000%   0.000%   7.051%  10.840%  72.607%   0.813%   0.000%   0.000%   0.000%   0.000%     99.983%

==============================================================================================================================
==============================================================================================================================



Time : 1.1967706e-02 -> 1.3055679e-02,     Step :       11 ->       12

Main Loop
------------------------------------------------------------------------------------------------------------------------------
       Total    Integration       Output    Auxiliary    LoadBalance       CorrSync          libyt            Sum
      0.1038         0.0191       0.0205       0.0633         0.0009         0.0000         0.0000         0.1038


Integration Loop
------------------------------------------------------------------------------------------------------------------------------
     Lv   Total       dt Flu_Adv Gra_Adv Src_Adv Che_Adv      SF  FB_Adv   FixUp    Flag  Refine Buf_Rho Buf_Pot Buf_Flu1 Buf_Flu2 Buf_Ref Buf_Flux Buf_Res Buf_Che  Par_KD   Par_K Par_K-1 Par_2Sib -MPI_Sib -MPI_FaSib Par_2Son    -MPI Par_Coll -MPI_Real -MPI_Sib -MPI_FaSib     Sum
      0   0.019    0.001   0.006   0.000   0.000   0.000   0.000   0.000   0.000   0.001   0.001   0.000   0.000    0.011    0.000   0.000    0.000   0.000   0.000   0.000   0.000   0.000    0.000    0.000      0.000    0.000   0.000    0.000     0.000    0.000      0.000   0.019
      1   0.000    0.000   0.000   0.000   0.000   0.000   0.000   0.000   0.000   0.000   0.000   0.000   0.000    0.000    0.000   0.000    0.000   0.000   0.000   0.000   0.000   0.000    0.000    0.000      0.000    0.000   0.000    0.000     0.000    0.000      0.000   0.000
      2   0.000    0.000   0.000   0.000   0.000   0.000   0.000   0.000   0.000   0.000   0.000   0.000   0.000    0.000    0.000   0.000    0.000   0.000   0.000   0.000   0.000   0.000    0.000    0.000      0.000    0.000   0.000    0.000     0.000    0.000      0.000   0.000
      3   0.000    0.000   0.000   0.000   0.000   0.000   0.000   0.000   0.000   0.000   0.000   0.000   0.000    0.000    0.000   0.000    0.000   0.000   0.000   0.000   0.000   0.000    0.000    0.000      0.000    0.000   0.000    0.000     0.000    0.000      0.000   0.000
      4   0.000    0.000   0.000   0.000   0.000   0.000   0.000   0.000   0.000   0.000   0.000   0.000   0.000    0.000    0.000   0.000    0.000   0.000   0.000   0.000   0.000   0.000    0.000    0.000      0.000    0.000   0.000    0.000     0.000    0.000      0.000   0.000
      5   0.000    0.000   0.000   0.000   0.000   0.000   0.000   0.000   0.000   0.000   0.000   0.000   0.000    0.000    0.000   0.000    0.000   0.000   0.000   0.000   0.000   0.000    0.000    0.000      0.000    0.000   0.000    0.000     0.000    0.000      0.000   0.000
      6   0.000    0.000   0.000   0.000   0.000   0.000   0.000   0.000   0.000   0.000   0.000   0.000   0.000    0.000    0.000   0.000    0.000   0.000   0.000   0.000   0.000   0.000    0.000    0.000      0.000    0.000   0.000    0.000     0.000    0.000      0.000   0.000
      7   0.000    0.000   0.000   0.000   0.000   0.000   0.000   0.000   0.000   0.000   0.000   0.000   0.000    0.000    0.000   0.000    0.000   0.000   0.000   0.000   0.000   0.000    0.000    0.000      0.000    0.000   0.000    0.000     0.000    0.000      0.000   0.000
      8   0.000    0.000   0.000   0.000   0.000   0.000   0.000   0.000   0.000   0.000   0.000   0.000   0.000    0.000    0.000   0.000    0.000   0.000   0.000   0.000   0.000   0.000    0.000    0.000      0.000    0.000   0.000    0.000     0.000    0.000      0.000   0.000
      9   0.000    0.000   0.000   0.000   0.000   0.000   0.000   0.000   0.000   0.000   0.000   0.000   0.000    0.000    0.000   0.000    0.000   0.000   0.000   0.000   0.000   0.000    0.000    0.000      0.000    0.000   0.000    0.000     0.000    0.000      0.000   0.000
    Sum   0.019    0.001   0.006   0.000   0.000   0.000   0.000   0.000   0.000   0.001   0.001   0.000   0.000    0.011    0.000   0.000    0.000   0.000   0.000   0.000   0.000   0.000    0.000    0.000      0.000    0.000   0.000    0.000     0.000    0.000      0.000   0.019


Summary
------------------------------------------------------------------------------------------------------------------------------
                  dt  Flu_Adv  Gra_Adv  Src_Adv  Che_Adv       SF   FB_Adv    FixUp     Flag   Refine MPI_Grid   Output      Aux       LB CorrSync      Par -MPI_Par    libyt         Sum
    Time      0.0007   0.0059   0.0000   0.0000   0.0000   0.0000   0.0000   0.0000   0.0005   0.0005   0.0114   0.0205   0.0633   0.0009   0.0000   0.0000   0.0000   0.0000      0.1037
    Frac      0.708%   5.675%   0.000%   0.000%   0.000%   0.000%   0.000%   0.000%   0.501%   0.516%  10.995%  19.722%  60.956%   0.877%   0.000%   0.000%   0.000%   0.000%     99.949%

==============================================================================================================================
==============================================================================================================================



Time : 1.3055679e-02 -> 1.4143652e-02,     Step :       12 ->       13

Main Loop
------------------------------------------------------------------------------------------------------------------------------
       Total    Integration       Output    Auxiliary    LoadBalance       CorrSync          libyt            Sum
      0.0689         0.0133       0.0124       0.0423         0.0009         0.0000         0.0000         0.0689


Integration Loop
------------------------------------------------------------------------------------------------------------------------------
     Lv   Total       dt Flu_Adv Gra_Adv Src_Adv Che_Adv      SF  FB_Adv   FixUp    Flag  Refine Buf_Rho Buf_Pot Buf_Flu1 Buf_Flu2 Buf_Ref Buf_Flux Buf_Res Buf_Che  Par_KD   Par_K Par_K-1 Par_2Sib -MPI_Sib -MPI_FaSib Par_2Son    -MPI Par_Coll -MPI_Real -MPI_Sib -MPI_FaSib     Sum
      0   0.013    0.001   0.010   0.000   0.000   0.000   0.000   0.000   0.000   0.000   0.000   0.000   0.000    0.003    0.000   0.000    0.000   0.000   0.000   0.000   0.000   0.000    0.000    0.000      0.000    0.000   0.000    0.000     0.000    0.000      0.000   0.013
      1   0.000    0.000   0.000   0.000   0.000   0.000   0.000   0.000   0.000   0.000   0.000   0.000   0.000    0.000    0.000   0.000    0.000   0.000   0.000   0.000   0.000   0.000    0.000    0.000      0.000    0.000   0.000    0.000     0.000    0.000      0.000   0.000
      2   0.000    0.000   0.000   0.000   0.000   0.000   0.000   0.000   0.000   0.000   0.000   0.000   0.000    0.000    0.000   0.000    0.000   0.000   0.000   0.000   0.000   0.000    0.000    0.000      0.000    0.000   0.000    0.000     0.000    0.000      0.000   0.000
      3   0.000    0.000   0.000   0.000   0.000   0.000   0.000   0.000   0.000   0.000   0.000   0.000   0.000    0.000    0.000   0.000    0.000   0.000   0.000   0.000   0.000   0.000    0.000    0.000      0.000    0.000   0.000    0.000     0.000    0.000      0.000   0.000
      4   0.000    0.000   0.000   0.000   0.000   0.000   0.000   0.000   0.000   0.000   0.000   0.000   0.000    0.000    0.000   0.000    0.000   0.000   0.000   0.000   0.000   0.000    0.000    0.000      0.000    0.000   0.000    0.000     0.000    0.000      0.000   0.000
      5   0.000    0.000   0.000   0.000   0.000   0.000   0.000   0.000   0.000   0.000   0.000   0.000   0.000    0.000    0.000   0.000    0.000   0.000   0.000   0.000   0.000   0.000    0.000    0.000      0.000    0.000   0.000    0.000     0.000    0.000      0.000   0.000
      6   0.000    0.000   0.000   0.000   0.000   0.000   0.000   0.000   0.000   0.000   0.000   0.000   0.000    0.000    0.000   0.000    0.000   0.000   0.000   0.000   0.000   0.000    0.000    0.000      0.000    0.000   0.000    0.000     0.000    0.000      0.000   0.000
      7   0.000    0.000   0.000   0.000   0.000   0.000   0.000   0.000   0.000   0.000   0.000   0.000   0.000    0.000    0.000   0.000    0.000   0.000   0.000   0.000   0.000   0.000    0.000    0.000      0.000    0.000   0.000    0.000     0.000    0.000      0.000   0.000
      8   0.000    0.000   0.000   0.000   0.000   0.000   0.000   0.000   0.000   0.000   0.000   0.000   0.000    0.000    0.000   0.000    0.000   0.000   0.000   0.000   0.000   0.000    0.000    0.000      0.000    0.000   0.000    0.000     0.000    0.000      0.000   0.000
      9   0.000    0.000   0.000   0.000   0.000   0.000   0.000   0.000   0.000   0.000   0.000   0.000   0.000    0.000    0.000   0.000    0.000   0.000   0.000   0.000   0.000   0.000    0.000    0.000      0.000    0.000   0.000    0.000     0.000    0.000      0.000   0.000
    Sum   0.013    0.001   0.010   0.000   0.000   0.000   0.000   0.000   0.000   0.000   0.000   0.000   0.000    0.003    0.000   0.000    0.000   0.000   0.000   0.000   0.000   0.000    0.000    0.000      0.000    0.000   0.000    0.000     0.000    0.000      0.000   0.013


Summary
------------------------------------------------------------------------------------------------------------------------------
                  dt  Flu_Adv  Gra_Adv  Src_Adv  Che_Adv       SF   FB_Adv    FixUp     Flag   Refine MPI_Grid   Output      Aux       LB CorrSync      Par -MPI_Par    libyt         Sum
    Time      0.0007   0.0097   0.0000   0.0000   0.0000   0.0000   0.0000   0.0000   0.0000   0.0000   0.0028   0.0124   0.0423   0.0009   0.0000   0.0000   0.0000   0.0000      0.0689
    Frac      1.023%  14.067%   0.000%   0.000%   0.000%   0.000%   0.000%   0.000%   0.000%   0.000%   4.132%  17.948%  61.443%   1.361%   0.000%   0.000%   0.000%   0.000%     99.974%

==============================================================================================================================
==============================================================================================================================



Time : 1.4143652e-02 -> 1.5231625e-02,     Step :       13 ->       14

Main Loop
------------------------------------------------------------------------------------------------------------------------------
       Total    Integration       Output    Auxiliary    LoadBalance       CorrSync          libyt            Sum
      0.1068         0.0135       0.0124       0.0799         0.0010         0.0000         0.0000         0.1068


Integration Loop
------------------------------------------------------------------------------------------------------------------------------
     Lv   Total       dt Flu_Adv Gra_Adv Src_Adv Che_Adv      SF  FB_Adv   FixUp    Flag  Refine Buf_Rho Buf_Pot Buf_Flu1 Buf_Flu2 Buf_Ref Buf_Flux Buf_Res Buf_Che  Par_KD   Par_K Par_K-1 Par_2Sib -MPI_Sib -MPI_FaSib Par_2Son    -MPI Par_Coll -MPI_Real -MPI_Sib -MPI_FaSib     Sum
      0   0.013    0.001   0.010   0.000   0.000   0.000   0.000   0.000   0.000   0.000   0.000   0.000   0.000    0.003    0.000   0.000    0.000   0.000   0.000   0.000   0.000   0.000    0.000    0.000      0.000    0.000   0.000    0.000     0.000    0.000      0.000   0.013
      1   0.000    0.000   0.000   0.000   0.000   0.000   0.000   0.000   0.000   0.000   0.000   0.000   0.000    0.000    0.000   0.000    0.000   0.000   0.000   0.000   0.000   0.000    0.000    0.000      0.000    0.000   0.000    0.000     0.000    0.000      0.000   0.000
      2   0.000    0.000   0.000   0.000   0.000   0.000   0.000   0.000   0.000   0.000   0.000   0.000   0.000    0.000    0.000   0.000    0.000   0.000   0.000   0.000   0.000   0.000    0.000    0.000      0.000    0.000   0.000    0.000     0.000    0.000      0.000   0.000
      3   0.000    0.000   0.000   0.000   0.000   0.000   0.000   0.000   0.000   0.000   0.000   0.000   0.000    0.000    0.000   0.000    0.000   0.000   0.000   0.000   0.000   0.000    0.000    0.000      0.000    0.000   0.000    0.000     0.000    0.000      0.000   0.000
      4   0.000    0.000   0.000   0.000   0.000   0.000   0.000   0.000   0.000   0.000   0.000   0.000   0.000    0.000    0.000   0.000    0.000   0.000   0.000   0.000   0.000   0.000    0.000    0.000      0.000    0.000   0.000    0.000     0.000    0.000      0.000   0.000
      5   0.000    0.000   0.000   0.000   0.000   0.000   0.000   0.000   0.000   0.000   0.000   0.000   0.000    0.000    0.000   0.000    0.000   0.000   0.000   0.000   0.000   0.000    0.000    0.000      0.000    0.000   0.000    0.000     0.000    0.000      0.000   0.000
      6   0.000    0.000   0.000   0.000   0.000   0.000   0.000   0.000   0.000   0.000   0.000   0.000   0.000    0.000    0.000   0.000    0.000   0.000   0.000   0.000   0.000   0.000    0.000    0.000      0.000    0.000   0.000    0.000     0.000    0.000      0.000   0.000
      7   0.000    0.000   0.000   0.000   0.000   0.000   0.000   0.000   0.000   0.000   0.000   0.000   0.000    0.000    0.000   0.000    0.000   0.000   0.000   0.000   0.000   0.000    0.000    0.000      0.000    0.000   0.000    0.000     0.000    0.000      0.000   0.000
      8   0.000    0.000   0.000   0.000   0.000   0.000   0.000   0.000   0.000   0.000   0.000   0.000   0.000    0.000    0.000   0.000    0.000   0.000   0.000   0.000   0.000   0.000    0.000    0.000      0.000    0.000   0.000    0.000     0.000    0.000      0.000   0.000
      9   0.000    0.000   0.000   0.000   0.000   0.000   0.000   0.000   0.000   0.000   0.000   0.000   0.000    0.000    0.000   0.000    0.000   0.000   0.000   0.000   0.000   0.000    0.000    0.000      0.000    0.000   0.000    0.000     0.000    0.000      0.000   0.000
    Sum   0.013    0.001   0.010   0.000   0.000   0.000   0.000   0.000   0.000   0.000   0.000   0.000   0.000    0.003    0.000   0.000    0.000   0.000   0.000   0.000   0.000   0.000    0.000    0.000      0.000    0.000   0.000    0.000     0.000    0.000      0.000   0.013


Summary
------------------------------------------------------------------------------------------------------------------------------
                  dt  Flu_Adv  Gra_Adv  Src_Adv  Che_Adv       SF   FB_Adv    FixUp     Flag   Refine MPI_Grid   Output      Aux       LB CorrSync      Par -MPI_Par    libyt         Sum
    Time      0.0007   0.0099   0.0000   0.0000   0.0000   0.0000   0.0000   0.0000   0.0000   0.0000   0.0028   0.0124   0.0799   0.0010   0.0000   0.0000   0.0000   0.0000      0.1068
    Frac      0.666%   9.295%   0.000%   0.000%   0.000%   0.000%   0.000%   0.000%   0.000%   0.000%   2.653%  11.592%  74.823%   0.955%   0.000%   0.000%   0.000%   0.000%     99.985%

==============================================================================================================================
==============================================================================================================================



Time : 1.5231625e-02 -> 1.6319599e-02,     Step :       14 ->       15

Main Loop
------------------------------------------------------------------------------------------------------------------------------
       Total    Integration       Output    Auxiliary    LoadBalance       CorrSync          libyt            Sum
      0.1331         0.0063       0.0463       0.0794         0.0010         0.0000         0.0000         0.1331


Integration Loop
------------------------------------------------------------------------------------------------------------------------------
     Lv   Total       dt Flu_Adv Gra_Adv Src_Adv Che_Adv      SF  FB_Adv   FixUp    Flag  Refine Buf_Rho Buf_Pot Buf_Flu1 Buf_Flu2 Buf_Ref Buf_Flux Buf_Res Buf_Che  Par_KD   Par_K Par_K-1 Par_2Sib -MPI_Sib -MPI_FaSib Par_2Son    -MPI Par_Coll -MPI_Real -MPI_Sib -MPI_FaSib     Sum
      0   0.006    0.001   0.002   0.000   0.000   0.000   0.000   0.000   0.000   0.000   0.000   0.000   0.000    0.003    0.000   0.000    0.000   0.000   0.000   0.000   0.000   0.000    0.000    0.000      0.000    0.000   0.000    0.000     0.000    0.000      0.000   0.006
      1   0.000    0.000   0.000   0.000   0.000   0.000   0.000   0.000   0.000   0.000   0.000   0.000   0.000    0.000    0.000   0.000    0.000   0.000   0.000   0.000   0.000   0.000    0.000    0.000      0.000    0.000   0.000    0.000     0.000    0.000      0.000   0.000
      2   0.000    0.000   0.000   0.000   0.000   0.000   0.000   0.000   0.000   0.000   0.000   0.000   0.000    0.000    0.000   0.000    0.000   0.000   0.000   0.000   0.000   0.000    0.000    0.000      0.000    0.000   0.000    0.000     0.000    0.000      0.000   0.000
      3   0.000    0.000   0.000   0.000   0.000   0.000   0.000   0.000   0.000   0.000   0.000   0.000   0.000    0.000    0.000   0.000    0.000   0.000   0.000   0.000   0.000   0.000    0.000    0.000      0.000    0.000   0.000    0.000     0.000    0.000      0.000   0.000
      4   0.000    0.000   0.000   0.000   0.000   0.000   0.000   0.000   0.000   0.000   0.000   0.000   0.000    0.000    0.000   0.000    0.000   0.000   0.000   0.000   0.000   0.000    0.000    0.000      0.000    0.000   0.000    0.000     0.000    0.000      0.000   0.000
      5   0.000    0.000   0.000   0.000   0.000   0.000   0.000   0.000   0.000   0.000   0.000   0.000   0.000    0.000    0.000   0.000    0.000   0.000   0.000   0.000   0.000   0.000    0.000    0.000      0.000    0.000   0.000    0.000     0.000    0.000      0.000   0.000
      6   0.000    0.000   0.000   0.000   0.000   0.000   0.000   0.000   0.000   0.000   0.000   0.000   0.000    0.000    0.000   0.000    0.000   0.000   0.000   0.000   0.000   0.000    0.000    0.000      0.000    0.000   0.000    0.000     0.000    0.000      0.000   0.000
      7   0.000    0.000   0.000   0.000   0.000   0.000   0.000   0.000   0.000   0.000   0.000   0.000   0.000    0.000    0.000   0.000    0.000   0.000   0.000   0.000   0.000   0.000    0.000    0.000      0.000    0.000   0.000    0.000     0.000    0.000      0.000   0.000
      8   0.000    0.000   0.000   0.000   0.000   0.000   0.000   0.000   0.000   0.000   0.000   0.000   0.000    0.000    0.000   0.000    0.000   0.000   0.000   0.000   0.000   0.000    0.000    0.000      0.000    0.000   0.000    0.000     0.000    0.000      0.000   0.000
      9   0.000    0.000   0.000   0.000   0.000   0.000   0.000   0.000   0.000   0.000   0.000   0.000   0.000    0.000    0.000   0.000    0.000   0.000   0.000   0.000   0.000   0.000    0.000    0.000      0.000    0.000   0.000    0.000     0.000    0.000      0.000   0.000
    Sum   0.006    0.001   0.002   0.000   0.000   0.000   0.000   0.000   0.000   0.000   0.000   0.000   0.000    0.003    0.000   0.000    0.000   0.000   0.000   0.000   0.000   0.000    0.000    0.000      0.000    0.000   0.000    0.000     0.000    0.000      0.000   0.006


Summary
------------------------------------------------------------------------------------------------------------------------------
                  dt  Flu_Adv  Gra_Adv  Src_Adv  Che_Adv       SF   FB_Adv    FixUp     Flag   Refine MPI_Grid   Output      Aux       LB CorrSync      Par -MPI_Par    libyt         Sum
    Time      0.0007   0.0022   0.0000   0.0000   0.0000   0.0000   0.0000   0.0000   0.0000   0.0000   0.0034   0.0463   0.0794   0.0010   0.0000   0.0000   0.0000   0.0000      0.1330
    Frac      0.525%   1.638%   0.000%   0.000%   0.000%   0.000%   0.000%   0.000%   0.000%   0.000%   2.572%  34.798%  59.707%   0.748%   0.000%   0.000%   0.000%   0.000%     99.986%

==============================================================================================================================
==============================================================================================================================



Time : 1.6319599e-02 -> 1.7407572e-02,     Step :       15 ->       16

Main Loop
------------------------------------------------------------------------------------------------------------------------------
       Total    Integration       Output    Auxiliary    LoadBalance       CorrSync          libyt            Sum
      0.1333         0.0132       0.0350       0.0843         0.0008         0.0000         0.0000         0.1333


Integration Loop
------------------------------------------------------------------------------------------------------------------------------
     Lv   Total       dt Flu_Adv Gra_Adv Src_Adv Che_Adv      SF  FB_Adv   FixUp    Flag  Refine Buf_Rho Buf_Pot Buf_Flu1 Buf_Flu2 Buf_Ref Buf_Flux Buf_Res Buf_Che  Par_KD   Par_K Par_K-1 Par_2Sib -MPI_Sib -MPI_FaSib Par_2Son    -MPI Par_Coll -MPI_Real -MPI_Sib -MPI_FaSib     Sum
      0   0.013    0.001   0.009   0.000   0.000   0.000   0.000   0.000   0.000   0.000   0.000   0.000   0.000    0.003    0.000   0.000    0.000   0.000   0.000   0.000   0.000   0.000    0.000    0.000      0.000    0.000   0.000    0.000     0.000    0.000      0.000   0.013
      1   0.000    0.000   0.000   0.000   0.000   0.000   0.000   0.000   0.000   0.000   0.000   0.000   0.000    0.000    0.000   0.000    0.000   0.000   0.000   0.000   0.000   0.000    0.000    0.000      0.000    0.000   0.000    0.000     0.000    0.000      0.000   0.000
      2   0.000    0.000   0.000   0.000   0.000   0.000   0.000   0.000   0.000   0.000   0.000   0.000   0.000    0.000    0.000   0.000    0.000   0.000   0.000   0.000   0.000   0.000    0.000    0.000      0.000    0.000   0.000    0.000     0.000    0.000      0.000   0.000
      3   0.000    0.000   0.000   0.000   0.000   0.000   0.000   0.000   0.000   0.000   0.000   0.000   0.000    0.000    0.000   0.000    0.000   0.000   0.000   0.000   0.000   0.000    0.000    0.000      0.000    0.000   0.000    0.000     0.000    0.000      0.000   0.000
      4   0.000    0.000   0.000   0.000   0.000   0.000   0.000   0.000   0.000   0.000   0.000   0.000   0.000    0.000    0.000   0.000    0.000   0.000   0.000   0.000   0.000   0.000    0.000    0.000      0.000    0.000   0.000    0.000     0.000    0.000      0.000   0.000
      5   0.000    0.000   0.000   0.000   0.000   0.000   0.000   0.000   0.000   0.000   0.000   0.000   0.000    0.000    0.000   0.000    0.000   0.000   0.000   0.000   0.000   0.000    0.000    0.000      0.000    0.000   0.000    0.000     0.000    0.000      0.000   0.000
      6   0.000    0.000   0.000   0.000   0.000   0.000   0.000   0.000   0.000   0.000   0.000   0.000   0.000    0.000    0.000   0.000    0.000   0.000   0.000   0.000   0.000   0.000    0.000    0.000      0.000    0.000   0.000    0.000     0.000    0.000      0.000   0.000
      7   0.000    0.000   0.000   0.000   0.000   0.000   0.000   0.000   0.000   0.000   0.000   0.000   0.000    0.000    0.000   0.000    0.000   0.000   0.000   0.000   0.000   0.000    0.000    0.000      0.000    0.000   0.000    0.000     0.000    0.000      0.000   0.000
      8   0.000    0.000   0.000   0.000   0.000   0.000   0.000   0.000   0.000   0.000   0.000   0.000   0.000    0.000    0.000   0.000    0.000   0.000   0.000   0.000   0.000   0.000    0.000    0.000      0.000    0.000   0.000    0.000     0.000    0.000      0.000   0.000
      9   0.000    0.000   0.000   0.000   0.000   0.000   0.000   0.000   0.000   0.000   0.000   0.000   0.000    0.000    0.000   0.000    0.000   0.000   0.000   0.000   0.000   0.000    0.000    0.000      0.000    0.000   0.000    0.000     0.000    0.000      0.000   0.000
    Sum   0.013    0.001   0.009   0.000   0.000   0.000   0.000   0.000   0.000   0.000   0.000   0.000   0.000    0.003    0.000   0.000    0.000   0.000   0.000   0.000   0.000   0.000    0.000    0.000      0.000    0.000   0.000    0.000     0.000    0.000      0.000   0.013


Summary
------------------------------------------------------------------------------------------------------------------------------
                  dt  Flu_Adv  Gra_Adv  Src_Adv  Che_Adv       SF   FB_Adv    FixUp     Flag   Refine MPI_Grid   Output      Aux       LB CorrSync      Par -MPI_Par    libyt         Sum
    Time      0.0007   0.0089   0.0000   0.0000   0.0000   0.0000   0.0000   0.0000   0.0003   0.0004   0.0029   0.0350   0.0843   0.0008   0.0000   0.0000   0.0000   0.0000      0.1333
    Frac      0.560%   6.670%   0.000%   0.000%   0.000%   0.000%   0.000%   0.000%   0.200%   0.278%   2.172%  26.246%  63.247%   0.616%   0.000%   0.000%   0.000%   0.000%     99.989%

==============================================================================================================================
==============================================================================================================================



Time : 1.7407572e-02 -> 1.8495545e-02,     Step :       16 ->       17

Main Loop
------------------------------------------------------------------------------------------------------------------------------
       Total    Integration       Output    Auxiliary    LoadBalance       CorrSync          libyt            Sum
      0.1046         0.0128       0.0295       0.0614         0.0009         0.0000         0.0000         0.1046


Integration Loop
------------------------------------------------------------------------------------------------------------------------------
     Lv   Total       dt Flu_Adv Gra_Adv Src_Adv Che_Adv      SF  FB_Adv   FixUp    Flag  Refine Buf_Rho Buf_Pot Buf_Flu1 Buf_Flu2 Buf_Ref Buf_Flux Buf_Res Buf_Che  Par_KD   Par_K Par_K-1 Par_2Sib -MPI_Sib -MPI_FaSib Par_2Son    -MPI Par_Coll -MPI_Real -MPI_Sib -MPI_FaSib     Sum
      0   0.013    0.001   0.010   0.000   0.000   0.000   0.000   0.000   0.000   0.000   0.000   0.000   0.000    0.003    0.000   0.000    0.000   0.000   0.000   0.000   0.000   0.000    0.000    0.000      0.000    0.000   0.000    0.000     0.000    0.000      0.000   0.013
      1   0.000    0.000   0.000   0.000   0.000   0.000   0.000   0.000   0.000   0.000   0.000   0.000   0.000    0.000    0.000   0.000    0.000   0.000   0.000   0.000   0.000   0.000    0.000    0.000      0.000    0.000   0.000    0.000     0.000    0.000      0.000   0.000
      2   0.000    0.000   0.000   0.000   0.000   0.000   0.000   0.000   0.000   0.000   0.000   0.000   0.000    0.000    0.000   0.000    0.000   0.000   0.000   0.000   0.000   0.000    0.000    0.000      0.000    0.000   0.000    0.000     0.000    0.000      0.000   0.000
      3   0.000    0.000   0.000   0.000   0.000   0.000   0.000   0.000   0.000   0.000   0.000   0.000   0.000    0.000    0.000   0.000    0.000   0.000   0.000   0.000   0.000   0.000    0.000    0.000      0.000    0.000   0.000    0.000     0.000    0.000      0.000   0.000
      4   0.000    0.000   0.000   0.000   0.000   0.000   0.000   0.000   0.000   0.000   0.000   0.000   0.000    0.000    0.000   0.000    0.000   0.000   0.000   0.000   0.000   0.000    0.000    0.000      0.000    0.000   0.000    0.000     0.000    0.000      0.000   0.000
      5   0.000    0.000   0.000   0.000   0.000   0.000   0.000   0.000   0.000   0.000   0.000   0.000   0.000    0.000    0.000   0.000    0.000   0.000   0.000   0.000   0.000   0.000    0.000    0.000      0.000    0.000   0.000    0.000     0.000    0.000      0.000   0.000
      6   0.000    0.000   0.000   0.000   0.000   0.000   0.000   0.000   0.000   0.000   0.000   0.000   0.000    0.000    0.000   0.000    0.000   0.000   0.000   0.000   0.000   0.000    0.000    0.000      0.000    0.000   0.000    0.000     0.000    0.000      0.000   0.000
      7   0.000    0.000   0.000   0.000   0.000   0.000   0.000   0.000   0.000   0.000   0.000   0.000   0.000    0.000    0.000   0.000    0.000   0.000   0.000   0.000   0.000   0.000    0.000    0.000      0.000    0.000   0.000    0.000     0.000    0.000      0.000   0.000
      8   0.000    0.000   0.000   0.000   0.000   0.000   0.000   0.000   0.000   0.000   0.000   0.000   0.000    0.000    0.000   0.000    0.000   0.000   0.000   0.000   0.000   0.000    0.000    0.000      0.000    0.000   0.000    0.000     0.000    0.000      0.000   0.000
      9   0.000    0.000   0.000   0.000   0.000   0.000   0.000   0.000   0.000   0.000   0.000   0.000   0.000    0.000    0.000   0.000    0.000   0.000   0.000   0.000   0.000   0.000    0.000    0.000      0.000    0.000   0.000    0.000     0.000    0.000      0.000   0.000
    Sum   0.013    0.001   0.010   0.000   0.000   0.000   0.000   0.000   0.000   0.000   0.000   0.000   0.000    0.003    0.000   0.000    0.000   0.000   0.000   0.000   0.000   0.000    0.000    0.000      0.000    0.000   0.000    0.000     0.000    0.000      0.000   0.013


Summary
------------------------------------------------------------------------------------------------------------------------------
                  dt  Flu_Adv  Gra_Adv  Src_Adv  Che_Adv       SF   FB_Adv    FixUp     Flag   Refine MPI_Grid   Output      Aux       LB CorrSync      Par -MPI_Par    libyt         Sum
    Time      0.0007   0.0096   0.0000   0.0000   0.0000   0.0000   0.0000   0.0000   0.0000   0.0000   0.0025   0.0295   0.0614   0.0009   0.0000   0.0000   0.0000   0.0000      0.1046
    Frac      0.627%   9.216%   0.000%   0.000%   0.000%   0.000%   0.000%   0.000%   0.000%   0.000%   2.396%  28.203%  58.677%   0.868%   0.000%   0.000%   0.000%   0.000%     99.987%

==============================================================================================================================
==============================================================================================================================



Time : 1.8495545e-02 -> 1.9583518e-02,     Step :       17 ->       18

Main Loop
------------------------------------------------------------------------------------------------------------------------------
       Total    Integration       Output    Auxiliary    LoadBalance       CorrSync          libyt            Sum
      0.0687         0.0127       0.0236       0.0316         0.0008         0.0000         0.0000         0.0687


Integration Loop
------------------------------------------------------------------------------------------------------------------------------
     Lv   Total       dt Flu_Adv Gra_Adv Src_Adv Che_Adv      SF  FB_Adv   FixUp    Flag  Refine Buf_Rho Buf_Pot Buf_Flu1 Buf_Flu2 Buf_Ref Buf_Flux Buf_Res Buf_Che  Par_KD   Par_K Par_K-1 Par_2Sib -MPI_Sib -MPI_FaSib Par_2Son    -MPI Par_Coll -MPI_Real -MPI_Sib -MPI_FaSib     Sum
      0   0.013    0.001   0.010   0.000   0.000   0.000   0.000   0.000   0.000   0.000   0.000   0.000   0.000    0.002    0.000   0.000    0.000   0.000   0.000   0.000   0.000   0.000    0.000    0.000      0.000    0.000   0.000    0.000     0.000    0.000      0.000   0.013
      1   0.000    0.000   0.000   0.000   0.000   0.000   0.000   0.000   0.000   0.000   0.000   0.000   0.000    0.000    0.000   0.000    0.000   0.000   0.000   0.000   0.000   0.000    0.000    0.000      0.000    0.000   0.000    0.000     0.000    0.000      0.000   0.000
      2   0.000    0.000   0.000   0.000   0.000   0.000   0.000   0.000   0.000   0.000   0.000   0.000   0.000    0.000    0.000   0.000    0.000   0.000   0.000   0.000   0.000   0.000    0.000    0.000      0.000    0.000   0.000    0.000     0.000    0.000      0.000   0.000
      3   0.000    0.000   0.000   0.000   0.000   0.000   0.000   0.000   0.000   0.000   0.000   0.000   0.000    0.000    0.000   0.000    0.000   0.000   0.000   0.000   0.000   0.000    0.000    0.000      0.000    0.000   0.000    0.000     0.000    0.000      0.000   0.000
      4   0.000    0.000   0.000   0.000   0.000   0.000   0.000   0.000   0.000   0.000   0.000   0.000   0.000    0.000    0.000   0.000    0.000   0.000   0.000   0.000   0.000   0.000    0.000    0.000      0.000    0.000   0.000    0.000     0.000    0.000      0.000   0.000
      5   0.000    0.000   0.000   0.000   0.000   0.000   0.000   0.000   0.000   0.000   0.000   0.000   0.000    0.000    0.000   0.000    0.000   0.000   0.000   0.000   0.000   0.000    0.000    0.000      0.000    0.000   0.000    0.000     0.000    0.000      0.000   0.000
      6   0.000    0.000   0.000   0.000   0.000   0.000   0.000   0.000   0.000   0.000   0.000   0.000   0.000    0.000    0.000   0.000    0.000   0.000   0.000   0.000   0.000   0.000    0.000    0.000      0.000    0.000   0.000    0.000     0.000    0.000      0.000   0.000
      7   0.000    0.000   0.000   0.000   0.000   0.000   0.000   0.000   0.000   0.000   0.000   0.000   0.000    0.000    0.000   0.000    0.000   0.000   0.000   0.000   0.000   0.000    0.000    0.000      0.000    0.000   0.000    0.000     0.000    0.000      0.000   0.000
      8   0.000    0.000   0.000   0.000   0.000   0.000   0.000   0.000   0.000   0.000   0.000   0.000   0.000    0.000    0.000   0.000    0.000   0.000   0.000   0.000   0.000   0.000    0.000    0.000      0.000    0.000   0.000    0.000     0.000    0.000      0.000   0.000
      9   0.000    0.000   0.000   0.000   0.000   0.000   0.000   0.000   0.000   0.000   0.000   0.000   0.000    0.000    0.000   0.000    0.000   0.000   0.000   0.000   0.000   0.000    0.000    0.000      0.000    0.000   0.000    0.000     0.000    0.000      0.000   0.000
    Sum   0.013    0.001   0.010   0.000   0.000   0.000   0.000   0.000   0.000   0.000   0.000   0.000   0.000    0.002    0.000   0.000    0.000   0.000   0.000   0.000   0.000   0.000    0.000    0.000      0.000    0.000   0.000    0.000     0.000    0.000      0.000   0.013


Summary
------------------------------------------------------------------------------------------------------------------------------
                  dt  Flu_Adv  Gra_Adv  Src_Adv  Che_Adv       SF   FB_Adv    FixUp     Flag   Refine MPI_Grid   Output      Aux       LB CorrSync      Par -MPI_Par    libyt         Sum
    Time      0.0006   0.0096   0.0000   0.0000   0.0000   0.0000   0.0000   0.0000   0.0000   0.0000   0.0024   0.0236   0.0316   0.0008   0.0000   0.0000   0.0000   0.0000      0.0687
    Frac      0.902%  13.989%   0.000%   0.000%   0.000%   0.000%   0.000%   0.000%   0.000%   0.000%   3.562%  34.400%  45.999%   1.132%   0.000%   0.000%   0.000%   0.000%     99.984%

==============================================================================================================================
==============================================================================================================================



Time : 1.9583518e-02 -> 2.0671492e-02,     Step :       18 ->       19

Main Loop
------------------------------------------------------------------------------------------------------------------------------
       Total    Integration       Output    Auxiliary    LoadBalance       CorrSync          libyt            Sum
      0.0967         0.0058       0.0344       0.0557         0.0008         0.0000         0.0000         0.0967


Integration Loop
------------------------------------------------------------------------------------------------------------------------------
     Lv   Total       dt Flu_Adv Gra_Adv Src_Adv Che_Adv      SF  FB_Adv   FixUp    Flag  Refine Buf_Rho Buf_Pot Buf_Flu1 Buf_Flu2 Buf_Ref Buf_Flux Buf_Res Buf_Che  Par_KD   Par_K Par_K-1 Par_2Sib -MPI_Sib -MPI_FaSib Par_2Son    -MPI Par_Coll -MPI_Real -MPI_Sib -MPI_FaSib     Sum
      0   0.006    0.001   0.003   0.000   0.000   0.000   0.000   0.000   0.000   0.000   0.000   0.000   0.000    0.002    0.000   0.000    0.000   0.000   0.000   0.000   0.000   0.000    0.000    0.000      0.000    0.000   0.000    0.000     0.000    0.000      0.000   0.006
      1   0.000    0.000   0.000   0.000   0.000   0.000   0.000   0.000   0.000   0.000   0.000   0.000   0.000    0.000    0.000   0.000    0.000   0.000   0.000   0.000   0.000   0.000    0.000    0.000      0.000    0.000   0.000    0.000     0.000    0.000      0.000   0.000
      2   0.000    0.000   0.000   0.000   0.000   0.000   0.000   0.000   0.000   0.000   0.000   0.000   0.000    0.000    0.000   0.000    0.000   0.000   0.000   0.000   0.000   0.000    0.000    0.000      0.000    0.000   0.000    0.000     0.000    0.000      0.000   0.000
      3   0.000    0.000   0.000   0.000   0.000   0.000   0.000   0.000   0.000   0.000   0.000   0.000   0.000    0.000    0.000   0.000    0.000   0.000   0.000   0.000   0.000   0.000    0.000    0.000      0.000    0.000   0.000    0.000     0.000    0.000      0.000   0.000
      4   0.000    0.000   0.000   0.000   0.000   0.000   0.000   0.000   0.000   0.000   0.000   0.000   0.000    0.000    0.000   0.000    0.000   0.000   0.000   0.000   0.000   0.000    0.000    0.000      0.000    0.000   0.000    0.000     0.000    0.000      0.000   0.000
      5   0.000    0.000   0.000   0.000   0.000   0.000   0.000   0.000   0.000   0.000   0.000   0.000   0.000    0.000    0.000   0.000    0.000   0.000   0.000   0.000   0.000   0.000    0.000    0.000      0.000    0.000   0.000    0.000     0.000    0.000      0.000   0.000
      6   0.000    0.000   0.000   0.000   0.000   0.000   0.000   0.000   0.000   0.000   0.000   0.000   0.000    0.000    0.000   0.000    0.000   0.000   0.000   0.000   0.000   0.000    0.000    0.000      0.000    0.000   0.000    0.000     0.000    0.000      0.000   0.000
      7   0.000    0.000   0.000   0.000   0.000   0.000   0.000   0.000   0.000   0.000   0.000   0.000   0.000    0.000    0.000   0.000    0.000   0.000   0.000   0.000   0.000   0.000    0.000    0.000      0.000    0.000   0.000    0.000     0.000    0.000      0.000   0.000
      8   0.000    0.000   0.000   0.000   0.000   0.000   0.000   0.000   0.000   0.000   0.000   0.000   0.000    0.000    0.000   0.000    0.000   0.000   0.000   0.000   0.000   0.000    0.000    0.000      0.000    0.000   0.000    0.000     0.000    0.000      0.000   0.000
      9   0.000    0.000   0.000   0.000   0.000   0.000   0.000   0.000   0.000   0.000   0.000   0.000   0.000    0.000    0.000   0.000    0.000   0.000   0.000   0.000   0.000   0.000    0.000    0.000      0.000    0.000   0.000    0.000     0.000    0.000      0.000   0.000
    Sum   0.006    0.001   0.003   0.000   0.000   0.000   0.000   0.000   0.000   0.000   0.000   0.000   0.000    0.002    0.000   0.000    0.000   0.000   0.000   0.000   0.000   0.000    0.000    0.000      0.000    0.000   0.000    0.000     0.000    0.000      0.000   0.006


Summary
------------------------------------------------------------------------------------------------------------------------------
                  dt  Flu_Adv  Gra_Adv  Src_Adv  Che_Adv       SF   FB_Adv    FixUp     Flag   Refine MPI_Grid   Output      Aux       LB CorrSync      Par -MPI_Par    libyt         Sum
    Time      0.0007   0.0026   0.0000   0.0000   0.0000   0.0000   0.0000   0.0000   0.0000   0.0000   0.0025   0.0344   0.0557   0.0008   0.0000   0.0000   0.0000   0.0000      0.0967
    Frac      0.721%   2.650%   0.000%   0.000%   0.000%   0.000%   0.000%   0.000%   0.000%   0.000%   2.583%  35.570%  57.651%   0.813%   0.000%   0.000%   0.000%   0.000%     99.989%

==============================================================================================================================
==============================================================================================================================



Time : 2.0671492e-02 -> 2.1759465e-02,     Step :       19 ->       20

Main Loop
------------------------------------------------------------------------------------------------------------------------------
       Total    Integration       Output    Auxiliary    LoadBalance       CorrSync          libyt            Sum
      0.0789         0.0062       0.0101       0.0617         0.0009         0.0000         0.0000         0.0789


Integration Loop
------------------------------------------------------------------------------------------------------------------------------
     Lv   Total       dt Flu_Adv Gra_Adv Src_Adv Che_Adv      SF  FB_Adv   FixUp    Flag  Refine Buf_Rho Buf_Pot Buf_Flu1 Buf_Flu2 Buf_Ref Buf_Flux Buf_Res Buf_Che  Par_KD   Par_K Par_K-1 Par_2Sib -MPI_Sib -MPI_FaSib Par_2Son    -MPI Par_Coll -MPI_Real -MPI_Sib -MPI_FaSib     Sum
      0   0.006    0.001   0.002   0.000   0.000   0.000   0.000   0.000   0.000   0.000   0.000   0.000   0.000    0.002    0.000   0.000    0.000   0.000   0.000   0.000   0.000   0.000    0.000    0.000      0.000    0.000   0.000    0.000     0.000    0.000      0.000   0.006
      1   0.000    0.000   0.000   0.000   0.000   0.000   0.000   0.000   0.000   0.000   0.000   0.000   0.000    0.000    0.000   0.000    0.000   0.000   0.000   0.000   0.000   0.000    0.000    0.000      0.000    0.000   0.000    0.000     0.000    0.000      0.000   0.000
      2   0.000    0.000   0.000   0.000   0.000   0.000   0.000   0.000   0.000   0.000   0.000   0.000   0.000    0.000    0.000   0.000    0.000   0.000   0.000   0.000   0.000   0.000    0.000    0.000      0.000    0.000   0.000    0.000     0.000    0.000      0.000   0.000
      3   0.000    0.000   0.000   0.000   0.000   0.000   0.000   0.000   0.000   0.000   0.000   0.000   0.000    0.000    0.000   0.000    0.000   0.000   0.000   0.000   0.000   0.000    0.000    0.000      0.000    0.000   0.000    0.000     0.000    0.000      0.000   0.000
      4   0.000    0.000   0.000   0.000   0.000   0.000   0.000   0.000   0.000   0.000   0.000   0.000   0.000    0.000    0.000   0.000    0.000   0.000   0.000   0.000   0.000   0.000    0.000    0.000      0.000    0.000   0.000    0.000     0.000    0.000      0.000   0.000
      5   0.000    0.000   0.000   0.000   0.000   0.000   0.000   0.000   0.000   0.000   0.000   0.000   0.000    0.000    0.000   0.000    0.000   0.000   0.000   0.000   0.000   0.000    0.000    0.000      0.000    0.000   0.000    0.000     0.000    0.000      0.000   0.000
      6   0.000    0.000   0.000   0.000   0.000   0.000   0.000   0.000   0.000   0.000   0.000   0.000   0.000    0.000    0.000   0.000    0.000   0.000   0.000   0.000   0.000   0.000    0.000    0.000      0.000    0.000   0.000    0.000     0.000    0.000      0.000   0.000
      7   0.000    0.000   0.000   0.000   0.000   0.000   0.000   0.000   0.000   0.000   0.000   0.000   0.000    0.000    0.000   0.000    0.000   0.000   0.000   0.000   0.000   0.000    0.000    0.000      0.000    0.000   0.000    0.000     0.000    0.000      0.000   0.000
      8   0.000    0.000   0.000   0.000   0.000   0.000   0.000   0.000   0.000   0.000   0.000   0.000   0.000    0.000    0.000   0.000    0.000   0.000   0.000   0.000   0.000   0.000    0.000    0.000      0.000    0.000   0.000    0.000     0.000    0.000      0.000   0.000
      9   0.000    0.000   0.000   0.000   0.000   0.000   0.000   0.000   0.000   0.000   0.000   0.000   0.000    0.000    0.000   0.000    0.000   0.000   0.000   0.000   0.000   0.000    0.000    0.000      0.000    0.000   0.000    0.000     0.000    0.000      0.000   0.000
    Sum   0.006    0.001   0.002   0.000   0.000   0.000   0.000   0.000   0.000   0.000   0.000   0.000   0.000    0.002    0.000   0.000    0.000   0.000   0.000   0.000   0.000   0.000    0.000    0.000      0.000    0.000   0.000    0.000     0.000    0.000      0.000   0.006


Summary
------------------------------------------------------------------------------------------------------------------------------
                  dt  Flu_Adv  Gra_Adv  Src_Adv  Che_Adv       SF   FB_Adv    FixUp     Flag   Refine MPI_Grid   Output      Aux       LB CorrSync      Par -MPI_Par    libyt         Sum
    Time      0.0006   0.0023   0.0000   0.0000   0.0000   0.0000   0.0000   0.0000   0.0003   0.0004   0.0026   0.0101   0.0617   0.0009   0.0000   0.0000   0.0000   0.0000      0.0789
    Frac      0.765%   2.954%   0.000%   0.000%   0.000%   0.000%   0.000%   0.000%   0.372%   0.484%   3.291%  12.823%  78.213%   1.084%   0.000%   0.000%   0.000%   0.000%     99.987%

==============================================================================================================================
==============================================================================================================================



Time : 2.1759465e-02 -> 2.2847438e-02,     Step :       20 ->       21

Main Loop
------------------------------------------------------------------------------------------------------------------------------
       Total    Integration       Output    Auxiliary    LoadBalance       CorrSync          libyt            Sum
      0.0469         0.0123       0.0104       0.0234         0.0008         0.0000         0.0000         0.0469


Integration Loop
------------------------------------------------------------------------------------------------------------------------------
     Lv   Total       dt Flu_Adv Gra_Adv Src_Adv Che_Adv      SF  FB_Adv   FixUp    Flag  Refine Buf_Rho Buf_Pot Buf_Flu1 Buf_Flu2 Buf_Ref Buf_Flux Buf_Res Buf_Che  Par_KD   Par_K Par_K-1 Par_2Sib -MPI_Sib -MPI_FaSib Par_2Son    -MPI Par_Coll -MPI_Real -MPI_Sib -MPI_FaSib     Sum
      0   0.012    0.001   0.009   0.000   0.000   0.000   0.000   0.000   0.000   0.000   0.000   0.000   0.000    0.003    0.000   0.000    0.000   0.000   0.000   0.000   0.000   0.000    0.000    0.000      0.000    0.000   0.000    0.000     0.000    0.000      0.000   0.012
      1   0.000    0.000   0.000   0.000   0.000   0.000   0.000   0.000   0.000   0.000   0.000   0.000   0.000    0.000    0.000   0.000    0.000   0.000   0.000   0.000   0.000   0.000    0.000    0.000      0.000    0.000   0.000    0.000     0.000    0.000      0.000   0.000
      2   0.000    0.000   0.000   0.000   0.000   0.000   0.000   0.000   0.000   0.000   0.000   0.000   0.000    0.000    0.000   0.000    0.000   0.000   0.000   0.000   0.000   0.000    0.000    0.000      0.000    0.000   0.000    0.000     0.000    0.000      0.000   0.000
      3   0.000    0.000   0.000   0.000   0.000   0.000   0.000   0.000   0.000   0.000   0.000   0.000   0.000    0.000    0.000   0.000    0.000   0.000   0.000   0.000   0.000   0.000    0.000    0.000      0.000    0.000   0.000    0.000     0.000    0.000      0.000   0.000
      4   0.000    0.000   0.000   0.000   0.000   0.000   0.000   0.000   0.000   0.000   0.000   0.000   0.000    0.000    0.000   0.000    0.000   0.000   0.000   0.000   0.000   0.000    0.000    0.000      0.000    0.000   0.000    0.000     0.000    0.000      0.000   0.000
      5   0.000    0.000   0.000   0.000   0.000   0.000   0.000   0.000   0.000   0.000   0.000   0.000   0.000    0.000    0.000   0.000    0.000   0.000   0.000   0.000   0.000   0.000    0.000    0.000      0.000    0.000   0.000    0.000     0.000    0.000      0.000   0.000
      6   0.000    0.000   0.000   0.000   0.000   0.000   0.000   0.000   0.000   0.000   0.000   0.000   0.000    0.000    0.000   0.000    0.000   0.000   0.000   0.000   0.000   0.000    0.000    0.000      0.000    0.000   0.000    0.000     0.000    0.000      0.000   0.000
      7   0.000    0.000   0.000   0.000   0.000   0.000   0.000   0.000   0.000   0.000   0.000   0.000   0.000    0.000    0.000   0.000    0.000   0.000   0.000   0.000   0.000   0.000    0.000    0.000      0.000    0.000   0.000    0.000     0.000    0.000      0.000   0.000
      8   0.000    0.000   0.000   0.000   0.000   0.000   0.000   0.000   0.000   0.000   0.000   0.000   0.000    0.000    0.000   0.000    0.000   0.000   0.000   0.000   0.000   0.000    0.000    0.000      0.000    0.000   0.000    0.000     0.000    0.000      0.000   0.000
      9   0.000    0.000   0.000   0.000   0.000   0.000   0.000   0.000   0.000   0.000   0.000   0.000   0.000    0.000    0.000   0.000    0.000   0.000   0.000   0.000   0.000   0.000    0.000    0.000      0.000    0.000   0.000    0.000     0.000    0.000      0.000   0.000
    Sum   0.012    0.001   0.009   0.000   0.000   0.000   0.000   0.000   0.000   0.000   0.000   0.000   0.000    0.003    0.000   0.000    0.000   0.000   0.000   0.000   0.000   0.000    0.000    0.000      0.000    0.000   0.000    0.000     0.000    0.000      0.000   0.012


Summary
------------------------------------------------------------------------------------------------------------------------------
                  dt  Flu_Adv  Gra_Adv  Src_Adv  Che_Adv       SF   FB_Adv    FixUp     Flag   Refine MPI_Grid   Output      Aux       LB CorrSync      Par -MPI_Par    libyt         Sum
    Time      0.0007   0.0090   0.0000   0.0000   0.0000   0.0000   0.0000   0.0000   0.0000   0.0000   0.0026   0.0104   0.0234   0.0008   0.0000   0.0000   0.0000   0.0000      0.0469
    Frac      1.519%  19.127%   0.000%   0.000%   0.000%   0.000%   0.000%   0.000%   0.000%   0.000%   5.577%  22.149%  49.984%   1.623%   0.000%   0.000%   0.000%   0.000%     99.979%

==============================================================================================================================
==============================================================================================================================



Time : 2.2847438e-02 -> 2.3935411e-02,     Step :       21 ->       22

Main Loop
------------------------------------------------------------------------------------------------------------------------------
       Total    Integration       Output    Auxiliary    LoadBalance       CorrSync          libyt            Sum
      0.0936         0.0180       0.0140       0.0608         0.0008         0.0000         0.0000         0.0936


Integration Loop
------------------------------------------------------------------------------------------------------------------------------
     Lv   Total       dt Flu_Adv Gra_Adv Src_Adv Che_Adv      SF  FB_Adv   FixUp    Flag  Refine Buf_Rho Buf_Pot Buf_Flu1 Buf_Flu2 Buf_Ref Buf_Flux Buf_Res Buf_Che  Par_KD   Par_K Par_K-1 Par_2Sib -MPI_Sib -MPI_FaSib Par_2Son    -MPI Par_Coll -MPI_Real -MPI_Sib -MPI_FaSib     Sum
      0   0.018    0.001   0.009   0.000   0.000   0.000   0.000   0.000   0.000   0.000   0.000   0.000   0.000    0.008    0.000   0.000    0.000   0.000   0.000   0.000   0.000   0.000    0.000    0.000      0.000    0.000   0.000    0.000     0.000    0.000      0.000   0.018
      1   0.000    0.000   0.000   0.000   0.000   0.000   0.000   0.000   0.000   0.000   0.000   0.000   0.000    0.000    0.000   0.000    0.000   0.000   0.000   0.000   0.000   0.000    0.000    0.000      0.000    0.000   0.000    0.000     0.000    0.000      0.000   0.000
      2   0.000    0.000   0.000   0.000   0.000   0.000   0.000   0.000   0.000   0.000   0.000   0.000   0.000    0.000    0.000   0.000    0.000   0.000   0.000   0.000   0.000   0.000    0.000    0.000      0.000    0.000   0.000    0.000     0.000    0.000      0.000   0.000
      3   0.000    0.000   0.000   0.000   0.000   0.000   0.000   0.000   0.000   0.000   0.000   0.000   0.000    0.000    0.000   0.000    0.000   0.000   0.000   0.000   0.000   0.000    0.000    0.000      0.000    0.000   0.000    0.000     0.000    0.000      0.000   0.000
      4   0.000    0.000   0.000   0.000   0.000   0.000   0.000   0.000   0.000   0.000   0.000   0.000   0.000    0.000    0.000   0.000    0.000   0.000   0.000   0.000   0.000   0.000    0.000    0.000      0.000    0.000   0.000    0.000     0.000    0.000      0.000   0.000
      5   0.000    0.000   0.000   0.000   0.000   0.000   0.000   0.000   0.000   0.000   0.000   0.000   0.000    0.000    0.000   0.000    0.000   0.000   0.000   0.000   0.000   0.000    0.000    0.000      0.000    0.000   0.000    0.000     0.000    0.000      0.000   0.000
      6   0.000    0.000   0.000   0.000   0.000   0.000   0.000   0.000   0.000   0.000   0.000   0.000   0.000    0.000    0.000   0.000    0.000   0.000   0.000   0.000   0.000   0.000    0.000    0.000      0.000    0.000   0.000    0.000     0.000    0.000      0.000   0.000
      7   0.000    0.000   0.000   0.000   0.000   0.000   0.000   0.000   0.000   0.000   0.000   0.000   0.000    0.000    0.000   0.000    0.000   0.000   0.000   0.000   0.000   0.000    0.000    0.000      0.000    0.000   0.000    0.000     0.000    0.000      0.000   0.000
      8   0.000    0.000   0.000   0.000   0.000   0.000   0.000   0.000   0.000   0.000   0.000   0.000   0.000    0.000    0.000   0.000    0.000   0.000   0.000   0.000   0.000   0.000    0.000    0.000      0.000    0.000   0.000    0.000     0.000    0.000      0.000   0.000
      9   0.000    0.000   0.000   0.000   0.000   0.000   0.000   0.000   0.000   0.000   0.000   0.000   0.000    0.000    0.000   0.000    0.000   0.000   0.000   0.000   0.000   0.000    0.000    0.000      0.000    0.000   0.000    0.000     0.000    0.000      0.000   0.000
    Sum   0.018    0.001   0.009   0.000   0.000   0.000   0.000   0.000   0.000   0.000   0.000   0.000   0.000    0.008    0.000   0.000    0.000   0.000   0.000   0.000   0.000   0.000    0.000    0.000      0.000    0.000   0.000    0.000     0.000    0.000      0.000   0.018


Summary
------------------------------------------------------------------------------------------------------------------------------
                  dt  Flu_Adv  Gra_Adv  Src_Adv  Che_Adv       SF   FB_Adv    FixUp     Flag   Refine MPI_Grid   Output      Aux       LB CorrSync      Par -MPI_Par    libyt         Sum
    Time      0.0006   0.0091   0.0000   0.0000   0.0000   0.0000   0.0000   0.0000   0.0000   0.0000   0.0082   0.0140   0.0608   0.0008   0.0000   0.0000   0.0000   0.0000      0.0936
    Frac      0.675%   9.772%   0.000%   0.000%   0.000%   0.000%   0.000%   0.000%   0.000%   0.000%   8.805%  14.981%  64.910%   0.844%   0.000%   0.000%   0.000%   0.000%     99.988%

==============================================================================================================================
==============================================================================================================================



Time : 2.3935411e-02 -> 2.5023385e-02,     Step :       22 ->       23

Main Loop
------------------------------------------------------------------------------------------------------------------------------
       Total    Integration       Output    Auxiliary    LoadBalance       CorrSync          libyt            Sum
      0.0905         0.0043       0.0182       0.0671         0.0010         0.0000         0.0000         0.0905


Integration Loop
------------------------------------------------------------------------------------------------------------------------------
     Lv   Total       dt Flu_Adv Gra_Adv Src_Adv Che_Adv      SF  FB_Adv   FixUp    Flag  Refine Buf_Rho Buf_Pot Buf_Flu1 Buf_Flu2 Buf_Ref Buf_Flux Buf_Res Buf_Che  Par_KD   Par_K Par_K-1 Par_2Sib -MPI_Sib -MPI_FaSib Par_2Son    -MPI Par_Coll -MPI_Real -MPI_Sib -MPI_FaSib     Sum
      0   0.004    0.001   0.001   0.000   0.000   0.000   0.000   0.000   0.000   0.000   0.000   0.000   0.000    0.002    0.000   0.000    0.000   0.000   0.000   0.000   0.000   0.000    0.000    0.000      0.000    0.000   0.000    0.000     0.000    0.000      0.000   0.004
      1   0.000    0.000   0.000   0.000   0.000   0.000   0.000   0.000   0.000   0.000   0.000   0.000   0.000    0.000    0.000   0.000    0.000   0.000   0.000   0.000   0.000   0.000    0.000    0.000      0.000    0.000   0.000    0.000     0.000    0.000      0.000   0.000
      2   0.000    0.000   0.000   0.000   0.000   0.000   0.000   0.000   0.000   0.000   0.000   0.000   0.000    0.000    0.000   0.000    0.000   0.000   0.000   0.000   0.000   0.000    0.000    0.000      0.000    0.000   0.000    0.000     0.000    0.000      0.000   0.000
      3   0.000    0.000   0.000   0.000   0.000   0.000   0.000   0.000   0.000   0.000   0.000   0.000   0.000    0.000    0.000   0.000    0.000   0.000   0.000   0.000   0.000   0.000    0.000    0.000      0.000    0.000   0.000    0.000     0.000    0.000      0.000   0.000
      4   0.000    0.000   0.000   0.000   0.000   0.000   0.000   0.000   0.000   0.000   0.000   0.000   0.000    0.000    0.000   0.000    0.000   0.000   0.000   0.000   0.000   0.000    0.000    0.000      0.000    0.000   0.000    0.000     0.000    0.000      0.000   0.000
      5   0.000    0.000   0.000   0.000   0.000   0.000   0.000   0.000   0.000   0.000   0.000   0.000   0.000    0.000    0.000   0.000    0.000   0.000   0.000   0.000   0.000   0.000    0.000    0.000      0.000    0.000   0.000    0.000     0.000    0.000      0.000   0.000
      6   0.000    0.000   0.000   0.000   0.000   0.000   0.000   0.000   0.000   0.000   0.000   0.000   0.000    0.000    0.000   0.000    0.000   0.000   0.000   0.000   0.000   0.000    0.000    0.000      0.000    0.000   0.000    0.000     0.000    0.000      0.000   0.000
      7   0.000    0.000   0.000   0.000   0.000   0.000   0.000   0.000   0.000   0.000   0.000   0.000   0.000    0.000    0.000   0.000    0.000   0.000   0.000   0.000   0.000   0.000    0.000    0.000      0.000    0.000   0.000    0.000     0.000    0.000      0.000   0.000
      8   0.000    0.000   0.000   0.000   0.000   0.000   0.000   0.000   0.000   0.000   0.000   0.000   0.000    0.000    0.000   0.000    0.000   0.000   0.000   0.000   0.000   0.000    0.000    0.000      0.000    0.000   0.000    0.000     0.000    0.000      0.000   0.000
      9   0.000    0.000   0.000   0.000   0.000   0.000   0.000   0.000   0.000   0.000   0.000   0.000   0.000    0.000    0.000   0.000    0.000   0.000   0.000   0.000   0.000   0.000    0.000    0.000      0.000    0.000   0.000    0.000     0.000    0.000      0.000   0.000
    Sum   0.004    0.001   0.001   0.000   0.000   0.000   0.000   0.000   0.000   0.000   0.000   0.000   0.000    0.002    0.000   0.000    0.000   0.000   0.000   0.000   0.000   0.000    0.000    0.000      0.000    0.000   0.000    0.000     0.000    0.000      0.000   0.004


Summary
------------------------------------------------------------------------------------------------------------------------------
                  dt  Flu_Adv  Gra_Adv  Src_Adv  Che_Adv       SF   FB_Adv    FixUp     Flag   Refine MPI_Grid   Output      Aux       LB CorrSync      Par -MPI_Par    libyt         Sum
    Time      0.0007   0.0013   0.0000   0.0000   0.0000   0.0000   0.0000   0.0000   0.0000   0.0000   0.0022   0.0182   0.0671   0.0010   0.0000   0.0000   0.0000   0.0000      0.0905
    Frac      0.809%   1.486%   0.000%   0.000%   0.000%   0.000%   0.000%   0.000%   0.000%   0.000%   2.395%  20.088%  74.087%   1.126%   0.000%   0.000%   0.000%   0.000%     99.990%

==============================================================================================================================
==============================================================================================================================



Time : 2.5023385e-02 -> 2.6111358e-02,     Step :       23 ->       24

Main Loop
------------------------------------------------------------------------------------------------------------------------------
       Total    Integration       Output    Auxiliary    LoadBalance       CorrSync          libyt            Sum
      0.0877         0.0129       0.0100       0.0640         0.0007         0.0000         0.0000         0.0877


Integration Loop
------------------------------------------------------------------------------------------------------------------------------
     Lv   Total       dt Flu_Adv Gra_Adv Src_Adv Che_Adv      SF  FB_Adv   FixUp    Flag  Refine Buf_Rho Buf_Pot Buf_Flu1 Buf_Flu2 Buf_Ref Buf_Flux Buf_Res Buf_Che  Par_KD   Par_K Par_K-1 Par_2Sib -MPI_Sib -MPI_FaSib Par_2Son    -MPI Par_Coll -MPI_Real -MPI_Sib -MPI_FaSib     Sum
      0   0.013    0.001   0.009   0.000   0.000   0.000   0.000   0.000   0.000   0.000   0.000   0.000   0.000    0.002    0.000   0.000    0.000   0.000   0.000   0.000   0.000   0.000    0.000    0.000      0.000    0.000   0.000    0.000     0.000    0.000      0.000   0.013
      1   0.000    0.000   0.000   0.000   0.000   0.000   0.000   0.000   0.000   0.000   0.000   0.000   0.000    0.000    0.000   0.000    0.000   0.000   0.000   0.000   0.000   0.000    0.000    0.000      0.000    0.000   0.000    0.000     0.000    0.000      0.000   0.000
      2   0.000    0.000   0.000   0.000   0.000   0.000   0.000   0.000   0.000   0.000   0.000   0.000   0.000    0.000    0.000   0.000    0.000   0.000   0.000   0.000   0.000   0.000    0.000    0.000      0.000    0.000   0.000    0.000     0.000    0.000      0.000   0.000
      3   0.000    0.000   0.000   0.000   0.000   0.000   0.000   0.000   0.000   0.000   0.000   0.000   0.000    0.000    0.000   0.000    0.000   0.000   0.000   0.000   0.000   0.000    0.000    0.000      0.000    0.000   0.000    0.000     0.000    0.000      0.000   0.000
      4   0.000    0.000   0.000   0.000   0.000   0.000   0.000   0.000   0.000   0.000   0.000   0.000   0.000    0.000    0.000   0.000    0.000   0.000   0.000   0.000   0.000   0.000    0.000    0.000      0.000    0.000   0.000    0.000     0.000    0.000      0.000   0.000
      5   0.000    0.000   0.000   0.000   0.000   0.000   0.000   0.000   0.000   0.000   0.000   0.000   0.000    0.000    0.000   0.000    0.000   0.000   0.000   0.000   0.000   0.000    0.000    0.000      0.000    0.000   0.000    0.000     0.000    0.000      0.000   0.000
      6   0.000    0.000   0.000   0.000   0.000   0.000   0.000   0.000   0.000   0.000   0.000   0.000   0.000    0.000    0.000   0.000    0.000   0.000   0.000   0.000   0.000   0.000    0.000    0.000      0.000    0.000   0.000    0.000     0.000    0.000      0.000   0.000
      7   0.000    0.000   0.000   0.000   0.000   0.000   0.000   0.000   0.000   0.000   0.000   0.000   0.000    0.000    0.000   0.000    0.000   0.000   0.000   0.000   0.000   0.000    0.000    0.000      0.000    0.000   0.000    0.000     0.000    0.000      0.000   0.000
      8   0.000    0.000   0.000   0.000   0.000   0.000   0.000   0.000   0.000   0.000   0.000   0.000   0.000    0.000    0.000   0.000    0.000   0.000   0.000   0.000   0.000   0.000    0.000    0.000      0.000    0.000   0.000    0.000     0.000    0.000      0.000   0.000
      9   0.000    0.000   0.000   0.000   0.000   0.000   0.000   0.000   0.000   0.000   0.000   0.000   0.000    0.000    0.000   0.000    0.000   0.000   0.000   0.000   0.000   0.000    0.000    0.000      0.000    0.000   0.000    0.000     0.000    0.000      0.000   0.000
    Sum   0.013    0.001   0.009   0.000   0.000   0.000   0.000   0.000   0.000   0.000   0.000   0.000   0.000    0.002    0.000   0.000    0.000   0.000   0.000   0.000   0.000   0.000    0.000    0.000      0.000    0.000   0.000    0.000     0.000    0.000      0.000   0.013


Summary
------------------------------------------------------------------------------------------------------------------------------
                  dt  Flu_Adv  Gra_Adv  Src_Adv  Che_Adv       SF   FB_Adv    FixUp     Flag   Refine MPI_Grid   Output      Aux       LB CorrSync      Par -MPI_Par    libyt         Sum
    Time      0.0007   0.0089   0.0000   0.0000   0.0000   0.0000   0.0000   0.0000   0.0003   0.0004   0.0027   0.0100   0.0640   0.0007   0.0000   0.0000   0.0000   0.0000      0.0877
    Frac      0.791%  10.152%   0.000%   0.000%   0.000%   0.000%   0.000%   0.000%   0.311%   0.442%   3.044%  11.425%  72.969%   0.854%   0.000%   0.000%   0.000%   0.000%     99.989%

==============================================================================================================================
==============================================================================================================================



Time : 2.6111358e-02 -> 2.7199331e-02,     Step :       24 ->       25

Main Loop
------------------------------------------------------------------------------------------------------------------------------
       Total    Integration       Output    Auxiliary    LoadBalance       CorrSync          libyt            Sum
      0.1274         0.0391       0.0165       0.0709         0.0008         0.0000         0.0000         0.1274


Integration Loop
------------------------------------------------------------------------------------------------------------------------------
     Lv   Total       dt Flu_Adv Gra_Adv Src_Adv Che_Adv      SF  FB_Adv   FixUp    Flag  Refine Buf_Rho Buf_Pot Buf_Flu1 Buf_Flu2 Buf_Ref Buf_Flux Buf_Res Buf_Che  Par_KD   Par_K Par_K-1 Par_2Sib -MPI_Sib -MPI_FaSib Par_2Son    -MPI Par_Coll -MPI_Real -MPI_Sib -MPI_FaSib     Sum
      0   0.039    0.001   0.029   0.000   0.000   0.000   0.000   0.000   0.000   0.000   0.000   0.000   0.000    0.009    0.000   0.000    0.000   0.000   0.000   0.000   0.000   0.000    0.000    0.000      0.000    0.000   0.000    0.000     0.000    0.000      0.000   0.039
      1   0.000    0.000   0.000   0.000   0.000   0.000   0.000   0.000   0.000   0.000   0.000   0.000   0.000    0.000    0.000   0.000    0.000   0.000   0.000   0.000   0.000   0.000    0.000    0.000      0.000    0.000   0.000    0.000     0.000    0.000      0.000   0.000
      2   0.000    0.000   0.000   0.000   0.000   0.000   0.000   0.000   0.000   0.000   0.000   0.000   0.000    0.000    0.000   0.000    0.000   0.000   0.000   0.000   0.000   0.000    0.000    0.000      0.000    0.000   0.000    0.000     0.000    0.000      0.000   0.000
      3   0.000    0.000   0.000   0.000   0.000   0.000   0.000   0.000   0.000   0.000   0.000   0.000   0.000    0.000    0.000   0.000    0.000   0.000   0.000   0.000   0.000   0.000    0.000    0.000      0.000    0.000   0.000    0.000     0.000    0.000      0.000   0.000
      4   0.000    0.000   0.000   0.000   0.000   0.000   0.000   0.000   0.000   0.000   0.000   0.000   0.000    0.000    0.000   0.000    0.000   0.000   0.000   0.000   0.000   0.000    0.000    0.000      0.000    0.000   0.000    0.000     0.000    0.000      0.000   0.000
      5   0.000    0.000   0.000   0.000   0.000   0.000   0.000   0.000   0.000   0.000   0.000   0.000   0.000    0.000    0.000   0.000    0.000   0.000   0.000   0.000   0.000   0.000    0.000    0.000      0.000    0.000   0.000    0.000     0.000    0.000      0.000   0.000
      6   0.000    0.000   0.000   0.000   0.000   0.000   0.000   0.000   0.000   0.000   0.000   0.000   0.000    0.000    0.000   0.000    0.000   0.000   0.000   0.000   0.000   0.000    0.000    0.000      0.000    0.000   0.000    0.000     0.000    0.000      0.000   0.000
      7   0.000    0.000   0.000   0.000   0.000   0.000   0.000   0.000   0.000   0.000   0.000   0.000   0.000    0.000    0.000   0.000    0.000   0.000   0.000   0.000   0.000   0.000    0.000    0.000      0.000    0.000   0.000    0.000     0.000    0.000      0.000   0.000
      8   0.000    0.000   0.000   0.000   0.000   0.000   0.000   0.000   0.000   0.000   0.000   0.000   0.000    0.000    0.000   0.000    0.000   0.000   0.000   0.000   0.000   0.000    0.000    0.000      0.000    0.000   0.000    0.000     0.000    0.000      0.000   0.000
      9   0.000    0.000   0.000   0.000   0.000   0.000   0.000   0.000   0.000   0.000   0.000   0.000   0.000    0.000    0.000   0.000    0.000   0.000   0.000   0.000   0.000   0.000    0.000    0.000      0.000    0.000   0.000    0.000     0.000    0.000      0.000   0.000
    Sum   0.039    0.001   0.029   0.000   0.000   0.000   0.000   0.000   0.000   0.000   0.000   0.000   0.000    0.009    0.000   0.000    0.000   0.000   0.000   0.000   0.000   0.000    0.000    0.000      0.000    0.000   0.000    0.000     0.000    0.000      0.000   0.039


Summary
------------------------------------------------------------------------------------------------------------------------------
                  dt  Flu_Adv  Gra_Adv  Src_Adv  Che_Adv       SF   FB_Adv    FixUp     Flag   Refine MPI_Grid   Output      Aux       LB CorrSync      Par -MPI_Par    libyt         Sum
    Time      0.0007   0.0291   0.0000   0.0000   0.0000   0.0000   0.0000   0.0000   0.0000   0.0000   0.0094   0.0165   0.0709   0.0008   0.0000   0.0000   0.0000   0.0000      0.1274
    Frac      0.558%  22.826%   0.000%   0.000%   0.000%   0.000%   0.000%   0.000%   0.000%   0.000%   7.343%  12.932%  55.667%   0.666%   0.000%   0.000%   0.000%   0.000%     99.991%

==============================================================================================================================
==============================================================================================================================



Time : 2.7199331e-02 -> 2.8287304e-02,     Step :       25 ->       26

Main Loop
------------------------------------------------------------------------------------------------------------------------------
       Total    Integration       Output    Auxiliary    LoadBalance       CorrSync          libyt            Sum
      0.1056         0.0267       0.0299       0.0483         0.0008         0.0000         0.0000         0.1056


Integration Loop
------------------------------------------------------------------------------------------------------------------------------
     Lv   Total       dt Flu_Adv Gra_Adv Src_Adv Che_Adv      SF  FB_Adv   FixUp    Flag  Refine Buf_Rho Buf_Pot Buf_Flu1 Buf_Flu2 Buf_Ref Buf_Flux Buf_Res Buf_Che  Par_KD   Par_K Par_K-1 Par_2Sib -MPI_Sib -MPI_FaSib Par_2Son    -MPI Par_Coll -MPI_Real -MPI_Sib -MPI_FaSib     Sum
      0   0.027    0.001   0.016   0.000   0.000   0.000   0.000   0.000   0.000   0.000   0.000   0.000   0.000    0.010    0.000   0.000    0.000   0.000   0.000   0.000   0.000   0.000    0.000    0.000      0.000    0.000   0.000    0.000     0.000    0.000      0.000   0.027
      1   0.000    0.000   0.000   0.000   0.000   0.000   0.000   0.000   0.000   0.000   0.000   0.000   0.000    0.000    0.000   0.000    0.000   0.000   0.000   0.000   0.000   0.000    0.000    0.000      0.000    0.000   0.000    0.000     0.000    0.000      0.000   0.000
      2   0.000    0.000   0.000   0.000   0.000   0.000   0.000   0.000   0.000   0.000   0.000   0.000   0.000    0.000    0.000   0.000    0.000   0.000   0.000   0.000   0.000   0.000    0.000    0.000      0.000    0.000   0.000    0.000     0.000    0.000      0.000   0.000
      3   0.000    0.000   0.000   0.000   0.000   0.000   0.000   0.000   0.000   0.000   0.000   0.000   0.000    0.000    0.000   0.000    0.000   0.000   0.000   0.000   0.000   0.000    0.000    0.000      0.000    0.000   0.000    0.000     0.000    0.000      0.000   0.000
      4   0.000    0.000   0.000   0.000   0.000   0.000   0.000   0.000   0.000   0.000   0.000   0.000   0.000    0.000    0.000   0.000    0.000   0.000   0.000   0.000   0.000   0.000    0.000    0.000      0.000    0.000   0.000    0.000     0.000    0.000      0.000   0.000
      5   0.000    0.000   0.000   0.000   0.000   0.000   0.000   0.000   0.000   0.000   0.000   0.000   0.000    0.000    0.000   0.000    0.000   0.000   0.000   0.000   0.000   0.000    0.000    0.000      0.000    0.000   0.000    0.000     0.000    0.000      0.000   0.000
      6   0.000    0.000   0.000   0.000   0.000   0.000   0.000   0.000   0.000   0.000   0.000   0.000   0.000    0.000    0.000   0.000    0.000   0.000   0.000   0.000   0.000   0.000    0.000    0.000      0.000    0.000   0.000    0.000     0.000    0.000      0.000   0.000
      7   0.000    0.000   0.000   0.000   0.000   0.000   0.000   0.000   0.000   0.000   0.000   0.000   0.000    0.000    0.000   0.000    0.000   0.000   0.000   0.000   0.000   0.000    0.000    0.000      0.000    0.000   0.000    0.000     0.000    0.000      0.000   0.000
      8   0.000    0.000   0.000   0.000   0.000   0.000   0.000   0.000   0.000   0.000   0.000   0.000   0.000    0.000    0.000   0.000    0.000   0.000   0.000   0.000   0.000   0.000    0.000    0.000      0.000    0.000   0.000    0.000     0.000    0.000      0.000   0.000
      9   0.000    0.000   0.000   0.000   0.000   0.000   0.000   0.000   0.000   0.000   0.000   0.000   0.000    0.000    0.000   0.000    0.000   0.000   0.000   0.000   0.000   0.000    0.000    0.000      0.000    0.000   0.000    0.000     0.000    0.000      0.000   0.000
    Sum   0.027    0.001   0.016   0.000   0.000   0.000   0.000   0.000   0.000   0.000   0.000   0.000   0.000    0.010    0.000   0.000    0.000   0.000   0.000   0.000   0.000   0.000    0.000    0.000      0.000    0.000   0.000    0.000     0.000    0.000      0.000   0.027


Summary
------------------------------------------------------------------------------------------------------------------------------
                  dt  Flu_Adv  Gra_Adv  Src_Adv  Che_Adv       SF   FB_Adv    FixUp     Flag   Refine MPI_Grid   Output      Aux       LB CorrSync      Par -MPI_Par    libyt         Sum
    Time      0.0008   0.0164   0.0000   0.0000   0.0000   0.0000   0.0000   0.0000   0.0000   0.0000   0.0095   0.0299   0.0483   0.0008   0.0000   0.0000   0.0000   0.0000      0.1056
    Frac      0.719%  15.529%   0.000%   0.000%   0.000%   0.000%   0.000%   0.000%   0.000%   0.000%   9.013%  28.277%  45.705%   0.746%   0.000%   0.000%   0.000%   0.000%     99.990%

==============================================================================================================================
==============================================================================================================================



Time : 2.8287304e-02 -> 2.9375278e-02,     Step :       26 ->       27

Main Loop
------------------------------------------------------------------------------------------------------------------------------
       Total    Integration       Output    Auxiliary    LoadBalance       CorrSync          libyt            Sum
      0.0641         0.0120       0.0101       0.0412         0.0008         0.0000         0.0000         0.0641


Integration Loop
------------------------------------------------------------------------------------------------------------------------------
     Lv   Total       dt Flu_Adv Gra_Adv Src_Adv Che_Adv      SF  FB_Adv   FixUp    Flag  Refine Buf_Rho Buf_Pot Buf_Flu1 Buf_Flu2 Buf_Ref Buf_Flux Buf_Res Buf_Che  Par_KD   Par_K Par_K-1 Par_2Sib -MPI_Sib -MPI_FaSib Par_2Son    -MPI Par_Coll -MPI_Real -MPI_Sib -MPI_FaSib     Sum
      0   0.012    0.001   0.009   0.000   0.000   0.000   0.000   0.000   0.000   0.000   0.000   0.000   0.000    0.002    0.000   0.000    0.000   0.000   0.000   0.000   0.000   0.000    0.000    0.000      0.000    0.000   0.000    0.000     0.000    0.000      0.000   0.012
      1   0.000    0.000   0.000   0.000   0.000   0.000   0.000   0.000   0.000   0.000   0.000   0.000   0.000    0.000    0.000   0.000    0.000   0.000   0.000   0.000   0.000   0.000    0.000    0.000      0.000    0.000   0.000    0.000     0.000    0.000      0.000   0.000
      2   0.000    0.000   0.000   0.000   0.000   0.000   0.000   0.000   0.000   0.000   0.000   0.000   0.000    0.000    0.000   0.000    0.000   0.000   0.000   0.000   0.000   0.000    0.000    0.000      0.000    0.000   0.000    0.000     0.000    0.000      0.000   0.000
      3   0.000    0.000   0.000   0.000   0.000   0.000   0.000   0.000   0.000   0.000   0.000   0.000   0.000    0.000    0.000   0.000    0.000   0.000   0.000   0.000   0.000   0.000    0.000    0.000      0.000    0.000   0.000    0.000     0.000    0.000      0.000   0.000
      4   0.000    0.000   0.000   0.000   0.000   0.000   0.000   0.000   0.000   0.000   0.000   0.000   0.000    0.000    0.000   0.000    0.000   0.000   0.000   0.000   0.000   0.000    0.000    0.000      0.000    0.000   0.000    0.000     0.000    0.000      0.000   0.000
      5   0.000    0.000   0.000   0.000   0.000   0.000   0.000   0.000   0.000   0.000   0.000   0.000   0.000    0.000    0.000   0.000    0.000   0.000   0.000   0.000   0.000   0.000    0.000    0.000      0.000    0.000   0.000    0.000     0.000    0.000      0.000   0.000
      6   0.000    0.000   0.000   0.000   0.000   0.000   0.000   0.000   0.000   0.000   0.000   0.000   0.000    0.000    0.000   0.000    0.000   0.000   0.000   0.000   0.000   0.000    0.000    0.000      0.000    0.000   0.000    0.000     0.000    0.000      0.000   0.000
      7   0.000    0.000   0.000   0.000   0.000   0.000   0.000   0.000   0.000   0.000   0.000   0.000   0.000    0.000    0.000   0.000    0.000   0.000   0.000   0.000   0.000   0.000    0.000    0.000      0.000    0.000   0.000    0.000     0.000    0.000      0.000   0.000
      8   0.000    0.000   0.000   0.000   0.000   0.000   0.000   0.000   0.000   0.000   0.000   0.000   0.000    0.000    0.000   0.000    0.000   0.000   0.000   0.000   0.000   0.000    0.000    0.000      0.000    0.000   0.000    0.000     0.000    0.000      0.000   0.000
      9   0.000    0.000   0.000   0.000   0.000   0.000   0.000   0.000   0.000   0.000   0.000   0.000   0.000    0.000    0.000   0.000    0.000   0.000   0.000   0.000   0.000   0.000    0.000    0.000      0.000    0.000   0.000    0.000     0.000    0.000      0.000   0.000
    Sum   0.012    0.001   0.009   0.000   0.000   0.000   0.000   0.000   0.000   0.000   0.000   0.000   0.000    0.002    0.000   0.000    0.000   0.000   0.000   0.000   0.000   0.000    0.000    0.000      0.000    0.000   0.000    0.000     0.000    0.000      0.000   0.012


Summary
------------------------------------------------------------------------------------------------------------------------------
                  dt  Flu_Adv  Gra_Adv  Src_Adv  Che_Adv       SF   FB_Adv    FixUp     Flag   Refine MPI_Grid   Output      Aux       LB CorrSync      Par -MPI_Par    libyt         Sum
    Time      0.0007   0.0088   0.0000   0.0000   0.0000   0.0000   0.0000   0.0000   0.0000   0.0000   0.0024   0.0101   0.0412   0.0008   0.0000   0.0000   0.0000   0.0000      0.0641
    Frac      1.075%  13.796%   0.000%   0.000%   0.000%   0.000%   0.000%   0.000%   0.000%   0.000%   3.776%  15.800%  64.258%   1.277%   0.000%   0.000%   0.000%   0.000%     99.983%

==============================================================================================================================
==============================================================================================================================



Time : 2.9375278e-02 -> 3.0463251e-02,     Step :       27 ->       28

Main Loop
------------------------------------------------------------------------------------------------------------------------------
       Total    Integration       Output    Auxiliary    LoadBalance       CorrSync          libyt            Sum
      0.1242         0.0057       0.0450       0.0727         0.0008         0.0000         0.0000         0.1242


Integration Loop
------------------------------------------------------------------------------------------------------------------------------
     Lv   Total       dt Flu_Adv Gra_Adv Src_Adv Che_Adv      SF  FB_Adv   FixUp    Flag  Refine Buf_Rho Buf_Pot Buf_Flu1 Buf_Flu2 Buf_Ref Buf_Flux Buf_Res Buf_Che  Par_KD   Par_K Par_K-1 Par_2Sib -MPI_Sib -MPI_FaSib Par_2Son    -MPI Par_Coll -MPI_Real -MPI_Sib -MPI_FaSib     Sum
      0   0.006    0.001   0.002   0.000   0.000   0.000   0.000   0.000   0.000   0.000   0.000   0.000   0.000    0.003    0.000   0.000    0.000   0.000   0.000   0.000   0.000   0.000    0.000    0.000      0.000    0.000   0.000    0.000     0.000    0.000      0.000   0.006
      1   0.000    0.000   0.000   0.000   0.000   0.000   0.000   0.000   0.000   0.000   0.000   0.000   0.000    0.000    0.000   0.000    0.000   0.000   0.000   0.000   0.000   0.000    0.000    0.000      0.000    0.000   0.000    0.000     0.000    0.000      0.000   0.000
      2   0.000    0.000   0.000   0.000   0.000   0.000   0.000   0.000   0.000   0.000   0.000   0.000   0.000    0.000    0.000   0.000    0.000   0.000   0.000   0.000   0.000   0.000    0.000    0.000      0.000    0.000   0.000    0.000     0.000    0.000      0.000   0.000
      3   0.000    0.000   0.000   0.000   0.000   0.000   0.000   0.000   0.000   0.000   0.000   0.000   0.000    0.000    0.000   0.000    0.000   0.000   0.000   0.000   0.000   0.000    0.000    0.000      0.000    0.000   0.000    0.000     0.000    0.000      0.000   0.000
      4   0.000    0.000   0.000   0.000   0.000   0.000   0.000   0.000   0.000   0.000   0.000   0.000   0.000    0.000    0.000   0.000    0.000   0.000   0.000   0.000   0.000   0.000    0.000    0.000      0.000    0.000   0.000    0.000     0.000    0.000      0.000   0.000
      5   0.000    0.000   0.000   0.000   0.000   0.000   0.000   0.000   0.000   0.000   0.000   0.000   0.000    0.000    0.000   0.000    0.000   0.000   0.000   0.000   0.000   0.000    0.000    0.000      0.000    0.000   0.000    0.000     0.000    0.000      0.000   0.000
      6   0.000    0.000   0.000   0.000   0.000   0.000   0.000   0.000   0.000   0.000   0.000   0.000   0.000    0.000    0.000   0.000    0.000   0.000   0.000   0.000   0.000   0.000    0.000    0.000      0.000    0.000   0.000    0.000     0.000    0.000      0.000   0.000
      7   0.000    0.000   0.000   0.000   0.000   0.000   0.000   0.000   0.000   0.000   0.000   0.000   0.000    0.000    0.000   0.000    0.000   0.000   0.000   0.000   0.000   0.000    0.000    0.000      0.000    0.000   0.000    0.000     0.000    0.000      0.000   0.000
      8   0.000    0.000   0.000   0.000   0.000   0.000   0.000   0.000   0.000   0.000   0.000   0.000   0.000    0.000    0.000   0.000    0.000   0.000   0.000   0.000   0.000   0.000    0.000    0.000      0.000    0.000   0.000    0.000     0.000    0.000      0.000   0.000
      9   0.000    0.000   0.000   0.000   0.000   0.000   0.000   0.000   0.000   0.000   0.000   0.000   0.000    0.000    0.000   0.000    0.000   0.000   0.000   0.000   0.000   0.000    0.000    0.000      0.000    0.000   0.000    0.000     0.000    0.000      0.000   0.000
    Sum   0.006    0.001   0.002   0.000   0.000   0.000   0.000   0.000   0.000   0.000   0.000   0.000   0.000    0.003    0.000   0.000    0.000   0.000   0.000   0.000   0.000   0.000    0.000    0.000      0.000    0.000   0.000    0.000     0.000    0.000      0.000   0.006


Summary
------------------------------------------------------------------------------------------------------------------------------
                  dt  Flu_Adv  Gra_Adv  Src_Adv  Che_Adv       SF   FB_Adv    FixUp     Flag   Refine MPI_Grid   Output      Aux       LB CorrSync      Par -MPI_Par    libyt         Sum
    Time      0.0006   0.0018   0.0000   0.0000   0.0000   0.0000   0.0000   0.0000   0.0002   0.0003   0.0027   0.0450   0.0727   0.0008   0.0000   0.0000   0.0000   0.0000      0.1242
    Frac      0.491%   1.487%   0.000%   0.000%   0.000%   0.000%   0.000%   0.000%   0.197%   0.273%   2.160%  36.206%  58.543%   0.634%   0.000%   0.000%   0.000%   0.000%     99.991%

==============================================================================================================================
==============================================================================================================================



Time : 3.0463251e-02 -> 3.1551224e-02,     Step :       28 ->       29

Main Loop
------------------------------------------------------------------------------------------------------------------------------
       Total    Integration       Output    Auxiliary    LoadBalance       CorrSync          libyt            Sum
      0.0943         0.0120       0.0283       0.0533         0.0008         0.0000         0.0000         0.0943


Integration Loop
------------------------------------------------------------------------------------------------------------------------------
     Lv   Total       dt Flu_Adv Gra_Adv Src_Adv Che_Adv      SF  FB_Adv   FixUp    Flag  Refine Buf_Rho Buf_Pot Buf_Flu1 Buf_Flu2 Buf_Ref Buf_Flux Buf_Res Buf_Che  Par_KD   Par_K Par_K-1 Par_2Sib -MPI_Sib -MPI_FaSib Par_2Son    -MPI Par_Coll -MPI_Real -MPI_Sib -MPI_FaSib     Sum
      0   0.012    0.001   0.009   0.000   0.000   0.000   0.000   0.000   0.000   0.000   0.000   0.000   0.000    0.002    0.000   0.000    0.000   0.000   0.000   0.000   0.000   0.000    0.000    0.000      0.000    0.000   0.000    0.000     0.000    0.000      0.000   0.012
      1   0.000    0.000   0.000   0.000   0.000   0.000   0.000   0.000   0.000   0.000   0.000   0.000   0.000    0.000    0.000   0.000    0.000   0.000   0.000   0.000   0.000   0.000    0.000    0.000      0.000    0.000   0.000    0.000     0.000    0.000      0.000   0.000
      2   0.000    0.000   0.000   0.000   0.000   0.000   0.000   0.000   0.000   0.000   0.000   0.000   0.000    0.000    0.000   0.000    0.000   0.000   0.000   0.000   0.000   0.000    0.000    0.000      0.000    0.000   0.000    0.000     0.000    0.000      0.000   0.000
      3   0.000    0.000   0.000   0.000   0.000   0.000   0.000   0.000   0.000   0.000   0.000   0.000   0.000    0.000    0.000   0.000    0.000   0.000   0.000   0.000   0.000   0.000    0.000    0.000      0.000    0.000   0.000    0.000     0.000    0.000      0.000   0.000
      4   0.000    0.000   0.000   0.000   0.000   0.000   0.000   0.000   0.000   0.000   0.000   0.000   0.000    0.000    0.000   0.000    0.000   0.000   0.000   0.000   0.000   0.000    0.000    0.000      0.000    0.000   0.000    0.000     0.000    0.000      0.000   0.000
      5   0.000    0.000   0.000   0.000   0.000   0.000   0.000   0.000   0.000   0.000   0.000   0.000   0.000    0.000    0.000   0.000    0.000   0.000   0.000   0.000   0.000   0.000    0.000    0.000      0.000    0.000   0.000    0.000     0.000    0.000      0.000   0.000
      6   0.000    0.000   0.000   0.000   0.000   0.000   0.000   0.000   0.000   0.000   0.000   0.000   0.000    0.000    0.000   0.000    0.000   0.000   0.000   0.000   0.000   0.000    0.000    0.000      0.000    0.000   0.000    0.000     0.000    0.000      0.000   0.000
      7   0.000    0.000   0.000   0.000   0.000   0.000   0.000   0.000   0.000   0.000   0.000   0.000   0.000    0.000    0.000   0.000    0.000   0.000   0.000   0.000   0.000   0.000    0.000    0.000      0.000    0.000   0.000    0.000     0.000    0.000      0.000   0.000
      8   0.000    0.000   0.000   0.000   0.000   0.000   0.000   0.000   0.000   0.000   0.000   0.000   0.000    0.000    0.000   0.000    0.000   0.000   0.000   0.000   0.000   0.000    0.000    0.000      0.000    0.000   0.000    0.000     0.000    0.000      0.000   0.000
      9   0.000    0.000   0.000   0.000   0.000   0.000   0.000   0.000   0.000   0.000   0.000   0.000   0.000    0.000    0.000   0.000    0.000   0.000   0.000   0.000   0.000   0.000    0.000    0.000      0.000    0.000   0.000    0.000     0.000    0.000      0.000   0.000
    Sum   0.012    0.001   0.009   0.000   0.000   0.000   0.000   0.000   0.000   0.000   0.000   0.000   0.000    0.002    0.000   0.000    0.000   0.000   0.000   0.000   0.000   0.000    0.000    0.000      0.000    0.000   0.000    0.000     0.000    0.000      0.000   0.012


Summary
------------------------------------------------------------------------------------------------------------------------------
                  dt  Flu_Adv  Gra_Adv  Src_Adv  Che_Adv       SF   FB_Adv    FixUp     Flag   Refine MPI_Grid   Output      Aux       LB CorrSync      Par -MPI_Par    libyt         Sum
    Time      0.0006   0.0090   0.0000   0.0000   0.0000   0.0000   0.0000   0.0000   0.0000   0.0000   0.0024   0.0283   0.0533   0.0008   0.0000   0.0000   0.0000   0.0000      0.0943
    Frac      0.651%   9.502%   0.000%   0.000%   0.000%   0.000%   0.000%   0.000%   0.000%   0.000%   2.532%  29.964%  56.524%   0.818%   0.000%   0.000%   0.000%   0.000%     99.990%

==============================================================================================================================
==============================================================================================================================



Time : 3.1551224e-02 -> 3.2639197e-02,     Step :       29 ->       30

Main Loop
------------------------------------------------------------------------------------------------------------------------------
       Total    Integration       Output    Auxiliary    LoadBalance       CorrSync          libyt            Sum
      0.0937         0.0119       0.0248       0.0562         0.0009         0.0000         0.0000         0.0937


Integration Loop
------------------------------------------------------------------------------------------------------------------------------
     Lv   Total       dt Flu_Adv Gra_Adv Src_Adv Che_Adv      SF  FB_Adv   FixUp    Flag  Refine Buf_Rho Buf_Pot Buf_Flu1 Buf_Flu2 Buf_Ref Buf_Flux Buf_Res Buf_Che  Par_KD   Par_K Par_K-1 Par_2Sib -MPI_Sib -MPI_FaSib Par_2Son    -MPI Par_Coll -MPI_Real -MPI_Sib -MPI_FaSib     Sum
      0   0.012    0.001   0.009   0.000   0.000   0.000   0.000   0.000   0.000   0.000   0.000   0.000   0.000    0.002    0.000   0.000    0.000   0.000   0.000   0.000   0.000   0.000    0.000    0.000      0.000    0.000   0.000    0.000     0.000    0.000      0.000   0.012
      1   0.000    0.000   0.000   0.000   0.000   0.000   0.000   0.000   0.000   0.000   0.000   0.000   0.000    0.000    0.000   0.000    0.000   0.000   0.000   0.000   0.000   0.000    0.000    0.000      0.000    0.000   0.000    0.000     0.000    0.000      0.000   0.000
      2   0.000    0.000   0.000   0.000   0.000   0.000   0.000   0.000   0.000   0.000   0.000   0.000   0.000    0.000    0.000   0.000    0.000   0.000   0.000   0.000   0.000   0.000    0.000    0.000      0.000    0.000   0.000    0.000     0.000    0.000      0.000   0.000
      3   0.000    0.000   0.000   0.000   0.000   0.000   0.000   0.000   0.000   0.000   0.000   0.000   0.000    0.000    0.000   0.000    0.000   0.000   0.000   0.000   0.000   0.000    0.000    0.000      0.000    0.000   0.000    0.000     0.000    0.000      0.000   0.000
      4   0.000    0.000   0.000   0.000   0.000   0.000   0.000   0.000   0.000   0.000   0.000   0.000   0.000    0.000    0.000   0.000    0.000   0.000   0.000   0.000   0.000   0.000    0.000    0.000      0.000    0.000   0.000    0.000     0.000    0.000      0.000   0.000
      5   0.000    0.000   0.000   0.000   0.000   0.000   0.000   0.000   0.000   0.000   0.000   0.000   0.000    0.000    0.000   0.000    0.000   0.000   0.000   0.000   0.000   0.000    0.000    0.000      0.000    0.000   0.000    0.000     0.000    0.000      0.000   0.000
      6   0.000    0.000   0.000   0.000   0.000   0.000   0.000   0.000   0.000   0.000   0.000   0.000   0.000    0.000    0.000   0.000    0.000   0.000   0.000   0.000   0.000   0.000    0.000    0.000      0.000    0.000   0.000    0.000     0.000    0.000      0.000   0.000
      7   0.000    0.000   0.000   0.000   0.000   0.000   0.000   0.000   0.000   0.000   0.000   0.000   0.000    0.000    0.000   0.000    0.000   0.000   0.000   0.000   0.000   0.000    0.000    0.000      0.000    0.000   0.000    0.000     0.000    0.000      0.000   0.000
      8   0.000    0.000   0.000   0.000   0.000   0.000   0.000   0.000   0.000   0.000   0.000   0.000   0.000    0.000    0.000   0.000    0.000   0.000   0.000   0.000   0.000   0.000    0.000    0.000      0.000    0.000   0.000    0.000     0.000    0.000      0.000   0.000
      9   0.000    0.000   0.000   0.000   0.000   0.000   0.000   0.000   0.000   0.000   0.000   0.000   0.000    0.000    0.000   0.000    0.000   0.000   0.000   0.000   0.000   0.000    0.000    0.000      0.000    0.000   0.000    0.000     0.000    0.000      0.000   0.000
    Sum   0.012    0.001   0.009   0.000   0.000   0.000   0.000   0.000   0.000   0.000   0.000   0.000   0.000    0.002    0.000   0.000    0.000   0.000   0.000   0.000   0.000   0.000    0.000    0.000      0.000    0.000   0.000    0.000     0.000    0.000      0.000   0.012


Summary
------------------------------------------------------------------------------------------------------------------------------
                  dt  Flu_Adv  Gra_Adv  Src_Adv  Che_Adv       SF   FB_Adv    FixUp     Flag   Refine MPI_Grid   Output      Aux       LB CorrSync      Par -MPI_Par    libyt         Sum
    Time      0.0006   0.0089   0.0000   0.0000   0.0000   0.0000   0.0000   0.0000   0.0000   0.0000   0.0024   0.0248   0.0562   0.0009   0.0000   0.0000   0.0000   0.0000      0.0937
    Frac      0.613%   9.509%   0.000%   0.000%   0.000%   0.000%   0.000%   0.000%   0.000%   0.000%   2.575%  26.426%  59.939%   0.926%   0.000%   0.000%   0.000%   0.000%     99.988%

==============================================================================================================================
==============================================================================================================================



Time : 3.2639197e-02 -> 3.3727171e-02,     Step :       30 ->       31

Main Loop
------------------------------------------------------------------------------------------------------------------------------
       Total    Integration       Output    Auxiliary    LoadBalance       CorrSync          libyt            Sum
      0.0522         0.0118       0.0141       0.0255         0.0008         0.0000         0.0000         0.0522


Integration Loop
------------------------------------------------------------------------------------------------------------------------------
     Lv   Total       dt Flu_Adv Gra_Adv Src_Adv Che_Adv      SF  FB_Adv   FixUp    Flag  Refine Buf_Rho Buf_Pot Buf_Flu1 Buf_Flu2 Buf_Ref Buf_Flux Buf_Res Buf_Che  Par_KD   Par_K Par_K-1 Par_2Sib -MPI_Sib -MPI_FaSib Par_2Son    -MPI Par_Coll -MPI_Real -MPI_Sib -MPI_FaSib     Sum
      0   0.012    0.001   0.009   0.000   0.000   0.000   0.000   0.000   0.000   0.000   0.000   0.000   0.000    0.002    0.000   0.000    0.000   0.000   0.000   0.000   0.000   0.000    0.000    0.000      0.000    0.000   0.000    0.000     0.000    0.000      0.000   0.012
      1   0.000    0.000   0.000   0.000   0.000   0.000   0.000   0.000   0.000   0.000   0.000   0.000   0.000    0.000    0.000   0.000    0.000   0.000   0.000   0.000   0.000   0.000    0.000    0.000      0.000    0.000   0.000    0.000     0.000    0.000      0.000   0.000
      2   0.000    0.000   0.000   0.000   0.000   0.000   0.000   0.000   0.000   0.000   0.000   0.000   0.000    0.000    0.000   0.000    0.000   0.000   0.000   0.000   0.000   0.000    0.000    0.000      0.000    0.000   0.000    0.000     0.000    0.000      0.000   0.000
      3   0.000    0.000   0.000   0.000   0.000   0.000   0.000   0.000   0.000   0.000   0.000   0.000   0.000    0.000    0.000   0.000    0.000   0.000   0.000   0.000   0.000   0.000    0.000    0.000      0.000    0.000   0.000    0.000     0.000    0.000      0.000   0.000
      4   0.000    0.000   0.000   0.000   0.000   0.000   0.000   0.000   0.000   0.000   0.000   0.000   0.000    0.000    0.000   0.000    0.000   0.000   0.000   0.000   0.000   0.000    0.000    0.000      0.000    0.000   0.000    0.000     0.000    0.000      0.000   0.000
      5   0.000    0.000   0.000   0.000   0.000   0.000   0.000   0.000   0.000   0.000   0.000   0.000   0.000    0.000    0.000   0.000    0.000   0.000   0.000   0.000   0.000   0.000    0.000    0.000      0.000    0.000   0.000    0.000     0.000    0.000      0.000   0.000
      6   0.000    0.000   0.000   0.000   0.000   0.000   0.000   0.000   0.000   0.000   0.000   0.000   0.000    0.000    0.000   0.000    0.000   0.000   0.000   0.000   0.000   0.000    0.000    0.000      0.000    0.000   0.000    0.000     0.000    0.000      0.000   0.000
      7   0.000    0.000   0.000   0.000   0.000   0.000   0.000   0.000   0.000   0.000   0.000   0.000   0.000    0.000    0.000   0.000    0.000   0.000   0.000   0.000   0.000   0.000    0.000    0.000      0.000    0.000   0.000    0.000     0.000    0.000      0.000   0.000
      8   0.000    0.000   0.000   0.000   0.000   0.000   0.000   0.000   0.000   0.000   0.000   0.000   0.000    0.000    0.000   0.000    0.000   0.000   0.000   0.000   0.000   0.000    0.000    0.000      0.000    0.000   0.000    0.000     0.000    0.000      0.000   0.000
      9   0.000    0.000   0.000   0.000   0.000   0.000   0.000   0.000   0.000   0.000   0.000   0.000   0.000    0.000    0.000   0.000    0.000   0.000   0.000   0.000   0.000   0.000    0.000    0.000      0.000    0.000   0.000    0.000     0.000    0.000      0.000   0.000
    Sum   0.012    0.001   0.009   0.000   0.000   0.000   0.000   0.000   0.000   0.000   0.000   0.000   0.000    0.002    0.000   0.000    0.000   0.000   0.000   0.000   0.000   0.000    0.000    0.000      0.000    0.000   0.000    0.000     0.000    0.000      0.000   0.012


Summary
------------------------------------------------------------------------------------------------------------------------------
                  dt  Flu_Adv  Gra_Adv  Src_Adv  Che_Adv       SF   FB_Adv    FixUp     Flag   Refine MPI_Grid   Output      Aux       LB CorrSync      Par -MPI_Par    libyt         Sum
    Time      0.0006   0.0088   0.0000   0.0000   0.0000   0.0000   0.0000   0.0000   0.0000   0.0000   0.0023   0.0141   0.0255   0.0008   0.0000   0.0000   0.0000   0.0000      0.0522
    Frac      1.246%  16.916%   0.000%   0.000%   0.000%   0.000%   0.000%   0.000%   0.000%   0.000%   4.437%  26.932%  48.952%   1.497%   0.000%   0.000%   0.000%   0.000%     99.979%

==============================================================================================================================
==============================================================================================================================



Time : 3.3727171e-02 -> 3.4815144e-02,     Step :       31 ->       32

Main Loop
------------------------------------------------------------------------------------------------------------------------------
       Total    Integration       Output    Auxiliary    LoadBalance       CorrSync          libyt            Sum
      0.0935         0.0116       0.0100       0.0711         0.0008         0.0000         0.0000         0.0935


Integration Loop
------------------------------------------------------------------------------------------------------------------------------
     Lv   Total       dt Flu_Adv Gra_Adv Src_Adv Che_Adv      SF  FB_Adv   FixUp    Flag  Refine Buf_Rho Buf_Pot Buf_Flu1 Buf_Flu2 Buf_Ref Buf_Flux Buf_Res Buf_Che  Par_KD   Par_K Par_K-1 Par_2Sib -MPI_Sib -MPI_FaSib Par_2Son    -MPI Par_Coll -MPI_Real -MPI_Sib -MPI_FaSib     Sum
      0   0.012    0.001   0.004   0.000   0.000   0.000   0.000   0.000   0.000   0.005   0.000   0.000   0.000    0.002    0.000   0.000    0.000   0.000   0.000   0.000   0.000   0.000    0.000    0.000      0.000    0.000   0.000    0.000     0.000    0.000      0.000   0.012
      1   0.000    0.000   0.000   0.000   0.000   0.000   0.000   0.000   0.000   0.000   0.000   0.000   0.000    0.000    0.000   0.000    0.000   0.000   0.000   0.000   0.000   0.000    0.000    0.000      0.000    0.000   0.000    0.000     0.000    0.000      0.000   0.000
      2   0.000    0.000   0.000   0.000   0.000   0.000   0.000   0.000   0.000   0.000   0.000   0.000   0.000    0.000    0.000   0.000    0.000   0.000   0.000   0.000   0.000   0.000    0.000    0.000      0.000    0.000   0.000    0.000     0.000    0.000      0.000   0.000
      3   0.000    0.000   0.000   0.000   0.000   0.000   0.000   0.000   0.000   0.000   0.000   0.000   0.000    0.000    0.000   0.000    0.000   0.000   0.000   0.000   0.000   0.000    0.000    0.000      0.000    0.000   0.000    0.000     0.000    0.000      0.000   0.000
      4   0.000    0.000   0.000   0.000   0.000   0.000   0.000   0.000   0.000   0.000   0.000   0.000   0.000    0.000    0.000   0.000    0.000   0.000   0.000   0.000   0.000   0.000    0.000    0.000      0.000    0.000   0.000    0.000     0.000    0.000      0.000   0.000
      5   0.000    0.000   0.000   0.000   0.000   0.000   0.000   0.000   0.000   0.000   0.000   0.000   0.000    0.000    0.000   0.000    0.000   0.000   0.000   0.000   0.000   0.000    0.000    0.000      0.000    0.000   0.000    0.000     0.000    0.000      0.000   0.000
      6   0.000    0.000   0.000   0.000   0.000   0.000   0.000   0.000   0.000   0.000   0.000   0.000   0.000    0.000    0.000   0.000    0.000   0.000   0.000   0.000   0.000   0.000    0.000    0.000      0.000    0.000   0.000    0.000     0.000    0.000      0.000   0.000
      7   0.000    0.000   0.000   0.000   0.000   0.000   0.000   0.000   0.000   0.000   0.000   0.000   0.000    0.000    0.000   0.000    0.000   0.000   0.000   0.000   0.000   0.000    0.000    0.000      0.000    0.000   0.000    0.000     0.000    0.000      0.000   0.000
      8   0.000    0.000   0.000   0.000   0.000   0.000   0.000   0.000   0.000   0.000   0.000   0.000   0.000    0.000    0.000   0.000    0.000   0.000   0.000   0.000   0.000   0.000    0.000    0.000      0.000    0.000   0.000    0.000     0.000    0.000      0.000   0.000
      9   0.000    0.000   0.000   0.000   0.000   0.000   0.000   0.000   0.000   0.000   0.000   0.000   0.000    0.000    0.000   0.000    0.000   0.000   0.000   0.000   0.000   0.000    0.000    0.000      0.000    0.000   0.000    0.000     0.000    0.000      0.000   0.000
    Sum   0.012    0.001   0.004   0.000   0.000   0.000   0.000   0.000   0.000   0.005   0.000   0.000   0.000    0.002    0.000   0.000    0.000   0.000   0.000   0.000   0.000   0.000    0.000    0.000      0.000    0.000   0.000    0.000     0.000    0.000      0.000   0.012


Summary
------------------------------------------------------------------------------------------------------------------------------
                  dt  Flu_Adv  Gra_Adv  Src_Adv  Che_Adv       SF   FB_Adv    FixUp     Flag   Refine MPI_Grid   Output      Aux       LB CorrSync      Par -MPI_Par    libyt         Sum
    Time      0.0005   0.0035   0.0000   0.0000   0.0000   0.0000   0.0000   0.0000   0.0046   0.0004   0.0026   0.0100   0.0711   0.0008   0.0000   0.0000   0.0000   0.0000      0.0934
    Frac      0.551%   3.776%   0.000%   0.000%   0.000%   0.000%   0.000%   0.000%   4.873%   0.415%   2.812%  10.658%  76.042%   0.860%   0.000%   0.000%   0.000%   0.000%     99.988%

==============================================================================================================================
==============================================================================================================================



Time : 3.4815144e-02 -> 3.5903117e-02,     Step :       32 ->       33

Main Loop
------------------------------------------------------------------------------------------------------------------------------
       Total    Integration       Output    Auxiliary    LoadBalance       CorrSync          libyt            Sum
      0.0806         0.0122       0.0144       0.0530         0.0009         0.0000         0.0000         0.0806


Integration Loop
------------------------------------------------------------------------------------------------------------------------------
     Lv   Total       dt Flu_Adv Gra_Adv Src_Adv Che_Adv      SF  FB_Adv   FixUp    Flag  Refine Buf_Rho Buf_Pot Buf_Flu1 Buf_Flu2 Buf_Ref Buf_Flux Buf_Res Buf_Che  Par_KD   Par_K Par_K-1 Par_2Sib -MPI_Sib -MPI_FaSib Par_2Son    -MPI Par_Coll -MPI_Real -MPI_Sib -MPI_FaSib     Sum
      0   0.012    0.001   0.009   0.000   0.000   0.000   0.000   0.000   0.000   0.000   0.000   0.000   0.000    0.002    0.000   0.000    0.000   0.000   0.000   0.000   0.000   0.000    0.000    0.000      0.000    0.000   0.000    0.000     0.000    0.000      0.000   0.012
      1   0.000    0.000   0.000   0.000   0.000   0.000   0.000   0.000   0.000   0.000   0.000   0.000   0.000    0.000    0.000   0.000    0.000   0.000   0.000   0.000   0.000   0.000    0.000    0.000      0.000    0.000   0.000    0.000     0.000    0.000      0.000   0.000
      2   0.000    0.000   0.000   0.000   0.000   0.000   0.000   0.000   0.000   0.000   0.000   0.000   0.000    0.000    0.000   0.000    0.000   0.000   0.000   0.000   0.000   0.000    0.000    0.000      0.000    0.000   0.000    0.000     0.000    0.000      0.000   0.000
      3   0.000    0.000   0.000   0.000   0.000   0.000   0.000   0.000   0.000   0.000   0.000   0.000   0.000    0.000    0.000   0.000    0.000   0.000   0.000   0.000   0.000   0.000    0.000    0.000      0.000    0.000   0.000    0.000     0.000    0.000      0.000   0.000
      4   0.000    0.000   0.000   0.000   0.000   0.000   0.000   0.000   0.000   0.000   0.000   0.000   0.000    0.000    0.000   0.000    0.000   0.000   0.000   0.000   0.000   0.000    0.000    0.000      0.000    0.000   0.000    0.000     0.000    0.000      0.000   0.000
      5   0.000    0.000   0.000   0.000   0.000   0.000   0.000   0.000   0.000   0.000   0.000   0.000   0.000    0.000    0.000   0.000    0.000   0.000   0.000   0.000   0.000   0.000    0.000    0.000      0.000    0.000   0.000    0.000     0.000    0.000      0.000   0.000
      6   0.000    0.000   0.000   0.000   0.000   0.000   0.000   0.000   0.000   0.000   0.000   0.000   0.000    0.000    0.000   0.000    0.000   0.000   0.000   0.000   0.000   0.000    0.000    0.000      0.000    0.000   0.000    0.000     0.000    0.000      0.000   0.000
      7   0.000    0.000   0.000   0.000   0.000   0.000   0.000   0.000   0.000   0.000   0.000   0.000   0.000    0.000    0.000   0.000    0.000   0.000   0.000   0.000   0.000   0.000    0.000    0.000      0.000    0.000   0.000    0.000     0.000    0.000      0.000   0.000
      8   0.000    0.000   0.000   0.000   0.000   0.000   0.000   0.000   0.000   0.000   0.000   0.000   0.000    0.000    0.000   0.000    0.000   0.000   0.000   0.000   0.000   0.000    0.000    0.000      0.000    0.000   0.000    0.000     0.000    0.000      0.000   0.000
      9   0.000    0.000   0.000   0.000   0.000   0.000   0.000   0.000   0.000   0.000   0.000   0.000   0.000    0.000    0.000   0.000    0.000   0.000   0.000   0.000   0.000   0.000    0.000    0.000      0.000    0.000   0.000    0.000     0.000    0.000      0.000   0.000
    Sum   0.012    0.001   0.009   0.000   0.000   0.000   0.000   0.000   0.000   0.000   0.000   0.000   0.000    0.002    0.000   0.000    0.000   0.000   0.000   0.000   0.000   0.000    0.000    0.000      0.000    0.000   0.000    0.000     0.000    0.000      0.000   0.012


Summary
------------------------------------------------------------------------------------------------------------------------------
                  dt  Flu_Adv  Gra_Adv  Src_Adv  Che_Adv       SF   FB_Adv    FixUp     Flag   Refine MPI_Grid   Output      Aux       LB CorrSync      Par -MPI_Par    libyt         Sum
    Time      0.0006   0.0091   0.0000   0.0000   0.0000   0.0000   0.0000   0.0000   0.0000   0.0000   0.0025   0.0144   0.0530   0.0009   0.0000   0.0000   0.0000   0.0000      0.0806
    Frac      0.774%  11.330%   0.000%   0.000%   0.000%   0.000%   0.000%   0.000%   0.000%   0.000%   3.065%  17.918%  65.758%   1.138%   0.000%   0.000%   0.000%   0.000%     99.983%

==============================================================================================================================
==============================================================================================================================



Time : 3.5903117e-02 -> 3.6991090e-02,     Step :       33 ->       34

Main Loop
------------------------------------------------------------------------------------------------------------------------------
       Total    Integration       Output    Auxiliary    LoadBalance       CorrSync          libyt            Sum
      0.1136         0.0118       0.0351       0.0660         0.0007         0.0000         0.0000         0.1136


Integration Loop
------------------------------------------------------------------------------------------------------------------------------
     Lv   Total       dt Flu_Adv Gra_Adv Src_Adv Che_Adv      SF  FB_Adv   FixUp    Flag  Refine Buf_Rho Buf_Pot Buf_Flu1 Buf_Flu2 Buf_Ref Buf_Flux Buf_Res Buf_Che  Par_KD   Par_K Par_K-1 Par_2Sib -MPI_Sib -MPI_FaSib Par_2Son    -MPI Par_Coll -MPI_Real -MPI_Sib -MPI_FaSib     Sum
      0   0.012    0.001   0.009   0.000   0.000   0.000   0.000   0.000   0.000   0.000   0.000   0.000   0.000    0.002    0.000   0.000    0.000   0.000   0.000   0.000   0.000   0.000    0.000    0.000      0.000    0.000   0.000    0.000     0.000    0.000      0.000   0.012
      1   0.000    0.000   0.000   0.000   0.000   0.000   0.000   0.000   0.000   0.000   0.000   0.000   0.000    0.000    0.000   0.000    0.000   0.000   0.000   0.000   0.000   0.000    0.000    0.000      0.000    0.000   0.000    0.000     0.000    0.000      0.000   0.000
      2   0.000    0.000   0.000   0.000   0.000   0.000   0.000   0.000   0.000   0.000   0.000   0.000   0.000    0.000    0.000   0.000    0.000   0.000   0.000   0.000   0.000   0.000    0.000    0.000      0.000    0.000   0.000    0.000     0.000    0.000      0.000   0.000
      3   0.000    0.000   0.000   0.000   0.000   0.000   0.000   0.000   0.000   0.000   0.000   0.000   0.000    0.000    0.000   0.000    0.000   0.000   0.000   0.000   0.000   0.000    0.000    0.000      0.000    0.000   0.000    0.000     0.000    0.000      0.000   0.000
      4   0.000    0.000   0.000   0.000   0.000   0.000   0.000   0.000   0.000   0.000   0.000   0.000   0.000    0.000    0.000   0.000    0.000   0.000   0.000   0.000   0.000   0.000    0.000    0.000      0.000    0.000   0.000    0.000     0.000    0.000      0.000   0.000
      5   0.000    0.000   0.000   0.000   0.000   0.000   0.000   0.000   0.000   0.000   0.000   0.000   0.000    0.000    0.000   0.000    0.000   0.000   0.000   0.000   0.000   0.000    0.000    0.000      0.000    0.000   0.000    0.000     0.000    0.000      0.000   0.000
      6   0.000    0.000   0.000   0.000   0.000   0.000   0.000   0.000   0.000   0.000   0.000   0.000   0.000    0.000    0.000   0.000    0.000   0.000   0.000   0.000   0.000   0.000    0.000    0.000      0.000    0.000   0.000    0.000     0.000    0.000      0.000   0.000
      7   0.000    0.000   0.000   0.000   0.000   0.000   0.000   0.000   0.000   0.000   0.000   0.000   0.000    0.000    0.000   0.000    0.000   0.000   0.000   0.000   0.000   0.000    0.000    0.000      0.000    0.000   0.000    0.000     0.000    0.000      0.000   0.000
      8   0.000    0.000   0.000   0.000   0.000   0.000   0.000   0.000   0.000   0.000   0.000   0.000   0.000    0.000    0.000   0.000    0.000   0.000   0.000   0.000   0.000   0.000    0.000    0.000      0.000    0.000   0.000    0.000     0.000    0.000      0.000   0.000
      9   0.000    0.000   0.000   0.000   0.000   0.000   0.000   0.000   0.000   0.000   0.000   0.000   0.000    0.000    0.000   0.000    0.000   0.000   0.000   0.000   0.000   0.000    0.000    0.000      0.000    0.000   0.000    0.000     0.000    0.000      0.000   0.000
    Sum   0.012    0.001   0.009   0.000   0.000   0.000   0.000   0.000   0.000   0.000   0.000   0.000   0.000    0.002    0.000   0.000    0.000   0.000   0.000   0.000   0.000   0.000    0.000    0.000      0.000    0.000   0.000    0.000     0.000    0.000      0.000   0.012


Summary
------------------------------------------------------------------------------------------------------------------------------
                  dt  Flu_Adv  Gra_Adv  Src_Adv  Che_Adv       SF   FB_Adv    FixUp     Flag   Refine MPI_Grid   Output      Aux       LB CorrSync      Par -MPI_Par    libyt         Sum
    Time      0.0006   0.0088   0.0000   0.0000   0.0000   0.0000   0.0000   0.0000   0.0000   0.0000   0.0023   0.0351   0.0660   0.0007   0.0000   0.0000   0.0000   0.0000      0.1136
    Frac      0.560%   7.732%   0.000%   0.000%   0.000%   0.000%   0.000%   0.000%   0.000%   0.000%   2.064%  30.906%  58.074%   0.656%   0.000%   0.000%   0.000%   0.000%     99.991%

==============================================================================================================================
==============================================================================================================================



Time : 3.6991090e-02 -> 3.8079064e-02,     Step :       34 ->       35

Main Loop
------------------------------------------------------------------------------------------------------------------------------
       Total    Integration       Output    Auxiliary    LoadBalance       CorrSync          libyt            Sum
      0.1176         0.0119       0.0219       0.0830         0.0008         0.0000         0.0000         0.1176


Integration Loop
------------------------------------------------------------------------------------------------------------------------------
     Lv   Total       dt Flu_Adv Gra_Adv Src_Adv Che_Adv      SF  FB_Adv   FixUp    Flag  Refine Buf_Rho Buf_Pot Buf_Flu1 Buf_Flu2 Buf_Ref Buf_Flux Buf_Res Buf_Che  Par_KD   Par_K Par_K-1 Par_2Sib -MPI_Sib -MPI_FaSib Par_2Son    -MPI Par_Coll -MPI_Real -MPI_Sib -MPI_FaSib     Sum
      0   0.012    0.001   0.009   0.000   0.000   0.000   0.000   0.000   0.000   0.000   0.000   0.000   0.000    0.002    0.000   0.000    0.000   0.000   0.000   0.000   0.000   0.000    0.000    0.000      0.000    0.000   0.000    0.000     0.000    0.000      0.000   0.012
      1   0.000    0.000   0.000   0.000   0.000   0.000   0.000   0.000   0.000   0.000   0.000   0.000   0.000    0.000    0.000   0.000    0.000   0.000   0.000   0.000   0.000   0.000    0.000    0.000      0.000    0.000   0.000    0.000     0.000    0.000      0.000   0.000
      2   0.000    0.000   0.000   0.000   0.000   0.000   0.000   0.000   0.000   0.000   0.000   0.000   0.000    0.000    0.000   0.000    0.000   0.000   0.000   0.000   0.000   0.000    0.000    0.000      0.000    0.000   0.000    0.000     0.000    0.000      0.000   0.000
      3   0.000    0.000   0.000   0.000   0.000   0.000   0.000   0.000   0.000   0.000   0.000   0.000   0.000    0.000    0.000   0.000    0.000   0.000   0.000   0.000   0.000   0.000    0.000    0.000      0.000    0.000   0.000    0.000     0.000    0.000      0.000   0.000
      4   0.000    0.000   0.000   0.000   0.000   0.000   0.000   0.000   0.000   0.000   0.000   0.000   0.000    0.000    0.000   0.000    0.000   0.000   0.000   0.000   0.000   0.000    0.000    0.000      0.000    0.000   0.000    0.000     0.000    0.000      0.000   0.000
      5   0.000    0.000   0.000   0.000   0.000   0.000   0.000   0.000   0.000   0.000   0.000   0.000   0.000    0.000    0.000   0.000    0.000   0.000   0.000   0.000   0.000   0.000    0.000    0.000      0.000    0.000   0.000    0.000     0.000    0.000      0.000   0.000
      6   0.000    0.000   0.000   0.000   0.000   0.000   0.000   0.000   0.000   0.000   0.000   0.000   0.000    0.000    0.000   0.000    0.000   0.000   0.000   0.000   0.000   0.000    0.000    0.000      0.000    0.000   0.000    0.000     0.000    0.000      0.000   0.000
      7   0.000    0.000   0.000   0.000   0.000   0.000   0.000   0.000   0.000   0.000   0.000   0.000   0.000    0.000    0.000   0.000    0.000   0.000   0.000   0.000   0.000   0.000    0.000    0.000      0.000    0.000   0.000    0.000     0.000    0.000      0.000   0.000
      8   0.000    0.000   0.000   0.000   0.000   0.000   0.000   0.000   0.000   0.000   0.000   0.000   0.000    0.000    0.000   0.000    0.000   0.000   0.000   0.000   0.000   0.000    0.000    0.000      0.000    0.000   0.000    0.000     0.000    0.000      0.000   0.000
      9   0.000    0.000   0.000   0.000   0.000   0.000   0.000   0.000   0.000   0.000   0.000   0.000   0.000    0.000    0.000   0.000    0.000   0.000   0.000   0.000   0.000   0.000    0.000    0.000      0.000    0.000   0.000    0.000     0.000    0.000      0.000   0.000
    Sum   0.012    0.001   0.009   0.000   0.000   0.000   0.000   0.000   0.000   0.000   0.000   0.000   0.000    0.002    0.000   0.000    0.000   0.000   0.000   0.000   0.000   0.000    0.000    0.000      0.000    0.000   0.000    0.000     0.000    0.000      0.000   0.012


Summary
------------------------------------------------------------------------------------------------------------------------------
                  dt  Flu_Adv  Gra_Adv  Src_Adv  Che_Adv       SF   FB_Adv    FixUp     Flag   Refine MPI_Grid   Output      Aux       LB CorrSync      Par -MPI_Par    libyt         Sum
    Time      0.0006   0.0089   0.0000   0.0000   0.0000   0.0000   0.0000   0.0000   0.0000   0.0000   0.0023   0.0219   0.0830   0.0008   0.0000   0.0000   0.0000   0.0000      0.1176
    Frac      0.532%   7.563%   0.000%   0.000%   0.000%   0.000%   0.000%   0.000%   0.000%   0.000%   1.996%  18.588%  70.592%   0.717%   0.000%   0.000%   0.000%   0.000%     99.989%

==============================================================================================================================
==============================================================================================================================



Time : 3.8079064e-02 -> 3.9167037e-02,     Step :       35 ->       36

Main Loop
------------------------------------------------------------------------------------------------------------------------------
       Total    Integration       Output    Auxiliary    LoadBalance       CorrSync          libyt            Sum
      0.1053         0.0155       0.0341       0.0550         0.0007         0.0000         0.0000         0.1053


Integration Loop
------------------------------------------------------------------------------------------------------------------------------
     Lv   Total       dt Flu_Adv Gra_Adv Src_Adv Che_Adv      SF  FB_Adv   FixUp    Flag  Refine Buf_Rho Buf_Pot Buf_Flu1 Buf_Flu2 Buf_Ref Buf_Flux Buf_Res Buf_Che  Par_KD   Par_K Par_K-1 Par_2Sib -MPI_Sib -MPI_FaSib Par_2Son    -MPI Par_Coll -MPI_Real -MPI_Sib -MPI_FaSib     Sum
      0   0.015    0.001   0.012   0.000   0.000   0.000   0.000   0.000   0.000   0.000   0.000   0.000   0.000    0.002    0.000   0.000    0.000   0.000   0.000   0.000   0.000   0.000    0.000    0.000      0.000    0.000   0.000    0.000     0.000    0.000      0.000   0.015
      1   0.000    0.000   0.000   0.000   0.000   0.000   0.000   0.000   0.000   0.000   0.000   0.000   0.000    0.000    0.000   0.000    0.000   0.000   0.000   0.000   0.000   0.000    0.000    0.000      0.000    0.000   0.000    0.000     0.000    0.000      0.000   0.000
      2   0.000    0.000   0.000   0.000   0.000   0.000   0.000   0.000   0.000   0.000   0.000   0.000   0.000    0.000    0.000   0.000    0.000   0.000   0.000   0.000   0.000   0.000    0.000    0.000      0.000    0.000   0.000    0.000     0.000    0.000      0.000   0.000
      3   0.000    0.000   0.000   0.000   0.000   0.000   0.000   0.000   0.000   0.000   0.000   0.000   0.000    0.000    0.000   0.000    0.000   0.000   0.000   0.000   0.000   0.000    0.000    0.000      0.000    0.000   0.000    0.000     0.000    0.000      0.000   0.000
      4   0.000    0.000   0.000   0.000   0.000   0.000   0.000   0.000   0.000   0.000   0.000   0.000   0.000    0.000    0.000   0.000    0.000   0.000   0.000   0.000   0.000   0.000    0.000    0.000      0.000    0.000   0.000    0.000     0.000    0.000      0.000   0.000
      5   0.000    0.000   0.000   0.000   0.000   0.000   0.000   0.000   0.000   0.000   0.000   0.000   0.000    0.000    0.000   0.000    0.000   0.000   0.000   0.000   0.000   0.000    0.000    0.000      0.000    0.000   0.000    0.000     0.000    0.000      0.000   0.000
      6   0.000    0.000   0.000   0.000   0.000   0.000   0.000   0.000   0.000   0.000   0.000   0.000   0.000    0.000    0.000   0.000    0.000   0.000   0.000   0.000   0.000   0.000    0.000    0.000      0.000    0.000   0.000    0.000     0.000    0.000      0.000   0.000
      7   0.000    0.000   0.000   0.000   0.000   0.000   0.000   0.000   0.000   0.000   0.000   0.000   0.000    0.000    0.000   0.000    0.000   0.000   0.000   0.000   0.000   0.000    0.000    0.000      0.000    0.000   0.000    0.000     0.000    0.000      0.000   0.000
      8   0.000    0.000   0.000   0.000   0.000   0.000   0.000   0.000   0.000   0.000   0.000   0.000   0.000    0.000    0.000   0.000    0.000   0.000   0.000   0.000   0.000   0.000    0.000    0.000      0.000    0.000   0.000    0.000     0.000    0.000      0.000   0.000
      9   0.000    0.000   0.000   0.000   0.000   0.000   0.000   0.000   0.000   0.000   0.000   0.000   0.000    0.000    0.000   0.000    0.000   0.000   0.000   0.000   0.000   0.000    0.000    0.000      0.000    0.000   0.000    0.000     0.000    0.000      0.000   0.000
    Sum   0.015    0.001   0.012   0.000   0.000   0.000   0.000   0.000   0.000   0.000   0.000   0.000   0.000    0.002    0.000   0.000    0.000   0.000   0.000   0.000   0.000   0.000    0.000    0.000      0.000    0.000   0.000    0.000     0.000    0.000      0.000   0.015


Summary
------------------------------------------------------------------------------------------------------------------------------
                  dt  Flu_Adv  Gra_Adv  Src_Adv  Che_Adv       SF   FB_Adv    FixUp     Flag   Refine MPI_Grid   Output      Aux       LB CorrSync      Par -MPI_Par    libyt         Sum
    Time      0.0007   0.0117   0.0000   0.0000   0.0000   0.0000   0.0000   0.0000   0.0004   0.0004   0.0023   0.0341   0.0550   0.0007   0.0000   0.0000   0.0000   0.0000      0.1053
    Frac      0.640%  11.126%   0.000%   0.000%   0.000%   0.000%   0.000%   0.000%   0.355%   0.345%   2.213%  32.345%  52.259%   0.709%   0.000%   0.000%   0.000%   0.000%     99.991%

==============================================================================================================================
==============================================================================================================================



Time : 3.9167037e-02 -> 4.0255010e-02,     Step :       36 ->       37

Main Loop
------------------------------------------------------------------------------------------------------------------------------
       Total    Integration       Output    Auxiliary    LoadBalance       CorrSync          libyt            Sum
      0.0834         0.0119       0.0146       0.0562         0.0008         0.0000         0.0000         0.0834


Integration Loop
------------------------------------------------------------------------------------------------------------------------------
     Lv   Total       dt Flu_Adv Gra_Adv Src_Adv Che_Adv      SF  FB_Adv   FixUp    Flag  Refine Buf_Rho Buf_Pot Buf_Flu1 Buf_Flu2 Buf_Ref Buf_Flux Buf_Res Buf_Che  Par_KD   Par_K Par_K-1 Par_2Sib -MPI_Sib -MPI_FaSib Par_2Son    -MPI Par_Coll -MPI_Real -MPI_Sib -MPI_FaSib     Sum
      0   0.012    0.001   0.009   0.000   0.000   0.000   0.000   0.000   0.000   0.000   0.000   0.000   0.000    0.002    0.000   0.000    0.000   0.000   0.000   0.000   0.000   0.000    0.000    0.000      0.000    0.000   0.000    0.000     0.000    0.000      0.000   0.012
      1   0.000    0.000   0.000   0.000   0.000   0.000   0.000   0.000   0.000   0.000   0.000   0.000   0.000    0.000    0.000   0.000    0.000   0.000   0.000   0.000   0.000   0.000    0.000    0.000      0.000    0.000   0.000    0.000     0.000    0.000      0.000   0.000
      2   0.000    0.000   0.000   0.000   0.000   0.000   0.000   0.000   0.000   0.000   0.000   0.000   0.000    0.000    0.000   0.000    0.000   0.000   0.000   0.000   0.000   0.000    0.000    0.000      0.000    0.000   0.000    0.000     0.000    0.000      0.000   0.000
      3   0.000    0.000   0.000   0.000   0.000   0.000   0.000   0.000   0.000   0.000   0.000   0.000   0.000    0.000    0.000   0.000    0.000   0.000   0.000   0.000   0.000   0.000    0.000    0.000      0.000    0.000   0.000    0.000     0.000    0.000      0.000   0.000
      4   0.000    0.000   0.000   0.000   0.000   0.000   0.000   0.000   0.000   0.000   0.000   0.000   0.000    0.000    0.000   0.000    0.000   0.000   0.000   0.000   0.000   0.000    0.000    0.000      0.000    0.000   0.000    0.000     0.000    0.000      0.000   0.000
      5   0.000    0.000   0.000   0.000   0.000   0.000   0.000   0.000   0.000   0.000   0.000   0.000   0.000    0.000    0.000   0.000    0.000   0.000   0.000   0.000   0.000   0.000    0.000    0.000      0.000    0.000   0.000    0.000     0.000    0.000      0.000   0.000
      6   0.000    0.000   0.000   0.000   0.000   0.000   0.000   0.000   0.000   0.000   0.000   0.000   0.000    0.000    0.000   0.000    0.000   0.000   0.000   0.000   0.000   0.000    0.000    0.000      0.000    0.000   0.000    0.000     0.000    0.000      0.000   0.000
      7   0.000    0.000   0.000   0.000   0.000   0.000   0.000   0.000   0.000   0.000   0.000   0.000   0.000    0.000    0.000   0.000    0.000   0.000   0.000   0.000   0.000   0.000    0.000    0.000      0.000    0.000   0.000    0.000     0.000    0.000      0.000   0.000
      8   0.000    0.000   0.000   0.000   0.000   0.000   0.000   0.000   0.000   0.000   0.000   0.000   0.000    0.000    0.000   0.000    0.000   0.000   0.000   0.000   0.000   0.000    0.000    0.000      0.000    0.000   0.000    0.000     0.000    0.000      0.000   0.000
      9   0.000    0.000   0.000   0.000   0.000   0.000   0.000   0.000   0.000   0.000   0.000   0.000   0.000    0.000    0.000   0.000    0.000   0.000   0.000   0.000   0.000   0.000    0.000    0.000      0.000    0.000   0.000    0.000     0.000    0.000      0.000   0.000
    Sum   0.012    0.001   0.009   0.000   0.000   0.000   0.000   0.000   0.000   0.000   0.000   0.000   0.000    0.002    0.000   0.000    0.000   0.000   0.000   0.000   0.000   0.000    0.000    0.000      0.000    0.000   0.000    0.000     0.000    0.000      0.000   0.012


Summary
------------------------------------------------------------------------------------------------------------------------------
                  dt  Flu_Adv  Gra_Adv  Src_Adv  Che_Adv       SF   FB_Adv    FixUp     Flag   Refine MPI_Grid   Output      Aux       LB CorrSync      Par -MPI_Par    libyt         Sum
    Time      0.0007   0.0088   0.0000   0.0000   0.0000   0.0000   0.0000   0.0000   0.0000   0.0000   0.0024   0.0146   0.0562   0.0008   0.0000   0.0000   0.0000   0.0000      0.0834
    Frac      0.781%  10.585%   0.000%   0.000%   0.000%   0.000%   0.000%   0.000%   0.000%   0.000%   2.858%  17.484%  67.335%   0.943%   0.000%   0.000%   0.000%   0.000%     99.986%

==============================================================================================================================
==============================================================================================================================



Time : 4.0255010e-02 -> 4.1342983e-02,     Step :       37 ->       38

Main Loop
------------------------------------------------------------------------------------------------------------------------------
       Total    Integration       Output    Auxiliary    LoadBalance       CorrSync          libyt            Sum
      0.1232         0.0120       0.0307       0.0797         0.0007         0.0000         0.0000         0.1232


Integration Loop
------------------------------------------------------------------------------------------------------------------------------
     Lv   Total       dt Flu_Adv Gra_Adv Src_Adv Che_Adv      SF  FB_Adv   FixUp    Flag  Refine Buf_Rho Buf_Pot Buf_Flu1 Buf_Flu2 Buf_Ref Buf_Flux Buf_Res Buf_Che  Par_KD   Par_K Par_K-1 Par_2Sib -MPI_Sib -MPI_FaSib Par_2Son    -MPI Par_Coll -MPI_Real -MPI_Sib -MPI_FaSib     Sum
      0   0.012    0.001   0.009   0.000   0.000   0.000   0.000   0.000   0.000   0.000   0.000   0.000   0.000    0.003    0.000   0.000    0.000   0.000   0.000   0.000   0.000   0.000    0.000    0.000      0.000    0.000   0.000    0.000     0.000    0.000      0.000   0.012
      1   0.000    0.000   0.000   0.000   0.000   0.000   0.000   0.000   0.000   0.000   0.000   0.000   0.000    0.000    0.000   0.000    0.000   0.000   0.000   0.000   0.000   0.000    0.000    0.000      0.000    0.000   0.000    0.000     0.000    0.000      0.000   0.000
      2   0.000    0.000   0.000   0.000   0.000   0.000   0.000   0.000   0.000   0.000   0.000   0.000   0.000    0.000    0.000   0.000    0.000   0.000   0.000   0.000   0.000   0.000    0.000    0.000      0.000    0.000   0.000    0.000     0.000    0.000      0.000   0.000
      3   0.000    0.000   0.000   0.000   0.000   0.000   0.000   0.000   0.000   0.000   0.000   0.000   0.000    0.000    0.000   0.000    0.000   0.000   0.000   0.000   0.000   0.000    0.000    0.000      0.000    0.000   0.000    0.000     0.000    0.000      0.000   0.000
      4   0.000    0.000   0.000   0.000   0.000   0.000   0.000   0.000   0.000   0.000   0.000   0.000   0.000    0.000    0.000   0.000    0.000   0.000   0.000   0.000   0.000   0.000    0.000    0.000      0.000    0.000   0.000    0.000     0.000    0.000      0.000   0.000
      5   0.000    0.000   0.000   0.000   0.000   0.000   0.000   0.000   0.000   0.000   0.000   0.000   0.000    0.000    0.000   0.000    0.000   0.000   0.000   0.000   0.000   0.000    0.000    0.000      0.000    0.000   0.000    0.000     0.000    0.000      0.000   0.000
      6   0.000    0.000   0.000   0.000   0.000   0.000   0.000   0.000   0.000   0.000   0.000   0.000   0.000    0.000    0.000   0.000    0.000   0.000   0.000   0.000   0.000   0.000    0.000    0.000      0.000    0.000   0.000    0.000     0.000    0.000      0.000   0.000
      7   0.000    0.000   0.000   0.000   0.000   0.000   0.000   0.000   0.000   0.000   0.000   0.000   0.000    0.000    0.000   0.000    0.000   0.000   0.000   0.000   0.000   0.000    0.000    0.000      0.000    0.000   0.000    0.000     0.000    0.000      0.000   0.000
      8   0.000    0.000   0.000   0.000   0.000   0.000   0.000   0.000   0.000   0.000   0.000   0.000   0.000    0.000    0.000   0.000    0.000   0.000   0.000   0.000   0.000   0.000    0.000    0.000      0.000    0.000   0.000    0.000     0.000    0.000      0.000   0.000
      9   0.000    0.000   0.000   0.000   0.000   0.000   0.000   0.000   0.000   0.000   0.000   0.000   0.000    0.000    0.000   0.000    0.000   0.000   0.000   0.000   0.000   0.000    0.000    0.000      0.000    0.000   0.000    0.000     0.000    0.000      0.000   0.000
    Sum   0.012    0.001   0.009   0.000   0.000   0.000   0.000   0.000   0.000   0.000   0.000   0.000   0.000    0.003    0.000   0.000    0.000   0.000   0.000   0.000   0.000   0.000    0.000    0.000      0.000    0.000   0.000    0.000     0.000    0.000      0.000   0.012


Summary
------------------------------------------------------------------------------------------------------------------------------
                  dt  Flu_Adv  Gra_Adv  Src_Adv  Che_Adv       SF   FB_Adv    FixUp     Flag   Refine MPI_Grid   Output      Aux       LB CorrSync      Par -MPI_Par    libyt         Sum
    Time      0.0006   0.0088   0.0000   0.0000   0.0000   0.0000   0.0000   0.0000   0.0000   0.0000   0.0026   0.0307   0.0797   0.0007   0.0000   0.0000   0.0000   0.0000      0.1232
    Frac      0.462%   7.164%   0.000%   0.000%   0.000%   0.000%   0.000%   0.000%   0.000%   0.000%   2.085%  24.962%  64.712%   0.607%   0.000%   0.000%   0.000%   0.000%     99.991%

==============================================================================================================================
==============================================================================================================================



Time : 4.1342983e-02 -> 4.2430957e-02,     Step :       38 ->       39

Main Loop
------------------------------------------------------------------------------------------------------------------------------
       Total    Integration       Output    Auxiliary    LoadBalance       CorrSync          libyt            Sum
      0.0868         0.0118       0.0182       0.0561         0.0008         0.0000         0.0000         0.0868


Integration Loop
------------------------------------------------------------------------------------------------------------------------------
     Lv   Total       dt Flu_Adv Gra_Adv Src_Adv Che_Adv      SF  FB_Adv   FixUp    Flag  Refine Buf_Rho Buf_Pot Buf_Flu1 Buf_Flu2 Buf_Ref Buf_Flux Buf_Res Buf_Che  Par_KD   Par_K Par_K-1 Par_2Sib -MPI_Sib -MPI_FaSib Par_2Son    -MPI Par_Coll -MPI_Real -MPI_Sib -MPI_FaSib     Sum
      0   0.012    0.001   0.009   0.000   0.000   0.000   0.000   0.000   0.000   0.000   0.000   0.000   0.000    0.002    0.000   0.000    0.000   0.000   0.000   0.000   0.000   0.000    0.000    0.000      0.000    0.000   0.000    0.000     0.000    0.000      0.000   0.012
      1   0.000    0.000   0.000   0.000   0.000   0.000   0.000   0.000   0.000   0.000   0.000   0.000   0.000    0.000    0.000   0.000    0.000   0.000   0.000   0.000   0.000   0.000    0.000    0.000      0.000    0.000   0.000    0.000     0.000    0.000      0.000   0.000
      2   0.000    0.000   0.000   0.000   0.000   0.000   0.000   0.000   0.000   0.000   0.000   0.000   0.000    0.000    0.000   0.000    0.000   0.000   0.000   0.000   0.000   0.000    0.000    0.000      0.000    0.000   0.000    0.000     0.000    0.000      0.000   0.000
      3   0.000    0.000   0.000   0.000   0.000   0.000   0.000   0.000   0.000   0.000   0.000   0.000   0.000    0.000    0.000   0.000    0.000   0.000   0.000   0.000   0.000   0.000    0.000    0.000      0.000    0.000   0.000    0.000     0.000    0.000      0.000   0.000
      4   0.000    0.000   0.000   0.000   0.000   0.000   0.000   0.000   0.000   0.000   0.000   0.000   0.000    0.000    0.000   0.000    0.000   0.000   0.000   0.000   0.000   0.000    0.000    0.000      0.000    0.000   0.000    0.000     0.000    0.000      0.000   0.000
      5   0.000    0.000   0.000   0.000   0.000   0.000   0.000   0.000   0.000   0.000   0.000   0.000   0.000    0.000    0.000   0.000    0.000   0.000   0.000   0.000   0.000   0.000    0.000    0.000      0.000    0.000   0.000    0.000     0.000    0.000      0.000   0.000
      6   0.000    0.000   0.000   0.000   0.000   0.000   0.000   0.000   0.000   0.000   0.000   0.000   0.000    0.000    0.000   0.000    0.000   0.000   0.000   0.000   0.000   0.000    0.000    0.000      0.000    0.000   0.000    0.000     0.000    0.000      0.000   0.000
      7   0.000    0.000   0.000   0.000   0.000   0.000   0.000   0.000   0.000   0.000   0.000   0.000   0.000    0.000    0.000   0.000    0.000   0.000   0.000   0.000   0.000   0.000    0.000    0.000      0.000    0.000   0.000    0.000     0.000    0.000      0.000   0.000
      8   0.000    0.000   0.000   0.000   0.000   0.000   0.000   0.000   0.000   0.000   0.000   0.000   0.000    0.000    0.000   0.000    0.000   0.000   0.000   0.000   0.000   0.000    0.000    0.000      0.000    0.000   0.000    0.000     0.000    0.000      0.000   0.000
      9   0.000    0.000   0.000   0.000   0.000   0.000   0.000   0.000   0.000   0.000   0.000   0.000   0.000    0.000    0.000   0.000    0.000   0.000   0.000   0.000   0.000   0.000    0.000    0.000      0.000    0.000   0.000    0.000     0.000    0.000      0.000   0.000
    Sum   0.012    0.001   0.009   0.000   0.000   0.000   0.000   0.000   0.000   0.000   0.000   0.000   0.000    0.002    0.000   0.000    0.000   0.000   0.000   0.000   0.000   0.000    0.000    0.000      0.000    0.000   0.000    0.000     0.000    0.000      0.000   0.012


Summary
------------------------------------------------------------------------------------------------------------------------------
                  dt  Flu_Adv  Gra_Adv  Src_Adv  Che_Adv       SF   FB_Adv    FixUp     Flag   Refine MPI_Grid   Output      Aux       LB CorrSync      Par -MPI_Par    libyt         Sum
    Time      0.0007   0.0088   0.0000   0.0000   0.0000   0.0000   0.0000   0.0000   0.0000   0.0000   0.0023   0.0182   0.0561   0.0008   0.0000   0.0000   0.0000   0.0000      0.0868
    Frac      0.774%  10.135%   0.000%   0.000%   0.000%   0.000%   0.000%   0.000%   0.000%   0.000%   2.651%  20.914%  64.593%   0.919%   0.000%   0.000%   0.000%   0.000%     99.985%

==============================================================================================================================
==============================================================================================================================



Time : 4.2430957e-02 -> 4.3518930e-02,     Step :       39 ->       40

Main Loop
------------------------------------------------------------------------------------------------------------------------------
       Total    Integration       Output    Auxiliary    LoadBalance       CorrSync          libyt            Sum
      0.0756         0.0051       0.0165       0.0532         0.0009         0.0000         0.0000         0.0756


Integration Loop
------------------------------------------------------------------------------------------------------------------------------
     Lv   Total       dt Flu_Adv Gra_Adv Src_Adv Che_Adv      SF  FB_Adv   FixUp    Flag  Refine Buf_Rho Buf_Pot Buf_Flu1 Buf_Flu2 Buf_Ref Buf_Flux Buf_Res Buf_Che  Par_KD   Par_K Par_K-1 Par_2Sib -MPI_Sib -MPI_FaSib Par_2Son    -MPI Par_Coll -MPI_Real -MPI_Sib -MPI_FaSib     Sum
      0   0.005    0.001   0.001   0.000   0.000   0.000   0.000   0.000   0.000   0.000   0.000   0.000   0.000    0.002    0.000   0.000    0.000   0.000   0.000   0.000   0.000   0.000    0.000    0.000      0.000    0.000   0.000    0.000     0.000    0.000      0.000   0.005
      1   0.000    0.000   0.000   0.000   0.000   0.000   0.000   0.000   0.000   0.000   0.000   0.000   0.000    0.000    0.000   0.000    0.000   0.000   0.000   0.000   0.000   0.000    0.000    0.000      0.000    0.000   0.000    0.000     0.000    0.000      0.000   0.000
      2   0.000    0.000   0.000   0.000   0.000   0.000   0.000   0.000   0.000   0.000   0.000   0.000   0.000    0.000    0.000   0.000    0.000   0.000   0.000   0.000   0.000   0.000    0.000    0.000      0.000    0.000   0.000    0.000     0.000    0.000      0.000   0.000
      3   0.000    0.000   0.000   0.000   0.000   0.000   0.000   0.000   0.000   0.000   0.000   0.000   0.000    0.000    0.000   0.000    0.000   0.000   0.000   0.000   0.000   0.000    0.000    0.000      0.000    0.000   0.000    0.000     0.000    0.000      0.000   0.000
      4   0.000    0.000   0.000   0.000   0.000   0.000   0.000   0.000   0.000   0.000   0.000   0.000   0.000    0.000    0.000   0.000    0.000   0.000   0.000   0.000   0.000   0.000    0.000    0.000      0.000    0.000   0.000    0.000     0.000    0.000      0.000   0.000
      5   0.000    0.000   0.000   0.000   0.000   0.000   0.000   0.000   0.000   0.000   0.000   0.000   0.000    0.000    0.000   0.000    0.000   0.000   0.000   0.000   0.000   0.000    0.000    0.000      0.000    0.000   0.000    0.000     0.000    0.000      0.000   0.000
      6   0.000    0.000   0.000   0.000   0.000   0.000   0.000   0.000   0.000   0.000   0.000   0.000   0.000    0.000    0.000   0.000    0.000   0.000   0.000   0.000   0.000   0.000    0.000    0.000      0.000    0.000   0.000    0.000     0.000    0.000      0.000   0.000
      7   0.000    0.000   0.000   0.000   0.000   0.000   0.000   0.000   0.000   0.000   0.000   0.000   0.000    0.000    0.000   0.000    0.000   0.000   0.000   0.000   0.000   0.000    0.000    0.000      0.000    0.000   0.000    0.000     0.000    0.000      0.000   0.000
      8   0.000    0.000   0.000   0.000   0.000   0.000   0.000   0.000   0.000   0.000   0.000   0.000   0.000    0.000    0.000   0.000    0.000   0.000   0.000   0.000   0.000   0.000    0.000    0.000      0.000    0.000   0.000    0.000     0.000    0.000      0.000   0.000
      9   0.000    0.000   0.000   0.000   0.000   0.000   0.000   0.000   0.000   0.000   0.000   0.000   0.000    0.000    0.000   0.000    0.000   0.000   0.000   0.000   0.000   0.000    0.000    0.000      0.000    0.000   0.000    0.000     0.000    0.000      0.000   0.000
    Sum   0.005    0.001   0.001   0.000   0.000   0.000   0.000   0.000   0.000   0.000   0.000   0.000   0.000    0.002    0.000   0.000    0.000   0.000   0.000   0.000   0.000   0.000    0.000    0.000      0.000    0.000   0.000    0.000     0.000    0.000      0.000   0.005


Summary
------------------------------------------------------------------------------------------------------------------------------
                  dt  Flu_Adv  Gra_Adv  Src_Adv  Che_Adv       SF   FB_Adv    FixUp     Flag   Refine MPI_Grid   Output      Aux       LB CorrSync      Par -MPI_Par    libyt         Sum
    Time      0.0007   0.0014   0.0000   0.0000   0.0000   0.0000   0.0000   0.0000   0.0002   0.0004   0.0025   0.0165   0.0532   0.0009   0.0000   0.0000   0.0000   0.0000      0.0756
    Frac      0.897%   1.804%   0.000%   0.000%   0.000%   0.000%   0.000%   0.000%   0.302%   0.485%   3.280%  21.774%  70.316%   1.127%   0.000%   0.000%   0.000%   0.000%     99.984%

==============================================================================================================================
==============================================================================================================================



Time : 4.3518930e-02 -> 4.4606903e-02,     Step :       40 ->       41

Main Loop
------------------------------------------------------------------------------------------------------------------------------
       Total    Integration       Output    Auxiliary    LoadBalance       CorrSync          libyt            Sum
      0.0601         0.0042       0.0185       0.0366         0.0008         0.0000         0.0000         0.0601


Integration Loop
------------------------------------------------------------------------------------------------------------------------------
     Lv   Total       dt Flu_Adv Gra_Adv Src_Adv Che_Adv      SF  FB_Adv   FixUp    Flag  Refine Buf_Rho Buf_Pot Buf_Flu1 Buf_Flu2 Buf_Ref Buf_Flux Buf_Res Buf_Che  Par_KD   Par_K Par_K-1 Par_2Sib -MPI_Sib -MPI_FaSib Par_2Son    -MPI Par_Coll -MPI_Real -MPI_Sib -MPI_FaSib     Sum
      0   0.004    0.001   0.001   0.000   0.000   0.000   0.000   0.000   0.000   0.000   0.000   0.000   0.000    0.002    0.000   0.000    0.000   0.000   0.000   0.000   0.000   0.000    0.000    0.000      0.000    0.000   0.000    0.000     0.000    0.000      0.000   0.004
      1   0.000    0.000   0.000   0.000   0.000   0.000   0.000   0.000   0.000   0.000   0.000   0.000   0.000    0.000    0.000   0.000    0.000   0.000   0.000   0.000   0.000   0.000    0.000    0.000      0.000    0.000   0.000    0.000     0.000    0.000      0.000   0.000
      2   0.000    0.000   0.000   0.000   0.000   0.000   0.000   0.000   0.000   0.000   0.000   0.000   0.000    0.000    0.000   0.000    0.000   0.000   0.000   0.000   0.000   0.000    0.000    0.000      0.000    0.000   0.000    0.000     0.000    0.000      0.000   0.000
      3   0.000    0.000   0.000   0.000   0.000   0.000   0.000   0.000   0.000   0.000   0.000   0.000   0.000    0.000    0.000   0.000    0.000   0.000   0.000   0.000   0.000   0.000    0.000    0.000      0.000    0.000   0.000    0.000     0.000    0.000      0.000   0.000
      4   0.000    0.000   0.000   0.000   0.000   0.000   0.000   0.000   0.000   0.000   0.000   0.000   0.000    0.000    0.000   0.000    0.000   0.000   0.000   0.000   0.000   0.000    0.000    0.000      0.000    0.000   0.000    0.000     0.000    0.000      0.000   0.000
      5   0.000    0.000   0.000   0.000   0.000   0.000   0.000   0.000   0.000   0.000   0.000   0.000   0.000    0.000    0.000   0.000    0.000   0.000   0.000   0.000   0.000   0.000    0.000    0.000      0.000    0.000   0.000    0.000     0.000    0.000      0.000   0.000
      6   0.000    0.000   0.000   0.000   0.000   0.000   0.000   0.000   0.000   0.000   0.000   0.000   0.000    0.000    0.000   0.000    0.000   0.000   0.000   0.000   0.000   0.000    0.000    0.000      0.000    0.000   0.000    0.000     0.000    0.000      0.000   0.000
      7   0.000    0.000   0.000   0.000   0.000   0.000   0.000   0.000   0.000   0.000   0.000   0.000   0.000    0.000    0.000   0.000    0.000   0.000   0.000   0.000   0.000   0.000    0.000    0.000      0.000    0.000   0.000    0.000     0.000    0.000      0.000   0.000
      8   0.000    0.000   0.000   0.000   0.000   0.000   0.000   0.000   0.000   0.000   0.000   0.000   0.000    0.000    0.000   0.000    0.000   0.000   0.000   0.000   0.000   0.000    0.000    0.000      0.000    0.000   0.000    0.000     0.000    0.000      0.000   0.000
      9   0.000    0.000   0.000   0.000   0.000   0.000   0.000   0.000   0.000   0.000   0.000   0.000   0.000    0.000    0.000   0.000    0.000   0.000   0.000   0.000   0.000   0.000    0.000    0.000      0.000    0.000   0.000    0.000     0.000    0.000      0.000   0.000
    Sum   0.004    0.001   0.001   0.000   0.000   0.000   0.000   0.000   0.000   0.000   0.000   0.000   0.000    0.002    0.000   0.000    0.000   0.000   0.000   0.000   0.000   0.000    0.000    0.000      0.000    0.000   0.000    0.000     0.000    0.000      0.000   0.004


Summary
------------------------------------------------------------------------------------------------------------------------------
                  dt  Flu_Adv  Gra_Adv  Src_Adv  Che_Adv       SF   FB_Adv    FixUp     Flag   Refine MPI_Grid   Output      Aux       LB CorrSync      Par -MPI_Par    libyt         Sum
    Time      0.0007   0.0013   0.0000   0.0000   0.0000   0.0000   0.0000   0.0000   0.0000   0.0000   0.0022   0.0185   0.0366   0.0008   0.0000   0.0000   0.0000   0.0000      0.0601
    Frac      1.090%   2.235%   0.000%   0.000%   0.000%   0.000%   0.000%   0.000%   0.000%   0.000%   3.734%  30.708%  60.939%   1.273%   0.000%   0.000%   0.000%   0.000%     99.978%

==============================================================================================================================
==============================================================================================================================



Time : 4.4606903e-02 -> 4.5694876e-02,     Step :       41 ->       42

Main Loop
------------------------------------------------------------------------------------------------------------------------------
       Total    Integration       Output    Auxiliary    LoadBalance       CorrSync          libyt            Sum
      0.0723         0.0119       0.0196       0.0400         0.0008         0.0000         0.0000         0.0723


Integration Loop
------------------------------------------------------------------------------------------------------------------------------
     Lv   Total       dt Flu_Adv Gra_Adv Src_Adv Che_Adv      SF  FB_Adv   FixUp    Flag  Refine Buf_Rho Buf_Pot Buf_Flu1 Buf_Flu2 Buf_Ref Buf_Flux Buf_Res Buf_Che  Par_KD   Par_K Par_K-1 Par_2Sib -MPI_Sib -MPI_FaSib Par_2Son    -MPI Par_Coll -MPI_Real -MPI_Sib -MPI_FaSib     Sum
      0   0.012    0.001   0.009   0.000   0.000   0.000   0.000   0.000   0.000   0.000   0.000   0.000   0.000    0.002    0.000   0.000    0.000   0.000   0.000   0.000   0.000   0.000    0.000    0.000      0.000    0.000   0.000    0.000     0.000    0.000      0.000   0.012
      1   0.000    0.000   0.000   0.000   0.000   0.000   0.000   0.000   0.000   0.000   0.000   0.000   0.000    0.000    0.000   0.000    0.000   0.000   0.000   0.000   0.000   0.000    0.000    0.000      0.000    0.000   0.000    0.000     0.000    0.000      0.000   0.000
      2   0.000    0.000   0.000   0.000   0.000   0.000   0.000   0.000   0.000   0.000   0.000   0.000   0.000    0.000    0.000   0.000    0.000   0.000   0.000   0.000   0.000   0.000    0.000    0.000      0.000    0.000   0.000    0.000     0.000    0.000      0.000   0.000
      3   0.000    0.000   0.000   0.000   0.000   0.000   0.000   0.000   0.000   0.000   0.000   0.000   0.000    0.000    0.000   0.000    0.000   0.000   0.000   0.000   0.000   0.000    0.000    0.000      0.000    0.000   0.000    0.000     0.000    0.000      0.000   0.000
      4   0.000    0.000   0.000   0.000   0.000   0.000   0.000   0.000   0.000   0.000   0.000   0.000   0.000    0.000    0.000   0.000    0.000   0.000   0.000   0.000   0.000   0.000    0.000    0.000      0.000    0.000   0.000    0.000     0.000    0.000      0.000   0.000
      5   0.000    0.000   0.000   0.000   0.000   0.000   0.000   0.000   0.000   0.000   0.000   0.000   0.000    0.000    0.000   0.000    0.000   0.000   0.000   0.000   0.000   0.000    0.000    0.000      0.000    0.000   0.000    0.000     0.000    0.000      0.000   0.000
      6   0.000    0.000   0.000   0.000   0.000   0.000   0.000   0.000   0.000   0.000   0.000   0.000   0.000    0.000    0.000   0.000    0.000   0.000   0.000   0.000   0.000   0.000    0.000    0.000      0.000    0.000   0.000    0.000     0.000    0.000      0.000   0.000
      7   0.000    0.000   0.000   0.000   0.000   0.000   0.000   0.000   0.000   0.000   0.000   0.000   0.000    0.000    0.000   0.000    0.000   0.000   0.000   0.000   0.000   0.000    0.000    0.000      0.000    0.000   0.000    0.000     0.000    0.000      0.000   0.000
      8   0.000    0.000   0.000   0.000   0.000   0.000   0.000   0.000   0.000   0.000   0.000   0.000   0.000    0.000    0.000   0.000    0.000   0.000   0.000   0.000   0.000   0.000    0.000    0.000      0.000    0.000   0.000    0.000     0.000    0.000      0.000   0.000
      9   0.000    0.000   0.000   0.000   0.000   0.000   0.000   0.000   0.000   0.000   0.000   0.000   0.000    0.000    0.000   0.000    0.000   0.000   0.000   0.000   0.000   0.000    0.000    0.000      0.000    0.000   0.000    0.000     0.000    0.000      0.000   0.000
    Sum   0.012    0.001   0.009   0.000   0.000   0.000   0.000   0.000   0.000   0.000   0.000   0.000   0.000    0.002    0.000   0.000    0.000   0.000   0.000   0.000   0.000   0.000    0.000    0.000      0.000    0.000   0.000    0.000     0.000    0.000      0.000   0.012


Summary
------------------------------------------------------------------------------------------------------------------------------
                  dt  Flu_Adv  Gra_Adv  Src_Adv  Che_Adv       SF   FB_Adv    FixUp     Flag   Refine MPI_Grid   Output      Aux       LB CorrSync      Par -MPI_Par    libyt         Sum
    Time      0.0007   0.0089   0.0000   0.0000   0.0000   0.0000   0.0000   0.0000   0.0000   0.0000   0.0023   0.0196   0.0400   0.0008   0.0000   0.0000   0.0000   0.0000      0.0723
    Frac      0.983%  12.360%   0.000%   0.000%   0.000%   0.000%   0.000%   0.000%   0.000%   0.000%   3.138%  27.104%  55.309%   1.086%   0.000%   0.000%   0.000%   0.000%     99.981%

==============================================================================================================================
==============================================================================================================================



Time : 4.5694876e-02 -> 4.6782849e-02,     Step :       42 ->       43

Main Loop
------------------------------------------------------------------------------------------------------------------------------
       Total    Integration       Output    Auxiliary    LoadBalance       CorrSync          libyt            Sum
      0.0864         0.0048       0.0407       0.0402         0.0008         0.0000         0.0000         0.0864


Integration Loop
------------------------------------------------------------------------------------------------------------------------------
     Lv   Total       dt Flu_Adv Gra_Adv Src_Adv Che_Adv      SF  FB_Adv   FixUp    Flag  Refine Buf_Rho Buf_Pot Buf_Flu1 Buf_Flu2 Buf_Ref Buf_Flux Buf_Res Buf_Che  Par_KD   Par_K Par_K-1 Par_2Sib -MPI_Sib -MPI_FaSib Par_2Son    -MPI Par_Coll -MPI_Real -MPI_Sib -MPI_FaSib     Sum
      0   0.005    0.001   0.001   0.000   0.000   0.000   0.000   0.000   0.000   0.000   0.000   0.000   0.000    0.003    0.000   0.000    0.000   0.000   0.000   0.000   0.000   0.000    0.000    0.000      0.000    0.000   0.000    0.000     0.000    0.000      0.000   0.005
      1   0.000    0.000   0.000   0.000   0.000   0.000   0.000   0.000   0.000   0.000   0.000   0.000   0.000    0.000    0.000   0.000    0.000   0.000   0.000   0.000   0.000   0.000    0.000    0.000      0.000    0.000   0.000    0.000     0.000    0.000      0.000   0.000
      2   0.000    0.000   0.000   0.000   0.000   0.000   0.000   0.000   0.000   0.000   0.000   0.000   0.000    0.000    0.000   0.000    0.000   0.000   0.000   0.000   0.000   0.000    0.000    0.000      0.000    0.000   0.000    0.000     0.000    0.000      0.000   0.000
      3   0.000    0.000   0.000   0.000   0.000   0.000   0.000   0.000   0.000   0.000   0.000   0.000   0.000    0.000    0.000   0.000    0.000   0.000   0.000   0.000   0.000   0.000    0.000    0.000      0.000    0.000   0.000    0.000     0.000    0.000      0.000   0.000
      4   0.000    0.000   0.000   0.000   0.000   0.000   0.000   0.000   0.000   0.000   0.000   0.000   0.000    0.000    0.000   0.000    0.000   0.000   0.000   0.000   0.000   0.000    0.000    0.000      0.000    0.000   0.000    0.000     0.000    0.000      0.000   0.000
      5   0.000    0.000   0.000   0.000   0.000   0.000   0.000   0.000   0.000   0.000   0.000   0.000   0.000    0.000    0.000   0.000    0.000   0.000   0.000   0.000   0.000   0.000    0.000    0.000      0.000    0.000   0.000    0.000     0.000    0.000      0.000   0.000
      6   0.000    0.000   0.000   0.000   0.000   0.000   0.000   0.000   0.000   0.000   0.000   0.000   0.000    0.000    0.000   0.000    0.000   0.000   0.000   0.000   0.000   0.000    0.000    0.000      0.000    0.000   0.000    0.000     0.000    0.000      0.000   0.000
      7   0.000    0.000   0.000   0.000   0.000   0.000   0.000   0.000   0.000   0.000   0.000   0.000   0.000    0.000    0.000   0.000    0.000   0.000   0.000   0.000   0.000   0.000    0.000    0.000      0.000    0.000   0.000    0.000     0.000    0.000      0.000   0.000
      8   0.000    0.000   0.000   0.000   0.000   0.000   0.000   0.000   0.000   0.000   0.000   0.000   0.000    0.000    0.000   0.000    0.000   0.000   0.000   0.000   0.000   0.000    0.000    0.000      0.000    0.000   0.000    0.000     0.000    0.000      0.000   0.000
      9   0.000    0.000   0.000   0.000   0.000   0.000   0.000   0.000   0.000   0.000   0.000   0.000   0.000    0.000    0.000   0.000    0.000   0.000   0.000   0.000   0.000   0.000    0.000    0.000      0.000    0.000   0.000    0.000     0.000    0.000      0.000   0.000
    Sum   0.005    0.001   0.001   0.000   0.000   0.000   0.000   0.000   0.000   0.000   0.000   0.000   0.000    0.003    0.000   0.000    0.000   0.000   0.000   0.000   0.000   0.000    0.000    0.000      0.000    0.000   0.000    0.000     0.000    0.000      0.000   0.005


Summary
------------------------------------------------------------------------------------------------------------------------------
                  dt  Flu_Adv  Gra_Adv  Src_Adv  Che_Adv       SF   FB_Adv    FixUp     Flag   Refine MPI_Grid   Output      Aux       LB CorrSync      Par -MPI_Par    libyt         Sum
    Time      0.0007   0.0015   0.0000   0.0000   0.0000   0.0000   0.0000   0.0000   0.0000   0.0000   0.0026   0.0407   0.0402   0.0008   0.0000   0.0000   0.0000   0.0000      0.0864
    Frac      0.804%   1.701%   0.000%   0.000%   0.000%   0.000%   0.000%   0.000%   0.000%   0.000%   3.024%  47.042%  46.499%   0.920%   0.000%   0.000%   0.000%   0.000%     99.990%

==============================================================================================================================
==============================================================================================================================



Time : 4.6782849e-02 -> 4.7870823e-02,     Step :       43 ->       44

Main Loop
------------------------------------------------------------------------------------------------------------------------------
       Total    Integration       Output    Auxiliary    LoadBalance       CorrSync          libyt            Sum
      0.0463         0.0053       0.0102       0.0275         0.0032         0.0000         0.0000         0.0463


Integration Loop
------------------------------------------------------------------------------------------------------------------------------
     Lv   Total       dt Flu_Adv Gra_Adv Src_Adv Che_Adv      SF  FB_Adv   FixUp    Flag  Refine Buf_Rho Buf_Pot Buf_Flu1 Buf_Flu2 Buf_Ref Buf_Flux Buf_Res Buf_Che  Par_KD   Par_K Par_K-1 Par_2Sib -MPI_Sib -MPI_FaSib Par_2Son    -MPI Par_Coll -MPI_Real -MPI_Sib -MPI_FaSib     Sum
      0   0.005    0.001   0.001   0.000   0.000   0.000   0.000   0.000   0.000   0.000   0.000   0.000   0.000    0.002    0.000   0.000    0.000   0.000   0.000   0.000   0.000   0.000    0.000    0.000      0.000    0.000   0.000    0.000     0.000    0.000      0.000   0.005
      1   0.000    0.000   0.000   0.000   0.000   0.000   0.000   0.000   0.000   0.000   0.000   0.000   0.000    0.000    0.000   0.000    0.000   0.000   0.000   0.000   0.000   0.000    0.000    0.000      0.000    0.000   0.000    0.000     0.000    0.000      0.000   0.000
      2   0.000    0.000   0.000   0.000   0.000   0.000   0.000   0.000   0.000   0.000   0.000   0.000   0.000    0.000    0.000   0.000    0.000   0.000   0.000   0.000   0.000   0.000    0.000    0.000      0.000    0.000   0.000    0.000     0.000    0.000      0.000   0.000
      3   0.000    0.000   0.000   0.000   0.000   0.000   0.000   0.000   0.000   0.000   0.000   0.000   0.000    0.000    0.000   0.000    0.000   0.000   0.000   0.000   0.000   0.000    0.000    0.000      0.000    0.000   0.000    0.000     0.000    0.000      0.000   0.000
      4   0.000    0.000   0.000   0.000   0.000   0.000   0.000   0.000   0.000   0.000   0.000   0.000   0.000    0.000    0.000   0.000    0.000   0.000   0.000   0.000   0.000   0.000    0.000    0.000      0.000    0.000   0.000    0.000     0.000    0.000      0.000   0.000
      5   0.000    0.000   0.000   0.000   0.000   0.000   0.000   0.000   0.000   0.000   0.000   0.000   0.000    0.000    0.000   0.000    0.000   0.000   0.000   0.000   0.000   0.000    0.000    0.000      0.000    0.000   0.000    0.000     0.000    0.000      0.000   0.000
      6   0.000    0.000   0.000   0.000   0.000   0.000   0.000   0.000   0.000   0.000   0.000   0.000   0.000    0.000    0.000   0.000    0.000   0.000   0.000   0.000   0.000   0.000    0.000    0.000      0.000    0.000   0.000    0.000     0.000    0.000      0.000   0.000
      7   0.000    0.000   0.000   0.000   0.000   0.000   0.000   0.000   0.000   0.000   0.000   0.000   0.000    0.000    0.000   0.000    0.000   0.000   0.000   0.000   0.000   0.000    0.000    0.000      0.000    0.000   0.000    0.000     0.000    0.000      0.000   0.000
      8   0.000    0.000   0.000   0.000   0.000   0.000   0.000   0.000   0.000   0.000   0.000   0.000   0.000    0.000    0.000   0.000    0.000   0.000   0.000   0.000   0.000   0.000    0.000    0.000      0.000    0.000   0.000    0.000     0.000    0.000      0.000   0.000
      9   0.000    0.000   0.000   0.000   0.000   0.000   0.000   0.000   0.000   0.000   0.000   0.000   0.000    0.000    0.000   0.000    0.000   0.000   0.000   0.000   0.000   0.000    0.000    0.000      0.000    0.000   0.000    0.000     0.000    0.000      0.000   0.000
    Sum   0.005    0.001   0.001   0.000   0.000   0.000   0.000   0.000   0.000   0.000   0.000   0.000   0.000    0.002    0.000   0.000    0.000   0.000   0.000   0.000   0.000   0.000    0.000    0.000      0.000    0.000   0.000    0.000     0.000    0.000      0.000   0.005


Summary
------------------------------------------------------------------------------------------------------------------------------
                  dt  Flu_Adv  Gra_Adv  Src_Adv  Che_Adv       SF   FB_Adv    FixUp     Flag   Refine MPI_Grid   Output      Aux       LB CorrSync      Par -MPI_Par    libyt         Sum
    Time      0.0007   0.0015   0.0000   0.0000   0.0000   0.0000   0.0000   0.0000   0.0004   0.0004   0.0024   0.0102   0.0275   0.0032   0.0000   0.0000   0.0000   0.0000      0.0463
    Frac      1.463%   3.185%   0.000%   0.000%   0.000%   0.000%   0.000%   0.000%   0.797%   0.791%   5.128%  22.101%  59.500%   7.010%   0.000%   0.000%   0.000%   0.000%     99.974%

==============================================================================================================================
==============================================================================================================================



Time : 4.7870823e-02 -> 4.8958796e-02,     Step :       44 ->       45

Main Loop
------------------------------------------------------------------------------------------------------------------------------
       Total    Integration       Output    Auxiliary    LoadBalance       CorrSync          libyt            Sum
      0.0645         0.0120       0.0193       0.0324         0.0008         0.0000         0.0000         0.0645


Integration Loop
------------------------------------------------------------------------------------------------------------------------------
     Lv   Total       dt Flu_Adv Gra_Adv Src_Adv Che_Adv      SF  FB_Adv   FixUp    Flag  Refine Buf_Rho Buf_Pot Buf_Flu1 Buf_Flu2 Buf_Ref Buf_Flux Buf_Res Buf_Che  Par_KD   Par_K Par_K-1 Par_2Sib -MPI_Sib -MPI_FaSib Par_2Son    -MPI Par_Coll -MPI_Real -MPI_Sib -MPI_FaSib     Sum
      0   0.012    0.001   0.009   0.000   0.000   0.000   0.000   0.000   0.000   0.000   0.000   0.000   0.000    0.002    0.000   0.000    0.000   0.000   0.000   0.000   0.000   0.000    0.000    0.000      0.000    0.000   0.000    0.000     0.000    0.000      0.000   0.012
      1   0.000    0.000   0.000   0.000   0.000   0.000   0.000   0.000   0.000   0.000   0.000   0.000   0.000    0.000    0.000   0.000    0.000   0.000   0.000   0.000   0.000   0.000    0.000    0.000      0.000    0.000   0.000    0.000     0.000    0.000      0.000   0.000
      2   0.000    0.000   0.000   0.000   0.000   0.000   0.000   0.000   0.000   0.000   0.000   0.000   0.000    0.000    0.000   0.000    0.000   0.000   0.000   0.000   0.000   0.000    0.000    0.000      0.000    0.000   0.000    0.000     0.000    0.000      0.000   0.000
      3   0.000    0.000   0.000   0.000   0.000   0.000   0.000   0.000   0.000   0.000   0.000   0.000   0.000    0.000    0.000   0.000    0.000   0.000   0.000   0.000   0.000   0.000    0.000    0.000      0.000    0.000   0.000    0.000     0.000    0.000      0.000   0.000
      4   0.000    0.000   0.000   0.000   0.000   0.000   0.000   0.000   0.000   0.000   0.000   0.000   0.000    0.000    0.000   0.000    0.000   0.000   0.000   0.000   0.000   0.000    0.000    0.000      0.000    0.000   0.000    0.000     0.000    0.000      0.000   0.000
      5   0.000    0.000   0.000   0.000   0.000   0.000   0.000   0.000   0.000   0.000   0.000   0.000   0.000    0.000    0.000   0.000    0.000   0.000   0.000   0.000   0.000   0.000    0.000    0.000      0.000    0.000   0.000    0.000     0.000    0.000      0.000   0.000
      6   0.000    0.000   0.000   0.000   0.000   0.000   0.000   0.000   0.000   0.000   0.000   0.000   0.000    0.000    0.000   0.000    0.000   0.000   0.000   0.000   0.000   0.000    0.000    0.000      0.000    0.000   0.000    0.000     0.000    0.000      0.000   0.000
      7   0.000    0.000   0.000   0.000   0.000   0.000   0.000   0.000   0.000   0.000   0.000   0.000   0.000    0.000    0.000   0.000    0.000   0.000   0.000   0.000   0.000   0.000    0.000    0.000      0.000    0.000   0.000    0.000     0.000    0.000      0.000   0.000
      8   0.000    0.000   0.000   0.000   0.000   0.000   0.000   0.000   0.000   0.000   0.000   0.000   0.000    0.000    0.000   0.000    0.000   0.000   0.000   0.000   0.000   0.000    0.000    0.000      0.000    0.000   0.000    0.000     0.000    0.000      0.000   0.000
      9   0.000    0.000   0.000   0.000   0.000   0.000   0.000   0.000   0.000   0.000   0.000   0.000   0.000    0.000    0.000   0.000    0.000   0.000   0.000   0.000   0.000   0.000    0.000    0.000      0.000    0.000   0.000    0.000     0.000    0.000      0.000   0.000
    Sum   0.012    0.001   0.009   0.000   0.000   0.000   0.000   0.000   0.000   0.000   0.000   0.000   0.000    0.002    0.000   0.000    0.000   0.000   0.000   0.000   0.000   0.000    0.000    0.000      0.000    0.000   0.000    0.000     0.000    0.000      0.000   0.012


Summary
------------------------------------------------------------------------------------------------------------------------------
                  dt  Flu_Adv  Gra_Adv  Src_Adv  Che_Adv       SF   FB_Adv    FixUp     Flag   Refine MPI_Grid   Output      Aux       LB CorrSync      Par -MPI_Par    libyt         Sum
    Time      0.0007   0.0090   0.0000   0.0000   0.0000   0.0000   0.0000   0.0000   0.0000   0.0000   0.0023   0.0193   0.0324   0.0008   0.0000   0.0000   0.0000   0.0000      0.0645
    Frac      1.102%  13.962%   0.000%   0.000%   0.000%   0.000%   0.000%   0.000%   0.000%   0.000%   3.520%  29.900%  50.215%   1.283%   0.000%   0.000%   0.000%   0.000%     99.981%

==============================================================================================================================
==============================================================================================================================



Time : 4.8958796e-02 -> 5.0046769e-02,     Step :       45 ->       46

Main Loop
------------------------------------------------------------------------------------------------------------------------------
       Total    Integration       Output    Auxiliary    LoadBalance       CorrSync          libyt            Sum
      0.0603         0.0045       0.0147       0.0402         0.0008         0.0000         0.0000         0.0602


Integration Loop
------------------------------------------------------------------------------------------------------------------------------
     Lv   Total       dt Flu_Adv Gra_Adv Src_Adv Che_Adv      SF  FB_Adv   FixUp    Flag  Refine Buf_Rho Buf_Pot Buf_Flu1 Buf_Flu2 Buf_Ref Buf_Flux Buf_Res Buf_Che  Par_KD   Par_K Par_K-1 Par_2Sib -MPI_Sib -MPI_FaSib Par_2Son    -MPI Par_Coll -MPI_Real -MPI_Sib -MPI_FaSib     Sum
      0   0.004    0.001   0.001   0.000   0.000   0.000   0.000   0.000   0.000   0.000   0.000   0.000   0.000    0.002    0.000   0.000    0.000   0.000   0.000   0.000   0.000   0.000    0.000    0.000      0.000    0.000   0.000    0.000     0.000    0.000      0.000   0.004
      1   0.000    0.000   0.000   0.000   0.000   0.000   0.000   0.000   0.000   0.000   0.000   0.000   0.000    0.000    0.000   0.000    0.000   0.000   0.000   0.000   0.000   0.000    0.000    0.000      0.000    0.000   0.000    0.000     0.000    0.000      0.000   0.000
      2   0.000    0.000   0.000   0.000   0.000   0.000   0.000   0.000   0.000   0.000   0.000   0.000   0.000    0.000    0.000   0.000    0.000   0.000   0.000   0.000   0.000   0.000    0.000    0.000      0.000    0.000   0.000    0.000     0.000    0.000      0.000   0.000
      3   0.000    0.000   0.000   0.000   0.000   0.000   0.000   0.000   0.000   0.000   0.000   0.000   0.000    0.000    0.000   0.000    0.000   0.000   0.000   0.000   0.000   0.000    0.000    0.000      0.000    0.000   0.000    0.000     0.000    0.000      0.000   0.000
      4   0.000    0.000   0.000   0.000   0.000   0.000   0.000   0.000   0.000   0.000   0.000   0.000   0.000    0.000    0.000   0.000    0.000   0.000   0.000   0.000   0.000   0.000    0.000    0.000      0.000    0.000   0.000    0.000     0.000    0.000      0.000   0.000
      5   0.000    0.000   0.000   0.000   0.000   0.000   0.000   0.000   0.000   0.000   0.000   0.000   0.000    0.000    0.000   0.000    0.000   0.000   0.000   0.000   0.000   0.000    0.000    0.000      0.000    0.000   0.000    0.000     0.000    0.000      0.000   0.000
      6   0.000    0.000   0.000   0.000   0.000   0.000   0.000   0.000   0.000   0.000   0.000   0.000   0.000    0.000    0.000   0.000    0.000   0.000   0.000   0.000   0.000   0.000    0.000    0.000      0.000    0.000   0.000    0.000     0.000    0.000      0.000   0.000
      7   0.000    0.000   0.000   0.000   0.000   0.000   0.000   0.000   0.000   0.000   0.000   0.000   0.000    0.000    0.000   0.000    0.000   0.000   0.000   0.000   0.000   0.000    0.000    0.000      0.000    0.000   0.000    0.000     0.000    0.000      0.000   0.000
      8   0.000    0.000   0.000   0.000   0.000   0.000   0.000   0.000   0.000   0.000   0.000   0.000   0.000    0.000    0.000   0.000    0.000   0.000   0.000   0.000   0.000   0.000    0.000    0.000      0.000    0.000   0.000    0.000     0.000    0.000      0.000   0.000
      9   0.000    0.000   0.000   0.000   0.000   0.000   0.000   0.000   0.000   0.000   0.000   0.000   0.000    0.000    0.000   0.000    0.000   0.000   0.000   0.000   0.000   0.000    0.000    0.000      0.000    0.000   0.000    0.000     0.000    0.000      0.000   0.000
    Sum   0.004    0.001   0.001   0.000   0.000   0.000   0.000   0.000   0.000   0.000   0.000   0.000   0.000    0.002    0.000   0.000    0.000   0.000   0.000   0.000   0.000   0.000    0.000    0.000      0.000    0.000   0.000    0.000     0.000    0.000      0.000   0.004


Summary
------------------------------------------------------------------------------------------------------------------------------
                  dt  Flu_Adv  Gra_Adv  Src_Adv  Che_Adv       SF   FB_Adv    FixUp     Flag   Refine MPI_Grid   Output      Aux       LB CorrSync      Par -MPI_Par    libyt         Sum
    Time      0.0006   0.0013   0.0000   0.0000   0.0000   0.0000   0.0000   0.0000   0.0000   0.0000   0.0025   0.0147   0.0402   0.0008   0.0000   0.0000   0.0000   0.0000      0.0602
    Frac      1.070%   2.207%   0.000%   0.000%   0.000%   0.000%   0.000%   0.000%   0.000%   0.000%   4.144%  24.466%  66.762%   1.334%   0.000%   0.000%   0.000%   0.000%     99.985%

==============================================================================================================================
==============================================================================================================================



Time : 5.0046769e-02 -> 5.1134742e-02,     Step :       46 ->       47

Main Loop
------------------------------------------------------------------------------------------------------------------------------
       Total    Integration       Output    Auxiliary    LoadBalance       CorrSync          libyt            Sum
      0.1386         0.0201       0.0232       0.0944         0.0008         0.0000         0.0000         0.1386


Integration Loop
------------------------------------------------------------------------------------------------------------------------------
     Lv   Total       dt Flu_Adv Gra_Adv Src_Adv Che_Adv      SF  FB_Adv   FixUp    Flag  Refine Buf_Rho Buf_Pot Buf_Flu1 Buf_Flu2 Buf_Ref Buf_Flux Buf_Res Buf_Che  Par_KD   Par_K Par_K-1 Par_2Sib -MPI_Sib -MPI_FaSib Par_2Son    -MPI Par_Coll -MPI_Real -MPI_Sib -MPI_FaSib     Sum
      0   0.020    0.001   0.010   0.000   0.000   0.000   0.000   0.000   0.000   0.000   0.000   0.000   0.000    0.009    0.000   0.000    0.000   0.000   0.000   0.000   0.000   0.000    0.000    0.000      0.000    0.000   0.000    0.000     0.000    0.000      0.000   0.020
      1   0.000    0.000   0.000   0.000   0.000   0.000   0.000   0.000   0.000   0.000   0.000   0.000   0.000    0.000    0.000   0.000    0.000   0.000   0.000   0.000   0.000   0.000    0.000    0.000      0.000    0.000   0.000    0.000     0.000    0.000      0.000   0.000
      2   0.000    0.000   0.000   0.000   0.000   0.000   0.000   0.000   0.000   0.000   0.000   0.000   0.000    0.000    0.000   0.000    0.000   0.000   0.000   0.000   0.000   0.000    0.000    0.000      0.000    0.000   0.000    0.000     0.000    0.000      0.000   0.000
      3   0.000    0.000   0.000   0.000   0.000   0.000   0.000   0.000   0.000   0.000   0.000   0.000   0.000    0.000    0.000   0.000    0.000   0.000   0.000   0.000   0.000   0.000    0.000    0.000      0.000    0.000   0.000    0.000     0.000    0.000      0.000   0.000
      4   0.000    0.000   0.000   0.000   0.000   0.000   0.000   0.000   0.000   0.000   0.000   0.000   0.000    0.000    0.000   0.000    0.000   0.000   0.000   0.000   0.000   0.000    0.000    0.000      0.000    0.000   0.000    0.000     0.000    0.000      0.000   0.000
      5   0.000    0.000   0.000   0.000   0.000   0.000   0.000   0.000   0.000   0.000   0.000   0.000   0.000    0.000    0.000   0.000    0.000   0.000   0.000   0.000   0.000   0.000    0.000    0.000      0.000    0.000   0.000    0.000     0.000    0.000      0.000   0.000
      6   0.000    0.000   0.000   0.000   0.000   0.000   0.000   0.000   0.000   0.000   0.000   0.000   0.000    0.000    0.000   0.000    0.000   0.000   0.000   0.000   0.000   0.000    0.000    0.000      0.000    0.000   0.000    0.000     0.000    0.000      0.000   0.000
      7   0.000    0.000   0.000   0.000   0.000   0.000   0.000   0.000   0.000   0.000   0.000   0.000   0.000    0.000    0.000   0.000    0.000   0.000   0.000   0.000   0.000   0.000    0.000    0.000      0.000    0.000   0.000    0.000     0.000    0.000      0.000   0.000
      8   0.000    0.000   0.000   0.000   0.000   0.000   0.000   0.000   0.000   0.000   0.000   0.000   0.000    0.000    0.000   0.000    0.000   0.000   0.000   0.000   0.000   0.000    0.000    0.000      0.000    0.000   0.000    0.000     0.000    0.000      0.000   0.000
      9   0.000    0.000   0.000   0.000   0.000   0.000   0.000   0.000   0.000   0.000   0.000   0.000   0.000    0.000    0.000   0.000    0.000   0.000   0.000   0.000   0.000   0.000    0.000    0.000      0.000    0.000   0.000    0.000     0.000    0.000      0.000   0.000
    Sum   0.020    0.001   0.010   0.000   0.000   0.000   0.000   0.000   0.000   0.000   0.000   0.000   0.000    0.009    0.000   0.000    0.000   0.000   0.000   0.000   0.000   0.000    0.000    0.000      0.000    0.000   0.000    0.000     0.000    0.000      0.000   0.020


Summary
------------------------------------------------------------------------------------------------------------------------------
                  dt  Flu_Adv  Gra_Adv  Src_Adv  Che_Adv       SF   FB_Adv    FixUp     Flag   Refine MPI_Grid   Output      Aux       LB CorrSync      Par -MPI_Par    libyt         Sum
    Time      0.0007   0.0100   0.0000   0.0000   0.0000   0.0000   0.0000   0.0000   0.0000   0.0000   0.0094   0.0232   0.0944   0.0008   0.0000   0.0000   0.0000   0.0000      0.1386
    Frac      0.537%   7.192%   0.000%   0.000%   0.000%   0.000%   0.000%   0.000%   0.000%   0.000%   6.799%  16.746%  68.106%   0.610%   0.000%   0.000%   0.000%   0.000%     99.991%

==============================================================================================================================
==============================================================================================================================



Time : 5.1134742e-02 -> 5.2222716e-02,     Step :       47 ->       48

Main Loop
------------------------------------------------------------------------------------------------------------------------------
       Total    Integration       Output    Auxiliary    LoadBalance       CorrSync          libyt            Sum
      0.1699         0.0124       0.0431       0.1136         0.0009         0.0000         0.0000         0.1699


Integration Loop
------------------------------------------------------------------------------------------------------------------------------
     Lv   Total       dt Flu_Adv Gra_Adv Src_Adv Che_Adv      SF  FB_Adv   FixUp    Flag  Refine Buf_Rho Buf_Pot Buf_Flu1 Buf_Flu2 Buf_Ref Buf_Flux Buf_Res Buf_Che  Par_KD   Par_K Par_K-1 Par_2Sib -MPI_Sib -MPI_FaSib Par_2Son    -MPI Par_Coll -MPI_Real -MPI_Sib -MPI_FaSib     Sum
      0   0.012    0.001   0.009   0.000   0.000   0.000   0.000   0.000   0.000   0.000   0.000   0.000   0.000    0.002    0.000   0.000    0.000   0.000   0.000   0.000   0.000   0.000    0.000    0.000      0.000    0.000   0.000    0.000     0.000    0.000      0.000   0.012
      1   0.000    0.000   0.000   0.000   0.000   0.000   0.000   0.000   0.000   0.000   0.000   0.000   0.000    0.000    0.000   0.000    0.000   0.000   0.000   0.000   0.000   0.000    0.000    0.000      0.000    0.000   0.000    0.000     0.000    0.000      0.000   0.000
      2   0.000    0.000   0.000   0.000   0.000   0.000   0.000   0.000   0.000   0.000   0.000   0.000   0.000    0.000    0.000   0.000    0.000   0.000   0.000   0.000   0.000   0.000    0.000    0.000      0.000    0.000   0.000    0.000     0.000    0.000      0.000   0.000
      3   0.000    0.000   0.000   0.000   0.000   0.000   0.000   0.000   0.000   0.000   0.000   0.000   0.000    0.000    0.000   0.000    0.000   0.000   0.000   0.000   0.000   0.000    0.000    0.000      0.000    0.000   0.000    0.000     0.000    0.000      0.000   0.000
      4   0.000    0.000   0.000   0.000   0.000   0.000   0.000   0.000   0.000   0.000   0.000   0.000   0.000    0.000    0.000   0.000    0.000   0.000   0.000   0.000   0.000   0.000    0.000    0.000      0.000    0.000   0.000    0.000     0.000    0.000      0.000   0.000
      5   0.000    0.000   0.000   0.000   0.000   0.000   0.000   0.000   0.000   0.000   0.000   0.000   0.000    0.000    0.000   0.000    0.000   0.000   0.000   0.000   0.000   0.000    0.000    0.000      0.000    0.000   0.000    0.000     0.000    0.000      0.000   0.000
      6   0.000    0.000   0.000   0.000   0.000   0.000   0.000   0.000   0.000   0.000   0.000   0.000   0.000    0.000    0.000   0.000    0.000   0.000   0.000   0.000   0.000   0.000    0.000    0.000      0.000    0.000   0.000    0.000     0.000    0.000      0.000   0.000
      7   0.000    0.000   0.000   0.000   0.000   0.000   0.000   0.000   0.000   0.000   0.000   0.000   0.000    0.000    0.000   0.000    0.000   0.000   0.000   0.000   0.000   0.000    0.000    0.000      0.000    0.000   0.000    0.000     0.000    0.000      0.000   0.000
      8   0.000    0.000   0.000   0.000   0.000   0.000   0.000   0.000   0.000   0.000   0.000   0.000   0.000    0.000    0.000   0.000    0.000   0.000   0.000   0.000   0.000   0.000    0.000    0.000      0.000    0.000   0.000    0.000     0.000    0.000      0.000   0.000
      9   0.000    0.000   0.000   0.000   0.000   0.000   0.000   0.000   0.000   0.000   0.000   0.000   0.000    0.000    0.000   0.000    0.000   0.000   0.000   0.000   0.000   0.000    0.000    0.000      0.000    0.000   0.000    0.000     0.000    0.000      0.000   0.000
    Sum   0.012    0.001   0.009   0.000   0.000   0.000   0.000   0.000   0.000   0.000   0.000   0.000   0.000    0.002    0.000   0.000    0.000   0.000   0.000   0.000   0.000   0.000    0.000    0.000      0.000    0.000   0.000    0.000     0.000    0.000      0.000   0.012


Summary
------------------------------------------------------------------------------------------------------------------------------
                  dt  Flu_Adv  Gra_Adv  Src_Adv  Che_Adv       SF   FB_Adv    FixUp     Flag   Refine MPI_Grid   Output      Aux       LB CorrSync      Par -MPI_Par    libyt         Sum
    Time      0.0007   0.0088   0.0000   0.0000   0.0000   0.0000   0.0000   0.0000   0.0002   0.0003   0.0024   0.0431   0.1136   0.0009   0.0000   0.0000   0.0000   0.0000      0.1699
    Frac      0.395%   5.167%   0.000%   0.000%   0.000%   0.000%   0.000%   0.000%   0.131%   0.188%   1.386%  25.356%  66.860%   0.510%   0.000%   0.000%   0.000%   0.000%     99.993%

==============================================================================================================================
==============================================================================================================================



Time : 5.2222716e-02 -> 5.3310689e-02,     Step :       48 ->       49

Main Loop
------------------------------------------------------------------------------------------------------------------------------
       Total    Integration       Output    Auxiliary    LoadBalance       CorrSync          libyt            Sum
      0.1577         0.0119       0.0375       0.1073         0.0009         0.0000         0.0000         0.1577


Integration Loop
------------------------------------------------------------------------------------------------------------------------------
     Lv   Total       dt Flu_Adv Gra_Adv Src_Adv Che_Adv      SF  FB_Adv   FixUp    Flag  Refine Buf_Rho Buf_Pot Buf_Flu1 Buf_Flu2 Buf_Ref Buf_Flux Buf_Res Buf_Che  Par_KD   Par_K Par_K-1 Par_2Sib -MPI_Sib -MPI_FaSib Par_2Son    -MPI Par_Coll -MPI_Real -MPI_Sib -MPI_FaSib     Sum
      0   0.012    0.001   0.009   0.000   0.000   0.000   0.000   0.000   0.000   0.000   0.000   0.000   0.000    0.002    0.000   0.000    0.000   0.000   0.000   0.000   0.000   0.000    0.000    0.000      0.000    0.000   0.000    0.000     0.000    0.000      0.000   0.012
      1   0.000    0.000   0.000   0.000   0.000   0.000   0.000   0.000   0.000   0.000   0.000   0.000   0.000    0.000    0.000   0.000    0.000   0.000   0.000   0.000   0.000   0.000    0.000    0.000      0.000    0.000   0.000    0.000     0.000    0.000      0.000   0.000
      2   0.000    0.000   0.000   0.000   0.000   0.000   0.000   0.000   0.000   0.000   0.000   0.000   0.000    0.000    0.000   0.000    0.000   0.000   0.000   0.000   0.000   0.000    0.000    0.000      0.000    0.000   0.000    0.000     0.000    0.000      0.000   0.000
      3   0.000    0.000   0.000   0.000   0.000   0.000   0.000   0.000   0.000   0.000   0.000   0.000   0.000    0.000    0.000   0.000    0.000   0.000   0.000   0.000   0.000   0.000    0.000    0.000      0.000    0.000   0.000    0.000     0.000    0.000      0.000   0.000
      4   0.000    0.000   0.000   0.000   0.000   0.000   0.000   0.000   0.000   0.000   0.000   0.000   0.000    0.000    0.000   0.000    0.000   0.000   0.000   0.000   0.000   0.000    0.000    0.000      0.000    0.000   0.000    0.000     0.000    0.000      0.000   0.000
      5   0.000    0.000   0.000   0.000   0.000   0.000   0.000   0.000   0.000   0.000   0.000   0.000   0.000    0.000    0.000   0.000    0.000   0.000   0.000   0.000   0.000   0.000    0.000    0.000      0.000    0.000   0.000    0.000     0.000    0.000      0.000   0.000
      6   0.000    0.000   0.000   0.000   0.000   0.000   0.000   0.000   0.000   0.000   0.000   0.000   0.000    0.000    0.000   0.000    0.000   0.000   0.000   0.000   0.000   0.000    0.000    0.000      0.000    0.000   0.000    0.000     0.000    0.000      0.000   0.000
      7   0.000    0.000   0.000   0.000   0.000   0.000   0.000   0.000   0.000   0.000   0.000   0.000   0.000    0.000    0.000   0.000    0.000   0.000   0.000   0.000   0.000   0.000    0.000    0.000      0.000    0.000   0.000    0.000     0.000    0.000      0.000   0.000
      8   0.000    0.000   0.000   0.000   0.000   0.000   0.000   0.000   0.000   0.000   0.000   0.000   0.000    0.000    0.000   0.000    0.000   0.000   0.000   0.000   0.000   0.000    0.000    0.000      0.000    0.000   0.000    0.000     0.000    0.000      0.000   0.000
      9   0.000    0.000   0.000   0.000   0.000   0.000   0.000   0.000   0.000   0.000   0.000   0.000   0.000    0.000    0.000   0.000    0.000   0.000   0.000   0.000   0.000   0.000    0.000    0.000      0.000    0.000   0.000    0.000     0.000    0.000      0.000   0.000
    Sum   0.012    0.001   0.009   0.000   0.000   0.000   0.000   0.000   0.000   0.000   0.000   0.000   0.000    0.002    0.000   0.000    0.000   0.000   0.000   0.000   0.000   0.000    0.000    0.000      0.000    0.000   0.000    0.000     0.000    0.000      0.000   0.012


Summary
------------------------------------------------------------------------------------------------------------------------------
                  dt  Flu_Adv  Gra_Adv  Src_Adv  Che_Adv       SF   FB_Adv    FixUp     Flag   Refine MPI_Grid   Output      Aux       LB CorrSync      Par -MPI_Par    libyt         Sum
    Time      0.0007   0.0088   0.0000   0.0000   0.0000   0.0000   0.0000   0.0000   0.0000   0.0000   0.0024   0.0375   0.1073   0.0009   0.0000   0.0000   0.0000   0.0000      0.1577
    Frac      0.440%   5.605%   0.000%   0.000%   0.000%   0.000%   0.000%   0.000%   0.000%   0.000%   1.527%  23.769%  68.064%   0.590%   0.000%   0.000%   0.000%   0.000%     99.994%

==============================================================================================================================
==============================================================================================================================



Time : 5.3310689e-02 -> 5.4398662e-02,     Step :       49 ->       50

Main Loop
------------------------------------------------------------------------------------------------------------------------------
       Total    Integration       Output    Auxiliary    LoadBalance       CorrSync          libyt            Sum
      0.1553         0.0121       0.0524       0.0900         0.0008         0.0000         0.0000         0.1553


Integration Loop
------------------------------------------------------------------------------------------------------------------------------
     Lv   Total       dt Flu_Adv Gra_Adv Src_Adv Che_Adv      SF  FB_Adv   FixUp    Flag  Refine Buf_Rho Buf_Pot Buf_Flu1 Buf_Flu2 Buf_Ref Buf_Flux Buf_Res Buf_Che  Par_KD   Par_K Par_K-1 Par_2Sib -MPI_Sib -MPI_FaSib Par_2Son    -MPI Par_Coll -MPI_Real -MPI_Sib -MPI_FaSib     Sum
      0   0.012    0.001   0.009   0.000   0.000   0.000   0.000   0.000   0.000   0.000   0.000   0.000   0.000    0.002    0.000   0.000    0.000   0.000   0.000   0.000   0.000   0.000    0.000    0.000      0.000    0.000   0.000    0.000     0.000    0.000      0.000   0.012
      1   0.000    0.000   0.000   0.000   0.000   0.000   0.000   0.000   0.000   0.000   0.000   0.000   0.000    0.000    0.000   0.000    0.000   0.000   0.000   0.000   0.000   0.000    0.000    0.000      0.000    0.000   0.000    0.000     0.000    0.000      0.000   0.000
      2   0.000    0.000   0.000   0.000   0.000   0.000   0.000   0.000   0.000   0.000   0.000   0.000   0.000    0.000    0.000   0.000    0.000   0.000   0.000   0.000   0.000   0.000    0.000    0.000      0.000    0.000   0.000    0.000     0.000    0.000      0.000   0.000
      3   0.000    0.000   0.000   0.000   0.000   0.000   0.000   0.000   0.000   0.000   0.000   0.000   0.000    0.000    0.000   0.000    0.000   0.000   0.000   0.000   0.000   0.000    0.000    0.000      0.000    0.000   0.000    0.000     0.000    0.000      0.000   0.000
      4   0.000    0.000   0.000   0.000   0.000   0.000   0.000   0.000   0.000   0.000   0.000   0.000   0.000    0.000    0.000   0.000    0.000   0.000   0.000   0.000   0.000   0.000    0.000    0.000      0.000    0.000   0.000    0.000     0.000    0.000      0.000   0.000
      5   0.000    0.000   0.000   0.000   0.000   0.000   0.000   0.000   0.000   0.000   0.000   0.000   0.000    0.000    0.000   0.000    0.000   0.000   0.000   0.000   0.000   0.000    0.000    0.000      0.000    0.000   0.000    0.000     0.000    0.000      0.000   0.000
      6   0.000    0.000   0.000   0.000   0.000   0.000   0.000   0.000   0.000   0.000   0.000   0.000   0.000    0.000    0.000   0.000    0.000   0.000   0.000   0.000   0.000   0.000    0.000    0.000      0.000    0.000   0.000    0.000     0.000    0.000      0.000   0.000
      7   0.000    0.000   0.000   0.000   0.000   0.000   0.000   0.000   0.000   0.000   0.000   0.000   0.000    0.000    0.000   0.000    0.000   0.000   0.000   0.000   0.000   0.000    0.000    0.000      0.000    0.000   0.000    0.000     0.000    0.000      0.000   0.000
      8   0.000    0.000   0.000   0.000   0.000   0.000   0.000   0.000   0.000   0.000   0.000   0.000   0.000    0.000    0.000   0.000    0.000   0.000   0.000   0.000   0.000   0.000    0.000    0.000      0.000    0.000   0.000    0.000     0.000    0.000      0.000   0.000
      9   0.000    0.000   0.000   0.000   0.000   0.000   0.000   0.000   0.000   0.000   0.000   0.000   0.000    0.000    0.000   0.000    0.000   0.000   0.000   0.000   0.000   0.000    0.000    0.000      0.000    0.000   0.000    0.000     0.000    0.000      0.000   0.000
    Sum   0.012    0.001   0.009   0.000   0.000   0.000   0.000   0.000   0.000   0.000   0.000   0.000   0.000    0.002    0.000   0.000    0.000   0.000   0.000   0.000   0.000   0.000    0.000    0.000      0.000    0.000   0.000    0.000     0.000    0.000      0.000   0.012


Summary
------------------------------------------------------------------------------------------------------------------------------
                  dt  Flu_Adv  Gra_Adv  Src_Adv  Che_Adv       SF   FB_Adv    FixUp     Flag   Refine MPI_Grid   Output      Aux       LB CorrSync      Par -MPI_Par    libyt         Sum
    Time      0.0007   0.0089   0.0000   0.0000   0.0000   0.0000   0.0000   0.0000   0.0000   0.0000   0.0025   0.0524   0.0900   0.0008   0.0000   0.0000   0.0000   0.0000      0.1552
    Frac      0.445%   5.714%   0.000%   0.000%   0.000%   0.000%   0.000%   0.000%   0.000%   0.000%   1.607%  33.735%  57.946%   0.547%   0.000%   0.000%   0.000%   0.000%     99.994%

==============================================================================================================================
==============================================================================================================================



Time : 5.4398662e-02 -> 5.5486635e-02,     Step :       50 ->       51

Main Loop
------------------------------------------------------------------------------------------------------------------------------
       Total    Integration       Output    Auxiliary    LoadBalance       CorrSync          libyt            Sum
      0.1673         0.0064       0.0453       0.1145         0.0010         0.0000         0.0000         0.1673


Integration Loop
------------------------------------------------------------------------------------------------------------------------------
     Lv   Total       dt Flu_Adv Gra_Adv Src_Adv Che_Adv      SF  FB_Adv   FixUp    Flag  Refine Buf_Rho Buf_Pot Buf_Flu1 Buf_Flu2 Buf_Ref Buf_Flux Buf_Res Buf_Che  Par_KD   Par_K Par_K-1 Par_2Sib -MPI_Sib -MPI_FaSib Par_2Son    -MPI Par_Coll -MPI_Real -MPI_Sib -MPI_FaSib     Sum
      0   0.006    0.001   0.003   0.000   0.000   0.000   0.000   0.000   0.000   0.000   0.000   0.000   0.000    0.003    0.000   0.000    0.000   0.000   0.000   0.000   0.000   0.000    0.000    0.000      0.000    0.000   0.000    0.000     0.000    0.000      0.000   0.006
      1   0.000    0.000   0.000   0.000   0.000   0.000   0.000   0.000   0.000   0.000   0.000   0.000   0.000    0.000    0.000   0.000    0.000   0.000   0.000   0.000   0.000   0.000    0.000    0.000      0.000    0.000   0.000    0.000     0.000    0.000      0.000   0.000
      2   0.000    0.000   0.000   0.000   0.000   0.000   0.000   0.000   0.000   0.000   0.000   0.000   0.000    0.000    0.000   0.000    0.000   0.000   0.000   0.000   0.000   0.000    0.000    0.000      0.000    0.000   0.000    0.000     0.000    0.000      0.000   0.000
      3   0.000    0.000   0.000   0.000   0.000   0.000   0.000   0.000   0.000   0.000   0.000   0.000   0.000    0.000    0.000   0.000    0.000   0.000   0.000   0.000   0.000   0.000    0.000    0.000      0.000    0.000   0.000    0.000     0.000    0.000      0.000   0.000
      4   0.000    0.000   0.000   0.000   0.000   0.000   0.000   0.000   0.000   0.000   0.000   0.000   0.000    0.000    0.000   0.000    0.000   0.000   0.000   0.000   0.000   0.000    0.000    0.000      0.000    0.000   0.000    0.000     0.000    0.000      0.000   0.000
      5   0.000    0.000   0.000   0.000   0.000   0.000   0.000   0.000   0.000   0.000   0.000   0.000   0.000    0.000    0.000   0.000    0.000   0.000   0.000   0.000   0.000   0.000    0.000    0.000      0.000    0.000   0.000    0.000     0.000    0.000      0.000   0.000
      6   0.000    0.000   0.000   0.000   0.000   0.000   0.000   0.000   0.000   0.000   0.000   0.000   0.000    0.000    0.000   0.000    0.000   0.000   0.000   0.000   0.000   0.000    0.000    0.000      0.000    0.000   0.000    0.000     0.000    0.000      0.000   0.000
      7   0.000    0.000   0.000   0.000   0.000   0.000   0.000   0.000   0.000   0.000   0.000   0.000   0.000    0.000    0.000   0.000    0.000   0.000   0.000   0.000   0.000   0.000    0.000    0.000      0.000    0.000   0.000    0.000     0.000    0.000      0.000   0.000
      8   0.000    0.000   0.000   0.000   0.000   0.000   0.000   0.000   0.000   0.000   0.000   0.000   0.000    0.000    0.000   0.000    0.000   0.000   0.000   0.000   0.000   0.000    0.000    0.000      0.000    0.000   0.000    0.000     0.000    0.000      0.000   0.000
      9   0.000    0.000   0.000   0.000   0.000   0.000   0.000   0.000   0.000   0.000   0.000   0.000   0.000    0.000    0.000   0.000    0.000   0.000   0.000   0.000   0.000   0.000    0.000    0.000      0.000    0.000   0.000    0.000     0.000    0.000      0.000   0.000
    Sum   0.006    0.001   0.003   0.000   0.000   0.000   0.000   0.000   0.000   0.000   0.000   0.000   0.000    0.003    0.000   0.000    0.000   0.000   0.000   0.000   0.000   0.000    0.000    0.000      0.000    0.000   0.000    0.000     0.000    0.000      0.000   0.006


Summary
------------------------------------------------------------------------------------------------------------------------------
                  dt  Flu_Adv  Gra_Adv  Src_Adv  Che_Adv       SF   FB_Adv    FixUp     Flag   Refine MPI_Grid   Output      Aux       LB CorrSync      Par -MPI_Par    libyt         Sum
    Time      0.0007   0.0032   0.0000   0.0000   0.0000   0.0000   0.0000   0.0000   0.0000   0.0000   0.0025   0.0453   0.1145   0.0010   0.0000   0.0000   0.0000   0.0000      0.1673
    Frac      0.412%   1.921%   0.000%   0.000%   0.000%   0.000%   0.000%   0.000%   0.000%   0.000%   1.513%  27.092%  68.427%   0.619%   0.000%   0.000%   0.000%   0.000%     99.984%

==============================================================================================================================
==============================================================================================================================



Time : 5.5486635e-02 -> 5.6574609e-02,     Step :       51 ->       52

Main Loop
------------------------------------------------------------------------------------------------------------------------------
       Total    Integration       Output    Auxiliary    LoadBalance       CorrSync          libyt            Sum
      0.0840         0.0133       0.0126       0.0570         0.0011         0.0000         0.0000         0.0840


Integration Loop
------------------------------------------------------------------------------------------------------------------------------
     Lv   Total       dt Flu_Adv Gra_Adv Src_Adv Che_Adv      SF  FB_Adv   FixUp    Flag  Refine Buf_Rho Buf_Pot Buf_Flu1 Buf_Flu2 Buf_Ref Buf_Flux Buf_Res Buf_Che  Par_KD   Par_K Par_K-1 Par_2Sib -MPI_Sib -MPI_FaSib Par_2Son    -MPI Par_Coll -MPI_Real -MPI_Sib -MPI_FaSib     Sum
      0   0.013    0.001   0.004   0.000   0.000   0.000   0.000   0.000   0.000   0.005   0.000   0.000   0.000    0.003    0.000   0.000    0.000   0.000   0.000   0.000   0.000   0.000    0.000    0.000      0.000    0.000   0.000    0.000     0.000    0.000      0.000   0.013
      1   0.000    0.000   0.000   0.000   0.000   0.000   0.000   0.000   0.000   0.000   0.000   0.000   0.000    0.000    0.000   0.000    0.000   0.000   0.000   0.000   0.000   0.000    0.000    0.000      0.000    0.000   0.000    0.000     0.000    0.000      0.000   0.000
      2   0.000    0.000   0.000   0.000   0.000   0.000   0.000   0.000   0.000   0.000   0.000   0.000   0.000    0.000    0.000   0.000    0.000   0.000   0.000   0.000   0.000   0.000    0.000    0.000      0.000    0.000   0.000    0.000     0.000    0.000      0.000   0.000
      3   0.000    0.000   0.000   0.000   0.000   0.000   0.000   0.000   0.000   0.000   0.000   0.000   0.000    0.000    0.000   0.000    0.000   0.000   0.000   0.000   0.000   0.000    0.000    0.000      0.000    0.000   0.000    0.000     0.000    0.000      0.000   0.000
      4   0.000    0.000   0.000   0.000   0.000   0.000   0.000   0.000   0.000   0.000   0.000   0.000   0.000    0.000    0.000   0.000    0.000   0.000   0.000   0.000   0.000   0.000    0.000    0.000      0.000    0.000   0.000    0.000     0.000    0.000      0.000   0.000
      5   0.000    0.000   0.000   0.000   0.000   0.000   0.000   0.000   0.000   0.000   0.000   0.000   0.000    0.000    0.000   0.000    0.000   0.000   0.000   0.000   0.000   0.000    0.000    0.000      0.000    0.000   0.000    0.000     0.000    0.000      0.000   0.000
      6   0.000    0.000   0.000   0.000   0.000   0.000   0.000   0.000   0.000   0.000   0.000   0.000   0.000    0.000    0.000   0.000    0.000   0.000   0.000   0.000   0.000   0.000    0.000    0.000      0.000    0.000   0.000    0.000     0.000    0.000      0.000   0.000
      7   0.000    0.000   0.000   0.000   0.000   0.000   0.000   0.000   0.000   0.000   0.000   0.000   0.000    0.000    0.000   0.000    0.000   0.000   0.000   0.000   0.000   0.000    0.000    0.000      0.000    0.000   0.000    0.000     0.000    0.000      0.000   0.000
      8   0.000    0.000   0.000   0.000   0.000   0.000   0.000   0.000   0.000   0.000   0.000   0.000   0.000    0.000    0.000   0.000    0.000   0.000   0.000   0.000   0.000   0.000    0.000    0.000      0.000    0.000   0.000    0.000     0.000    0.000      0.000   0.000
      9   0.000    0.000   0.000   0.000   0.000   0.000   0.000   0.000   0.000   0.000   0.000   0.000   0.000    0.000    0.000   0.000    0.000   0.000   0.000   0.000   0.000   0.000    0.000    0.000      0.000    0.000   0.000    0.000     0.000    0.000      0.000   0.000
    Sum   0.013    0.001   0.004   0.000   0.000   0.000   0.000   0.000   0.000   0.005   0.000   0.000   0.000    0.003    0.000   0.000    0.000   0.000   0.000   0.000   0.000   0.000    0.000    0.000      0.000    0.000   0.000    0.000     0.000    0.000      0.000   0.013


Summary
------------------------------------------------------------------------------------------------------------------------------
                  dt  Flu_Adv  Gra_Adv  Src_Adv  Che_Adv       SF   FB_Adv    FixUp     Flag   Refine MPI_Grid   Output      Aux       LB CorrSync      Par -MPI_Par    libyt         Sum
    Time      0.0009   0.0037   0.0000   0.0000   0.0000   0.0000   0.0000   0.0000   0.0050   0.0004   0.0034   0.0126   0.0570   0.0011   0.0000   0.0000   0.0000   0.0000      0.0840
    Frac      1.041%   4.370%   0.000%   0.000%   0.000%   0.000%   0.000%   0.000%   5.910%   0.489%   4.004%  15.052%  67.826%   1.277%   0.000%   0.000%   0.000%   0.000%     99.970%

==============================================================================================================================
==============================================================================================================================



Time : 5.6574609e-02 -> 5.7662582e-02,     Step :       52 ->       53

Main Loop
------------------------------------------------------------------------------------------------------------------------------
       Total    Integration       Output    Auxiliary    LoadBalance       CorrSync          libyt            Sum
      0.1041         0.0131       0.0255       0.0644         0.0010         0.0000         0.0000         0.1040


Integration Loop
------------------------------------------------------------------------------------------------------------------------------
     Lv   Total       dt Flu_Adv Gra_Adv Src_Adv Che_Adv      SF  FB_Adv   FixUp    Flag  Refine Buf_Rho Buf_Pot Buf_Flu1 Buf_Flu2 Buf_Ref Buf_Flux Buf_Res Buf_Che  Par_KD   Par_K Par_K-1 Par_2Sib -MPI_Sib -MPI_FaSib Par_2Son    -MPI Par_Coll -MPI_Real -MPI_Sib -MPI_FaSib     Sum
      0   0.013    0.001   0.009   0.000   0.000   0.000   0.000   0.000   0.000   0.000   0.000   0.000   0.000    0.003    0.000   0.000    0.000   0.000   0.000   0.000   0.000   0.000    0.000    0.000      0.000    0.000   0.000    0.000     0.000    0.000      0.000   0.013
      1   0.000    0.000   0.000   0.000   0.000   0.000   0.000   0.000   0.000   0.000   0.000   0.000   0.000    0.000    0.000   0.000    0.000   0.000   0.000   0.000   0.000   0.000    0.000    0.000      0.000    0.000   0.000    0.000     0.000    0.000      0.000   0.000
      2   0.000    0.000   0.000   0.000   0.000   0.000   0.000   0.000   0.000   0.000   0.000   0.000   0.000    0.000    0.000   0.000    0.000   0.000   0.000   0.000   0.000   0.000    0.000    0.000      0.000    0.000   0.000    0.000     0.000    0.000      0.000   0.000
      3   0.000    0.000   0.000   0.000   0.000   0.000   0.000   0.000   0.000   0.000   0.000   0.000   0.000    0.000    0.000   0.000    0.000   0.000   0.000   0.000   0.000   0.000    0.000    0.000      0.000    0.000   0.000    0.000     0.000    0.000      0.000   0.000
      4   0.000    0.000   0.000   0.000   0.000   0.000   0.000   0.000   0.000   0.000   0.000   0.000   0.000    0.000    0.000   0.000    0.000   0.000   0.000   0.000   0.000   0.000    0.000    0.000      0.000    0.000   0.000    0.000     0.000    0.000      0.000   0.000
      5   0.000    0.000   0.000   0.000   0.000   0.000   0.000   0.000   0.000   0.000   0.000   0.000   0.000    0.000    0.000   0.000    0.000   0.000   0.000   0.000   0.000   0.000    0.000    0.000      0.000    0.000   0.000    0.000     0.000    0.000      0.000   0.000
      6   0.000    0.000   0.000   0.000   0.000   0.000   0.000   0.000   0.000   0.000   0.000   0.000   0.000    0.000    0.000   0.000    0.000   0.000   0.000   0.000   0.000   0.000    0.000    0.000      0.000    0.000   0.000    0.000     0.000    0.000      0.000   0.000
      7   0.000    0.000   0.000   0.000   0.000   0.000   0.000   0.000   0.000   0.000   0.000   0.000   0.000    0.000    0.000   0.000    0.000   0.000   0.000   0.000   0.000   0.000    0.000    0.000      0.000    0.000   0.000    0.000     0.000    0.000      0.000   0.000
      8   0.000    0.000   0.000   0.000   0.000   0.000   0.000   0.000   0.000   0.000   0.000   0.000   0.000    0.000    0.000   0.000    0.000   0.000   0.000   0.000   0.000   0.000    0.000    0.000      0.000    0.000   0.000    0.000     0.000    0.000      0.000   0.000
      9   0.000    0.000   0.000   0.000   0.000   0.000   0.000   0.000   0.000   0.000   0.000   0.000   0.000    0.000    0.000   0.000    0.000   0.000   0.000   0.000   0.000   0.000    0.000    0.000      0.000    0.000   0.000    0.000     0.000    0.000      0.000   0.000
    Sum   0.013    0.001   0.009   0.000   0.000   0.000   0.000   0.000   0.000   0.000   0.000   0.000   0.000    0.003    0.000   0.000    0.000   0.000   0.000   0.000   0.000   0.000    0.000    0.000      0.000    0.000   0.000    0.000     0.000    0.000      0.000   0.013


Summary
------------------------------------------------------------------------------------------------------------------------------
                  dt  Flu_Adv  Gra_Adv  Src_Adv  Che_Adv       SF   FB_Adv    FixUp     Flag   Refine MPI_Grid   Output      Aux       LB CorrSync      Par -MPI_Par    libyt         Sum
    Time      0.0008   0.0092   0.0000   0.0000   0.0000   0.0000   0.0000   0.0000   0.0000   0.0000   0.0031   0.0255   0.0644   0.0010   0.0000   0.0000   0.0000   0.0000      0.1040
    Frac      0.807%   8.826%   0.000%   0.000%   0.000%   0.000%   0.000%   0.000%   0.000%   0.000%   2.940%  24.498%  61.924%   0.981%   0.000%   0.000%   0.000%   0.000%     99.976%

==============================================================================================================================
==============================================================================================================================



Time : 5.7662582e-02 -> 5.8750555e-02,     Step :       53 ->       54

Main Loop
------------------------------------------------------------------------------------------------------------------------------
       Total    Integration       Output    Auxiliary    LoadBalance       CorrSync          libyt            Sum
      0.1469         0.0149       0.0464       0.0845         0.0011         0.0000         0.0000         0.1469


Integration Loop
------------------------------------------------------------------------------------------------------------------------------
     Lv   Total       dt Flu_Adv Gra_Adv Src_Adv Che_Adv      SF  FB_Adv   FixUp    Flag  Refine Buf_Rho Buf_Pot Buf_Flu1 Buf_Flu2 Buf_Ref Buf_Flux Buf_Res Buf_Che  Par_KD   Par_K Par_K-1 Par_2Sib -MPI_Sib -MPI_FaSib Par_2Son    -MPI Par_Coll -MPI_Real -MPI_Sib -MPI_FaSib     Sum
      0   0.015    0.001   0.011   0.000   0.000   0.000   0.000   0.000   0.000   0.000   0.000   0.000   0.000    0.003    0.000   0.000    0.000   0.000   0.000   0.000   0.000   0.000    0.000    0.000      0.000    0.000   0.000    0.000     0.000    0.000      0.000   0.015
      1   0.000    0.000   0.000   0.000   0.000   0.000   0.000   0.000   0.000   0.000   0.000   0.000   0.000    0.000    0.000   0.000    0.000   0.000   0.000   0.000   0.000   0.000    0.000    0.000      0.000    0.000   0.000    0.000     0.000    0.000      0.000   0.000
      2   0.000    0.000   0.000   0.000   0.000   0.000   0.000   0.000   0.000   0.000   0.000   0.000   0.000    0.000    0.000   0.000    0.000   0.000   0.000   0.000   0.000   0.000    0.000    0.000      0.000    0.000   0.000    0.000     0.000    0.000      0.000   0.000
      3   0.000    0.000   0.000   0.000   0.000   0.000   0.000   0.000   0.000   0.000   0.000   0.000   0.000    0.000    0.000   0.000    0.000   0.000   0.000   0.000   0.000   0.000    0.000    0.000      0.000    0.000   0.000    0.000     0.000    0.000      0.000   0.000
      4   0.000    0.000   0.000   0.000   0.000   0.000   0.000   0.000   0.000   0.000   0.000   0.000   0.000    0.000    0.000   0.000    0.000   0.000   0.000   0.000   0.000   0.000    0.000    0.000      0.000    0.000   0.000    0.000     0.000    0.000      0.000   0.000
      5   0.000    0.000   0.000   0.000   0.000   0.000   0.000   0.000   0.000   0.000   0.000   0.000   0.000    0.000    0.000   0.000    0.000   0.000   0.000   0.000   0.000   0.000    0.000    0.000      0.000    0.000   0.000    0.000     0.000    0.000      0.000   0.000
      6   0.000    0.000   0.000   0.000   0.000   0.000   0.000   0.000   0.000   0.000   0.000   0.000   0.000    0.000    0.000   0.000    0.000   0.000   0.000   0.000   0.000   0.000    0.000    0.000      0.000    0.000   0.000    0.000     0.000    0.000      0.000   0.000
      7   0.000    0.000   0.000   0.000   0.000   0.000   0.000   0.000   0.000   0.000   0.000   0.000   0.000    0.000    0.000   0.000    0.000   0.000   0.000   0.000   0.000   0.000    0.000    0.000      0.000    0.000   0.000    0.000     0.000    0.000      0.000   0.000
      8   0.000    0.000   0.000   0.000   0.000   0.000   0.000   0.000   0.000   0.000   0.000   0.000   0.000    0.000    0.000   0.000    0.000   0.000   0.000   0.000   0.000   0.000    0.000    0.000      0.000    0.000   0.000    0.000     0.000    0.000      0.000   0.000
      9   0.000    0.000   0.000   0.000   0.000   0.000   0.000   0.000   0.000   0.000   0.000   0.000   0.000    0.000    0.000   0.000    0.000   0.000   0.000   0.000   0.000   0.000    0.000    0.000      0.000    0.000   0.000    0.000     0.000    0.000      0.000   0.000
    Sum   0.015    0.001   0.011   0.000   0.000   0.000   0.000   0.000   0.000   0.000   0.000   0.000   0.000    0.003    0.000   0.000    0.000   0.000   0.000   0.000   0.000   0.000    0.000    0.000      0.000    0.000   0.000    0.000     0.000    0.000      0.000   0.015


Summary
------------------------------------------------------------------------------------------------------------------------------
                  dt  Flu_Adv  Gra_Adv  Src_Adv  Che_Adv       SF   FB_Adv    FixUp     Flag   Refine MPI_Grid   Output      Aux       LB CorrSync      Par -MPI_Par    libyt         Sum
    Time      0.0008   0.0112   0.0000   0.0000   0.0000   0.0000   0.0000   0.0000   0.0000   0.0000   0.0029   0.0464   0.0845   0.0011   0.0000   0.0000   0.0000   0.0000      0.1469
    Frac      0.553%   7.631%   0.000%   0.000%   0.000%   0.000%   0.000%   0.000%   0.000%   0.000%   1.980%  31.548%  57.531%   0.742%   0.000%   0.000%   0.000%   0.000%     99.984%

==============================================================================================================================
==============================================================================================================================



Time : 5.8750555e-02 -> 5.9838528e-02,     Step :       54 ->       55

Main Loop
------------------------------------------------------------------------------------------------------------------------------
       Total    Integration       Output    Auxiliary    LoadBalance       CorrSync          libyt            Sum
      0.0743         0.0068       0.0193       0.0472         0.0011         0.0000         0.0000         0.0743


Integration Loop
------------------------------------------------------------------------------------------------------------------------------
     Lv   Total       dt Flu_Adv Gra_Adv Src_Adv Che_Adv      SF  FB_Adv   FixUp    Flag  Refine Buf_Rho Buf_Pot Buf_Flu1 Buf_Flu2 Buf_Ref Buf_Flux Buf_Res Buf_Che  Par_KD   Par_K Par_K-1 Par_2Sib -MPI_Sib -MPI_FaSib Par_2Son    -MPI Par_Coll -MPI_Real -MPI_Sib -MPI_FaSib     Sum
      0   0.007    0.001   0.003   0.000   0.000   0.000   0.000   0.000   0.000   0.000   0.000   0.000   0.000    0.003    0.000   0.000    0.000   0.000   0.000   0.000   0.000   0.000    0.000    0.000      0.000    0.000   0.000    0.000     0.000    0.000      0.000   0.007
      1   0.000    0.000   0.000   0.000   0.000   0.000   0.000   0.000   0.000   0.000   0.000   0.000   0.000    0.000    0.000   0.000    0.000   0.000   0.000   0.000   0.000   0.000    0.000    0.000      0.000    0.000   0.000    0.000     0.000    0.000      0.000   0.000
      2   0.000    0.000   0.000   0.000   0.000   0.000   0.000   0.000   0.000   0.000   0.000   0.000   0.000    0.000    0.000   0.000    0.000   0.000   0.000   0.000   0.000   0.000    0.000    0.000      0.000    0.000   0.000    0.000     0.000    0.000      0.000   0.000
      3   0.000    0.000   0.000   0.000   0.000   0.000   0.000   0.000   0.000   0.000   0.000   0.000   0.000    0.000    0.000   0.000    0.000   0.000   0.000   0.000   0.000   0.000    0.000    0.000      0.000    0.000   0.000    0.000     0.000    0.000      0.000   0.000
      4   0.000    0.000   0.000   0.000   0.000   0.000   0.000   0.000   0.000   0.000   0.000   0.000   0.000    0.000    0.000   0.000    0.000   0.000   0.000   0.000   0.000   0.000    0.000    0.000      0.000    0.000   0.000    0.000     0.000    0.000      0.000   0.000
      5   0.000    0.000   0.000   0.000   0.000   0.000   0.000   0.000   0.000   0.000   0.000   0.000   0.000    0.000    0.000   0.000    0.000   0.000   0.000   0.000   0.000   0.000    0.000    0.000      0.000    0.000   0.000    0.000     0.000    0.000      0.000   0.000
      6   0.000    0.000   0.000   0.000   0.000   0.000   0.000   0.000   0.000   0.000   0.000   0.000   0.000    0.000    0.000   0.000    0.000   0.000   0.000   0.000   0.000   0.000    0.000    0.000      0.000    0.000   0.000    0.000     0.000    0.000      0.000   0.000
      7   0.000    0.000   0.000   0.000   0.000   0.000   0.000   0.000   0.000   0.000   0.000   0.000   0.000    0.000    0.000   0.000    0.000   0.000   0.000   0.000   0.000   0.000    0.000    0.000      0.000    0.000   0.000    0.000     0.000    0.000      0.000   0.000
      8   0.000    0.000   0.000   0.000   0.000   0.000   0.000   0.000   0.000   0.000   0.000   0.000   0.000    0.000    0.000   0.000    0.000   0.000   0.000   0.000   0.000   0.000    0.000    0.000      0.000    0.000   0.000    0.000     0.000    0.000      0.000   0.000
      9   0.000    0.000   0.000   0.000   0.000   0.000   0.000   0.000   0.000   0.000   0.000   0.000   0.000    0.000    0.000   0.000    0.000   0.000   0.000   0.000   0.000   0.000    0.000    0.000      0.000    0.000   0.000    0.000     0.000    0.000      0.000   0.000
    Sum   0.007    0.001   0.003   0.000   0.000   0.000   0.000   0.000   0.000   0.000   0.000   0.000   0.000    0.003    0.000   0.000    0.000   0.000   0.000   0.000   0.000   0.000    0.000    0.000      0.000    0.000   0.000    0.000     0.000    0.000      0.000   0.007


Summary
------------------------------------------------------------------------------------------------------------------------------
                  dt  Flu_Adv  Gra_Adv  Src_Adv  Che_Adv       SF   FB_Adv    FixUp     Flag   Refine MPI_Grid   Output      Aux       LB CorrSync      Par -MPI_Par    libyt         Sum
    Time      0.0008   0.0029   0.0000   0.0000   0.0000   0.0000   0.0000   0.0000   0.0000   0.0000   0.0030   0.0193   0.0472   0.0011   0.0000   0.0000   0.0000   0.0000      0.0743
    Frac      1.091%   3.883%   0.000%   0.000%   0.000%   0.000%   0.000%   0.000%   0.000%   0.000%   4.088%  25.905%  63.509%   1.484%   0.000%   0.000%   0.000%   0.000%     99.960%

==============================================================================================================================
==============================================================================================================================



Time : 5.9838528e-02 -> 6.0926502e-02,     Step :       55 ->       56

Main Loop
------------------------------------------------------------------------------------------------------------------------------
       Total    Integration       Output    Auxiliary    LoadBalance       CorrSync          libyt            Sum
      0.0938         0.0105       0.0165       0.0660         0.0009         0.0000         0.0000         0.0938


Integration Loop
------------------------------------------------------------------------------------------------------------------------------
     Lv   Total       dt Flu_Adv Gra_Adv Src_Adv Che_Adv      SF  FB_Adv   FixUp    Flag  Refine Buf_Rho Buf_Pot Buf_Flu1 Buf_Flu2 Buf_Ref Buf_Flux Buf_Res Buf_Che  Par_KD   Par_K Par_K-1 Par_2Sib -MPI_Sib -MPI_FaSib Par_2Son    -MPI Par_Coll -MPI_Real -MPI_Sib -MPI_FaSib     Sum
      0   0.010    0.001   0.003   0.000   0.000   0.000   0.000   0.000   0.000   0.003   0.001   0.000   0.000    0.003    0.000   0.000    0.000   0.000   0.000   0.000   0.000   0.000    0.000    0.000      0.000    0.000   0.000    0.000     0.000    0.000      0.000   0.010
      1   0.000    0.000   0.000   0.000   0.000   0.000   0.000   0.000   0.000   0.000   0.000   0.000   0.000    0.000    0.000   0.000    0.000   0.000   0.000   0.000   0.000   0.000    0.000    0.000      0.000    0.000   0.000    0.000     0.000    0.000      0.000   0.000
      2   0.000    0.000   0.000   0.000   0.000   0.000   0.000   0.000   0.000   0.000   0.000   0.000   0.000    0.000    0.000   0.000    0.000   0.000   0.000   0.000   0.000   0.000    0.000    0.000      0.000    0.000   0.000    0.000     0.000    0.000      0.000   0.000
      3   0.000    0.000   0.000   0.000   0.000   0.000   0.000   0.000   0.000   0.000   0.000   0.000   0.000    0.000    0.000   0.000    0.000   0.000   0.000   0.000   0.000   0.000    0.000    0.000      0.000    0.000   0.000    0.000     0.000    0.000      0.000   0.000
      4   0.000    0.000   0.000   0.000   0.000   0.000   0.000   0.000   0.000   0.000   0.000   0.000   0.000    0.000    0.000   0.000    0.000   0.000   0.000   0.000   0.000   0.000    0.000    0.000      0.000    0.000   0.000    0.000     0.000    0.000      0.000   0.000
      5   0.000    0.000   0.000   0.000   0.000   0.000   0.000   0.000   0.000   0.000   0.000   0.000   0.000    0.000    0.000   0.000    0.000   0.000   0.000   0.000   0.000   0.000    0.000    0.000      0.000    0.000   0.000    0.000     0.000    0.000      0.000   0.000
      6   0.000    0.000   0.000   0.000   0.000   0.000   0.000   0.000   0.000   0.000   0.000   0.000   0.000    0.000    0.000   0.000    0.000   0.000   0.000   0.000   0.000   0.000    0.000    0.000      0.000    0.000   0.000    0.000     0.000    0.000      0.000   0.000
      7   0.000    0.000   0.000   0.000   0.000   0.000   0.000   0.000   0.000   0.000   0.000   0.000   0.000    0.000    0.000   0.000    0.000   0.000   0.000   0.000   0.000   0.000    0.000    0.000      0.000    0.000   0.000    0.000     0.000    0.000      0.000   0.000
      8   0.000    0.000   0.000   0.000   0.000   0.000   0.000   0.000   0.000   0.000   0.000   0.000   0.000    0.000    0.000   0.000    0.000   0.000   0.000   0.000   0.000   0.000    0.000    0.000      0.000    0.000   0.000    0.000     0.000    0.000      0.000   0.000
      9   0.000    0.000   0.000   0.000   0.000   0.000   0.000   0.000   0.000   0.000   0.000   0.000   0.000    0.000    0.000   0.000    0.000   0.000   0.000   0.000   0.000   0.000    0.000    0.000      0.000    0.000   0.000    0.000     0.000    0.000      0.000   0.000
    Sum   0.010    0.001   0.003   0.000   0.000   0.000   0.000   0.000   0.000   0.003   0.001   0.000   0.000    0.003    0.000   0.000    0.000   0.000   0.000   0.000   0.000   0.000    0.000    0.000      0.000    0.000   0.000    0.000     0.000    0.000      0.000   0.010


Summary
------------------------------------------------------------------------------------------------------------------------------
                  dt  Flu_Adv  Gra_Adv  Src_Adv  Che_Adv       SF   FB_Adv    FixUp     Flag   Refine MPI_Grid   Output      Aux       LB CorrSync      Par -MPI_Par    libyt         Sum
    Time      0.0008   0.0032   0.0000   0.0000   0.0000   0.0000   0.0000   0.0000   0.0027   0.0005   0.0031   0.0165   0.0660   0.0009   0.0000   0.0000   0.0000   0.0000      0.0938
    Frac      0.886%   3.461%   0.000%   0.000%   0.000%   0.000%   0.000%   0.000%   2.859%   0.563%   3.351%  17.551%  70.338%   0.966%   0.000%   0.000%   0.000%   0.000%     99.973%

==============================================================================================================================
==============================================================================================================================



Time : 6.0926502e-02 -> 6.2014475e-02,     Step :       56 ->       57

Main Loop
------------------------------------------------------------------------------------------------------------------------------
       Total    Integration       Output    Auxiliary    LoadBalance       CorrSync          libyt            Sum
      0.1284         0.0200       0.0494       0.0579         0.0011         0.0000         0.0000         0.1284


Integration Loop
------------------------------------------------------------------------------------------------------------------------------
     Lv   Total       dt Flu_Adv Gra_Adv Src_Adv Che_Adv      SF  FB_Adv   FixUp    Flag  Refine Buf_Rho Buf_Pot Buf_Flu1 Buf_Flu2 Buf_Ref Buf_Flux Buf_Res Buf_Che  Par_KD   Par_K Par_K-1 Par_2Sib -MPI_Sib -MPI_FaSib Par_2Son    -MPI Par_Coll -MPI_Real -MPI_Sib -MPI_FaSib     Sum
      0   0.020    0.001   0.010   0.000   0.000   0.000   0.000   0.000   0.000   0.000   0.000   0.000   0.000    0.010    0.000   0.000    0.000   0.000   0.000   0.000   0.000   0.000    0.000    0.000      0.000    0.000   0.000    0.000     0.000    0.000      0.000   0.020
      1   0.000    0.000   0.000   0.000   0.000   0.000   0.000   0.000   0.000   0.000   0.000   0.000   0.000    0.000    0.000   0.000    0.000   0.000   0.000   0.000   0.000   0.000    0.000    0.000      0.000    0.000   0.000    0.000     0.000    0.000      0.000   0.000
      2   0.000    0.000   0.000   0.000   0.000   0.000   0.000   0.000   0.000   0.000   0.000   0.000   0.000    0.000    0.000   0.000    0.000   0.000   0.000   0.000   0.000   0.000    0.000    0.000      0.000    0.000   0.000    0.000     0.000    0.000      0.000   0.000
      3   0.000    0.000   0.000   0.000   0.000   0.000   0.000   0.000   0.000   0.000   0.000   0.000   0.000    0.000    0.000   0.000    0.000   0.000   0.000   0.000   0.000   0.000    0.000    0.000      0.000    0.000   0.000    0.000     0.000    0.000      0.000   0.000
      4   0.000    0.000   0.000   0.000   0.000   0.000   0.000   0.000   0.000   0.000   0.000   0.000   0.000    0.000    0.000   0.000    0.000   0.000   0.000   0.000   0.000   0.000    0.000    0.000      0.000    0.000   0.000    0.000     0.000    0.000      0.000   0.000
      5   0.000    0.000   0.000   0.000   0.000   0.000   0.000   0.000   0.000   0.000   0.000   0.000   0.000    0.000    0.000   0.000    0.000   0.000   0.000   0.000   0.000   0.000    0.000    0.000      0.000    0.000   0.000    0.000     0.000    0.000      0.000   0.000
      6   0.000    0.000   0.000   0.000   0.000   0.000   0.000   0.000   0.000   0.000   0.000   0.000   0.000    0.000    0.000   0.000    0.000   0.000   0.000   0.000   0.000   0.000    0.000    0.000      0.000    0.000   0.000    0.000     0.000    0.000      0.000   0.000
      7   0.000    0.000   0.000   0.000   0.000   0.000   0.000   0.000   0.000   0.000   0.000   0.000   0.000    0.000    0.000   0.000    0.000   0.000   0.000   0.000   0.000   0.000    0.000    0.000      0.000    0.000   0.000    0.000     0.000    0.000      0.000   0.000
      8   0.000    0.000   0.000   0.000   0.000   0.000   0.000   0.000   0.000   0.000   0.000   0.000   0.000    0.000    0.000   0.000    0.000   0.000   0.000   0.000   0.000   0.000    0.000    0.000      0.000    0.000   0.000    0.000     0.000    0.000      0.000   0.000
      9   0.000    0.000   0.000   0.000   0.000   0.000   0.000   0.000   0.000   0.000   0.000   0.000   0.000    0.000    0.000   0.000    0.000   0.000   0.000   0.000   0.000   0.000    0.000    0.000      0.000    0.000   0.000    0.000     0.000    0.000      0.000   0.000
    Sum   0.020    0.001   0.010   0.000   0.000   0.000   0.000   0.000   0.000   0.000   0.000   0.000   0.000    0.010    0.000   0.000    0.000   0.000   0.000   0.000   0.000   0.000    0.000    0.000      0.000    0.000   0.000    0.000     0.000    0.000      0.000   0.020


Summary
------------------------------------------------------------------------------------------------------------------------------
                  dt  Flu_Adv  Gra_Adv  Src_Adv  Che_Adv       SF   FB_Adv    FixUp     Flag   Refine MPI_Grid   Output      Aux       LB CorrSync      Par -MPI_Par    libyt         Sum
    Time      0.0007   0.0098   0.0000   0.0000   0.0000   0.0000   0.0000   0.0000   0.0000   0.0000   0.0095   0.0494   0.0579   0.0011   0.0000   0.0000   0.0000   0.0000      0.1284
    Frac      0.511%   7.651%   0.000%   0.000%   0.000%   0.000%   0.000%   0.000%   0.000%   0.000%   7.401%  38.442%  45.118%   0.863%   0.000%   0.000%   0.000%   0.000%     99.984%

==============================================================================================================================
==============================================================================================================================



Time : 6.2014475e-02 -> 6.3102448e-02,     Step :       57 ->       58

Main Loop
------------------------------------------------------------------------------------------------------------------------------
       Total    Integration       Output    Auxiliary    LoadBalance       CorrSync          libyt            Sum
      0.1156         0.0129       0.0372       0.0645         0.0010         0.0000         0.0000         0.1156


Integration Loop
------------------------------------------------------------------------------------------------------------------------------
     Lv   Total       dt Flu_Adv Gra_Adv Src_Adv Che_Adv      SF  FB_Adv   FixUp    Flag  Refine Buf_Rho Buf_Pot Buf_Flu1 Buf_Flu2 Buf_Ref Buf_Flux Buf_Res Buf_Che  Par_KD   Par_K Par_K-1 Par_2Sib -MPI_Sib -MPI_FaSib Par_2Son    -MPI Par_Coll -MPI_Real -MPI_Sib -MPI_FaSib     Sum
      0   0.013    0.001   0.009   0.000   0.000   0.000   0.000   0.000   0.000   0.000   0.000   0.000   0.000    0.003    0.000   0.000    0.000   0.000   0.000   0.000   0.000   0.000    0.000    0.000      0.000    0.000   0.000    0.000     0.000    0.000      0.000   0.013
      1   0.000    0.000   0.000   0.000   0.000   0.000   0.000   0.000   0.000   0.000   0.000   0.000   0.000    0.000    0.000   0.000    0.000   0.000   0.000   0.000   0.000   0.000    0.000    0.000      0.000    0.000   0.000    0.000     0.000    0.000      0.000   0.000
      2   0.000    0.000   0.000   0.000   0.000   0.000   0.000   0.000   0.000   0.000   0.000   0.000   0.000    0.000    0.000   0.000    0.000   0.000   0.000   0.000   0.000   0.000    0.000    0.000      0.000    0.000   0.000    0.000     0.000    0.000      0.000   0.000
      3   0.000    0.000   0.000   0.000   0.000   0.000   0.000   0.000   0.000   0.000   0.000   0.000   0.000    0.000    0.000   0.000    0.000   0.000   0.000   0.000   0.000   0.000    0.000    0.000      0.000    0.000   0.000    0.000     0.000    0.000      0.000   0.000
      4   0.000    0.000   0.000   0.000   0.000   0.000   0.000   0.000   0.000   0.000   0.000   0.000   0.000    0.000    0.000   0.000    0.000   0.000   0.000   0.000   0.000   0.000    0.000    0.000      0.000    0.000   0.000    0.000     0.000    0.000      0.000   0.000
      5   0.000    0.000   0.000   0.000   0.000   0.000   0.000   0.000   0.000   0.000   0.000   0.000   0.000    0.000    0.000   0.000    0.000   0.000   0.000   0.000   0.000   0.000    0.000    0.000      0.000    0.000   0.000    0.000     0.000    0.000      0.000   0.000
      6   0.000    0.000   0.000   0.000   0.000   0.000   0.000   0.000   0.000   0.000   0.000   0.000   0.000    0.000    0.000   0.000    0.000   0.000   0.000   0.000   0.000   0.000    0.000    0.000      0.000    0.000   0.000    0.000     0.000    0.000      0.000   0.000
      7   0.000    0.000   0.000   0.000   0.000   0.000   0.000   0.000   0.000   0.000   0.000   0.000   0.000    0.000    0.000   0.000    0.000   0.000   0.000   0.000   0.000   0.000    0.000    0.000      0.000    0.000   0.000    0.000     0.000    0.000      0.000   0.000
      8   0.000    0.000   0.000   0.000   0.000   0.000   0.000   0.000   0.000   0.000   0.000   0.000   0.000    0.000    0.000   0.000    0.000   0.000   0.000   0.000   0.000   0.000    0.000    0.000      0.000    0.000   0.000    0.000     0.000    0.000      0.000   0.000
      9   0.000    0.000   0.000   0.000   0.000   0.000   0.000   0.000   0.000   0.000   0.000   0.000   0.000    0.000    0.000   0.000    0.000   0.000   0.000   0.000   0.000   0.000    0.000    0.000      0.000    0.000   0.000    0.000     0.000    0.000      0.000   0.000
    Sum   0.013    0.001   0.009   0.000   0.000   0.000   0.000   0.000   0.000   0.000   0.000   0.000   0.000    0.003    0.000   0.000    0.000   0.000   0.000   0.000   0.000   0.000    0.000    0.000      0.000    0.000   0.000    0.000     0.000    0.000      0.000   0.013


Summary
------------------------------------------------------------------------------------------------------------------------------
                  dt  Flu_Adv  Gra_Adv  Src_Adv  Che_Adv       SF   FB_Adv    FixUp     Flag   Refine MPI_Grid   Output      Aux       LB CorrSync      Par -MPI_Par    libyt         Sum
    Time      0.0008   0.0091   0.0000   0.0000   0.0000   0.0000   0.0000   0.0000   0.0000   0.0000   0.0030   0.0372   0.0645   0.0010   0.0000   0.0000   0.0000   0.0000      0.1156
    Frac      0.689%   7.861%   0.000%   0.000%   0.000%   0.000%   0.000%   0.000%   0.000%   0.000%   2.615%  32.164%  55.745%   0.901%   0.000%   0.000%   0.000%   0.000%     99.975%

==============================================================================================================================
==============================================================================================================================



Time : 6.3102448e-02 -> 6.4190421e-02,     Step :       58 ->       59

Main Loop
------------------------------------------------------------------------------------------------------------------------------
       Total    Integration       Output    Auxiliary    LoadBalance       CorrSync          libyt            Sum
      0.1165         0.0133       0.0340       0.0681         0.0011         0.0000         0.0000         0.1165


Integration Loop
------------------------------------------------------------------------------------------------------------------------------
     Lv   Total       dt Flu_Adv Gra_Adv Src_Adv Che_Adv      SF  FB_Adv   FixUp    Flag  Refine Buf_Rho Buf_Pot Buf_Flu1 Buf_Flu2 Buf_Ref Buf_Flux Buf_Res Buf_Che  Par_KD   Par_K Par_K-1 Par_2Sib -MPI_Sib -MPI_FaSib Par_2Son    -MPI Par_Coll -MPI_Real -MPI_Sib -MPI_FaSib     Sum
      0   0.013    0.001   0.009   0.000   0.000   0.000   0.000   0.000   0.000   0.000   0.000   0.000   0.000    0.003    0.000   0.000    0.000   0.000   0.000   0.000   0.000   0.000    0.000    0.000      0.000    0.000   0.000    0.000     0.000    0.000      0.000   0.013
      1   0.000    0.000   0.000   0.000   0.000   0.000   0.000   0.000   0.000   0.000   0.000   0.000   0.000    0.000    0.000   0.000    0.000   0.000   0.000   0.000   0.000   0.000    0.000    0.000      0.000    0.000   0.000    0.000     0.000    0.000      0.000   0.000
      2   0.000    0.000   0.000   0.000   0.000   0.000   0.000   0.000   0.000   0.000   0.000   0.000   0.000    0.000    0.000   0.000    0.000   0.000   0.000   0.000   0.000   0.000    0.000    0.000      0.000    0.000   0.000    0.000     0.000    0.000      0.000   0.000
      3   0.000    0.000   0.000   0.000   0.000   0.000   0.000   0.000   0.000   0.000   0.000   0.000   0.000    0.000    0.000   0.000    0.000   0.000   0.000   0.000   0.000   0.000    0.000    0.000      0.000    0.000   0.000    0.000     0.000    0.000      0.000   0.000
      4   0.000    0.000   0.000   0.000   0.000   0.000   0.000   0.000   0.000   0.000   0.000   0.000   0.000    0.000    0.000   0.000    0.000   0.000   0.000   0.000   0.000   0.000    0.000    0.000      0.000    0.000   0.000    0.000     0.000    0.000      0.000   0.000
      5   0.000    0.000   0.000   0.000   0.000   0.000   0.000   0.000   0.000   0.000   0.000   0.000   0.000    0.000    0.000   0.000    0.000   0.000   0.000   0.000   0.000   0.000    0.000    0.000      0.000    0.000   0.000    0.000     0.000    0.000      0.000   0.000
      6   0.000    0.000   0.000   0.000   0.000   0.000   0.000   0.000   0.000   0.000   0.000   0.000   0.000    0.000    0.000   0.000    0.000   0.000   0.000   0.000   0.000   0.000    0.000    0.000      0.000    0.000   0.000    0.000     0.000    0.000      0.000   0.000
      7   0.000    0.000   0.000   0.000   0.000   0.000   0.000   0.000   0.000   0.000   0.000   0.000   0.000    0.000    0.000   0.000    0.000   0.000   0.000   0.000   0.000   0.000    0.000    0.000      0.000    0.000   0.000    0.000     0.000    0.000      0.000   0.000
      8   0.000    0.000   0.000   0.000   0.000   0.000   0.000   0.000   0.000   0.000   0.000   0.000   0.000    0.000    0.000   0.000    0.000   0.000   0.000   0.000   0.000   0.000    0.000    0.000      0.000    0.000   0.000    0.000     0.000    0.000      0.000   0.000
      9   0.000    0.000   0.000   0.000   0.000   0.000   0.000   0.000   0.000   0.000   0.000   0.000   0.000    0.000    0.000   0.000    0.000   0.000   0.000   0.000   0.000   0.000    0.000    0.000      0.000    0.000   0.000    0.000     0.000    0.000      0.000   0.000
    Sum   0.013    0.001   0.009   0.000   0.000   0.000   0.000   0.000   0.000   0.000   0.000   0.000   0.000    0.003    0.000   0.000    0.000   0.000   0.000   0.000   0.000   0.000    0.000    0.000      0.000    0.000   0.000    0.000     0.000    0.000      0.000   0.013


Summary
------------------------------------------------------------------------------------------------------------------------------
                  dt  Flu_Adv  Gra_Adv  Src_Adv  Che_Adv       SF   FB_Adv    FixUp     Flag   Refine MPI_Grid   Output      Aux       LB CorrSync      Par -MPI_Par    libyt         Sum
    Time      0.0008   0.0092   0.0000   0.0000   0.0000   0.0000   0.0000   0.0000   0.0000   0.0000   0.0033   0.0340   0.0681   0.0011   0.0000   0.0000   0.0000   0.0000      0.1164
    Frac      0.660%   7.857%   0.000%   0.000%   0.000%   0.000%   0.000%   0.000%   0.000%   0.000%   2.872%  29.193%  58.474%   0.916%   0.000%   0.000%   0.000%   0.000%     99.973%

==============================================================================================================================
==============================================================================================================================



Time : 6.4190421e-02 -> 6.5278395e-02,     Step :       59 ->       60

Main Loop
------------------------------------------------------------------------------------------------------------------------------
       Total    Integration       Output    Auxiliary    LoadBalance       CorrSync          libyt            Sum
      0.0814         0.0068       0.0218       0.0517         0.0011         0.0000         0.0000         0.0814


Integration Loop
------------------------------------------------------------------------------------------------------------------------------
     Lv   Total       dt Flu_Adv Gra_Adv Src_Adv Che_Adv      SF  FB_Adv   FixUp    Flag  Refine Buf_Rho Buf_Pot Buf_Flu1 Buf_Flu2 Buf_Ref Buf_Flux Buf_Res Buf_Che  Par_KD   Par_K Par_K-1 Par_2Sib -MPI_Sib -MPI_FaSib Par_2Son    -MPI Par_Coll -MPI_Real -MPI_Sib -MPI_FaSib     Sum
      0   0.007    0.001   0.002   0.000   0.000   0.000   0.000   0.000   0.000   0.000   0.001   0.000   0.000    0.003    0.000   0.000    0.000   0.000   0.000   0.000   0.000   0.000    0.000    0.000      0.000    0.000   0.000    0.000     0.000    0.000      0.000   0.007
      1   0.000    0.000   0.000   0.000   0.000   0.000   0.000   0.000   0.000   0.000   0.000   0.000   0.000    0.000    0.000   0.000    0.000   0.000   0.000   0.000   0.000   0.000    0.000    0.000      0.000    0.000   0.000    0.000     0.000    0.000      0.000   0.000
      2   0.000    0.000   0.000   0.000   0.000   0.000   0.000   0.000   0.000   0.000   0.000   0.000   0.000    0.000    0.000   0.000    0.000   0.000   0.000   0.000   0.000   0.000    0.000    0.000      0.000    0.000   0.000    0.000     0.000    0.000      0.000   0.000
      3   0.000    0.000   0.000   0.000   0.000   0.000   0.000   0.000   0.000   0.000   0.000   0.000   0.000    0.000    0.000   0.000    0.000   0.000   0.000   0.000   0.000   0.000    0.000    0.000      0.000    0.000   0.000    0.000     0.000    0.000      0.000   0.000
      4   0.000    0.000   0.000   0.000   0.000   0.000   0.000   0.000   0.000   0.000   0.000   0.000   0.000    0.000    0.000   0.000    0.000   0.000   0.000   0.000   0.000   0.000    0.000    0.000      0.000    0.000   0.000    0.000     0.000    0.000      0.000   0.000
      5   0.000    0.000   0.000   0.000   0.000   0.000   0.000   0.000   0.000   0.000   0.000   0.000   0.000    0.000    0.000   0.000    0.000   0.000   0.000   0.000   0.000   0.000    0.000    0.000      0.000    0.000   0.000    0.000     0.000    0.000      0.000   0.000
      6   0.000    0.000   0.000   0.000   0.000   0.000   0.000   0.000   0.000   0.000   0.000   0.000   0.000    0.000    0.000   0.000    0.000   0.000   0.000   0.000   0.000   0.000    0.000    0.000      0.000    0.000   0.000    0.000     0.000    0.000      0.000   0.000
      7   0.000    0.000   0.000   0.000   0.000   0.000   0.000   0.000   0.000   0.000   0.000   0.000   0.000    0.000    0.000   0.000    0.000   0.000   0.000   0.000   0.000   0.000    0.000    0.000      0.000    0.000   0.000    0.000     0.000    0.000      0.000   0.000
      8   0.000    0.000   0.000   0.000   0.000   0.000   0.000   0.000   0.000   0.000   0.000   0.000   0.000    0.000    0.000   0.000    0.000   0.000   0.000   0.000   0.000   0.000    0.000    0.000      0.000    0.000   0.000    0.000     0.000    0.000      0.000   0.000
      9   0.000    0.000   0.000   0.000   0.000   0.000   0.000   0.000   0.000   0.000   0.000   0.000   0.000    0.000    0.000   0.000    0.000   0.000   0.000   0.000   0.000   0.000    0.000    0.000      0.000    0.000   0.000    0.000     0.000    0.000      0.000   0.000
    Sum   0.007    0.001   0.002   0.000   0.000   0.000   0.000   0.000   0.000   0.000   0.001   0.000   0.000    0.003    0.000   0.000    0.000   0.000   0.000   0.000   0.000   0.000    0.000    0.000      0.000    0.000   0.000    0.000     0.000    0.000      0.000   0.007


Summary
------------------------------------------------------------------------------------------------------------------------------
                  dt  Flu_Adv  Gra_Adv  Src_Adv  Che_Adv       SF   FB_Adv    FixUp     Flag   Refine MPI_Grid   Output      Aux       LB CorrSync      Par -MPI_Par    libyt         Sum
    Time      0.0007   0.0022   0.0000   0.0000   0.0000   0.0000   0.0000   0.0000   0.0004   0.0005   0.0028   0.0218   0.0517   0.0011   0.0000   0.0000   0.0000   0.0000      0.0814
    Frac      0.918%   2.756%   0.000%   0.000%   0.000%   0.000%   0.000%   0.000%   0.544%   0.625%   3.436%  26.750%  63.546%   1.394%   0.000%   0.000%   0.000%   0.000%     99.969%

==============================================================================================================================
==============================================================================================================================



Time : 6.5278395e-02 -> 6.6366368e-02,     Step :       60 ->       61

Main Loop
------------------------------------------------------------------------------------------------------------------------------
       Total    Integration       Output    Auxiliary    LoadBalance       CorrSync          libyt            Sum
      0.1260         0.0233       0.0286       0.0732         0.0010         0.0000         0.0000         0.1260


Integration Loop
------------------------------------------------------------------------------------------------------------------------------
     Lv   Total       dt Flu_Adv Gra_Adv Src_Adv Che_Adv      SF  FB_Adv   FixUp    Flag  Refine Buf_Rho Buf_Pot Buf_Flu1 Buf_Flu2 Buf_Ref Buf_Flux Buf_Res Buf_Che  Par_KD   Par_K Par_K-1 Par_2Sib -MPI_Sib -MPI_FaSib Par_2Son    -MPI Par_Coll -MPI_Real -MPI_Sib -MPI_FaSib     Sum
      0   0.023    0.001   0.020   0.000   0.000   0.000   0.000   0.000   0.000   0.000   0.000   0.000   0.000    0.003    0.000   0.000    0.000   0.000   0.000   0.000   0.000   0.000    0.000    0.000      0.000    0.000   0.000    0.000     0.000    0.000      0.000   0.023
      1   0.000    0.000   0.000   0.000   0.000   0.000   0.000   0.000   0.000   0.000   0.000   0.000   0.000    0.000    0.000   0.000    0.000   0.000   0.000   0.000   0.000   0.000    0.000    0.000      0.000    0.000   0.000    0.000     0.000    0.000      0.000   0.000
      2   0.000    0.000   0.000   0.000   0.000   0.000   0.000   0.000   0.000   0.000   0.000   0.000   0.000    0.000    0.000   0.000    0.000   0.000   0.000   0.000   0.000   0.000    0.000    0.000      0.000    0.000   0.000    0.000     0.000    0.000      0.000   0.000
      3   0.000    0.000   0.000   0.000   0.000   0.000   0.000   0.000   0.000   0.000   0.000   0.000   0.000    0.000    0.000   0.000    0.000   0.000   0.000   0.000   0.000   0.000    0.000    0.000      0.000    0.000   0.000    0.000     0.000    0.000      0.000   0.000
      4   0.000    0.000   0.000   0.000   0.000   0.000   0.000   0.000   0.000   0.000   0.000   0.000   0.000    0.000    0.000   0.000    0.000   0.000   0.000   0.000   0.000   0.000    0.000    0.000      0.000    0.000   0.000    0.000     0.000    0.000      0.000   0.000
      5   0.000    0.000   0.000   0.000   0.000   0.000   0.000   0.000   0.000   0.000   0.000   0.000   0.000    0.000    0.000   0.000    0.000   0.000   0.000   0.000   0.000   0.000    0.000    0.000      0.000    0.000   0.000    0.000     0.000    0.000      0.000   0.000
      6   0.000    0.000   0.000   0.000   0.000   0.000   0.000   0.000   0.000   0.000   0.000   0.000   0.000    0.000    0.000   0.000    0.000   0.000   0.000   0.000   0.000   0.000    0.000    0.000      0.000    0.000   0.000    0.000     0.000    0.000      0.000   0.000
      7   0.000    0.000   0.000   0.000   0.000   0.000   0.000   0.000   0.000   0.000   0.000   0.000   0.000    0.000    0.000   0.000    0.000   0.000   0.000   0.000   0.000   0.000    0.000    0.000      0.000    0.000   0.000    0.000     0.000    0.000      0.000   0.000
      8   0.000    0.000   0.000   0.000   0.000   0.000   0.000   0.000   0.000   0.000   0.000   0.000   0.000    0.000    0.000   0.000    0.000   0.000   0.000   0.000   0.000   0.000    0.000    0.000      0.000    0.000   0.000    0.000     0.000    0.000      0.000   0.000
      9   0.000    0.000   0.000   0.000   0.000   0.000   0.000   0.000   0.000   0.000   0.000   0.000   0.000    0.000    0.000   0.000    0.000   0.000   0.000   0.000   0.000   0.000    0.000    0.000      0.000    0.000   0.000    0.000     0.000    0.000      0.000   0.000
    Sum   0.023    0.001   0.020   0.000   0.000   0.000   0.000   0.000   0.000   0.000   0.000   0.000   0.000    0.003    0.000   0.000    0.000   0.000   0.000   0.000   0.000   0.000    0.000    0.000      0.000    0.000   0.000    0.000     0.000    0.000      0.000   0.023


Summary
------------------------------------------------------------------------------------------------------------------------------
                  dt  Flu_Adv  Gra_Adv  Src_Adv  Che_Adv       SF   FB_Adv    FixUp     Flag   Refine MPI_Grid   Output      Aux       LB CorrSync      Par -MPI_Par    libyt         Sum
    Time      0.0008   0.0200   0.0000   0.0000   0.0000   0.0000   0.0000   0.0000   0.0000   0.0000   0.0025   0.0286   0.0732   0.0010   0.0000   0.0000   0.0000   0.0000      0.1260
    Frac      0.622%  15.879%   0.000%   0.000%   0.000%   0.000%   0.000%   0.000%   0.000%   0.000%   1.987%  22.657%  58.069%   0.764%   0.000%   0.000%   0.000%   0.000%     99.979%

==============================================================================================================================
==============================================================================================================================



Time : 6.6366368e-02 -> 6.7454341e-02,     Step :       61 ->       62

Main Loop
------------------------------------------------------------------------------------------------------------------------------
       Total    Integration       Output    Auxiliary    LoadBalance       CorrSync          libyt            Sum
      0.1068         0.0126       0.0387       0.0544         0.0011         0.0000         0.0000         0.1068


Integration Loop
------------------------------------------------------------------------------------------------------------------------------
     Lv   Total       dt Flu_Adv Gra_Adv Src_Adv Che_Adv      SF  FB_Adv   FixUp    Flag  Refine Buf_Rho Buf_Pot Buf_Flu1 Buf_Flu2 Buf_Ref Buf_Flux Buf_Res Buf_Che  Par_KD   Par_K Par_K-1 Par_2Sib -MPI_Sib -MPI_FaSib Par_2Son    -MPI Par_Coll -MPI_Real -MPI_Sib -MPI_FaSib     Sum
      0   0.013    0.001   0.009   0.000   0.000   0.000   0.000   0.000   0.000   0.000   0.000   0.000   0.000    0.003    0.000   0.000    0.000   0.000   0.000   0.000   0.000   0.000    0.000    0.000      0.000    0.000   0.000    0.000     0.000    0.000      0.000   0.013
      1   0.000    0.000   0.000   0.000   0.000   0.000   0.000   0.000   0.000   0.000   0.000   0.000   0.000    0.000    0.000   0.000    0.000   0.000   0.000   0.000   0.000   0.000    0.000    0.000      0.000    0.000   0.000    0.000     0.000    0.000      0.000   0.000
      2   0.000    0.000   0.000   0.000   0.000   0.000   0.000   0.000   0.000   0.000   0.000   0.000   0.000    0.000    0.000   0.000    0.000   0.000   0.000   0.000   0.000   0.000    0.000    0.000      0.000    0.000   0.000    0.000     0.000    0.000      0.000   0.000
      3   0.000    0.000   0.000   0.000   0.000   0.000   0.000   0.000   0.000   0.000   0.000   0.000   0.000    0.000    0.000   0.000    0.000   0.000   0.000   0.000   0.000   0.000    0.000    0.000      0.000    0.000   0.000    0.000     0.000    0.000      0.000   0.000
      4   0.000    0.000   0.000   0.000   0.000   0.000   0.000   0.000   0.000   0.000   0.000   0.000   0.000    0.000    0.000   0.000    0.000   0.000   0.000   0.000   0.000   0.000    0.000    0.000      0.000    0.000   0.000    0.000     0.000    0.000      0.000   0.000
      5   0.000    0.000   0.000   0.000   0.000   0.000   0.000   0.000   0.000   0.000   0.000   0.000   0.000    0.000    0.000   0.000    0.000   0.000   0.000   0.000   0.000   0.000    0.000    0.000      0.000    0.000   0.000    0.000     0.000    0.000      0.000   0.000
      6   0.000    0.000   0.000   0.000   0.000   0.000   0.000   0.000   0.000   0.000   0.000   0.000   0.000    0.000    0.000   0.000    0.000   0.000   0.000   0.000   0.000   0.000    0.000    0.000      0.000    0.000   0.000    0.000     0.000    0.000      0.000   0.000
      7   0.000    0.000   0.000   0.000   0.000   0.000   0.000   0.000   0.000   0.000   0.000   0.000   0.000    0.000    0.000   0.000    0.000   0.000   0.000   0.000   0.000   0.000    0.000    0.000      0.000    0.000   0.000    0.000     0.000    0.000      0.000   0.000
      8   0.000    0.000   0.000   0.000   0.000   0.000   0.000   0.000   0.000   0.000   0.000   0.000   0.000    0.000    0.000   0.000    0.000   0.000   0.000   0.000   0.000   0.000    0.000    0.000      0.000    0.000   0.000    0.000     0.000    0.000      0.000   0.000
      9   0.000    0.000   0.000   0.000   0.000   0.000   0.000   0.000   0.000   0.000   0.000   0.000   0.000    0.000    0.000   0.000    0.000   0.000   0.000   0.000   0.000   0.000    0.000    0.000      0.000    0.000   0.000    0.000     0.000    0.000      0.000   0.000
    Sum   0.013    0.001   0.009   0.000   0.000   0.000   0.000   0.000   0.000   0.000   0.000   0.000   0.000    0.003    0.000   0.000    0.000   0.000   0.000   0.000   0.000   0.000    0.000    0.000      0.000    0.000   0.000    0.000     0.000    0.000      0.000   0.013


Summary
------------------------------------------------------------------------------------------------------------------------------
                  dt  Flu_Adv  Gra_Adv  Src_Adv  Che_Adv       SF   FB_Adv    FixUp     Flag   Refine MPI_Grid   Output      Aux       LB CorrSync      Par -MPI_Par    libyt         Sum
    Time      0.0007   0.0092   0.0000   0.0000   0.0000   0.0000   0.0000   0.0000   0.0000   0.0000   0.0027   0.0387   0.0544   0.0011   0.0000   0.0000   0.0000   0.0000      0.1068
    Frac      0.685%   8.645%   0.000%   0.000%   0.000%   0.000%   0.000%   0.000%   0.000%   0.000%   2.503%  36.204%  50.915%   1.026%   0.000%   0.000%   0.000%   0.000%     99.978%

==============================================================================================================================
==============================================================================================================================



Time : 6.7454341e-02 -> 6.8542314e-02,     Step :       62 ->       63

Main Loop
------------------------------------------------------------------------------------------------------------------------------
       Total    Integration       Output    Auxiliary    LoadBalance       CorrSync          libyt            Sum
      0.0767         0.0093       0.0142       0.0521         0.0011         0.0000         0.0000         0.0767


Integration Loop
------------------------------------------------------------------------------------------------------------------------------
     Lv   Total       dt Flu_Adv Gra_Adv Src_Adv Che_Adv      SF  FB_Adv   FixUp    Flag  Refine Buf_Rho Buf_Pot Buf_Flu1 Buf_Flu2 Buf_Ref Buf_Flux Buf_Res Buf_Che  Par_KD   Par_K Par_K-1 Par_2Sib -MPI_Sib -MPI_FaSib Par_2Son    -MPI Par_Coll -MPI_Real -MPI_Sib -MPI_FaSib     Sum
      0   0.009    0.001   0.005   0.000   0.000   0.000   0.000   0.000   0.000   0.000   0.000   0.000   0.000    0.004    0.000   0.000    0.000   0.000   0.000   0.000   0.000   0.000    0.000    0.000      0.000    0.000   0.000    0.000     0.000    0.000      0.000   0.009
      1   0.000    0.000   0.000   0.000   0.000   0.000   0.000   0.000   0.000   0.000   0.000   0.000   0.000    0.000    0.000   0.000    0.000   0.000   0.000   0.000   0.000   0.000    0.000    0.000      0.000    0.000   0.000    0.000     0.000    0.000      0.000   0.000
      2   0.000    0.000   0.000   0.000   0.000   0.000   0.000   0.000   0.000   0.000   0.000   0.000   0.000    0.000    0.000   0.000    0.000   0.000   0.000   0.000   0.000   0.000    0.000    0.000      0.000    0.000   0.000    0.000     0.000    0.000      0.000   0.000
      3   0.000    0.000   0.000   0.000   0.000   0.000   0.000   0.000   0.000   0.000   0.000   0.000   0.000    0.000    0.000   0.000    0.000   0.000   0.000   0.000   0.000   0.000    0.000    0.000      0.000    0.000   0.000    0.000     0.000    0.000      0.000   0.000
      4   0.000    0.000   0.000   0.000   0.000   0.000   0.000   0.000   0.000   0.000   0.000   0.000   0.000    0.000    0.000   0.000    0.000   0.000   0.000   0.000   0.000   0.000    0.000    0.000      0.000    0.000   0.000    0.000     0.000    0.000      0.000   0.000
      5   0.000    0.000   0.000   0.000   0.000   0.000   0.000   0.000   0.000   0.000   0.000   0.000   0.000    0.000    0.000   0.000    0.000   0.000   0.000   0.000   0.000   0.000    0.000    0.000      0.000    0.000   0.000    0.000     0.000    0.000      0.000   0.000
      6   0.000    0.000   0.000   0.000   0.000   0.000   0.000   0.000   0.000   0.000   0.000   0.000   0.000    0.000    0.000   0.000    0.000   0.000   0.000   0.000   0.000   0.000    0.000    0.000      0.000    0.000   0.000    0.000     0.000    0.000      0.000   0.000
      7   0.000    0.000   0.000   0.000   0.000   0.000   0.000   0.000   0.000   0.000   0.000   0.000   0.000    0.000    0.000   0.000    0.000   0.000   0.000   0.000   0.000   0.000    0.000    0.000      0.000    0.000   0.000    0.000     0.000    0.000      0.000   0.000
      8   0.000    0.000   0.000   0.000   0.000   0.000   0.000   0.000   0.000   0.000   0.000   0.000   0.000    0.000    0.000   0.000    0.000   0.000   0.000   0.000   0.000   0.000    0.000    0.000      0.000    0.000   0.000    0.000     0.000    0.000      0.000   0.000
      9   0.000    0.000   0.000   0.000   0.000   0.000   0.000   0.000   0.000   0.000   0.000   0.000   0.000    0.000    0.000   0.000    0.000   0.000   0.000   0.000   0.000   0.000    0.000    0.000      0.000    0.000   0.000    0.000     0.000    0.000      0.000   0.000
    Sum   0.009    0.001   0.005   0.000   0.000   0.000   0.000   0.000   0.000   0.000   0.000   0.000   0.000    0.004    0.000   0.000    0.000   0.000   0.000   0.000   0.000   0.000    0.000    0.000      0.000    0.000   0.000    0.000     0.000    0.000      0.000   0.009


Summary
------------------------------------------------------------------------------------------------------------------------------
                  dt  Flu_Adv  Gra_Adv  Src_Adv  Che_Adv       SF   FB_Adv    FixUp     Flag   Refine MPI_Grid   Output      Aux       LB CorrSync      Par -MPI_Par    libyt         Sum
    Time      0.0008   0.0046   0.0000   0.0000   0.0000   0.0000   0.0000   0.0000   0.0000   0.0000   0.0038   0.0142   0.0521   0.0011   0.0000   0.0000   0.0000   0.0000      0.0767
    Frac      1.086%   6.003%   0.000%   0.000%   0.000%   0.000%   0.000%   0.000%   0.000%   0.000%   4.986%  18.543%  67.966%   1.378%   0.000%   0.000%   0.000%   0.000%     99.963%

==============================================================================================================================
==============================================================================================================================



Time : 6.8542314e-02 -> 6.9630288e-02,     Step :       63 ->       64

Main Loop
------------------------------------------------------------------------------------------------------------------------------
       Total    Integration       Output    Auxiliary    LoadBalance       CorrSync          libyt            Sum
      0.0853         0.0152       0.0205       0.0485         0.0010         0.0000         0.0000         0.0853


Integration Loop
------------------------------------------------------------------------------------------------------------------------------
     Lv   Total       dt Flu_Adv Gra_Adv Src_Adv Che_Adv      SF  FB_Adv   FixUp    Flag  Refine Buf_Rho Buf_Pot Buf_Flu1 Buf_Flu2 Buf_Ref Buf_Flux Buf_Res Buf_Che  Par_KD   Par_K Par_K-1 Par_2Sib -MPI_Sib -MPI_FaSib Par_2Son    -MPI Par_Coll -MPI_Real -MPI_Sib -MPI_FaSib     Sum
      0   0.015    0.001   0.010   0.000   0.000   0.000   0.000   0.000   0.000   0.000   0.001   0.000   0.000    0.003    0.000   0.000    0.000   0.000   0.000   0.000   0.000   0.000    0.000    0.000      0.000    0.000   0.000    0.000     0.000    0.000      0.000   0.015
      1   0.000    0.000   0.000   0.000   0.000   0.000   0.000   0.000   0.000   0.000   0.000   0.000   0.000    0.000    0.000   0.000    0.000   0.000   0.000   0.000   0.000   0.000    0.000    0.000      0.000    0.000   0.000    0.000     0.000    0.000      0.000   0.000
      2   0.000    0.000   0.000   0.000   0.000   0.000   0.000   0.000   0.000   0.000   0.000   0.000   0.000    0.000    0.000   0.000    0.000   0.000   0.000   0.000   0.000   0.000    0.000    0.000      0.000    0.000   0.000    0.000     0.000    0.000      0.000   0.000
      3   0.000    0.000   0.000   0.000   0.000   0.000   0.000   0.000   0.000   0.000   0.000   0.000   0.000    0.000    0.000   0.000    0.000   0.000   0.000   0.000   0.000   0.000    0.000    0.000      0.000    0.000   0.000    0.000     0.000    0.000      0.000   0.000
      4   0.000    0.000   0.000   0.000   0.000   0.000   0.000   0.000   0.000   0.000   0.000   0.000   0.000    0.000    0.000   0.000    0.000   0.000   0.000   0.000   0.000   0.000    0.000    0.000      0.000    0.000   0.000    0.000     0.000    0.000      0.000   0.000
      5   0.000    0.000   0.000   0.000   0.000   0.000   0.000   0.000   0.000   0.000   0.000   0.000   0.000    0.000    0.000   0.000    0.000   0.000   0.000   0.000   0.000   0.000    0.000    0.000      0.000    0.000   0.000    0.000     0.000    0.000      0.000   0.000
      6   0.000    0.000   0.000   0.000   0.000   0.000   0.000   0.000   0.000   0.000   0.000   0.000   0.000    0.000    0.000   0.000    0.000   0.000   0.000   0.000   0.000   0.000    0.000    0.000      0.000    0.000   0.000    0.000     0.000    0.000      0.000   0.000
      7   0.000    0.000   0.000   0.000   0.000   0.000   0.000   0.000   0.000   0.000   0.000   0.000   0.000    0.000    0.000   0.000    0.000   0.000   0.000   0.000   0.000   0.000    0.000    0.000      0.000    0.000   0.000    0.000     0.000    0.000      0.000   0.000
      8   0.000    0.000   0.000   0.000   0.000   0.000   0.000   0.000   0.000   0.000   0.000   0.000   0.000    0.000    0.000   0.000    0.000   0.000   0.000   0.000   0.000   0.000    0.000    0.000      0.000    0.000   0.000    0.000     0.000    0.000      0.000   0.000
      9   0.000    0.000   0.000   0.000   0.000   0.000   0.000   0.000   0.000   0.000   0.000   0.000   0.000    0.000    0.000   0.000    0.000   0.000   0.000   0.000   0.000   0.000    0.000    0.000      0.000    0.000   0.000    0.000     0.000    0.000      0.000   0.000
    Sum   0.015    0.001   0.010   0.000   0.000   0.000   0.000   0.000   0.000   0.000   0.001   0.000   0.000    0.003    0.000   0.000    0.000   0.000   0.000   0.000   0.000   0.000    0.000    0.000      0.000    0.000   0.000    0.000     0.000    0.000      0.000   0.015


Summary
------------------------------------------------------------------------------------------------------------------------------
                  dt  Flu_Adv  Gra_Adv  Src_Adv  Che_Adv       SF   FB_Adv    FixUp     Flag   Refine MPI_Grid   Output      Aux       LB CorrSync      Par -MPI_Par    libyt         Sum
    Time      0.0008   0.0101   0.0000   0.0000   0.0000   0.0000   0.0000   0.0000   0.0005   0.0005   0.0033   0.0205   0.0485   0.0010   0.0000   0.0000   0.0000   0.0000      0.0852
    Frac      0.948%  11.822%   0.000%   0.000%   0.000%   0.000%   0.000%   0.000%   0.537%   0.590%   3.886%  24.072%  56.889%   1.227%   0.000%   0.000%   0.000%   0.000%     99.970%

==============================================================================================================================
==============================================================================================================================



Time : 6.9630288e-02 -> 7.0718261e-02,     Step :       64 ->       65

Main Loop
------------------------------------------------------------------------------------------------------------------------------
       Total    Integration       Output    Auxiliary    LoadBalance       CorrSync          libyt            Sum
      0.0935         0.0050       0.0266       0.0610         0.0008         0.0000         0.0000         0.0935


Integration Loop
------------------------------------------------------------------------------------------------------------------------------
     Lv   Total       dt Flu_Adv Gra_Adv Src_Adv Che_Adv      SF  FB_Adv   FixUp    Flag  Refine Buf_Rho Buf_Pot Buf_Flu1 Buf_Flu2 Buf_Ref Buf_Flux Buf_Res Buf_Che  Par_KD   Par_K Par_K-1 Par_2Sib -MPI_Sib -MPI_FaSib Par_2Son    -MPI Par_Coll -MPI_Real -MPI_Sib -MPI_FaSib     Sum
      0   0.005    0.001   0.001   0.000   0.000   0.000   0.000   0.000   0.000   0.000   0.000   0.000   0.000    0.003    0.000   0.000    0.000   0.000   0.000   0.000   0.000   0.000    0.000    0.000      0.000    0.000   0.000    0.000     0.000    0.000      0.000   0.005
      1   0.000    0.000   0.000   0.000   0.000   0.000   0.000   0.000   0.000   0.000   0.000   0.000   0.000    0.000    0.000   0.000    0.000   0.000   0.000   0.000   0.000   0.000    0.000    0.000      0.000    0.000   0.000    0.000     0.000    0.000      0.000   0.000
      2   0.000    0.000   0.000   0.000   0.000   0.000   0.000   0.000   0.000   0.000   0.000   0.000   0.000    0.000    0.000   0.000    0.000   0.000   0.000   0.000   0.000   0.000    0.000    0.000      0.000    0.000   0.000    0.000     0.000    0.000      0.000   0.000
      3   0.000    0.000   0.000   0.000   0.000   0.000   0.000   0.000   0.000   0.000   0.000   0.000   0.000    0.000    0.000   0.000    0.000   0.000   0.000   0.000   0.000   0.000    0.000    0.000      0.000    0.000   0.000    0.000     0.000    0.000      0.000   0.000
      4   0.000    0.000   0.000   0.000   0.000   0.000   0.000   0.000   0.000   0.000   0.000   0.000   0.000    0.000    0.000   0.000    0.000   0.000   0.000   0.000   0.000   0.000    0.000    0.000      0.000    0.000   0.000    0.000     0.000    0.000      0.000   0.000
      5   0.000    0.000   0.000   0.000   0.000   0.000   0.000   0.000   0.000   0.000   0.000   0.000   0.000    0.000    0.000   0.000    0.000   0.000   0.000   0.000   0.000   0.000    0.000    0.000      0.000    0.000   0.000    0.000     0.000    0.000      0.000   0.000
      6   0.000    0.000   0.000   0.000   0.000   0.000   0.000   0.000   0.000   0.000   0.000   0.000   0.000    0.000    0.000   0.000    0.000   0.000   0.000   0.000   0.000   0.000    0.000    0.000      0.000    0.000   0.000    0.000     0.000    0.000      0.000   0.000
      7   0.000    0.000   0.000   0.000   0.000   0.000   0.000   0.000   0.000   0.000   0.000   0.000   0.000    0.000    0.000   0.000    0.000   0.000   0.000   0.000   0.000   0.000    0.000    0.000      0.000    0.000   0.000    0.000     0.000    0.000      0.000   0.000
      8   0.000    0.000   0.000   0.000   0.000   0.000   0.000   0.000   0.000   0.000   0.000   0.000   0.000    0.000    0.000   0.000    0.000   0.000   0.000   0.000   0.000   0.000    0.000    0.000      0.000    0.000   0.000    0.000     0.000    0.000      0.000   0.000
      9   0.000    0.000   0.000   0.000   0.000   0.000   0.000   0.000   0.000   0.000   0.000   0.000   0.000    0.000    0.000   0.000    0.000   0.000   0.000   0.000   0.000   0.000    0.000    0.000      0.000    0.000   0.000    0.000     0.000    0.000      0.000   0.000
    Sum   0.005    0.001   0.001   0.000   0.000   0.000   0.000   0.000   0.000   0.000   0.000   0.000   0.000    0.003    0.000   0.000    0.000   0.000   0.000   0.000   0.000   0.000    0.000    0.000      0.000    0.000   0.000    0.000     0.000    0.000      0.000   0.005


Summary
------------------------------------------------------------------------------------------------------------------------------
                  dt  Flu_Adv  Gra_Adv  Src_Adv  Che_Adv       SF   FB_Adv    FixUp     Flag   Refine MPI_Grid   Output      Aux       LB CorrSync      Par -MPI_Par    libyt         Sum
    Time      0.0008   0.0014   0.0000   0.0000   0.0000   0.0000   0.0000   0.0000   0.0000   0.0000   0.0028   0.0266   0.0610   0.0008   0.0000   0.0000   0.0000   0.0000      0.0935
    Frac      0.872%   1.537%   0.000%   0.000%   0.000%   0.000%   0.000%   0.000%   0.000%   0.000%   2.949%  28.494%  65.256%   0.869%   0.000%   0.000%   0.000%   0.000%     99.976%

==============================================================================================================================
==============================================================================================================================



Time : 7.0718261e-02 -> 7.1806234e-02,     Step :       65 ->       66

Main Loop
------------------------------------------------------------------------------------------------------------------------------
       Total    Integration       Output    Auxiliary    LoadBalance       CorrSync          libyt            Sum
      0.0551         0.0063       0.0106       0.0374         0.0008         0.0000         0.0000         0.0551


Integration Loop
------------------------------------------------------------------------------------------------------------------------------
     Lv   Total       dt Flu_Adv Gra_Adv Src_Adv Che_Adv      SF  FB_Adv   FixUp    Flag  Refine Buf_Rho Buf_Pot Buf_Flu1 Buf_Flu2 Buf_Ref Buf_Flux Buf_Res Buf_Che  Par_KD   Par_K Par_K-1 Par_2Sib -MPI_Sib -MPI_FaSib Par_2Son    -MPI Par_Coll -MPI_Real -MPI_Sib -MPI_FaSib     Sum
      0   0.006    0.001   0.003   0.000   0.000   0.000   0.000   0.000   0.000   0.000   0.000   0.000   0.000    0.003    0.000   0.000    0.000   0.000   0.000   0.000   0.000   0.000    0.000    0.000      0.000    0.000   0.000    0.000     0.000    0.000      0.000   0.006
      1   0.000    0.000   0.000   0.000   0.000   0.000   0.000   0.000   0.000   0.000   0.000   0.000   0.000    0.000    0.000   0.000    0.000   0.000   0.000   0.000   0.000   0.000    0.000    0.000      0.000    0.000   0.000    0.000     0.000    0.000      0.000   0.000
      2   0.000    0.000   0.000   0.000   0.000   0.000   0.000   0.000   0.000   0.000   0.000   0.000   0.000    0.000    0.000   0.000    0.000   0.000   0.000   0.000   0.000   0.000    0.000    0.000      0.000    0.000   0.000    0.000     0.000    0.000      0.000   0.000
      3   0.000    0.000   0.000   0.000   0.000   0.000   0.000   0.000   0.000   0.000   0.000   0.000   0.000    0.000    0.000   0.000    0.000   0.000   0.000   0.000   0.000   0.000    0.000    0.000      0.000    0.000   0.000    0.000     0.000    0.000      0.000   0.000
      4   0.000    0.000   0.000   0.000   0.000   0.000   0.000   0.000   0.000   0.000   0.000   0.000   0.000    0.000    0.000   0.000    0.000   0.000   0.000   0.000   0.000   0.000    0.000    0.000      0.000    0.000   0.000    0.000     0.000    0.000      0.000   0.000
      5   0.000    0.000   0.000   0.000   0.000   0.000   0.000   0.000   0.000   0.000   0.000   0.000   0.000    0.000    0.000   0.000    0.000   0.000   0.000   0.000   0.000   0.000    0.000    0.000      0.000    0.000   0.000    0.000     0.000    0.000      0.000   0.000
      6   0.000    0.000   0.000   0.000   0.000   0.000   0.000   0.000   0.000   0.000   0.000   0.000   0.000    0.000    0.000   0.000    0.000   0.000   0.000   0.000   0.000   0.000    0.000    0.000      0.000    0.000   0.000    0.000     0.000    0.000      0.000   0.000
      7   0.000    0.000   0.000   0.000   0.000   0.000   0.000   0.000   0.000   0.000   0.000   0.000   0.000    0.000    0.000   0.000    0.000   0.000   0.000   0.000   0.000   0.000    0.000    0.000      0.000    0.000   0.000    0.000     0.000    0.000      0.000   0.000
      8   0.000    0.000   0.000   0.000   0.000   0.000   0.000   0.000   0.000   0.000   0.000   0.000   0.000    0.000    0.000   0.000    0.000   0.000   0.000   0.000   0.000   0.000    0.000    0.000      0.000    0.000   0.000    0.000     0.000    0.000      0.000   0.000
      9   0.000    0.000   0.000   0.000   0.000   0.000   0.000   0.000   0.000   0.000   0.000   0.000   0.000    0.000    0.000   0.000    0.000   0.000   0.000   0.000   0.000   0.000    0.000    0.000      0.000    0.000   0.000    0.000     0.000    0.000      0.000   0.000
    Sum   0.006    0.001   0.003   0.000   0.000   0.000   0.000   0.000   0.000   0.000   0.000   0.000   0.000    0.003    0.000   0.000    0.000   0.000   0.000   0.000   0.000   0.000    0.000    0.000      0.000    0.000   0.000    0.000     0.000    0.000      0.000   0.006


Summary
------------------------------------------------------------------------------------------------------------------------------
                  dt  Flu_Adv  Gra_Adv  Src_Adv  Che_Adv       SF   FB_Adv    FixUp     Flag   Refine MPI_Grid   Output      Aux       LB CorrSync      Par -MPI_Par    libyt         Sum
    Time      0.0006   0.0030   0.0000   0.0000   0.0000   0.0000   0.0000   0.0000   0.0000   0.0000   0.0026   0.0106   0.0374   0.0008   0.0000   0.0000   0.0000   0.0000      0.0551
    Frac      1.035%   5.515%   0.000%   0.000%   0.000%   0.000%   0.000%   0.000%   0.000%   0.000%   4.794%  19.303%  67.956%   1.380%   0.000%   0.000%   0.000%   0.000%     99.984%

==============================================================================================================================
==============================================================================================================================



Time : 7.1806234e-02 -> 7.2894207e-02,     Step :       66 ->       67

Main Loop
------------------------------------------------------------------------------------------------------------------------------
       Total    Integration       Output    Auxiliary    LoadBalance       CorrSync          libyt            Sum
      0.0530         0.0046       0.0103       0.0373         0.0008         0.0000         0.0000         0.0530


Integration Loop
------------------------------------------------------------------------------------------------------------------------------
     Lv   Total       dt Flu_Adv Gra_Adv Src_Adv Che_Adv      SF  FB_Adv   FixUp    Flag  Refine Buf_Rho Buf_Pot Buf_Flu1 Buf_Flu2 Buf_Ref Buf_Flux Buf_Res Buf_Che  Par_KD   Par_K Par_K-1 Par_2Sib -MPI_Sib -MPI_FaSib Par_2Son    -MPI Par_Coll -MPI_Real -MPI_Sib -MPI_FaSib     Sum
      0   0.005    0.001   0.001   0.000   0.000   0.000   0.000   0.000   0.000   0.000   0.000   0.000   0.000    0.003    0.000   0.000    0.000   0.000   0.000   0.000   0.000   0.000    0.000    0.000      0.000    0.000   0.000    0.000     0.000    0.000      0.000   0.005
      1   0.000    0.000   0.000   0.000   0.000   0.000   0.000   0.000   0.000   0.000   0.000   0.000   0.000    0.000    0.000   0.000    0.000   0.000   0.000   0.000   0.000   0.000    0.000    0.000      0.000    0.000   0.000    0.000     0.000    0.000      0.000   0.000
      2   0.000    0.000   0.000   0.000   0.000   0.000   0.000   0.000   0.000   0.000   0.000   0.000   0.000    0.000    0.000   0.000    0.000   0.000   0.000   0.000   0.000   0.000    0.000    0.000      0.000    0.000   0.000    0.000     0.000    0.000      0.000   0.000
      3   0.000    0.000   0.000   0.000   0.000   0.000   0.000   0.000   0.000   0.000   0.000   0.000   0.000    0.000    0.000   0.000    0.000   0.000   0.000   0.000   0.000   0.000    0.000    0.000      0.000    0.000   0.000    0.000     0.000    0.000      0.000   0.000
      4   0.000    0.000   0.000   0.000   0.000   0.000   0.000   0.000   0.000   0.000   0.000   0.000   0.000    0.000    0.000   0.000    0.000   0.000   0.000   0.000   0.000   0.000    0.000    0.000      0.000    0.000   0.000    0.000     0.000    0.000      0.000   0.000
      5   0.000    0.000   0.000   0.000   0.000   0.000   0.000   0.000   0.000   0.000   0.000   0.000   0.000    0.000    0.000   0.000    0.000   0.000   0.000   0.000   0.000   0.000    0.000    0.000      0.000    0.000   0.000    0.000     0.000    0.000      0.000   0.000
      6   0.000    0.000   0.000   0.000   0.000   0.000   0.000   0.000   0.000   0.000   0.000   0.000   0.000    0.000    0.000   0.000    0.000   0.000   0.000   0.000   0.000   0.000    0.000    0.000      0.000    0.000   0.000    0.000     0.000    0.000      0.000   0.000
      7   0.000    0.000   0.000   0.000   0.000   0.000   0.000   0.000   0.000   0.000   0.000   0.000   0.000    0.000    0.000   0.000    0.000   0.000   0.000   0.000   0.000   0.000    0.000    0.000      0.000    0.000   0.000    0.000     0.000    0.000      0.000   0.000
      8   0.000    0.000   0.000   0.000   0.000   0.000   0.000   0.000   0.000   0.000   0.000   0.000   0.000    0.000    0.000   0.000    0.000   0.000   0.000   0.000   0.000   0.000    0.000    0.000      0.000    0.000   0.000    0.000     0.000    0.000      0.000   0.000
      9   0.000    0.000   0.000   0.000   0.000   0.000   0.000   0.000   0.000   0.000   0.000   0.000   0.000    0.000    0.000   0.000    0.000   0.000   0.000   0.000   0.000   0.000    0.000    0.000      0.000    0.000   0.000    0.000     0.000    0.000      0.000   0.000
    Sum   0.005    0.001   0.001   0.000   0.000   0.000   0.000   0.000   0.000   0.000   0.000   0.000   0.000    0.003    0.000   0.000    0.000   0.000   0.000   0.000   0.000   0.000    0.000    0.000      0.000    0.000   0.000    0.000     0.000    0.000      0.000   0.005


Summary
------------------------------------------------------------------------------------------------------------------------------
                  dt  Flu_Adv  Gra_Adv  Src_Adv  Che_Adv       SF   FB_Adv    FixUp     Flag   Refine MPI_Grid   Output      Aux       LB CorrSync      Par -MPI_Par    libyt         Sum
    Time      0.0006   0.0013   0.0000   0.0000   0.0000   0.0000   0.0000   0.0000   0.0000   0.0000   0.0027   0.0103   0.0373   0.0008   0.0000   0.0000   0.0000   0.0000      0.0530
    Frac      1.155%   2.479%   0.000%   0.000%   0.000%   0.000%   0.000%   0.000%   0.000%   0.000%   5.006%  19.425%  70.356%   1.557%   0.000%   0.000%   0.000%   0.000%     99.977%

==============================================================================================================================
==============================================================================================================================



Time : 7.2894207e-02 -> 7.3982181e-02,     Step :       67 ->       68

Main Loop
------------------------------------------------------------------------------------------------------------------------------
       Total    Integration       Output    Auxiliary    LoadBalance       CorrSync          libyt            Sum
      0.1043         0.0090       0.0352       0.0594         0.0008         0.0000         0.0000         0.1043


Integration Loop
------------------------------------------------------------------------------------------------------------------------------
     Lv   Total       dt Flu_Adv Gra_Adv Src_Adv Che_Adv      SF  FB_Adv   FixUp    Flag  Refine Buf_Rho Buf_Pot Buf_Flu1 Buf_Flu2 Buf_Ref Buf_Flux Buf_Res Buf_Che  Par_KD   Par_K Par_K-1 Par_2Sib -MPI_Sib -MPI_FaSib Par_2Son    -MPI Par_Coll -MPI_Real -MPI_Sib -MPI_FaSib     Sum
      0   0.009    0.001   0.003   0.000   0.000   0.000   0.000   0.000   0.000   0.003   0.000   0.000   0.000    0.002    0.000   0.000    0.000   0.000   0.000   0.000   0.000   0.000    0.000    0.000      0.000    0.000   0.000    0.000     0.000    0.000      0.000   0.009
      1   0.000    0.000   0.000   0.000   0.000   0.000   0.000   0.000   0.000   0.000   0.000   0.000   0.000    0.000    0.000   0.000    0.000   0.000   0.000   0.000   0.000   0.000    0.000    0.000      0.000    0.000   0.000    0.000     0.000    0.000      0.000   0.000
      2   0.000    0.000   0.000   0.000   0.000   0.000   0.000   0.000   0.000   0.000   0.000   0.000   0.000    0.000    0.000   0.000    0.000   0.000   0.000   0.000   0.000   0.000    0.000    0.000      0.000    0.000   0.000    0.000     0.000    0.000      0.000   0.000
      3   0.000    0.000   0.000   0.000   0.000   0.000   0.000   0.000   0.000   0.000   0.000   0.000   0.000    0.000    0.000   0.000    0.000   0.000   0.000   0.000   0.000   0.000    0.000    0.000      0.000    0.000   0.000    0.000     0.000    0.000      0.000   0.000
      4   0.000    0.000   0.000   0.000   0.000   0.000   0.000   0.000   0.000   0.000   0.000   0.000   0.000    0.000    0.000   0.000    0.000   0.000   0.000   0.000   0.000   0.000    0.000    0.000      0.000    0.000   0.000    0.000     0.000    0.000      0.000   0.000
      5   0.000    0.000   0.000   0.000   0.000   0.000   0.000   0.000   0.000   0.000   0.000   0.000   0.000    0.000    0.000   0.000    0.000   0.000   0.000   0.000   0.000   0.000    0.000    0.000      0.000    0.000   0.000    0.000     0.000    0.000      0.000   0.000
      6   0.000    0.000   0.000   0.000   0.000   0.000   0.000   0.000   0.000   0.000   0.000   0.000   0.000    0.000    0.000   0.000    0.000   0.000   0.000   0.000   0.000   0.000    0.000    0.000      0.000    0.000   0.000    0.000     0.000    0.000      0.000   0.000
      7   0.000    0.000   0.000   0.000   0.000   0.000   0.000   0.000   0.000   0.000   0.000   0.000   0.000    0.000    0.000   0.000    0.000   0.000   0.000   0.000   0.000   0.000    0.000    0.000      0.000    0.000   0.000    0.000     0.000    0.000      0.000   0.000
      8   0.000    0.000   0.000   0.000   0.000   0.000   0.000   0.000   0.000   0.000   0.000   0.000   0.000    0.000    0.000   0.000    0.000   0.000   0.000   0.000   0.000   0.000    0.000    0.000      0.000    0.000   0.000    0.000     0.000    0.000      0.000   0.000
      9   0.000    0.000   0.000   0.000   0.000   0.000   0.000   0.000   0.000   0.000   0.000   0.000   0.000    0.000    0.000   0.000    0.000   0.000   0.000   0.000   0.000   0.000    0.000    0.000      0.000    0.000   0.000    0.000     0.000    0.000      0.000   0.000
    Sum   0.009    0.001   0.003   0.000   0.000   0.000   0.000   0.000   0.000   0.003   0.000   0.000   0.000    0.002    0.000   0.000    0.000   0.000   0.000   0.000   0.000   0.000    0.000    0.000      0.000    0.000   0.000    0.000     0.000    0.000      0.000   0.009


Summary
------------------------------------------------------------------------------------------------------------------------------
                  dt  Flu_Adv  Gra_Adv  Src_Adv  Che_Adv       SF   FB_Adv    FixUp     Flag   Refine MPI_Grid   Output      Aux       LB CorrSync      Par -MPI_Par    libyt         Sum
    Time      0.0006   0.0026   0.0000   0.0000   0.0000   0.0000   0.0000   0.0000   0.0028   0.0003   0.0026   0.0352   0.0594   0.0008   0.0000   0.0000   0.0000   0.0000      0.1043
    Frac      0.606%   2.527%   0.000%   0.000%   0.000%   0.000%   0.000%   0.000%   2.664%   0.335%   2.475%  33.718%  56.921%   0.744%   0.000%   0.000%   0.000%   0.000%     99.989%

==============================================================================================================================
==============================================================================================================================



Time : 7.3982181e-02 -> 7.5070154e-02,     Step :       68 ->       69

Main Loop
------------------------------------------------------------------------------------------------------------------------------
       Total    Integration       Output    Auxiliary    LoadBalance       CorrSync          libyt            Sum
      0.0831         0.0044       0.0171       0.0608         0.0008         0.0000         0.0000         0.0831


Integration Loop
------------------------------------------------------------------------------------------------------------------------------
     Lv   Total       dt Flu_Adv Gra_Adv Src_Adv Che_Adv      SF  FB_Adv   FixUp    Flag  Refine Buf_Rho Buf_Pot Buf_Flu1 Buf_Flu2 Buf_Ref Buf_Flux Buf_Res Buf_Che  Par_KD   Par_K Par_K-1 Par_2Sib -MPI_Sib -MPI_FaSib Par_2Son    -MPI Par_Coll -MPI_Real -MPI_Sib -MPI_FaSib     Sum
      0   0.004    0.001   0.001   0.000   0.000   0.000   0.000   0.000   0.000   0.000   0.000   0.000   0.000    0.002    0.000   0.000    0.000   0.000   0.000   0.000   0.000   0.000    0.000    0.000      0.000    0.000   0.000    0.000     0.000    0.000      0.000   0.004
      1   0.000    0.000   0.000   0.000   0.000   0.000   0.000   0.000   0.000   0.000   0.000   0.000   0.000    0.000    0.000   0.000    0.000   0.000   0.000   0.000   0.000   0.000    0.000    0.000      0.000    0.000   0.000    0.000     0.000    0.000      0.000   0.000
      2   0.000    0.000   0.000   0.000   0.000   0.000   0.000   0.000   0.000   0.000   0.000   0.000   0.000    0.000    0.000   0.000    0.000   0.000   0.000   0.000   0.000   0.000    0.000    0.000      0.000    0.000   0.000    0.000     0.000    0.000      0.000   0.000
      3   0.000    0.000   0.000   0.000   0.000   0.000   0.000   0.000   0.000   0.000   0.000   0.000   0.000    0.000    0.000   0.000    0.000   0.000   0.000   0.000   0.000   0.000    0.000    0.000      0.000    0.000   0.000    0.000     0.000    0.000      0.000   0.000
      4   0.000    0.000   0.000   0.000   0.000   0.000   0.000   0.000   0.000   0.000   0.000   0.000   0.000    0.000    0.000   0.000    0.000   0.000   0.000   0.000   0.000   0.000    0.000    0.000      0.000    0.000   0.000    0.000     0.000    0.000      0.000   0.000
      5   0.000    0.000   0.000   0.000   0.000   0.000   0.000   0.000   0.000   0.000   0.000   0.000   0.000    0.000    0.000   0.000    0.000   0.000   0.000   0.000   0.000   0.000    0.000    0.000      0.000    0.000   0.000    0.000     0.000    0.000      0.000   0.000
      6   0.000    0.000   0.000   0.000   0.000   0.000   0.000   0.000   0.000   0.000   0.000   0.000   0.000    0.000    0.000   0.000    0.000   0.000   0.000   0.000   0.000   0.000    0.000    0.000      0.000    0.000   0.000    0.000     0.000    0.000      0.000   0.000
      7   0.000    0.000   0.000   0.000   0.000   0.000   0.000   0.000   0.000   0.000   0.000   0.000   0.000    0.000    0.000   0.000    0.000   0.000   0.000   0.000   0.000   0.000    0.000    0.000      0.000    0.000   0.000    0.000     0.000    0.000      0.000   0.000
      8   0.000    0.000   0.000   0.000   0.000   0.000   0.000   0.000   0.000   0.000   0.000   0.000   0.000    0.000    0.000   0.000    0.000   0.000   0.000   0.000   0.000   0.000    0.000    0.000      0.000    0.000   0.000    0.000     0.000    0.000      0.000   0.000
      9   0.000    0.000   0.000   0.000   0.000   0.000   0.000   0.000   0.000   0.000   0.000   0.000   0.000    0.000    0.000   0.000    0.000   0.000   0.000   0.000   0.000   0.000    0.000    0.000      0.000    0.000   0.000    0.000     0.000    0.000      0.000   0.000
    Sum   0.004    0.001   0.001   0.000   0.000   0.000   0.000   0.000   0.000   0.000   0.000   0.000   0.000    0.002    0.000   0.000    0.000   0.000   0.000   0.000   0.000   0.000    0.000    0.000      0.000    0.000   0.000    0.000     0.000    0.000      0.000   0.004


Summary
------------------------------------------------------------------------------------------------------------------------------
                  dt  Flu_Adv  Gra_Adv  Src_Adv  Che_Adv       SF   FB_Adv    FixUp     Flag   Refine MPI_Grid   Output      Aux       LB CorrSync      Par -MPI_Par    libyt         Sum
    Time      0.0006   0.0015   0.0000   0.0000   0.0000   0.0000   0.0000   0.0000   0.0000   0.0000   0.0024   0.0171   0.0608   0.0008   0.0000   0.0000   0.0000   0.0000      0.0830
    Frac      0.666%   1.798%   0.000%   0.000%   0.000%   0.000%   0.000%   0.000%   0.000%   0.000%   2.829%  20.534%  73.236%   0.923%   0.000%   0.000%   0.000%   0.000%     99.987%

==============================================================================================================================
==============================================================================================================================



Time : 7.5070154e-02 -> 7.6158127e-02,     Step :       69 ->       70

Main Loop
------------------------------------------------------------------------------------------------------------------------------
       Total    Integration       Output    Auxiliary    LoadBalance       CorrSync          libyt            Sum
      0.0654         0.0127       0.0142       0.0377         0.0008         0.0000         0.0000         0.0654


Integration Loop
------------------------------------------------------------------------------------------------------------------------------
     Lv   Total       dt Flu_Adv Gra_Adv Src_Adv Che_Adv      SF  FB_Adv   FixUp    Flag  Refine Buf_Rho Buf_Pot Buf_Flu1 Buf_Flu2 Buf_Ref Buf_Flux Buf_Res Buf_Che  Par_KD   Par_K Par_K-1 Par_2Sib -MPI_Sib -MPI_FaSib Par_2Son    -MPI Par_Coll -MPI_Real -MPI_Sib -MPI_FaSib     Sum
      0   0.013    0.001   0.010   0.000   0.000   0.000   0.000   0.000   0.000   0.000   0.000   0.000   0.000    0.002    0.000   0.000    0.000   0.000   0.000   0.000   0.000   0.000    0.000    0.000      0.000    0.000   0.000    0.000     0.000    0.000      0.000   0.013
      1   0.000    0.000   0.000   0.000   0.000   0.000   0.000   0.000   0.000   0.000   0.000   0.000   0.000    0.000    0.000   0.000    0.000   0.000   0.000   0.000   0.000   0.000    0.000    0.000      0.000    0.000   0.000    0.000     0.000    0.000      0.000   0.000
      2   0.000    0.000   0.000   0.000   0.000   0.000   0.000   0.000   0.000   0.000   0.000   0.000   0.000    0.000    0.000   0.000    0.000   0.000   0.000   0.000   0.000   0.000    0.000    0.000      0.000    0.000   0.000    0.000     0.000    0.000      0.000   0.000
      3   0.000    0.000   0.000   0.000   0.000   0.000   0.000   0.000   0.000   0.000   0.000   0.000   0.000    0.000    0.000   0.000    0.000   0.000   0.000   0.000   0.000   0.000    0.000    0.000      0.000    0.000   0.000    0.000     0.000    0.000      0.000   0.000
      4   0.000    0.000   0.000   0.000   0.000   0.000   0.000   0.000   0.000   0.000   0.000   0.000   0.000    0.000    0.000   0.000    0.000   0.000   0.000   0.000   0.000   0.000    0.000    0.000      0.000    0.000   0.000    0.000     0.000    0.000      0.000   0.000
      5   0.000    0.000   0.000   0.000   0.000   0.000   0.000   0.000   0.000   0.000   0.000   0.000   0.000    0.000    0.000   0.000    0.000   0.000   0.000   0.000   0.000   0.000    0.000    0.000      0.000    0.000   0.000    0.000     0.000    0.000      0.000   0.000
      6   0.000    0.000   0.000   0.000   0.000   0.000   0.000   0.000   0.000   0.000   0.000   0.000   0.000    0.000    0.000   0.000    0.000   0.000   0.000   0.000   0.000   0.000    0.000    0.000      0.000    0.000   0.000    0.000     0.000    0.000      0.000   0.000
      7   0.000    0.000   0.000   0.000   0.000   0.000   0.000   0.000   0.000   0.000   0.000   0.000   0.000    0.000    0.000   0.000    0.000   0.000   0.000   0.000   0.000   0.000    0.000    0.000      0.000    0.000   0.000    0.000     0.000    0.000      0.000   0.000
      8   0.000    0.000   0.000   0.000   0.000   0.000   0.000   0.000   0.000   0.000   0.000   0.000   0.000    0.000    0.000   0.000    0.000   0.000   0.000   0.000   0.000   0.000    0.000    0.000      0.000    0.000   0.000    0.000     0.000    0.000      0.000   0.000
      9   0.000    0.000   0.000   0.000   0.000   0.000   0.000   0.000   0.000   0.000   0.000   0.000   0.000    0.000    0.000   0.000    0.000   0.000   0.000   0.000   0.000   0.000    0.000    0.000      0.000    0.000   0.000    0.000     0.000    0.000      0.000   0.000
    Sum   0.013    0.001   0.010   0.000   0.000   0.000   0.000   0.000   0.000   0.000   0.000   0.000   0.000    0.002    0.000   0.000    0.000   0.000   0.000   0.000   0.000   0.000    0.000    0.000      0.000    0.000   0.000    0.000     0.000    0.000      0.000   0.013


Summary
------------------------------------------------------------------------------------------------------------------------------
                  dt  Flu_Adv  Gra_Adv  Src_Adv  Che_Adv       SF   FB_Adv    FixUp     Flag   Refine MPI_Grid   Output      Aux       LB CorrSync      Par -MPI_Par    libyt         Sum
    Time      0.0006   0.0097   0.0000   0.0000   0.0000   0.0000   0.0000   0.0000   0.0000   0.0000   0.0024   0.0142   0.0377   0.0008   0.0000   0.0000   0.0000   0.0000      0.0654
    Frac      0.876%  14.823%   0.000%   0.000%   0.000%   0.000%   0.000%   0.000%   0.000%   0.000%   3.721%  21.662%  57.622%   1.276%   0.000%   0.000%   0.000%   0.000%     99.980%

==============================================================================================================================
==============================================================================================================================



Time : 7.6158127e-02 -> 7.7246100e-02,     Step :       70 ->       71

Main Loop
------------------------------------------------------------------------------------------------------------------------------
       Total    Integration       Output    Auxiliary    LoadBalance       CorrSync          libyt            Sum
      0.0528         0.0043       0.0099       0.0375         0.0010         0.0000         0.0000         0.0527


Integration Loop
------------------------------------------------------------------------------------------------------------------------------
     Lv   Total       dt Flu_Adv Gra_Adv Src_Adv Che_Adv      SF  FB_Adv   FixUp    Flag  Refine Buf_Rho Buf_Pot Buf_Flu1 Buf_Flu2 Buf_Ref Buf_Flux Buf_Res Buf_Che  Par_KD   Par_K Par_K-1 Par_2Sib -MPI_Sib -MPI_FaSib Par_2Son    -MPI Par_Coll -MPI_Real -MPI_Sib -MPI_FaSib     Sum
      0   0.004    0.001   0.001   0.000   0.000   0.000   0.000   0.000   0.000   0.000   0.000   0.000   0.000    0.002    0.000   0.000    0.000   0.000   0.000   0.000   0.000   0.000    0.000    0.000      0.000    0.000   0.000    0.000     0.000    0.000      0.000   0.004
      1   0.000    0.000   0.000   0.000   0.000   0.000   0.000   0.000   0.000   0.000   0.000   0.000   0.000    0.000    0.000   0.000    0.000   0.000   0.000   0.000   0.000   0.000    0.000    0.000      0.000    0.000   0.000    0.000     0.000    0.000      0.000   0.000
      2   0.000    0.000   0.000   0.000   0.000   0.000   0.000   0.000   0.000   0.000   0.000   0.000   0.000    0.000    0.000   0.000    0.000   0.000   0.000   0.000   0.000   0.000    0.000    0.000      0.000    0.000   0.000    0.000     0.000    0.000      0.000   0.000
      3   0.000    0.000   0.000   0.000   0.000   0.000   0.000   0.000   0.000   0.000   0.000   0.000   0.000    0.000    0.000   0.000    0.000   0.000   0.000   0.000   0.000   0.000    0.000    0.000      0.000    0.000   0.000    0.000     0.000    0.000      0.000   0.000
      4   0.000    0.000   0.000   0.000   0.000   0.000   0.000   0.000   0.000   0.000   0.000   0.000   0.000    0.000    0.000   0.000    0.000   0.000   0.000   0.000   0.000   0.000    0.000    0.000      0.000    0.000   0.000    0.000     0.000    0.000      0.000   0.000
      5   0.000    0.000   0.000   0.000   0.000   0.000   0.000   0.000   0.000   0.000   0.000   0.000   0.000    0.000    0.000   0.000    0.000   0.000   0.000   0.000   0.000   0.000    0.000    0.000      0.000    0.000   0.000    0.000     0.000    0.000      0.000   0.000
      6   0.000    0.000   0.000   0.000   0.000   0.000   0.000   0.000   0.000   0.000   0.000   0.000   0.000    0.000    0.000   0.000    0.000   0.000   0.000   0.000   0.000   0.000    0.000    0.000      0.000    0.000   0.000    0.000     0.000    0.000      0.000   0.000
      7   0.000    0.000   0.000   0.000   0.000   0.000   0.000   0.000   0.000   0.000   0.000   0.000   0.000    0.000    0.000   0.000    0.000   0.000   0.000   0.000   0.000   0.000    0.000    0.000      0.000    0.000   0.000    0.000     0.000    0.000      0.000   0.000
      8   0.000    0.000   0.000   0.000   0.000   0.000   0.000   0.000   0.000   0.000   0.000   0.000   0.000    0.000    0.000   0.000    0.000   0.000   0.000   0.000   0.000   0.000    0.000    0.000      0.000    0.000   0.000    0.000     0.000    0.000      0.000   0.000
      9   0.000    0.000   0.000   0.000   0.000   0.000   0.000   0.000   0.000   0.000   0.000   0.000   0.000    0.000    0.000   0.000    0.000   0.000   0.000   0.000   0.000   0.000    0.000    0.000      0.000    0.000   0.000    0.000     0.000    0.000      0.000   0.000
    Sum   0.004    0.001   0.001   0.000   0.000   0.000   0.000   0.000   0.000   0.000   0.000   0.000   0.000    0.002    0.000   0.000    0.000   0.000   0.000   0.000   0.000   0.000    0.000    0.000      0.000    0.000   0.000    0.000     0.000    0.000      0.000   0.004


Summary
------------------------------------------------------------------------------------------------------------------------------
                  dt  Flu_Adv  Gra_Adv  Src_Adv  Che_Adv       SF   FB_Adv    FixUp     Flag   Refine MPI_Grid   Output      Aux       LB CorrSync      Par -MPI_Par    libyt         Sum
    Time      0.0006   0.0013   0.0000   0.0000   0.0000   0.0000   0.0000   0.0000   0.0000   0.0000   0.0023   0.0099   0.0375   0.0010   0.0000   0.0000   0.0000   0.0000      0.0527
    Frac      1.211%   2.519%   0.000%   0.000%   0.000%   0.000%   0.000%   0.000%   0.000%   0.000%   4.394%  18.718%  71.163%   1.971%   0.000%   0.000%   0.000%   0.000%     99.977%

==============================================================================================================================
==============================================================================================================================



Time : 7.7246100e-02 -> 7.8334074e-02,     Step :       71 ->       72

Main Loop
------------------------------------------------------------------------------------------------------------------------------
       Total    Integration       Output    Auxiliary    LoadBalance       CorrSync          libyt            Sum
      0.1493         0.0149       0.0430       0.0905         0.0008         0.0000         0.0000         0.1493


Integration Loop
------------------------------------------------------------------------------------------------------------------------------
     Lv   Total       dt Flu_Adv Gra_Adv Src_Adv Che_Adv      SF  FB_Adv   FixUp    Flag  Refine Buf_Rho Buf_Pot Buf_Flu1 Buf_Flu2 Buf_Ref Buf_Flux Buf_Res Buf_Che  Par_KD   Par_K Par_K-1 Par_2Sib -MPI_Sib -MPI_FaSib Par_2Son    -MPI Par_Coll -MPI_Real -MPI_Sib -MPI_FaSib     Sum
      0   0.015    0.001   0.010   0.000   0.000   0.000   0.000   0.000   0.000   0.000   0.001   0.000   0.000    0.003    0.000   0.000    0.000   0.000   0.000   0.000   0.000   0.000    0.000    0.000      0.000    0.000   0.000    0.000     0.000    0.000      0.000   0.015
      1   0.000    0.000   0.000   0.000   0.000   0.000   0.000   0.000   0.000   0.000   0.000   0.000   0.000    0.000    0.000   0.000    0.000   0.000   0.000   0.000   0.000   0.000    0.000    0.000      0.000    0.000   0.000    0.000     0.000    0.000      0.000   0.000
      2   0.000    0.000   0.000   0.000   0.000   0.000   0.000   0.000   0.000   0.000   0.000   0.000   0.000    0.000    0.000   0.000    0.000   0.000   0.000   0.000   0.000   0.000    0.000    0.000      0.000    0.000   0.000    0.000     0.000    0.000      0.000   0.000
      3   0.000    0.000   0.000   0.000   0.000   0.000   0.000   0.000   0.000   0.000   0.000   0.000   0.000    0.000    0.000   0.000    0.000   0.000   0.000   0.000   0.000   0.000    0.000    0.000      0.000    0.000   0.000    0.000     0.000    0.000      0.000   0.000
      4   0.000    0.000   0.000   0.000   0.000   0.000   0.000   0.000   0.000   0.000   0.000   0.000   0.000    0.000    0.000   0.000    0.000   0.000   0.000   0.000   0.000   0.000    0.000    0.000      0.000    0.000   0.000    0.000     0.000    0.000      0.000   0.000
      5   0.000    0.000   0.000   0.000   0.000   0.000   0.000   0.000   0.000   0.000   0.000   0.000   0.000    0.000    0.000   0.000    0.000   0.000   0.000   0.000   0.000   0.000    0.000    0.000      0.000    0.000   0.000    0.000     0.000    0.000      0.000   0.000
      6   0.000    0.000   0.000   0.000   0.000   0.000   0.000   0.000   0.000   0.000   0.000   0.000   0.000    0.000    0.000   0.000    0.000   0.000   0.000   0.000   0.000   0.000    0.000    0.000      0.000    0.000   0.000    0.000     0.000    0.000      0.000   0.000
      7   0.000    0.000   0.000   0.000   0.000   0.000   0.000   0.000   0.000   0.000   0.000   0.000   0.000    0.000    0.000   0.000    0.000   0.000   0.000   0.000   0.000   0.000    0.000    0.000      0.000    0.000   0.000    0.000     0.000    0.000      0.000   0.000
      8   0.000    0.000   0.000   0.000   0.000   0.000   0.000   0.000   0.000   0.000   0.000   0.000   0.000    0.000    0.000   0.000    0.000   0.000   0.000   0.000   0.000   0.000    0.000    0.000      0.000    0.000   0.000    0.000     0.000    0.000      0.000   0.000
      9   0.000    0.000   0.000   0.000   0.000   0.000   0.000   0.000   0.000   0.000   0.000   0.000   0.000    0.000    0.000   0.000    0.000   0.000   0.000   0.000   0.000   0.000    0.000    0.000      0.000    0.000   0.000    0.000     0.000    0.000      0.000   0.000
    Sum   0.015    0.001   0.010   0.000   0.000   0.000   0.000   0.000   0.000   0.000   0.001   0.000   0.000    0.003    0.000   0.000    0.000   0.000   0.000   0.000   0.000   0.000    0.000    0.000      0.000    0.000   0.000    0.000     0.000    0.000      0.000   0.015


Summary
------------------------------------------------------------------------------------------------------------------------------
                  dt  Flu_Adv  Gra_Adv  Src_Adv  Che_Adv       SF   FB_Adv    FixUp     Flag   Refine MPI_Grid   Output      Aux       LB CorrSync      Par -MPI_Par    libyt         Sum
    Time      0.0007   0.0102   0.0000   0.0000   0.0000   0.0000   0.0000   0.0000   0.0004   0.0006   0.0029   0.0430   0.0905   0.0008   0.0000   0.0000   0.0000   0.0000      0.1493
    Frac      0.471%   6.867%   0.000%   0.000%   0.000%   0.000%   0.000%   0.000%   0.261%   0.414%   1.955%  28.833%  60.634%   0.560%   0.000%   0.000%   0.000%   0.000%     99.996%

==============================================================================================================================
==============================================================================================================================



Time : 7.8334074e-02 -> 7.9422047e-02,     Step :       72 ->       73

Main Loop
------------------------------------------------------------------------------------------------------------------------------
       Total    Integration       Output    Auxiliary    LoadBalance       CorrSync          libyt            Sum
      0.1079         0.0122       0.0331       0.0619         0.0008         0.0000         0.0000         0.1079


Integration Loop
------------------------------------------------------------------------------------------------------------------------------
     Lv   Total       dt Flu_Adv Gra_Adv Src_Adv Che_Adv      SF  FB_Adv   FixUp    Flag  Refine Buf_Rho Buf_Pot Buf_Flu1 Buf_Flu2 Buf_Ref Buf_Flux Buf_Res Buf_Che  Par_KD   Par_K Par_K-1 Par_2Sib -MPI_Sib -MPI_FaSib Par_2Son    -MPI Par_Coll -MPI_Real -MPI_Sib -MPI_FaSib     Sum
      0   0.012    0.001   0.009   0.000   0.000   0.000   0.000   0.000   0.000   0.000   0.000   0.000   0.000    0.003    0.000   0.000    0.000   0.000   0.000   0.000   0.000   0.000    0.000    0.000      0.000    0.000   0.000    0.000     0.000    0.000      0.000   0.012
      1   0.000    0.000   0.000   0.000   0.000   0.000   0.000   0.000   0.000   0.000   0.000   0.000   0.000    0.000    0.000   0.000    0.000   0.000   0.000   0.000   0.000   0.000    0.000    0.000      0.000    0.000   0.000    0.000     0.000    0.000      0.000   0.000
      2   0.000    0.000   0.000   0.000   0.000   0.000   0.000   0.000   0.000   0.000   0.000   0.000   0.000    0.000    0.000   0.000    0.000   0.000   0.000   0.000   0.000   0.000    0.000    0.000      0.000    0.000   0.000    0.000     0.000    0.000      0.000   0.000
      3   0.000    0.000   0.000   0.000   0.000   0.000   0.000   0.000   0.000   0.000   0.000   0.000   0.000    0.000    0.000   0.000    0.000   0.000   0.000   0.000   0.000   0.000    0.000    0.000      0.000    0.000   0.000    0.000     0.000    0.000      0.000   0.000
      4   0.000    0.000   0.000   0.000   0.000   0.000   0.000   0.000   0.000   0.000   0.000   0.000   0.000    0.000    0.000   0.000    0.000   0.000   0.000   0.000   0.000   0.000    0.000    0.000      0.000    0.000   0.000    0.000     0.000    0.000      0.000   0.000
      5   0.000    0.000   0.000   0.000   0.000   0.000   0.000   0.000   0.000   0.000   0.000   0.000   0.000    0.000    0.000   0.000    0.000   0.000   0.000   0.000   0.000   0.000    0.000    0.000      0.000    0.000   0.000    0.000     0.000    0.000      0.000   0.000
      6   0.000    0.000   0.000   0.000   0.000   0.000   0.000   0.000   0.000   0.000   0.000   0.000   0.000    0.000    0.000   0.000    0.000   0.000   0.000   0.000   0.000   0.000    0.000    0.000      0.000    0.000   0.000    0.000     0.000    0.000      0.000   0.000
      7   0.000    0.000   0.000   0.000   0.000   0.000   0.000   0.000   0.000   0.000   0.000   0.000   0.000    0.000    0.000   0.000    0.000   0.000   0.000   0.000   0.000   0.000    0.000    0.000      0.000    0.000   0.000    0.000     0.000    0.000      0.000   0.000
      8   0.000    0.000   0.000   0.000   0.000   0.000   0.000   0.000   0.000   0.000   0.000   0.000   0.000    0.000    0.000   0.000    0.000   0.000   0.000   0.000   0.000   0.000    0.000    0.000      0.000    0.000   0.000    0.000     0.000    0.000      0.000   0.000
      9   0.000    0.000   0.000   0.000   0.000   0.000   0.000   0.000   0.000   0.000   0.000   0.000   0.000    0.000    0.000   0.000    0.000   0.000   0.000   0.000   0.000   0.000    0.000    0.000      0.000    0.000   0.000    0.000     0.000    0.000      0.000   0.000
    Sum   0.012    0.001   0.009   0.000   0.000   0.000   0.000   0.000   0.000   0.000   0.000   0.000   0.000    0.003    0.000   0.000    0.000   0.000   0.000   0.000   0.000   0.000    0.000    0.000      0.000    0.000   0.000    0.000     0.000    0.000      0.000   0.012


Summary
------------------------------------------------------------------------------------------------------------------------------
                  dt  Flu_Adv  Gra_Adv  Src_Adv  Che_Adv       SF   FB_Adv    FixUp     Flag   Refine MPI_Grid   Output      Aux       LB CorrSync      Par -MPI_Par    libyt         Sum
    Time      0.0006   0.0090   0.0000   0.0000   0.0000   0.0000   0.0000   0.0000   0.0000   0.0000   0.0026   0.0331   0.0619   0.0008   0.0000   0.0000   0.0000   0.0000      0.1079
    Frac      0.575%   8.295%   0.000%   0.000%   0.000%   0.000%   0.000%   0.000%   0.000%   0.000%   2.421%  30.643%  57.357%   0.699%   0.000%   0.000%   0.000%   0.000%     99.990%

==============================================================================================================================
==============================================================================================================================



Time : 7.9422047e-02 -> 8.0510020e-02,     Step :       73 ->       74

Main Loop
------------------------------------------------------------------------------------------------------------------------------
       Total    Integration       Output    Auxiliary    LoadBalance       CorrSync          libyt            Sum
      0.1233         0.0061       0.0433       0.0728         0.0010         0.0000         0.0000         0.1233


Integration Loop
------------------------------------------------------------------------------------------------------------------------------
     Lv   Total       dt Flu_Adv Gra_Adv Src_Adv Che_Adv      SF  FB_Adv   FixUp    Flag  Refine Buf_Rho Buf_Pot Buf_Flu1 Buf_Flu2 Buf_Ref Buf_Flux Buf_Res Buf_Che  Par_KD   Par_K Par_K-1 Par_2Sib -MPI_Sib -MPI_FaSib Par_2Son    -MPI Par_Coll -MPI_Real -MPI_Sib -MPI_FaSib     Sum
      0   0.006    0.001   0.003   0.000   0.000   0.000   0.000   0.000   0.000   0.000   0.000   0.000   0.000    0.003    0.000   0.000    0.000   0.000   0.000   0.000   0.000   0.000    0.000    0.000      0.000    0.000   0.000    0.000     0.000    0.000      0.000   0.006
      1   0.000    0.000   0.000   0.000   0.000   0.000   0.000   0.000   0.000   0.000   0.000   0.000   0.000    0.000    0.000   0.000    0.000   0.000   0.000   0.000   0.000   0.000    0.000    0.000      0.000    0.000   0.000    0.000     0.000    0.000      0.000   0.000
      2   0.000    0.000   0.000   0.000   0.000   0.000   0.000   0.000   0.000   0.000   0.000   0.000   0.000    0.000    0.000   0.000    0.000   0.000   0.000   0.000   0.000   0.000    0.000    0.000      0.000    0.000   0.000    0.000     0.000    0.000      0.000   0.000
      3   0.000    0.000   0.000   0.000   0.000   0.000   0.000   0.000   0.000   0.000   0.000   0.000   0.000    0.000    0.000   0.000    0.000   0.000   0.000   0.000   0.000   0.000    0.000    0.000      0.000    0.000   0.000    0.000     0.000    0.000      0.000   0.000
      4   0.000    0.000   0.000   0.000   0.000   0.000   0.000   0.000   0.000   0.000   0.000   0.000   0.000    0.000    0.000   0.000    0.000   0.000   0.000   0.000   0.000   0.000    0.000    0.000      0.000    0.000   0.000    0.000     0.000    0.000      0.000   0.000
      5   0.000    0.000   0.000   0.000   0.000   0.000   0.000   0.000   0.000   0.000   0.000   0.000   0.000    0.000    0.000   0.000    0.000   0.000   0.000   0.000   0.000   0.000    0.000    0.000      0.000    0.000   0.000    0.000     0.000    0.000      0.000   0.000
      6   0.000    0.000   0.000   0.000   0.000   0.000   0.000   0.000   0.000   0.000   0.000   0.000   0.000    0.000    0.000   0.000    0.000   0.000   0.000   0.000   0.000   0.000    0.000    0.000      0.000    0.000   0.000    0.000     0.000    0.000      0.000   0.000
      7   0.000    0.000   0.000   0.000   0.000   0.000   0.000   0.000   0.000   0.000   0.000   0.000   0.000    0.000    0.000   0.000    0.000   0.000   0.000   0.000   0.000   0.000    0.000    0.000      0.000    0.000   0.000    0.000     0.000    0.000      0.000   0.000
      8   0.000    0.000   0.000   0.000   0.000   0.000   0.000   0.000   0.000   0.000   0.000   0.000   0.000    0.000    0.000   0.000    0.000   0.000   0.000   0.000   0.000   0.000    0.000    0.000      0.000    0.000   0.000    0.000     0.000    0.000      0.000   0.000
      9   0.000    0.000   0.000   0.000   0.000   0.000   0.000   0.000   0.000   0.000   0.000   0.000   0.000    0.000    0.000   0.000    0.000   0.000   0.000   0.000   0.000   0.000    0.000    0.000      0.000    0.000   0.000    0.000     0.000    0.000      0.000   0.000
    Sum   0.006    0.001   0.003   0.000   0.000   0.000   0.000   0.000   0.000   0.000   0.000   0.000   0.000    0.003    0.000   0.000    0.000   0.000   0.000   0.000   0.000   0.000    0.000    0.000      0.000    0.000   0.000    0.000     0.000    0.000      0.000   0.006


Summary
------------------------------------------------------------------------------------------------------------------------------
                  dt  Flu_Adv  Gra_Adv  Src_Adv  Che_Adv       SF   FB_Adv    FixUp     Flag   Refine MPI_Grid   Output      Aux       LB CorrSync      Par -MPI_Par    libyt         Sum
    Time      0.0006   0.0027   0.0000   0.0000   0.0000   0.0000   0.0000   0.0000   0.0000   0.0000   0.0028   0.0433   0.0728   0.0010   0.0000   0.0000   0.0000   0.0000      0.1233
    Frac      0.492%   2.166%   0.000%   0.000%   0.000%   0.000%   0.000%   0.000%   0.000%   0.000%   2.300%  35.141%  59.070%   0.819%   0.000%   0.000%   0.000%   0.000%     99.989%

==============================================================================================================================
==============================================================================================================================



Time : 8.0510020e-02 -> 8.1597993e-02,     Step :       74 ->       75

Main Loop
------------------------------------------------------------------------------------------------------------------------------
       Total    Integration       Output    Auxiliary    LoadBalance       CorrSync          libyt            Sum
      0.1073         0.0133       0.0175       0.0754         0.0010         0.0000         0.0000         0.1073


Integration Loop
------------------------------------------------------------------------------------------------------------------------------
     Lv   Total       dt Flu_Adv Gra_Adv Src_Adv Che_Adv      SF  FB_Adv   FixUp    Flag  Refine Buf_Rho Buf_Pot Buf_Flu1 Buf_Flu2 Buf_Ref Buf_Flux Buf_Res Buf_Che  Par_KD   Par_K Par_K-1 Par_2Sib -MPI_Sib -MPI_FaSib Par_2Son    -MPI Par_Coll -MPI_Real -MPI_Sib -MPI_FaSib     Sum
      0   0.013    0.001   0.009   0.000   0.000   0.000   0.000   0.000   0.000   0.000   0.000   0.000   0.000    0.003    0.000   0.000    0.000   0.000   0.000   0.000   0.000   0.000    0.000    0.000      0.000    0.000   0.000    0.000     0.000    0.000      0.000   0.013
      1   0.000    0.000   0.000   0.000   0.000   0.000   0.000   0.000   0.000   0.000   0.000   0.000   0.000    0.000    0.000   0.000    0.000   0.000   0.000   0.000   0.000   0.000    0.000    0.000      0.000    0.000   0.000    0.000     0.000    0.000      0.000   0.000
      2   0.000    0.000   0.000   0.000   0.000   0.000   0.000   0.000   0.000   0.000   0.000   0.000   0.000    0.000    0.000   0.000    0.000   0.000   0.000   0.000   0.000   0.000    0.000    0.000      0.000    0.000   0.000    0.000     0.000    0.000      0.000   0.000
      3   0.000    0.000   0.000   0.000   0.000   0.000   0.000   0.000   0.000   0.000   0.000   0.000   0.000    0.000    0.000   0.000    0.000   0.000   0.000   0.000   0.000   0.000    0.000    0.000      0.000    0.000   0.000    0.000     0.000    0.000      0.000   0.000
      4   0.000    0.000   0.000   0.000   0.000   0.000   0.000   0.000   0.000   0.000   0.000   0.000   0.000    0.000    0.000   0.000    0.000   0.000   0.000   0.000   0.000   0.000    0.000    0.000      0.000    0.000   0.000    0.000     0.000    0.000      0.000   0.000
      5   0.000    0.000   0.000   0.000   0.000   0.000   0.000   0.000   0.000   0.000   0.000   0.000   0.000    0.000    0.000   0.000    0.000   0.000   0.000   0.000   0.000   0.000    0.000    0.000      0.000    0.000   0.000    0.000     0.000    0.000      0.000   0.000
      6   0.000    0.000   0.000   0.000   0.000   0.000   0.000   0.000   0.000   0.000   0.000   0.000   0.000    0.000    0.000   0.000    0.000   0.000   0.000   0.000   0.000   0.000    0.000    0.000      0.000    0.000   0.000    0.000     0.000    0.000      0.000   0.000
      7   0.000    0.000   0.000   0.000   0.000   0.000   0.000   0.000   0.000   0.000   0.000   0.000   0.000    0.000    0.000   0.000    0.000   0.000   0.000   0.000   0.000   0.000    0.000    0.000      0.000    0.000   0.000    0.000     0.000    0.000      0.000   0.000
      8   0.000    0.000   0.000   0.000   0.000   0.000   0.000   0.000   0.000   0.000   0.000   0.000   0.000    0.000    0.000   0.000    0.000   0.000   0.000   0.000   0.000   0.000    0.000    0.000      0.000    0.000   0.000    0.000     0.000    0.000      0.000   0.000
      9   0.000    0.000   0.000   0.000   0.000   0.000   0.000   0.000   0.000   0.000   0.000   0.000   0.000    0.000    0.000   0.000    0.000   0.000   0.000   0.000   0.000   0.000    0.000    0.000      0.000    0.000   0.000    0.000     0.000    0.000      0.000   0.000
    Sum   0.013    0.001   0.009   0.000   0.000   0.000   0.000   0.000   0.000   0.000   0.000   0.000   0.000    0.003    0.000   0.000    0.000   0.000   0.000   0.000   0.000   0.000    0.000    0.000      0.000    0.000   0.000    0.000     0.000    0.000      0.000   0.013


Summary
------------------------------------------------------------------------------------------------------------------------------
                  dt  Flu_Adv  Gra_Adv  Src_Adv  Che_Adv       SF   FB_Adv    FixUp     Flag   Refine MPI_Grid   Output      Aux       LB CorrSync      Par -MPI_Par    libyt         Sum
    Time      0.0007   0.0091   0.0000   0.0000   0.0000   0.0000   0.0000   0.0000   0.0000   0.0000   0.0035   0.0175   0.0754   0.0010   0.0000   0.0000   0.0000   0.0000      0.1073
    Frac      0.677%   8.455%   0.000%   0.000%   0.000%   0.000%   0.000%   0.000%   0.000%   0.000%   3.256%  16.320%  70.294%   0.977%   0.000%   0.000%   0.000%   0.000%     99.979%

==============================================================================================================================
==============================================================================================================================



Time : 8.1597993e-02 -> 8.2685967e-02,     Step :       75 ->       76

Main Loop
------------------------------------------------------------------------------------------------------------------------------
       Total    Integration       Output    Auxiliary    LoadBalance       CorrSync          libyt            Sum
      0.0934         0.0146       0.0134       0.0644         0.0011         0.0000         0.0000         0.0934


Integration Loop
------------------------------------------------------------------------------------------------------------------------------
     Lv   Total       dt Flu_Adv Gra_Adv Src_Adv Che_Adv      SF  FB_Adv   FixUp    Flag  Refine Buf_Rho Buf_Pot Buf_Flu1 Buf_Flu2 Buf_Ref Buf_Flux Buf_Res Buf_Che  Par_KD   Par_K Par_K-1 Par_2Sib -MPI_Sib -MPI_FaSib Par_2Son    -MPI Par_Coll -MPI_Real -MPI_Sib -MPI_FaSib     Sum
      0   0.015    0.001   0.009   0.000   0.000   0.000   0.000   0.000   0.000   0.000   0.000   0.000   0.000    0.003    0.000   0.000    0.000   0.000   0.000   0.000   0.000   0.000    0.000    0.000      0.000    0.000   0.000    0.000     0.000    0.000      0.000   0.015
      1   0.000    0.000   0.000   0.000   0.000   0.000   0.000   0.000   0.000   0.000   0.000   0.000   0.000    0.000    0.000   0.000    0.000   0.000   0.000   0.000   0.000   0.000    0.000    0.000      0.000    0.000   0.000    0.000     0.000    0.000      0.000   0.000
      2   0.000    0.000   0.000   0.000   0.000   0.000   0.000   0.000   0.000   0.000   0.000   0.000   0.000    0.000    0.000   0.000    0.000   0.000   0.000   0.000   0.000   0.000    0.000    0.000      0.000    0.000   0.000    0.000     0.000    0.000      0.000   0.000
      3   0.000    0.000   0.000   0.000   0.000   0.000   0.000   0.000   0.000   0.000   0.000   0.000   0.000    0.000    0.000   0.000    0.000   0.000   0.000   0.000   0.000   0.000    0.000    0.000      0.000    0.000   0.000    0.000     0.000    0.000      0.000   0.000
      4   0.000    0.000   0.000   0.000   0.000   0.000   0.000   0.000   0.000   0.000   0.000   0.000   0.000    0.000    0.000   0.000    0.000   0.000   0.000   0.000   0.000   0.000    0.000    0.000      0.000    0.000   0.000    0.000     0.000    0.000      0.000   0.000
      5   0.000    0.000   0.000   0.000   0.000   0.000   0.000   0.000   0.000   0.000   0.000   0.000   0.000    0.000    0.000   0.000    0.000   0.000   0.000   0.000   0.000   0.000    0.000    0.000      0.000    0.000   0.000    0.000     0.000    0.000      0.000   0.000
      6   0.000    0.000   0.000   0.000   0.000   0.000   0.000   0.000   0.000   0.000   0.000   0.000   0.000    0.000    0.000   0.000    0.000   0.000   0.000   0.000   0.000   0.000    0.000    0.000      0.000    0.000   0.000    0.000     0.000    0.000      0.000   0.000
      7   0.000    0.000   0.000   0.000   0.000   0.000   0.000   0.000   0.000   0.000   0.000   0.000   0.000    0.000    0.000   0.000    0.000   0.000   0.000   0.000   0.000   0.000    0.000    0.000      0.000    0.000   0.000    0.000     0.000    0.000      0.000   0.000
      8   0.000    0.000   0.000   0.000   0.000   0.000   0.000   0.000   0.000   0.000   0.000   0.000   0.000    0.000    0.000   0.000    0.000   0.000   0.000   0.000   0.000   0.000    0.000    0.000      0.000    0.000   0.000    0.000     0.000    0.000      0.000   0.000
      9   0.000    0.000   0.000   0.000   0.000   0.000   0.000   0.000   0.000   0.000   0.000   0.000   0.000    0.000    0.000   0.000    0.000   0.000   0.000   0.000   0.000   0.000    0.000    0.000      0.000    0.000   0.000    0.000     0.000    0.000      0.000   0.000
    Sum   0.015    0.001   0.009   0.000   0.000   0.000   0.000   0.000   0.000   0.000   0.000   0.000   0.000    0.003    0.000   0.000    0.000   0.000   0.000   0.000   0.000   0.000    0.000    0.000      0.000    0.000   0.000    0.000     0.000    0.000      0.000   0.015


Summary
------------------------------------------------------------------------------------------------------------------------------
                  dt  Flu_Adv  Gra_Adv  Src_Adv  Che_Adv       SF   FB_Adv    FixUp     Flag   Refine MPI_Grid   Output      Aux       LB CorrSync      Par -MPI_Par    libyt         Sum
    Time      0.0007   0.0094   0.0000   0.0000   0.0000   0.0000   0.0000   0.0000   0.0004   0.0005   0.0037   0.0134   0.0644   0.0011   0.0000   0.0000   0.0000   0.0000      0.0934
    Frac      0.734%  10.032%   0.000%   0.000%   0.000%   0.000%   0.000%   0.000%   0.392%   0.492%   3.922%  14.302%  68.966%   1.133%   0.000%   0.000%   0.000%   0.000%     99.973%

==============================================================================================================================
==============================================================================================================================



Time : 8.2685967e-02 -> 8.3773940e-02,     Step :       76 ->       77

Main Loop
------------------------------------------------------------------------------------------------------------------------------
       Total    Integration       Output    Auxiliary    LoadBalance       CorrSync          libyt            Sum
      0.1360         0.0123       0.0232       0.0994         0.0010         0.0000         0.0000         0.1360


Integration Loop
------------------------------------------------------------------------------------------------------------------------------
     Lv   Total       dt Flu_Adv Gra_Adv Src_Adv Che_Adv      SF  FB_Adv   FixUp    Flag  Refine Buf_Rho Buf_Pot Buf_Flu1 Buf_Flu2 Buf_Ref Buf_Flux Buf_Res Buf_Che  Par_KD   Par_K Par_K-1 Par_2Sib -MPI_Sib -MPI_FaSib Par_2Son    -MPI Par_Coll -MPI_Real -MPI_Sib -MPI_FaSib     Sum
      0   0.012    0.001   0.009   0.000   0.000   0.000   0.000   0.000   0.000   0.000   0.000   0.000   0.000    0.002    0.000   0.000    0.000   0.000   0.000   0.000   0.000   0.000    0.000    0.000      0.000    0.000   0.000    0.000     0.000    0.000      0.000   0.012
      1   0.000    0.000   0.000   0.000   0.000   0.000   0.000   0.000   0.000   0.000   0.000   0.000   0.000    0.000    0.000   0.000    0.000   0.000   0.000   0.000   0.000   0.000    0.000    0.000      0.000    0.000   0.000    0.000     0.000    0.000      0.000   0.000
      2   0.000    0.000   0.000   0.000   0.000   0.000   0.000   0.000   0.000   0.000   0.000   0.000   0.000    0.000    0.000   0.000    0.000   0.000   0.000   0.000   0.000   0.000    0.000    0.000      0.000    0.000   0.000    0.000     0.000    0.000      0.000   0.000
      3   0.000    0.000   0.000   0.000   0.000   0.000   0.000   0.000   0.000   0.000   0.000   0.000   0.000    0.000    0.000   0.000    0.000   0.000   0.000   0.000   0.000   0.000    0.000    0.000      0.000    0.000   0.000    0.000     0.000    0.000      0.000   0.000
      4   0.000    0.000   0.000   0.000   0.000   0.000   0.000   0.000   0.000   0.000   0.000   0.000   0.000    0.000    0.000   0.000    0.000   0.000   0.000   0.000   0.000   0.000    0.000    0.000      0.000    0.000   0.000    0.000     0.000    0.000      0.000   0.000
      5   0.000    0.000   0.000   0.000   0.000   0.000   0.000   0.000   0.000   0.000   0.000   0.000   0.000    0.000    0.000   0.000    0.000   0.000   0.000   0.000   0.000   0.000    0.000    0.000      0.000    0.000   0.000    0.000     0.000    0.000      0.000   0.000
      6   0.000    0.000   0.000   0.000   0.000   0.000   0.000   0.000   0.000   0.000   0.000   0.000   0.000    0.000    0.000   0.000    0.000   0.000   0.000   0.000   0.000   0.000    0.000    0.000      0.000    0.000   0.000    0.000     0.000    0.000      0.000   0.000
      7   0.000    0.000   0.000   0.000   0.000   0.000   0.000   0.000   0.000   0.000   0.000   0.000   0.000    0.000    0.000   0.000    0.000   0.000   0.000   0.000   0.000   0.000    0.000    0.000      0.000    0.000   0.000    0.000     0.000    0.000      0.000   0.000
      8   0.000    0.000   0.000   0.000   0.000   0.000   0.000   0.000   0.000   0.000   0.000   0.000   0.000    0.000    0.000   0.000    0.000   0.000   0.000   0.000   0.000   0.000    0.000    0.000      0.000    0.000   0.000    0.000     0.000    0.000      0.000   0.000
      9   0.000    0.000   0.000   0.000   0.000   0.000   0.000   0.000   0.000   0.000   0.000   0.000   0.000    0.000    0.000   0.000    0.000   0.000   0.000   0.000   0.000   0.000    0.000    0.000      0.000    0.000   0.000    0.000     0.000    0.000      0.000   0.000
    Sum   0.012    0.001   0.009   0.000   0.000   0.000   0.000   0.000   0.000   0.000   0.000   0.000   0.000    0.002    0.000   0.000    0.000   0.000   0.000   0.000   0.000   0.000    0.000    0.000      0.000    0.000   0.000    0.000     0.000    0.000      0.000   0.012


Summary
------------------------------------------------------------------------------------------------------------------------------
                  dt  Flu_Adv  Gra_Adv  Src_Adv  Che_Adv       SF   FB_Adv    FixUp     Flag   Refine MPI_Grid   Output      Aux       LB CorrSync      Par -MPI_Par    libyt         Sum
    Time      0.0007   0.0091   0.0000   0.0000   0.0000   0.0000   0.0000   0.0000   0.0000   0.0000   0.0025   0.0232   0.0994   0.0010   0.0000   0.0000   0.0000   0.0000      0.1360
    Frac      0.512%   6.721%   0.000%   0.000%   0.000%   0.000%   0.000%   0.000%   0.000%   0.000%   1.815%  17.088%  73.099%   0.747%   0.000%   0.000%   0.000%   0.000%     99.982%

==============================================================================================================================
==============================================================================================================================



Time : 8.3773940e-02 -> 8.4861913e-02,     Step :       77 ->       78

Main Loop
------------------------------------------------------------------------------------------------------------------------------
       Total    Integration       Output    Auxiliary    LoadBalance       CorrSync          libyt            Sum
      0.1268         0.0075       0.0254       0.0930         0.0009         0.0000         0.0000         0.1268


Integration Loop
------------------------------------------------------------------------------------------------------------------------------
     Lv   Total       dt Flu_Adv Gra_Adv Src_Adv Che_Adv      SF  FB_Adv   FixUp    Flag  Refine Buf_Rho Buf_Pot Buf_Flu1 Buf_Flu2 Buf_Ref Buf_Flux Buf_Res Buf_Che  Par_KD   Par_K Par_K-1 Par_2Sib -MPI_Sib -MPI_FaSib Par_2Son    -MPI Par_Coll -MPI_Real -MPI_Sib -MPI_FaSib     Sum
      0   0.007    0.001   0.003   0.000   0.000   0.000   0.000   0.000   0.000   0.000   0.000   0.000   0.000    0.004    0.000   0.000    0.000   0.000   0.000   0.000   0.000   0.000    0.000    0.000      0.000    0.000   0.000    0.000     0.000    0.000      0.000   0.007
      1   0.000    0.000   0.000   0.000   0.000   0.000   0.000   0.000   0.000   0.000   0.000   0.000   0.000    0.000    0.000   0.000    0.000   0.000   0.000   0.000   0.000   0.000    0.000    0.000      0.000    0.000   0.000    0.000     0.000    0.000      0.000   0.000
      2   0.000    0.000   0.000   0.000   0.000   0.000   0.000   0.000   0.000   0.000   0.000   0.000   0.000    0.000    0.000   0.000    0.000   0.000   0.000   0.000   0.000   0.000    0.000    0.000      0.000    0.000   0.000    0.000     0.000    0.000      0.000   0.000
      3   0.000    0.000   0.000   0.000   0.000   0.000   0.000   0.000   0.000   0.000   0.000   0.000   0.000    0.000    0.000   0.000    0.000   0.000   0.000   0.000   0.000   0.000    0.000    0.000      0.000    0.000   0.000    0.000     0.000    0.000      0.000   0.000
      4   0.000    0.000   0.000   0.000   0.000   0.000   0.000   0.000   0.000   0.000   0.000   0.000   0.000    0.000    0.000   0.000    0.000   0.000   0.000   0.000   0.000   0.000    0.000    0.000      0.000    0.000   0.000    0.000     0.000    0.000      0.000   0.000
      5   0.000    0.000   0.000   0.000   0.000   0.000   0.000   0.000   0.000   0.000   0.000   0.000   0.000    0.000    0.000   0.000    0.000   0.000   0.000   0.000   0.000   0.000    0.000    0.000      0.000    0.000   0.000    0.000     0.000    0.000      0.000   0.000
      6   0.000    0.000   0.000   0.000   0.000   0.000   0.000   0.000   0.000   0.000   0.000   0.000   0.000    0.000    0.000   0.000    0.000   0.000   0.000   0.000   0.000   0.000    0.000    0.000      0.000    0.000   0.000    0.000     0.000    0.000      0.000   0.000
      7   0.000    0.000   0.000   0.000   0.000   0.000   0.000   0.000   0.000   0.000   0.000   0.000   0.000    0.000    0.000   0.000    0.000   0.000   0.000   0.000   0.000   0.000    0.000    0.000      0.000    0.000   0.000    0.000     0.000    0.000      0.000   0.000
      8   0.000    0.000   0.000   0.000   0.000   0.000   0.000   0.000   0.000   0.000   0.000   0.000   0.000    0.000    0.000   0.000    0.000   0.000   0.000   0.000   0.000   0.000    0.000    0.000      0.000    0.000   0.000    0.000     0.000    0.000      0.000   0.000
      9   0.000    0.000   0.000   0.000   0.000   0.000   0.000   0.000   0.000   0.000   0.000   0.000   0.000    0.000    0.000   0.000    0.000   0.000   0.000   0.000   0.000   0.000    0.000    0.000      0.000    0.000   0.000    0.000     0.000    0.000      0.000   0.000
    Sum   0.007    0.001   0.003   0.000   0.000   0.000   0.000   0.000   0.000   0.000   0.000   0.000   0.000    0.004    0.000   0.000    0.000   0.000   0.000   0.000   0.000   0.000    0.000    0.000      0.000    0.000   0.000    0.000     0.000    0.000      0.000   0.007


Summary
------------------------------------------------------------------------------------------------------------------------------
                  dt  Flu_Adv  Gra_Adv  Src_Adv  Che_Adv       SF   FB_Adv    FixUp     Flag   Refine MPI_Grid   Output      Aux       LB CorrSync      Par -MPI_Par    libyt         Sum
    Time      0.0007   0.0032   0.0000   0.0000   0.0000   0.0000   0.0000   0.0000   0.0000   0.0000   0.0035   0.0254   0.0930   0.0009   0.0000   0.0000   0.0000   0.0000      0.1268
    Frac      0.551%   2.546%   0.000%   0.000%   0.000%   0.000%   0.000%   0.000%   0.000%   0.000%   2.785%  20.034%  73.349%   0.724%   0.000%   0.000%   0.000%   0.000%     99.989%

==============================================================================================================================
==============================================================================================================================



Time : 8.4861913e-02 -> 8.5949886e-02,     Step :       78 ->       79

Main Loop
------------------------------------------------------------------------------------------------------------------------------
       Total    Integration       Output    Auxiliary    LoadBalance       CorrSync          libyt            Sum
      0.0775         0.0080       0.0401       0.0285         0.0009         0.0000         0.0000         0.0775


Integration Loop
------------------------------------------------------------------------------------------------------------------------------
     Lv   Total       dt Flu_Adv Gra_Adv Src_Adv Che_Adv      SF  FB_Adv   FixUp    Flag  Refine Buf_Rho Buf_Pot Buf_Flu1 Buf_Flu2 Buf_Ref Buf_Flux Buf_Res Buf_Che  Par_KD   Par_K Par_K-1 Par_2Sib -MPI_Sib -MPI_FaSib Par_2Son    -MPI Par_Coll -MPI_Real -MPI_Sib -MPI_FaSib     Sum
      0   0.008    0.001   0.004   0.000   0.000   0.000   0.000   0.000   0.000   0.000   0.000   0.000   0.000    0.003    0.000   0.000    0.000   0.000   0.000   0.000   0.000   0.000    0.000    0.000      0.000    0.000   0.000    0.000     0.000    0.000      0.000   0.008
      1   0.000    0.000   0.000   0.000   0.000   0.000   0.000   0.000   0.000   0.000   0.000   0.000   0.000    0.000    0.000   0.000    0.000   0.000   0.000   0.000   0.000   0.000    0.000    0.000      0.000    0.000   0.000    0.000     0.000    0.000      0.000   0.000
      2   0.000    0.000   0.000   0.000   0.000   0.000   0.000   0.000   0.000   0.000   0.000   0.000   0.000    0.000    0.000   0.000    0.000   0.000   0.000   0.000   0.000   0.000    0.000    0.000      0.000    0.000   0.000    0.000     0.000    0.000      0.000   0.000
      3   0.000    0.000   0.000   0.000   0.000   0.000   0.000   0.000   0.000   0.000   0.000   0.000   0.000    0.000    0.000   0.000    0.000   0.000   0.000   0.000   0.000   0.000    0.000    0.000      0.000    0.000   0.000    0.000     0.000    0.000      0.000   0.000
      4   0.000    0.000   0.000   0.000   0.000   0.000   0.000   0.000   0.000   0.000   0.000   0.000   0.000    0.000    0.000   0.000    0.000   0.000   0.000   0.000   0.000   0.000    0.000    0.000      0.000    0.000   0.000    0.000     0.000    0.000      0.000   0.000
      5   0.000    0.000   0.000   0.000   0.000   0.000   0.000   0.000   0.000   0.000   0.000   0.000   0.000    0.000    0.000   0.000    0.000   0.000   0.000   0.000   0.000   0.000    0.000    0.000      0.000    0.000   0.000    0.000     0.000    0.000      0.000   0.000
      6   0.000    0.000   0.000   0.000   0.000   0.000   0.000   0.000   0.000   0.000   0.000   0.000   0.000    0.000    0.000   0.000    0.000   0.000   0.000   0.000   0.000   0.000    0.000    0.000      0.000    0.000   0.000    0.000     0.000    0.000      0.000   0.000
      7   0.000    0.000   0.000   0.000   0.000   0.000   0.000   0.000   0.000   0.000   0.000   0.000   0.000    0.000    0.000   0.000    0.000   0.000   0.000   0.000   0.000   0.000    0.000    0.000      0.000    0.000   0.000    0.000     0.000    0.000      0.000   0.000
      8   0.000    0.000   0.000   0.000   0.000   0.000   0.000   0.000   0.000   0.000   0.000   0.000   0.000    0.000    0.000   0.000    0.000   0.000   0.000   0.000   0.000   0.000    0.000    0.000      0.000    0.000   0.000    0.000     0.000    0.000      0.000   0.000
      9   0.000    0.000   0.000   0.000   0.000   0.000   0.000   0.000   0.000   0.000   0.000   0.000   0.000    0.000    0.000   0.000    0.000   0.000   0.000   0.000   0.000   0.000    0.000    0.000      0.000    0.000   0.000    0.000     0.000    0.000      0.000   0.000
    Sum   0.008    0.001   0.004   0.000   0.000   0.000   0.000   0.000   0.000   0.000   0.000   0.000   0.000    0.003    0.000   0.000    0.000   0.000   0.000   0.000   0.000   0.000    0.000    0.000      0.000    0.000   0.000    0.000     0.000    0.000      0.000   0.008


Summary
------------------------------------------------------------------------------------------------------------------------------
                  dt  Flu_Adv  Gra_Adv  Src_Adv  Che_Adv       SF   FB_Adv    FixUp     Flag   Refine MPI_Grid   Output      Aux       LB CorrSync      Par -MPI_Par    libyt         Sum
    Time      0.0007   0.0040   0.0000   0.0000   0.0000   0.0000   0.0000   0.0000   0.0000   0.0000   0.0033   0.0401   0.0285   0.0009   0.0000   0.0000   0.0000   0.0000      0.0775
    Frac      0.951%   5.145%   0.000%   0.000%   0.000%   0.000%   0.000%   0.000%   0.000%   0.000%   4.206%  51.771%  36.766%   1.136%   0.000%   0.000%   0.000%   0.000%     99.974%

==============================================================================================================================
==============================================================================================================================



Time : 8.5949886e-02 -> 8.7037860e-02,     Step :       79 ->       80

Main Loop
------------------------------------------------------------------------------------------------------------------------------
       Total    Integration       Output    Auxiliary    LoadBalance       CorrSync          libyt            Sum
      0.1039         0.0073       0.0287       0.0671         0.0009         0.0000         0.0000         0.1039


Integration Loop
------------------------------------------------------------------------------------------------------------------------------
     Lv   Total       dt Flu_Adv Gra_Adv Src_Adv Che_Adv      SF  FB_Adv   FixUp    Flag  Refine Buf_Rho Buf_Pot Buf_Flu1 Buf_Flu2 Buf_Ref Buf_Flux Buf_Res Buf_Che  Par_KD   Par_K Par_K-1 Par_2Sib -MPI_Sib -MPI_FaSib Par_2Son    -MPI Par_Coll -MPI_Real -MPI_Sib -MPI_FaSib     Sum
      0   0.007    0.001   0.003   0.000   0.000   0.000   0.000   0.000   0.000   0.000   0.000   0.000   0.000    0.003    0.000   0.000    0.000   0.000   0.000   0.000   0.000   0.000    0.000    0.000      0.000    0.000   0.000    0.000     0.000    0.000      0.000   0.007
      1   0.000    0.000   0.000   0.000   0.000   0.000   0.000   0.000   0.000   0.000   0.000   0.000   0.000    0.000    0.000   0.000    0.000   0.000   0.000   0.000   0.000   0.000    0.000    0.000      0.000    0.000   0.000    0.000     0.000    0.000      0.000   0.000
      2   0.000    0.000   0.000   0.000   0.000   0.000   0.000   0.000   0.000   0.000   0.000   0.000   0.000    0.000    0.000   0.000    0.000   0.000   0.000   0.000   0.000   0.000    0.000    0.000      0.000    0.000   0.000    0.000     0.000    0.000      0.000   0.000
      3   0.000    0.000   0.000   0.000   0.000   0.000   0.000   0.000   0.000   0.000   0.000   0.000   0.000    0.000    0.000   0.000    0.000   0.000   0.000   0.000   0.000   0.000    0.000    0.000      0.000    0.000   0.000    0.000     0.000    0.000      0.000   0.000
      4   0.000    0.000   0.000   0.000   0.000   0.000   0.000   0.000   0.000   0.000   0.000   0.000   0.000    0.000    0.000   0.000    0.000   0.000   0.000   0.000   0.000   0.000    0.000    0.000      0.000    0.000   0.000    0.000     0.000    0.000      0.000   0.000
      5   0.000    0.000   0.000   0.000   0.000   0.000   0.000   0.000   0.000   0.000   0.000   0.000   0.000    0.000    0.000   0.000    0.000   0.000   0.000   0.000   0.000   0.000    0.000    0.000      0.000    0.000   0.000    0.000     0.000    0.000      0.000   0.000
      6   0.000    0.000   0.000   0.000   0.000   0.000   0.000   0.000   0.000   0.000   0.000   0.000   0.000    0.000    0.000   0.000    0.000   0.000   0.000   0.000   0.000   0.000    0.000    0.000      0.000    0.000   0.000    0.000     0.000    0.000      0.000   0.000
      7   0.000    0.000   0.000   0.000   0.000   0.000   0.000   0.000   0.000   0.000   0.000   0.000   0.000    0.000    0.000   0.000    0.000   0.000   0.000   0.000   0.000   0.000    0.000    0.000      0.000    0.000   0.000    0.000     0.000    0.000      0.000   0.000
      8   0.000    0.000   0.000   0.000   0.000   0.000   0.000   0.000   0.000   0.000   0.000   0.000   0.000    0.000    0.000   0.000    0.000   0.000   0.000   0.000   0.000   0.000    0.000    0.000      0.000    0.000   0.000    0.000     0.000    0.000      0.000   0.000
      9   0.000    0.000   0.000   0.000   0.000   0.000   0.000   0.000   0.000   0.000   0.000   0.000   0.000    0.000    0.000   0.000    0.000   0.000   0.000   0.000   0.000   0.000    0.000    0.000      0.000    0.000   0.000    0.000     0.000    0.000      0.000   0.000
    Sum   0.007    0.001   0.003   0.000   0.000   0.000   0.000   0.000   0.000   0.000   0.000   0.000   0.000    0.003    0.000   0.000    0.000   0.000   0.000   0.000   0.000   0.000    0.000    0.000      0.000    0.000   0.000    0.000     0.000    0.000      0.000   0.007


Summary
------------------------------------------------------------------------------------------------------------------------------
                  dt  Flu_Adv  Gra_Adv  Src_Adv  Che_Adv       SF   FB_Adv    FixUp     Flag   Refine MPI_Grid   Output      Aux       LB CorrSync      Par -MPI_Par    libyt         Sum
    Time      0.0007   0.0029   0.0000   0.0000   0.0000   0.0000   0.0000   0.0000   0.0004   0.0004   0.0029   0.0287   0.0671   0.0009   0.0000   0.0000   0.0000   0.0000      0.1039
    Frac      0.685%   2.755%   0.000%   0.000%   0.000%   0.000%   0.000%   0.000%   0.364%   0.420%   2.769%  27.600%  64.557%   0.836%   0.000%   0.000%   0.000%   0.000%     99.987%

==============================================================================================================================
==============================================================================================================================



Time : 8.7037860e-02 -> 8.8125833e-02,     Step :       80 ->       81

Main Loop
------------------------------------------------------------------------------------------------------------------------------
       Total    Integration       Output    Auxiliary    LoadBalance       CorrSync          libyt            Sum
      0.1626         0.0195       0.0423       0.1000         0.0008         0.0000         0.0000         0.1626


Integration Loop
------------------------------------------------------------------------------------------------------------------------------
     Lv   Total       dt Flu_Adv Gra_Adv Src_Adv Che_Adv      SF  FB_Adv   FixUp    Flag  Refine Buf_Rho Buf_Pot Buf_Flu1 Buf_Flu2 Buf_Ref Buf_Flux Buf_Res Buf_Che  Par_KD   Par_K Par_K-1 Par_2Sib -MPI_Sib -MPI_FaSib Par_2Son    -MPI Par_Coll -MPI_Real -MPI_Sib -MPI_FaSib     Sum
      0   0.019    0.001   0.009   0.000   0.000   0.000   0.000   0.000   0.000   0.000   0.000   0.000   0.000    0.009    0.000   0.000    0.000   0.000   0.000   0.000   0.000   0.000    0.000    0.000      0.000    0.000   0.000    0.000     0.000    0.000      0.000   0.019
      1   0.000    0.000   0.000   0.000   0.000   0.000   0.000   0.000   0.000   0.000   0.000   0.000   0.000    0.000    0.000   0.000    0.000   0.000   0.000   0.000   0.000   0.000    0.000    0.000      0.000    0.000   0.000    0.000     0.000    0.000      0.000   0.000
      2   0.000    0.000   0.000   0.000   0.000   0.000   0.000   0.000   0.000   0.000   0.000   0.000   0.000    0.000    0.000   0.000    0.000   0.000   0.000   0.000   0.000   0.000    0.000    0.000      0.000    0.000   0.000    0.000     0.000    0.000      0.000   0.000
      3   0.000    0.000   0.000   0.000   0.000   0.000   0.000   0.000   0.000   0.000   0.000   0.000   0.000    0.000    0.000   0.000    0.000   0.000   0.000   0.000   0.000   0.000    0.000    0.000      0.000    0.000   0.000    0.000     0.000    0.000      0.000   0.000
      4   0.000    0.000   0.000   0.000   0.000   0.000   0.000   0.000   0.000   0.000   0.000   0.000   0.000    0.000    0.000   0.000    0.000   0.000   0.000   0.000   0.000   0.000    0.000    0.000      0.000    0.000   0.000    0.000     0.000    0.000      0.000   0.000
      5   0.000    0.000   0.000   0.000   0.000   0.000   0.000   0.000   0.000   0.000   0.000   0.000   0.000    0.000    0.000   0.000    0.000   0.000   0.000   0.000   0.000   0.000    0.000    0.000      0.000    0.000   0.000    0.000     0.000    0.000      0.000   0.000
      6   0.000    0.000   0.000   0.000   0.000   0.000   0.000   0.000   0.000   0.000   0.000   0.000   0.000    0.000    0.000   0.000    0.000   0.000   0.000   0.000   0.000   0.000    0.000    0.000      0.000    0.000   0.000    0.000     0.000    0.000      0.000   0.000
      7   0.000    0.000   0.000   0.000   0.000   0.000   0.000   0.000   0.000   0.000   0.000   0.000   0.000    0.000    0.000   0.000    0.000   0.000   0.000   0.000   0.000   0.000    0.000    0.000      0.000    0.000   0.000    0.000     0.000    0.000      0.000   0.000
      8   0.000    0.000   0.000   0.000   0.000   0.000   0.000   0.000   0.000   0.000   0.000   0.000   0.000    0.000    0.000   0.000    0.000   0.000   0.000   0.000   0.000   0.000    0.000    0.000      0.000    0.000   0.000    0.000     0.000    0.000      0.000   0.000
      9   0.000    0.000   0.000   0.000   0.000   0.000   0.000   0.000   0.000   0.000   0.000   0.000   0.000    0.000    0.000   0.000    0.000   0.000   0.000   0.000   0.000   0.000    0.000    0.000      0.000    0.000   0.000    0.000     0.000    0.000      0.000   0.000
    Sum   0.019    0.001   0.009   0.000   0.000   0.000   0.000   0.000   0.000   0.000   0.000   0.000   0.000    0.009    0.000   0.000    0.000   0.000   0.000   0.000   0.000   0.000    0.000    0.000      0.000    0.000   0.000    0.000     0.000    0.000      0.000   0.019


Summary
------------------------------------------------------------------------------------------------------------------------------
                  dt  Flu_Adv  Gra_Adv  Src_Adv  Che_Adv       SF   FB_Adv    FixUp     Flag   Refine MPI_Grid   Output      Aux       LB CorrSync      Par -MPI_Par    libyt         Sum
    Time      0.0006   0.0094   0.0000   0.0000   0.0000   0.0000   0.0000   0.0000   0.0000   0.0000   0.0094   0.0423   0.1000   0.0008   0.0000   0.0000   0.0000   0.0000      0.1626
    Frac      0.399%   5.798%   0.000%   0.000%   0.000%   0.000%   0.000%   0.000%   0.000%   0.000%   5.764%  26.029%  61.488%   0.511%   0.000%   0.000%   0.000%   0.000%     99.989%

==============================================================================================================================
==============================================================================================================================



Time : 8.8125833e-02 -> 8.9213806e-02,     Step :       81 ->       82

Main Loop
------------------------------------------------------------------------------------------------------------------------------
       Total    Integration       Output    Auxiliary    LoadBalance       CorrSync          libyt            Sum
      0.1118         0.0124       0.0174       0.0810         0.0011         0.0000         0.0000         0.1118


Integration Loop
------------------------------------------------------------------------------------------------------------------------------
     Lv   Total       dt Flu_Adv Gra_Adv Src_Adv Che_Adv      SF  FB_Adv   FixUp    Flag  Refine Buf_Rho Buf_Pot Buf_Flu1 Buf_Flu2 Buf_Ref Buf_Flux Buf_Res Buf_Che  Par_KD   Par_K Par_K-1 Par_2Sib -MPI_Sib -MPI_FaSib Par_2Son    -MPI Par_Coll -MPI_Real -MPI_Sib -MPI_FaSib     Sum
      0   0.012    0.001   0.009   0.000   0.000   0.000   0.000   0.000   0.000   0.000   0.000   0.000   0.000    0.002    0.000   0.000    0.000   0.000   0.000   0.000   0.000   0.000    0.000    0.000      0.000    0.000   0.000    0.000     0.000    0.000      0.000   0.012
      1   0.000    0.000   0.000   0.000   0.000   0.000   0.000   0.000   0.000   0.000   0.000   0.000   0.000    0.000    0.000   0.000    0.000   0.000   0.000   0.000   0.000   0.000    0.000    0.000      0.000    0.000   0.000    0.000     0.000    0.000      0.000   0.000
      2   0.000    0.000   0.000   0.000   0.000   0.000   0.000   0.000   0.000   0.000   0.000   0.000   0.000    0.000    0.000   0.000    0.000   0.000   0.000   0.000   0.000   0.000    0.000    0.000      0.000    0.000   0.000    0.000     0.000    0.000      0.000   0.000
      3   0.000    0.000   0.000   0.000   0.000   0.000   0.000   0.000   0.000   0.000   0.000   0.000   0.000    0.000    0.000   0.000    0.000   0.000   0.000   0.000   0.000   0.000    0.000    0.000      0.000    0.000   0.000    0.000     0.000    0.000      0.000   0.000
      4   0.000    0.000   0.000   0.000   0.000   0.000   0.000   0.000   0.000   0.000   0.000   0.000   0.000    0.000    0.000   0.000    0.000   0.000   0.000   0.000   0.000   0.000    0.000    0.000      0.000    0.000   0.000    0.000     0.000    0.000      0.000   0.000
      5   0.000    0.000   0.000   0.000   0.000   0.000   0.000   0.000   0.000   0.000   0.000   0.000   0.000    0.000    0.000   0.000    0.000   0.000   0.000   0.000   0.000   0.000    0.000    0.000      0.000    0.000   0.000    0.000     0.000    0.000      0.000   0.000
      6   0.000    0.000   0.000   0.000   0.000   0.000   0.000   0.000   0.000   0.000   0.000   0.000   0.000    0.000    0.000   0.000    0.000   0.000   0.000   0.000   0.000   0.000    0.000    0.000      0.000    0.000   0.000    0.000     0.000    0.000      0.000   0.000
      7   0.000    0.000   0.000   0.000   0.000   0.000   0.000   0.000   0.000   0.000   0.000   0.000   0.000    0.000    0.000   0.000    0.000   0.000   0.000   0.000   0.000   0.000    0.000    0.000      0.000    0.000   0.000    0.000     0.000    0.000      0.000   0.000
      8   0.000    0.000   0.000   0.000   0.000   0.000   0.000   0.000   0.000   0.000   0.000   0.000   0.000    0.000    0.000   0.000    0.000   0.000   0.000   0.000   0.000   0.000    0.000    0.000      0.000    0.000   0.000    0.000     0.000    0.000      0.000   0.000
      9   0.000    0.000   0.000   0.000   0.000   0.000   0.000   0.000   0.000   0.000   0.000   0.000   0.000    0.000    0.000   0.000    0.000   0.000   0.000   0.000   0.000   0.000    0.000    0.000      0.000    0.000   0.000    0.000     0.000    0.000      0.000   0.000
    Sum   0.012    0.001   0.009   0.000   0.000   0.000   0.000   0.000   0.000   0.000   0.000   0.000   0.000    0.002    0.000   0.000    0.000   0.000   0.000   0.000   0.000   0.000    0.000    0.000      0.000    0.000   0.000    0.000     0.000    0.000      0.000   0.012


Summary
------------------------------------------------------------------------------------------------------------------------------
                  dt  Flu_Adv  Gra_Adv  Src_Adv  Che_Adv       SF   FB_Adv    FixUp     Flag   Refine MPI_Grid   Output      Aux       LB CorrSync      Par -MPI_Par    libyt         Sum
    Time      0.0006   0.0093   0.0000   0.0000   0.0000   0.0000   0.0000   0.0000   0.0000   0.0000   0.0025   0.0174   0.0810   0.0011   0.0000   0.0000   0.0000   0.0000      0.1118
    Frac      0.549%   8.321%   0.000%   0.000%   0.000%   0.000%   0.000%   0.000%   0.000%   0.000%   2.207%  15.570%  72.387%   0.953%   0.000%   0.000%   0.000%   0.000%     99.987%

==============================================================================================================================
==============================================================================================================================



Time : 8.9213806e-02 -> 9.0301779e-02,     Step :       82 ->       83

Main Loop
------------------------------------------------------------------------------------------------------------------------------
       Total    Integration       Output    Auxiliary    LoadBalance       CorrSync          libyt            Sum
      0.1427         0.0134       0.0338       0.0944         0.0011         0.0000         0.0000         0.1427


Integration Loop
------------------------------------------------------------------------------------------------------------------------------
     Lv   Total       dt Flu_Adv Gra_Adv Src_Adv Che_Adv      SF  FB_Adv   FixUp    Flag  Refine Buf_Rho Buf_Pot Buf_Flu1 Buf_Flu2 Buf_Ref Buf_Flux Buf_Res Buf_Che  Par_KD   Par_K Par_K-1 Par_2Sib -MPI_Sib -MPI_FaSib Par_2Son    -MPI Par_Coll -MPI_Real -MPI_Sib -MPI_FaSib     Sum
      0   0.013    0.001   0.009   0.000   0.000   0.000   0.000   0.000   0.000   0.000   0.000   0.000   0.000    0.004    0.000   0.000    0.000   0.000   0.000   0.000   0.000   0.000    0.000    0.000      0.000    0.000   0.000    0.000     0.000    0.000      0.000   0.013
      1   0.000    0.000   0.000   0.000   0.000   0.000   0.000   0.000   0.000   0.000   0.000   0.000   0.000    0.000    0.000   0.000    0.000   0.000   0.000   0.000   0.000   0.000    0.000    0.000      0.000    0.000   0.000    0.000     0.000    0.000      0.000   0.000
      2   0.000    0.000   0.000   0.000   0.000   0.000   0.000   0.000   0.000   0.000   0.000   0.000   0.000    0.000    0.000   0.000    0.000   0.000   0.000   0.000   0.000   0.000    0.000    0.000      0.000    0.000   0.000    0.000     0.000    0.000      0.000   0.000
      3   0.000    0.000   0.000   0.000   0.000   0.000   0.000   0.000   0.000   0.000   0.000   0.000   0.000    0.000    0.000   0.000    0.000   0.000   0.000   0.000   0.000   0.000    0.000    0.000      0.000    0.000   0.000    0.000     0.000    0.000      0.000   0.000
      4   0.000    0.000   0.000   0.000   0.000   0.000   0.000   0.000   0.000   0.000   0.000   0.000   0.000    0.000    0.000   0.000    0.000   0.000   0.000   0.000   0.000   0.000    0.000    0.000      0.000    0.000   0.000    0.000     0.000    0.000      0.000   0.000
      5   0.000    0.000   0.000   0.000   0.000   0.000   0.000   0.000   0.000   0.000   0.000   0.000   0.000    0.000    0.000   0.000    0.000   0.000   0.000   0.000   0.000   0.000    0.000    0.000      0.000    0.000   0.000    0.000     0.000    0.000      0.000   0.000
      6   0.000    0.000   0.000   0.000   0.000   0.000   0.000   0.000   0.000   0.000   0.000   0.000   0.000    0.000    0.000   0.000    0.000   0.000   0.000   0.000   0.000   0.000    0.000    0.000      0.000    0.000   0.000    0.000     0.000    0.000      0.000   0.000
      7   0.000    0.000   0.000   0.000   0.000   0.000   0.000   0.000   0.000   0.000   0.000   0.000   0.000    0.000    0.000   0.000    0.000   0.000   0.000   0.000   0.000   0.000    0.000    0.000      0.000    0.000   0.000    0.000     0.000    0.000      0.000   0.000
      8   0.000    0.000   0.000   0.000   0.000   0.000   0.000   0.000   0.000   0.000   0.000   0.000   0.000    0.000    0.000   0.000    0.000   0.000   0.000   0.000   0.000   0.000    0.000    0.000      0.000    0.000   0.000    0.000     0.000    0.000      0.000   0.000
      9   0.000    0.000   0.000   0.000   0.000   0.000   0.000   0.000   0.000   0.000   0.000   0.000   0.000    0.000    0.000   0.000    0.000   0.000   0.000   0.000   0.000   0.000    0.000    0.000      0.000    0.000   0.000    0.000     0.000    0.000      0.000   0.000
    Sum   0.013    0.001   0.009   0.000   0.000   0.000   0.000   0.000   0.000   0.000   0.000   0.000   0.000    0.004    0.000   0.000    0.000   0.000   0.000   0.000   0.000   0.000    0.000    0.000      0.000    0.000   0.000    0.000     0.000    0.000      0.000   0.013


Summary
------------------------------------------------------------------------------------------------------------------------------
                  dt  Flu_Adv  Gra_Adv  Src_Adv  Che_Adv       SF   FB_Adv    FixUp     Flag   Refine MPI_Grid   Output      Aux       LB CorrSync      Par -MPI_Par    libyt         Sum
    Time      0.0007   0.0091   0.0000   0.0000   0.0000   0.0000   0.0000   0.0000   0.0000   0.0000   0.0036   0.0338   0.0944   0.0011   0.0000   0.0000   0.0000   0.0000      0.1427
    Frac      0.501%   6.349%   0.000%   0.000%   0.000%   0.000%   0.000%   0.000%   0.000%   0.000%   2.538%  23.689%  66.151%   0.759%   0.000%   0.000%   0.000%   0.000%     99.987%

==============================================================================================================================
==============================================================================================================================



Time : 9.0301779e-02 -> 9.1389752e-02,     Step :       83 ->       84

Main Loop
------------------------------------------------------------------------------------------------------------------------------
       Total    Integration       Output    Auxiliary    LoadBalance       CorrSync          libyt            Sum
      0.1332         0.0139       0.0289       0.0894         0.0011         0.0000         0.0000         0.1332


Integration Loop
------------------------------------------------------------------------------------------------------------------------------
     Lv   Total       dt Flu_Adv Gra_Adv Src_Adv Che_Adv      SF  FB_Adv   FixUp    Flag  Refine Buf_Rho Buf_Pot Buf_Flu1 Buf_Flu2 Buf_Ref Buf_Flux Buf_Res Buf_Che  Par_KD   Par_K Par_K-1 Par_2Sib -MPI_Sib -MPI_FaSib Par_2Son    -MPI Par_Coll -MPI_Real -MPI_Sib -MPI_FaSib     Sum
      0   0.014    0.001   0.009   0.000   0.000   0.000   0.000   0.000   0.000   0.000   0.000   0.000   0.000    0.003    0.000   0.000    0.000   0.000   0.000   0.000   0.000   0.000    0.000    0.000      0.000    0.000   0.000    0.000     0.000    0.000      0.000   0.014
      1   0.000    0.000   0.000   0.000   0.000   0.000   0.000   0.000   0.000   0.000   0.000   0.000   0.000    0.000    0.000   0.000    0.000   0.000   0.000   0.000   0.000   0.000    0.000    0.000      0.000    0.000   0.000    0.000     0.000    0.000      0.000   0.000
      2   0.000    0.000   0.000   0.000   0.000   0.000   0.000   0.000   0.000   0.000   0.000   0.000   0.000    0.000    0.000   0.000    0.000   0.000   0.000   0.000   0.000   0.000    0.000    0.000      0.000    0.000   0.000    0.000     0.000    0.000      0.000   0.000
      3   0.000    0.000   0.000   0.000   0.000   0.000   0.000   0.000   0.000   0.000   0.000   0.000   0.000    0.000    0.000   0.000    0.000   0.000   0.000   0.000   0.000   0.000    0.000    0.000      0.000    0.000   0.000    0.000     0.000    0.000      0.000   0.000
      4   0.000    0.000   0.000   0.000   0.000   0.000   0.000   0.000   0.000   0.000   0.000   0.000   0.000    0.000    0.000   0.000    0.000   0.000   0.000   0.000   0.000   0.000    0.000    0.000      0.000    0.000   0.000    0.000     0.000    0.000      0.000   0.000
      5   0.000    0.000   0.000   0.000   0.000   0.000   0.000   0.000   0.000   0.000   0.000   0.000   0.000    0.000    0.000   0.000    0.000   0.000   0.000   0.000   0.000   0.000    0.000    0.000      0.000    0.000   0.000    0.000     0.000    0.000      0.000   0.000
      6   0.000    0.000   0.000   0.000   0.000   0.000   0.000   0.000   0.000   0.000   0.000   0.000   0.000    0.000    0.000   0.000    0.000   0.000   0.000   0.000   0.000   0.000    0.000    0.000      0.000    0.000   0.000    0.000     0.000    0.000      0.000   0.000
      7   0.000    0.000   0.000   0.000   0.000   0.000   0.000   0.000   0.000   0.000   0.000   0.000   0.000    0.000    0.000   0.000    0.000   0.000   0.000   0.000   0.000   0.000    0.000    0.000      0.000    0.000   0.000    0.000     0.000    0.000      0.000   0.000
      8   0.000    0.000   0.000   0.000   0.000   0.000   0.000   0.000   0.000   0.000   0.000   0.000   0.000    0.000    0.000   0.000    0.000   0.000   0.000   0.000   0.000   0.000    0.000    0.000      0.000    0.000   0.000    0.000     0.000    0.000      0.000   0.000
      9   0.000    0.000   0.000   0.000   0.000   0.000   0.000   0.000   0.000   0.000   0.000   0.000   0.000    0.000    0.000   0.000    0.000   0.000   0.000   0.000   0.000   0.000    0.000    0.000      0.000    0.000   0.000    0.000     0.000    0.000      0.000   0.000
    Sum   0.014    0.001   0.009   0.000   0.000   0.000   0.000   0.000   0.000   0.000   0.000   0.000   0.000    0.003    0.000   0.000    0.000   0.000   0.000   0.000   0.000   0.000    0.000    0.000      0.000    0.000   0.000    0.000     0.000    0.000      0.000   0.014


Summary
------------------------------------------------------------------------------------------------------------------------------
                  dt  Flu_Adv  Gra_Adv  Src_Adv  Che_Adv       SF   FB_Adv    FixUp     Flag   Refine MPI_Grid   Output      Aux       LB CorrSync      Par -MPI_Par    libyt         Sum
    Time      0.0007   0.0091   0.0000   0.0000   0.0000   0.0000   0.0000   0.0000   0.0003   0.0004   0.0033   0.0289   0.0894   0.0011   0.0000   0.0000   0.0000   0.0000      0.1332
    Frac      0.516%   6.852%   0.000%   0.000%   0.000%   0.000%   0.000%   0.000%   0.242%   0.337%   2.485%  21.675%  67.075%   0.802%   0.000%   0.000%   0.000%   0.000%     99.984%

==============================================================================================================================
==============================================================================================================================



Time : 9.1389752e-02 -> 9.2477726e-02,     Step :       84 ->       85

Main Loop
------------------------------------------------------------------------------------------------------------------------------
       Total    Integration       Output    Auxiliary    LoadBalance       CorrSync          libyt            Sum
      0.0696         0.0135       0.0144       0.0407         0.0011         0.0000         0.0000         0.0696


Integration Loop
------------------------------------------------------------------------------------------------------------------------------
     Lv   Total       dt Flu_Adv Gra_Adv Src_Adv Che_Adv      SF  FB_Adv   FixUp    Flag  Refine Buf_Rho Buf_Pot Buf_Flu1 Buf_Flu2 Buf_Ref Buf_Flux Buf_Res Buf_Che  Par_KD   Par_K Par_K-1 Par_2Sib -MPI_Sib -MPI_FaSib Par_2Son    -MPI Par_Coll -MPI_Real -MPI_Sib -MPI_FaSib     Sum
      0   0.013    0.001   0.009   0.000   0.000   0.000   0.000   0.000   0.000   0.000   0.000   0.000   0.000    0.004    0.000   0.000    0.000   0.000   0.000   0.000   0.000   0.000    0.000    0.000      0.000    0.000   0.000    0.000     0.000    0.000      0.000   0.013
      1   0.000    0.000   0.000   0.000   0.000   0.000   0.000   0.000   0.000   0.000   0.000   0.000   0.000    0.000    0.000   0.000    0.000   0.000   0.000   0.000   0.000   0.000    0.000    0.000      0.000    0.000   0.000    0.000     0.000    0.000      0.000   0.000
      2   0.000    0.000   0.000   0.000   0.000   0.000   0.000   0.000   0.000   0.000   0.000   0.000   0.000    0.000    0.000   0.000    0.000   0.000   0.000   0.000   0.000   0.000    0.000    0.000      0.000    0.000   0.000    0.000     0.000    0.000      0.000   0.000
      3   0.000    0.000   0.000   0.000   0.000   0.000   0.000   0.000   0.000   0.000   0.000   0.000   0.000    0.000    0.000   0.000    0.000   0.000   0.000   0.000   0.000   0.000    0.000    0.000      0.000    0.000   0.000    0.000     0.000    0.000      0.000   0.000
      4   0.000    0.000   0.000   0.000   0.000   0.000   0.000   0.000   0.000   0.000   0.000   0.000   0.000    0.000    0.000   0.000    0.000   0.000   0.000   0.000   0.000   0.000    0.000    0.000      0.000    0.000   0.000    0.000     0.000    0.000      0.000   0.000
      5   0.000    0.000   0.000   0.000   0.000   0.000   0.000   0.000   0.000   0.000   0.000   0.000   0.000    0.000    0.000   0.000    0.000   0.000   0.000   0.000   0.000   0.000    0.000    0.000      0.000    0.000   0.000    0.000     0.000    0.000      0.000   0.000
      6   0.000    0.000   0.000   0.000   0.000   0.000   0.000   0.000   0.000   0.000   0.000   0.000   0.000    0.000    0.000   0.000    0.000   0.000   0.000   0.000   0.000   0.000    0.000    0.000      0.000    0.000   0.000    0.000     0.000    0.000      0.000   0.000
      7   0.000    0.000   0.000   0.000   0.000   0.000   0.000   0.000   0.000   0.000   0.000   0.000   0.000    0.000    0.000   0.000    0.000   0.000   0.000   0.000   0.000   0.000    0.000    0.000      0.000    0.000   0.000    0.000     0.000    0.000      0.000   0.000
      8   0.000    0.000   0.000   0.000   0.000   0.000   0.000   0.000   0.000   0.000   0.000   0.000   0.000    0.000    0.000   0.000    0.000   0.000   0.000   0.000   0.000   0.000    0.000    0.000      0.000    0.000   0.000    0.000     0.000    0.000      0.000   0.000
      9   0.000    0.000   0.000   0.000   0.000   0.000   0.000   0.000   0.000   0.000   0.000   0.000   0.000    0.000    0.000   0.000    0.000   0.000   0.000   0.000   0.000   0.000    0.000    0.000      0.000    0.000   0.000    0.000     0.000    0.000      0.000   0.000
    Sum   0.013    0.001   0.009   0.000   0.000   0.000   0.000   0.000   0.000   0.000   0.000   0.000   0.000    0.004    0.000   0.000    0.000   0.000   0.000   0.000   0.000   0.000    0.000    0.000      0.000    0.000   0.000    0.000     0.000    0.000      0.000   0.013


Summary
------------------------------------------------------------------------------------------------------------------------------
                  dt  Flu_Adv  Gra_Adv  Src_Adv  Che_Adv       SF   FB_Adv    FixUp     Flag   Refine MPI_Grid   Output      Aux       LB CorrSync      Par -MPI_Par    libyt         Sum
    Time      0.0007   0.0092   0.0000   0.0000   0.0000   0.0000   0.0000   0.0000   0.0000   0.0000   0.0036   0.0144   0.0407   0.0011   0.0000   0.0000   0.0000   0.0000      0.0696
    Frac      0.974%  13.209%   0.000%   0.000%   0.000%   0.000%   0.000%   0.000%   0.000%   0.000%   5.152%  20.685%  58.428%   1.526%   0.000%   0.000%   0.000%   0.000%     99.974%

==============================================================================================================================
==============================================================================================================================



Time : 9.2477726e-02 -> 9.3565699e-02,     Step :       85 ->       86

Main Loop
------------------------------------------------------------------------------------------------------------------------------
       Total    Integration       Output    Auxiliary    LoadBalance       CorrSync          libyt            Sum
      0.1221         0.0129       0.0307       0.0775         0.0010         0.0000         0.0000         0.1221


Integration Loop
------------------------------------------------------------------------------------------------------------------------------
     Lv   Total       dt Flu_Adv Gra_Adv Src_Adv Che_Adv      SF  FB_Adv   FixUp    Flag  Refine Buf_Rho Buf_Pot Buf_Flu1 Buf_Flu2 Buf_Ref Buf_Flux Buf_Res Buf_Che  Par_KD   Par_K Par_K-1 Par_2Sib -MPI_Sib -MPI_FaSib Par_2Son    -MPI Par_Coll -MPI_Real -MPI_Sib -MPI_FaSib     Sum
      0   0.013    0.001   0.009   0.000   0.000   0.000   0.000   0.000   0.000   0.000   0.000   0.000   0.000    0.003    0.000   0.000    0.000   0.000   0.000   0.000   0.000   0.000    0.000    0.000      0.000    0.000   0.000    0.000     0.000    0.000      0.000   0.013
      1   0.000    0.000   0.000   0.000   0.000   0.000   0.000   0.000   0.000   0.000   0.000   0.000   0.000    0.000    0.000   0.000    0.000   0.000   0.000   0.000   0.000   0.000    0.000    0.000      0.000    0.000   0.000    0.000     0.000    0.000      0.000   0.000
      2   0.000    0.000   0.000   0.000   0.000   0.000   0.000   0.000   0.000   0.000   0.000   0.000   0.000    0.000    0.000   0.000    0.000   0.000   0.000   0.000   0.000   0.000    0.000    0.000      0.000    0.000   0.000    0.000     0.000    0.000      0.000   0.000
      3   0.000    0.000   0.000   0.000   0.000   0.000   0.000   0.000   0.000   0.000   0.000   0.000   0.000    0.000    0.000   0.000    0.000   0.000   0.000   0.000   0.000   0.000    0.000    0.000      0.000    0.000   0.000    0.000     0.000    0.000      0.000   0.000
      4   0.000    0.000   0.000   0.000   0.000   0.000   0.000   0.000   0.000   0.000   0.000   0.000   0.000    0.000    0.000   0.000    0.000   0.000   0.000   0.000   0.000   0.000    0.000    0.000      0.000    0.000   0.000    0.000     0.000    0.000      0.000   0.000
      5   0.000    0.000   0.000   0.000   0.000   0.000   0.000   0.000   0.000   0.000   0.000   0.000   0.000    0.000    0.000   0.000    0.000   0.000   0.000   0.000   0.000   0.000    0.000    0.000      0.000    0.000   0.000    0.000     0.000    0.000      0.000   0.000
      6   0.000    0.000   0.000   0.000   0.000   0.000   0.000   0.000   0.000   0.000   0.000   0.000   0.000    0.000    0.000   0.000    0.000   0.000   0.000   0.000   0.000   0.000    0.000    0.000      0.000    0.000   0.000    0.000     0.000    0.000      0.000   0.000
      7   0.000    0.000   0.000   0.000   0.000   0.000   0.000   0.000   0.000   0.000   0.000   0.000   0.000    0.000    0.000   0.000    0.000   0.000   0.000   0.000   0.000   0.000    0.000    0.000      0.000    0.000   0.000    0.000     0.000    0.000      0.000   0.000
      8   0.000    0.000   0.000   0.000   0.000   0.000   0.000   0.000   0.000   0.000   0.000   0.000   0.000    0.000    0.000   0.000    0.000   0.000   0.000   0.000   0.000   0.000    0.000    0.000      0.000    0.000   0.000    0.000     0.000    0.000      0.000   0.000
      9   0.000    0.000   0.000   0.000   0.000   0.000   0.000   0.000   0.000   0.000   0.000   0.000   0.000    0.000    0.000   0.000    0.000   0.000   0.000   0.000   0.000   0.000    0.000    0.000      0.000    0.000   0.000    0.000     0.000    0.000      0.000   0.000
    Sum   0.013    0.001   0.009   0.000   0.000   0.000   0.000   0.000   0.000   0.000   0.000   0.000   0.000    0.003    0.000   0.000    0.000   0.000   0.000   0.000   0.000   0.000    0.000    0.000      0.000    0.000   0.000    0.000     0.000    0.000      0.000   0.013


Summary
------------------------------------------------------------------------------------------------------------------------------
                  dt  Flu_Adv  Gra_Adv  Src_Adv  Che_Adv       SF   FB_Adv    FixUp     Flag   Refine MPI_Grid   Output      Aux       LB CorrSync      Par -MPI_Par    libyt         Sum
    Time      0.0007   0.0093   0.0000   0.0000   0.0000   0.0000   0.0000   0.0000   0.0000   0.0000   0.0029   0.0307   0.0775   0.0010   0.0000   0.0000   0.0000   0.0000      0.1221
    Frac      0.568%   7.609%   0.000%   0.000%   0.000%   0.000%   0.000%   0.000%   0.000%   0.000%   2.401%  25.120%  63.471%   0.816%   0.000%   0.000%   0.000%   0.000%     99.985%

==============================================================================================================================
==============================================================================================================================



Time : 9.3565699e-02 -> 9.4653672e-02,     Step :       86 ->       87

Main Loop
------------------------------------------------------------------------------------------------------------------------------
       Total    Integration       Output    Auxiliary    LoadBalance       CorrSync          libyt            Sum
      0.1191         0.0126       0.0167       0.0886         0.0012         0.0000         0.0000         0.1191


Integration Loop
------------------------------------------------------------------------------------------------------------------------------
     Lv   Total       dt Flu_Adv Gra_Adv Src_Adv Che_Adv      SF  FB_Adv   FixUp    Flag  Refine Buf_Rho Buf_Pot Buf_Flu1 Buf_Flu2 Buf_Ref Buf_Flux Buf_Res Buf_Che  Par_KD   Par_K Par_K-1 Par_2Sib -MPI_Sib -MPI_FaSib Par_2Son    -MPI Par_Coll -MPI_Real -MPI_Sib -MPI_FaSib     Sum
      0   0.013    0.001   0.009   0.000   0.000   0.000   0.000   0.000   0.000   0.000   0.000   0.000   0.000    0.003    0.000   0.000    0.000   0.000   0.000   0.000   0.000   0.000    0.000    0.000      0.000    0.000   0.000    0.000     0.000    0.000      0.000   0.013
      1   0.000    0.000   0.000   0.000   0.000   0.000   0.000   0.000   0.000   0.000   0.000   0.000   0.000    0.000    0.000   0.000    0.000   0.000   0.000   0.000   0.000   0.000    0.000    0.000      0.000    0.000   0.000    0.000     0.000    0.000      0.000   0.000
      2   0.000    0.000   0.000   0.000   0.000   0.000   0.000   0.000   0.000   0.000   0.000   0.000   0.000    0.000    0.000   0.000    0.000   0.000   0.000   0.000   0.000   0.000    0.000    0.000      0.000    0.000   0.000    0.000     0.000    0.000      0.000   0.000
      3   0.000    0.000   0.000   0.000   0.000   0.000   0.000   0.000   0.000   0.000   0.000   0.000   0.000    0.000    0.000   0.000    0.000   0.000   0.000   0.000   0.000   0.000    0.000    0.000      0.000    0.000   0.000    0.000     0.000    0.000      0.000   0.000
      4   0.000    0.000   0.000   0.000   0.000   0.000   0.000   0.000   0.000   0.000   0.000   0.000   0.000    0.000    0.000   0.000    0.000   0.000   0.000   0.000   0.000   0.000    0.000    0.000      0.000    0.000   0.000    0.000     0.000    0.000      0.000   0.000
      5   0.000    0.000   0.000   0.000   0.000   0.000   0.000   0.000   0.000   0.000   0.000   0.000   0.000    0.000    0.000   0.000    0.000   0.000   0.000   0.000   0.000   0.000    0.000    0.000      0.000    0.000   0.000    0.000     0.000    0.000      0.000   0.000
      6   0.000    0.000   0.000   0.000   0.000   0.000   0.000   0.000   0.000   0.000   0.000   0.000   0.000    0.000    0.000   0.000    0.000   0.000   0.000   0.000   0.000   0.000    0.000    0.000      0.000    0.000   0.000    0.000     0.000    0.000      0.000   0.000
      7   0.000    0.000   0.000   0.000   0.000   0.000   0.000   0.000   0.000   0.000   0.000   0.000   0.000    0.000    0.000   0.000    0.000   0.000   0.000   0.000   0.000   0.000    0.000    0.000      0.000    0.000   0.000    0.000     0.000    0.000      0.000   0.000
      8   0.000    0.000   0.000   0.000   0.000   0.000   0.000   0.000   0.000   0.000   0.000   0.000   0.000    0.000    0.000   0.000    0.000   0.000   0.000   0.000   0.000   0.000    0.000    0.000      0.000    0.000   0.000    0.000     0.000    0.000      0.000   0.000
      9   0.000    0.000   0.000   0.000   0.000   0.000   0.000   0.000   0.000   0.000   0.000   0.000   0.000    0.000    0.000   0.000    0.000   0.000   0.000   0.000   0.000   0.000    0.000    0.000      0.000    0.000   0.000    0.000     0.000    0.000      0.000   0.000
    Sum   0.013    0.001   0.009   0.000   0.000   0.000   0.000   0.000   0.000   0.000   0.000   0.000   0.000    0.003    0.000   0.000    0.000   0.000   0.000   0.000   0.000   0.000    0.000    0.000      0.000    0.000   0.000    0.000     0.000    0.000      0.000   0.013


Summary
------------------------------------------------------------------------------------------------------------------------------
                  dt  Flu_Adv  Gra_Adv  Src_Adv  Che_Adv       SF   FB_Adv    FixUp     Flag   Refine MPI_Grid   Output      Aux       LB CorrSync      Par -MPI_Par    libyt         Sum
    Time      0.0007   0.0092   0.0000   0.0000   0.0000   0.0000   0.0000   0.0000   0.0000   0.0000   0.0028   0.0167   0.0886   0.0012   0.0000   0.0000   0.0000   0.0000      0.1191
    Frac      0.567%   7.701%   0.000%   0.000%   0.000%   0.000%   0.000%   0.000%   0.000%   0.000%   2.335%  14.001%  74.407%   0.972%   0.000%   0.000%   0.000%   0.000%     99.982%

==============================================================================================================================
==============================================================================================================================



Time : 9.4653672e-02 -> 9.5741645e-02,     Step :       87 ->       88

Main Loop
------------------------------------------------------------------------------------------------------------------------------
       Total    Integration       Output    Auxiliary    LoadBalance       CorrSync          libyt            Sum
      0.0793         0.0140       0.0164       0.0479         0.0010         0.0000         0.0000         0.0793


Integration Loop
------------------------------------------------------------------------------------------------------------------------------
     Lv   Total       dt Flu_Adv Gra_Adv Src_Adv Che_Adv      SF  FB_Adv   FixUp    Flag  Refine Buf_Rho Buf_Pot Buf_Flu1 Buf_Flu2 Buf_Ref Buf_Flux Buf_Res Buf_Che  Par_KD   Par_K Par_K-1 Par_2Sib -MPI_Sib -MPI_FaSib Par_2Son    -MPI Par_Coll -MPI_Real -MPI_Sib -MPI_FaSib     Sum
      0   0.014    0.001   0.009   0.000   0.000   0.000   0.000   0.000   0.000   0.000   0.000   0.000   0.000    0.003    0.000   0.000    0.000   0.000   0.000   0.000   0.000   0.000    0.000    0.000      0.000    0.000   0.000    0.000     0.000    0.000      0.000   0.014
      1   0.000    0.000   0.000   0.000   0.000   0.000   0.000   0.000   0.000   0.000   0.000   0.000   0.000    0.000    0.000   0.000    0.000   0.000   0.000   0.000   0.000   0.000    0.000    0.000      0.000    0.000   0.000    0.000     0.000    0.000      0.000   0.000
      2   0.000    0.000   0.000   0.000   0.000   0.000   0.000   0.000   0.000   0.000   0.000   0.000   0.000    0.000    0.000   0.000    0.000   0.000   0.000   0.000   0.000   0.000    0.000    0.000      0.000    0.000   0.000    0.000     0.000    0.000      0.000   0.000
      3   0.000    0.000   0.000   0.000   0.000   0.000   0.000   0.000   0.000   0.000   0.000   0.000   0.000    0.000    0.000   0.000    0.000   0.000   0.000   0.000   0.000   0.000    0.000    0.000      0.000    0.000   0.000    0.000     0.000    0.000      0.000   0.000
      4   0.000    0.000   0.000   0.000   0.000   0.000   0.000   0.000   0.000   0.000   0.000   0.000   0.000    0.000    0.000   0.000    0.000   0.000   0.000   0.000   0.000   0.000    0.000    0.000      0.000    0.000   0.000    0.000     0.000    0.000      0.000   0.000
      5   0.000    0.000   0.000   0.000   0.000   0.000   0.000   0.000   0.000   0.000   0.000   0.000   0.000    0.000    0.000   0.000    0.000   0.000   0.000   0.000   0.000   0.000    0.000    0.000      0.000    0.000   0.000    0.000     0.000    0.000      0.000   0.000
      6   0.000    0.000   0.000   0.000   0.000   0.000   0.000   0.000   0.000   0.000   0.000   0.000   0.000    0.000    0.000   0.000    0.000   0.000   0.000   0.000   0.000   0.000    0.000    0.000      0.000    0.000   0.000    0.000     0.000    0.000      0.000   0.000
      7   0.000    0.000   0.000   0.000   0.000   0.000   0.000   0.000   0.000   0.000   0.000   0.000   0.000    0.000    0.000   0.000    0.000   0.000   0.000   0.000   0.000   0.000    0.000    0.000      0.000    0.000   0.000    0.000     0.000    0.000      0.000   0.000
      8   0.000    0.000   0.000   0.000   0.000   0.000   0.000   0.000   0.000   0.000   0.000   0.000   0.000    0.000    0.000   0.000    0.000   0.000   0.000   0.000   0.000   0.000    0.000    0.000      0.000    0.000   0.000    0.000     0.000    0.000      0.000   0.000
      9   0.000    0.000   0.000   0.000   0.000   0.000   0.000   0.000   0.000   0.000   0.000   0.000   0.000    0.000    0.000   0.000    0.000   0.000   0.000   0.000   0.000   0.000    0.000    0.000      0.000    0.000   0.000    0.000     0.000    0.000      0.000   0.000
    Sum   0.014    0.001   0.009   0.000   0.000   0.000   0.000   0.000   0.000   0.000   0.000   0.000   0.000    0.003    0.000   0.000    0.000   0.000   0.000   0.000   0.000   0.000    0.000    0.000      0.000    0.000   0.000    0.000     0.000    0.000      0.000   0.014


Summary
------------------------------------------------------------------------------------------------------------------------------
                  dt  Flu_Adv  Gra_Adv  Src_Adv  Che_Adv       SF   FB_Adv    FixUp     Flag   Refine MPI_Grid   Output      Aux       LB CorrSync      Par -MPI_Par    libyt         Sum
    Time      0.0007   0.0091   0.0000   0.0000   0.0000   0.0000   0.0000   0.0000   0.0003   0.0005   0.0035   0.0164   0.0479   0.0010   0.0000   0.0000   0.0000   0.0000      0.0793
    Frac      0.851%  11.450%   0.000%   0.000%   0.000%   0.000%   0.000%   0.000%   0.369%   0.596%   4.397%  20.676%  60.330%   1.303%   0.000%   0.000%   0.000%   0.000%     99.974%

==============================================================================================================================
==============================================================================================================================



Time : 9.5741645e-02 -> 9.6829619e-02,     Step :       88 ->       89

Main Loop
------------------------------------------------------------------------------------------------------------------------------
       Total    Integration       Output    Auxiliary    LoadBalance       CorrSync          libyt            Sum
      0.0740         0.0130       0.0125       0.0476         0.0009         0.0000         0.0000         0.0739


Integration Loop
------------------------------------------------------------------------------------------------------------------------------
     Lv   Total       dt Flu_Adv Gra_Adv Src_Adv Che_Adv      SF  FB_Adv   FixUp    Flag  Refine Buf_Rho Buf_Pot Buf_Flu1 Buf_Flu2 Buf_Ref Buf_Flux Buf_Res Buf_Che  Par_KD   Par_K Par_K-1 Par_2Sib -MPI_Sib -MPI_FaSib Par_2Son    -MPI Par_Coll -MPI_Real -MPI_Sib -MPI_FaSib     Sum
      0   0.013    0.001   0.009   0.000   0.000   0.000   0.000   0.000   0.000   0.000   0.000   0.000   0.000    0.003    0.000   0.000    0.000   0.000   0.000   0.000   0.000   0.000    0.000    0.000      0.000    0.000   0.000    0.000     0.000    0.000      0.000   0.013
      1   0.000    0.000   0.000   0.000   0.000   0.000   0.000   0.000   0.000   0.000   0.000   0.000   0.000    0.000    0.000   0.000    0.000   0.000   0.000   0.000   0.000   0.000    0.000    0.000      0.000    0.000   0.000    0.000     0.000    0.000      0.000   0.000
      2   0.000    0.000   0.000   0.000   0.000   0.000   0.000   0.000   0.000   0.000   0.000   0.000   0.000    0.000    0.000   0.000    0.000   0.000   0.000   0.000   0.000   0.000    0.000    0.000      0.000    0.000   0.000    0.000     0.000    0.000      0.000   0.000
      3   0.000    0.000   0.000   0.000   0.000   0.000   0.000   0.000   0.000   0.000   0.000   0.000   0.000    0.000    0.000   0.000    0.000   0.000   0.000   0.000   0.000   0.000    0.000    0.000      0.000    0.000   0.000    0.000     0.000    0.000      0.000   0.000
      4   0.000    0.000   0.000   0.000   0.000   0.000   0.000   0.000   0.000   0.000   0.000   0.000   0.000    0.000    0.000   0.000    0.000   0.000   0.000   0.000   0.000   0.000    0.000    0.000      0.000    0.000   0.000    0.000     0.000    0.000      0.000   0.000
      5   0.000    0.000   0.000   0.000   0.000   0.000   0.000   0.000   0.000   0.000   0.000   0.000   0.000    0.000    0.000   0.000    0.000   0.000   0.000   0.000   0.000   0.000    0.000    0.000      0.000    0.000   0.000    0.000     0.000    0.000      0.000   0.000
      6   0.000    0.000   0.000   0.000   0.000   0.000   0.000   0.000   0.000   0.000   0.000   0.000   0.000    0.000    0.000   0.000    0.000   0.000   0.000   0.000   0.000   0.000    0.000    0.000      0.000    0.000   0.000    0.000     0.000    0.000      0.000   0.000
      7   0.000    0.000   0.000   0.000   0.000   0.000   0.000   0.000   0.000   0.000   0.000   0.000   0.000    0.000    0.000   0.000    0.000   0.000   0.000   0.000   0.000   0.000    0.000    0.000      0.000    0.000   0.000    0.000     0.000    0.000      0.000   0.000
      8   0.000    0.000   0.000   0.000   0.000   0.000   0.000   0.000   0.000   0.000   0.000   0.000   0.000    0.000    0.000   0.000    0.000   0.000   0.000   0.000   0.000   0.000    0.000    0.000      0.000    0.000   0.000    0.000     0.000    0.000      0.000   0.000
      9   0.000    0.000   0.000   0.000   0.000   0.000   0.000   0.000   0.000   0.000   0.000   0.000   0.000    0.000    0.000   0.000    0.000   0.000   0.000   0.000   0.000   0.000    0.000    0.000      0.000    0.000   0.000    0.000     0.000    0.000      0.000   0.000
    Sum   0.013    0.001   0.009   0.000   0.000   0.000   0.000   0.000   0.000   0.000   0.000   0.000   0.000    0.003    0.000   0.000    0.000   0.000   0.000   0.000   0.000   0.000    0.000    0.000      0.000    0.000   0.000    0.000     0.000    0.000      0.000   0.013


Summary
------------------------------------------------------------------------------------------------------------------------------
                  dt  Flu_Adv  Gra_Adv  Src_Adv  Che_Adv       SF   FB_Adv    FixUp     Flag   Refine MPI_Grid   Output      Aux       LB CorrSync      Par -MPI_Par    libyt         Sum
    Time      0.0007   0.0091   0.0000   0.0000   0.0000   0.0000   0.0000   0.0000   0.0000   0.0000   0.0032   0.0125   0.0476   0.0009   0.0000   0.0000   0.0000   0.0000      0.0739
    Frac      0.901%  12.337%   0.000%   0.000%   0.000%   0.000%   0.000%   0.000%   0.000%   0.000%   4.307%  16.849%  64.343%   1.240%   0.000%   0.000%   0.000%   0.000%     99.976%

==============================================================================================================================
==============================================================================================================================



Time : 9.6829619e-02 -> 9.7917592e-02,     Step :       89 ->       90

Main Loop
------------------------------------------------------------------------------------------------------------------------------
       Total    Integration       Output    Auxiliary    LoadBalance       CorrSync          libyt            Sum
      0.0932         0.0127       0.0209       0.0585         0.0011         0.0000         0.0000         0.0932


Integration Loop
------------------------------------------------------------------------------------------------------------------------------
     Lv   Total       dt Flu_Adv Gra_Adv Src_Adv Che_Adv      SF  FB_Adv   FixUp    Flag  Refine Buf_Rho Buf_Pot Buf_Flu1 Buf_Flu2 Buf_Ref Buf_Flux Buf_Res Buf_Che  Par_KD   Par_K Par_K-1 Par_2Sib -MPI_Sib -MPI_FaSib Par_2Son    -MPI Par_Coll -MPI_Real -MPI_Sib -MPI_FaSib     Sum
      0   0.013    0.001   0.009   0.000   0.000   0.000   0.000   0.000   0.000   0.000   0.000   0.000   0.000    0.003    0.000   0.000    0.000   0.000   0.000   0.000   0.000   0.000    0.000    0.000      0.000    0.000   0.000    0.000     0.000    0.000      0.000   0.013
      1   0.000    0.000   0.000   0.000   0.000   0.000   0.000   0.000   0.000   0.000   0.000   0.000   0.000    0.000    0.000   0.000    0.000   0.000   0.000   0.000   0.000   0.000    0.000    0.000      0.000    0.000   0.000    0.000     0.000    0.000      0.000   0.000
      2   0.000    0.000   0.000   0.000   0.000   0.000   0.000   0.000   0.000   0.000   0.000   0.000   0.000    0.000    0.000   0.000    0.000   0.000   0.000   0.000   0.000   0.000    0.000    0.000      0.000    0.000   0.000    0.000     0.000    0.000      0.000   0.000
      3   0.000    0.000   0.000   0.000   0.000   0.000   0.000   0.000   0.000   0.000   0.000   0.000   0.000    0.000    0.000   0.000    0.000   0.000   0.000   0.000   0.000   0.000    0.000    0.000      0.000    0.000   0.000    0.000     0.000    0.000      0.000   0.000
      4   0.000    0.000   0.000   0.000   0.000   0.000   0.000   0.000   0.000   0.000   0.000   0.000   0.000    0.000    0.000   0.000    0.000   0.000   0.000   0.000   0.000   0.000    0.000    0.000      0.000    0.000   0.000    0.000     0.000    0.000      0.000   0.000
      5   0.000    0.000   0.000   0.000   0.000   0.000   0.000   0.000   0.000   0.000   0.000   0.000   0.000    0.000    0.000   0.000    0.000   0.000   0.000   0.000   0.000   0.000    0.000    0.000      0.000    0.000   0.000    0.000     0.000    0.000      0.000   0.000
      6   0.000    0.000   0.000   0.000   0.000   0.000   0.000   0.000   0.000   0.000   0.000   0.000   0.000    0.000    0.000   0.000    0.000   0.000   0.000   0.000   0.000   0.000    0.000    0.000      0.000    0.000   0.000    0.000     0.000    0.000      0.000   0.000
      7   0.000    0.000   0.000   0.000   0.000   0.000   0.000   0.000   0.000   0.000   0.000   0.000   0.000    0.000    0.000   0.000    0.000   0.000   0.000   0.000   0.000   0.000    0.000    0.000      0.000    0.000   0.000    0.000     0.000    0.000      0.000   0.000
      8   0.000    0.000   0.000   0.000   0.000   0.000   0.000   0.000   0.000   0.000   0.000   0.000   0.000    0.000    0.000   0.000    0.000   0.000   0.000   0.000   0.000   0.000    0.000    0.000      0.000    0.000   0.000    0.000     0.000    0.000      0.000   0.000
      9   0.000    0.000   0.000   0.000   0.000   0.000   0.000   0.000   0.000   0.000   0.000   0.000   0.000    0.000    0.000   0.000    0.000   0.000   0.000   0.000   0.000   0.000    0.000    0.000      0.000    0.000   0.000    0.000     0.000    0.000      0.000   0.000
    Sum   0.013    0.001   0.009   0.000   0.000   0.000   0.000   0.000   0.000   0.000   0.000   0.000   0.000    0.003    0.000   0.000    0.000   0.000   0.000   0.000   0.000   0.000    0.000    0.000      0.000    0.000   0.000    0.000     0.000    0.000      0.000   0.013


Summary
------------------------------------------------------------------------------------------------------------------------------
                  dt  Flu_Adv  Gra_Adv  Src_Adv  Che_Adv       SF   FB_Adv    FixUp     Flag   Refine MPI_Grid   Output      Aux       LB CorrSync      Par -MPI_Par    libyt         Sum
    Time      0.0006   0.0091   0.0000   0.0000   0.0000   0.0000   0.0000   0.0000   0.0000   0.0000   0.0029   0.0209   0.0585   0.0011   0.0000   0.0000   0.0000   0.0000      0.0931
    Frac      0.675%   9.808%   0.000%   0.000%   0.000%   0.000%   0.000%   0.000%   0.000%   0.000%   3.159%  22.400%  62.792%   1.143%   0.000%   0.000%   0.000%   0.000%     99.977%

==============================================================================================================================
==============================================================================================================================



Time : 9.7917592e-02 -> 9.9005565e-02,     Step :       90 ->       91

Main Loop
------------------------------------------------------------------------------------------------------------------------------
       Total    Integration       Output    Auxiliary    LoadBalance       CorrSync          libyt            Sum
      0.0792         0.0126       0.0128       0.0528         0.0010         0.0000         0.0000         0.0792


Integration Loop
------------------------------------------------------------------------------------------------------------------------------
     Lv   Total       dt Flu_Adv Gra_Adv Src_Adv Che_Adv      SF  FB_Adv   FixUp    Flag  Refine Buf_Rho Buf_Pot Buf_Flu1 Buf_Flu2 Buf_Ref Buf_Flux Buf_Res Buf_Che  Par_KD   Par_K Par_K-1 Par_2Sib -MPI_Sib -MPI_FaSib Par_2Son    -MPI Par_Coll -MPI_Real -MPI_Sib -MPI_FaSib     Sum
      0   0.013    0.001   0.009   0.000   0.000   0.000   0.000   0.000   0.000   0.000   0.000   0.000   0.000    0.003    0.000   0.000    0.000   0.000   0.000   0.000   0.000   0.000    0.000    0.000      0.000    0.000   0.000    0.000     0.000    0.000      0.000   0.013
      1   0.000    0.000   0.000   0.000   0.000   0.000   0.000   0.000   0.000   0.000   0.000   0.000   0.000    0.000    0.000   0.000    0.000   0.000   0.000   0.000   0.000   0.000    0.000    0.000      0.000    0.000   0.000    0.000     0.000    0.000      0.000   0.000
      2   0.000    0.000   0.000   0.000   0.000   0.000   0.000   0.000   0.000   0.000   0.000   0.000   0.000    0.000    0.000   0.000    0.000   0.000   0.000   0.000   0.000   0.000    0.000    0.000      0.000    0.000   0.000    0.000     0.000    0.000      0.000   0.000
      3   0.000    0.000   0.000   0.000   0.000   0.000   0.000   0.000   0.000   0.000   0.000   0.000   0.000    0.000    0.000   0.000    0.000   0.000   0.000   0.000   0.000   0.000    0.000    0.000      0.000    0.000   0.000    0.000     0.000    0.000      0.000   0.000
      4   0.000    0.000   0.000   0.000   0.000   0.000   0.000   0.000   0.000   0.000   0.000   0.000   0.000    0.000    0.000   0.000    0.000   0.000   0.000   0.000   0.000   0.000    0.000    0.000      0.000    0.000   0.000    0.000     0.000    0.000      0.000   0.000
      5   0.000    0.000   0.000   0.000   0.000   0.000   0.000   0.000   0.000   0.000   0.000   0.000   0.000    0.000    0.000   0.000    0.000   0.000   0.000   0.000   0.000   0.000    0.000    0.000      0.000    0.000   0.000    0.000     0.000    0.000      0.000   0.000
      6   0.000    0.000   0.000   0.000   0.000   0.000   0.000   0.000   0.000   0.000   0.000   0.000   0.000    0.000    0.000   0.000    0.000   0.000   0.000   0.000   0.000   0.000    0.000    0.000      0.000    0.000   0.000    0.000     0.000    0.000      0.000   0.000
      7   0.000    0.000   0.000   0.000   0.000   0.000   0.000   0.000   0.000   0.000   0.000   0.000   0.000    0.000    0.000   0.000    0.000   0.000   0.000   0.000   0.000   0.000    0.000    0.000      0.000    0.000   0.000    0.000     0.000    0.000      0.000   0.000
      8   0.000    0.000   0.000   0.000   0.000   0.000   0.000   0.000   0.000   0.000   0.000   0.000   0.000    0.000    0.000   0.000    0.000   0.000   0.000   0.000   0.000   0.000    0.000    0.000      0.000    0.000   0.000    0.000     0.000    0.000      0.000   0.000
      9   0.000    0.000   0.000   0.000   0.000   0.000   0.000   0.000   0.000   0.000   0.000   0.000   0.000    0.000    0.000   0.000    0.000   0.000   0.000   0.000   0.000   0.000    0.000    0.000      0.000    0.000   0.000    0.000     0.000    0.000      0.000   0.000
    Sum   0.013    0.001   0.009   0.000   0.000   0.000   0.000   0.000   0.000   0.000   0.000   0.000   0.000    0.003    0.000   0.000    0.000   0.000   0.000   0.000   0.000   0.000    0.000    0.000      0.000    0.000   0.000    0.000     0.000    0.000      0.000   0.013


Summary
------------------------------------------------------------------------------------------------------------------------------
                  dt  Flu_Adv  Gra_Adv  Src_Adv  Che_Adv       SF   FB_Adv    FixUp     Flag   Refine MPI_Grid   Output      Aux       LB CorrSync      Par -MPI_Par    libyt         Sum
    Time      0.0007   0.0091   0.0000   0.0000   0.0000   0.0000   0.0000   0.0000   0.0000   0.0000   0.0027   0.0128   0.0528   0.0010   0.0000   0.0000   0.0000   0.0000      0.0792
    Frac      0.932%  11.545%   0.000%   0.000%   0.000%   0.000%   0.000%   0.000%   0.000%   0.000%   3.445%  16.125%  66.622%   1.308%   0.000%   0.000%   0.000%   0.000%     99.976%

==============================================================================================================================
==============================================================================================================================



Time : 9.9005565e-02 -> 1.0009354e-01,     Step :       91 ->       92

Main Loop
------------------------------------------------------------------------------------------------------------------------------
       Total    Integration       Output    Auxiliary    LoadBalance       CorrSync          libyt            Sum
      0.0988         0.0136       0.0207       0.0634         0.0011         0.0000         0.0000         0.0988


Integration Loop
------------------------------------------------------------------------------------------------------------------------------
     Lv   Total       dt Flu_Adv Gra_Adv Src_Adv Che_Adv      SF  FB_Adv   FixUp    Flag  Refine Buf_Rho Buf_Pot Buf_Flu1 Buf_Flu2 Buf_Ref Buf_Flux Buf_Res Buf_Che  Par_KD   Par_K Par_K-1 Par_2Sib -MPI_Sib -MPI_FaSib Par_2Son    -MPI Par_Coll -MPI_Real -MPI_Sib -MPI_FaSib     Sum
      0   0.014    0.001   0.009   0.000   0.000   0.000   0.000   0.000   0.000   0.000   0.000   0.000   0.000    0.003    0.000   0.000    0.000   0.000   0.000   0.000   0.000   0.000    0.000    0.000      0.000    0.000   0.000    0.000     0.000    0.000      0.000   0.014
      1   0.000    0.000   0.000   0.000   0.000   0.000   0.000   0.000   0.000   0.000   0.000   0.000   0.000    0.000    0.000   0.000    0.000   0.000   0.000   0.000   0.000   0.000    0.000    0.000      0.000    0.000   0.000    0.000     0.000    0.000      0.000   0.000
      2   0.000    0.000   0.000   0.000   0.000   0.000   0.000   0.000   0.000   0.000   0.000   0.000   0.000    0.000    0.000   0.000    0.000   0.000   0.000   0.000   0.000   0.000    0.000    0.000      0.000    0.000   0.000    0.000     0.000    0.000      0.000   0.000
      3   0.000    0.000   0.000   0.000   0.000   0.000   0.000   0.000   0.000   0.000   0.000   0.000   0.000    0.000    0.000   0.000    0.000   0.000   0.000   0.000   0.000   0.000    0.000    0.000      0.000    0.000   0.000    0.000     0.000    0.000      0.000   0.000
      4   0.000    0.000   0.000   0.000   0.000   0.000   0.000   0.000   0.000   0.000   0.000   0.000   0.000    0.000    0.000   0.000    0.000   0.000   0.000   0.000   0.000   0.000    0.000    0.000      0.000    0.000   0.000    0.000     0.000    0.000      0.000   0.000
      5   0.000    0.000   0.000   0.000   0.000   0.000   0.000   0.000   0.000   0.000   0.000   0.000   0.000    0.000    0.000   0.000    0.000   0.000   0.000   0.000   0.000   0.000    0.000    0.000      0.000    0.000   0.000    0.000     0.000    0.000      0.000   0.000
      6   0.000    0.000   0.000   0.000   0.000   0.000   0.000   0.000   0.000   0.000   0.000   0.000   0.000    0.000    0.000   0.000    0.000   0.000   0.000   0.000   0.000   0.000    0.000    0.000      0.000    0.000   0.000    0.000     0.000    0.000      0.000   0.000
      7   0.000    0.000   0.000   0.000   0.000   0.000   0.000   0.000   0.000   0.000   0.000   0.000   0.000    0.000    0.000   0.000    0.000   0.000   0.000   0.000   0.000   0.000    0.000    0.000      0.000    0.000   0.000    0.000     0.000    0.000      0.000   0.000
      8   0.000    0.000   0.000   0.000   0.000   0.000   0.000   0.000   0.000   0.000   0.000   0.000   0.000    0.000    0.000   0.000    0.000   0.000   0.000   0.000   0.000   0.000    0.000    0.000      0.000    0.000   0.000    0.000     0.000    0.000      0.000   0.000
      9   0.000    0.000   0.000   0.000   0.000   0.000   0.000   0.000   0.000   0.000   0.000   0.000   0.000    0.000    0.000   0.000    0.000   0.000   0.000   0.000   0.000   0.000    0.000    0.000      0.000    0.000   0.000    0.000     0.000    0.000      0.000   0.000
    Sum   0.014    0.001   0.009   0.000   0.000   0.000   0.000   0.000   0.000   0.000   0.000   0.000   0.000    0.003    0.000   0.000    0.000   0.000   0.000   0.000   0.000   0.000    0.000    0.000      0.000    0.000   0.000    0.000     0.000    0.000      0.000   0.014


Summary
------------------------------------------------------------------------------------------------------------------------------
                  dt  Flu_Adv  Gra_Adv  Src_Adv  Che_Adv       SF   FB_Adv    FixUp     Flag   Refine MPI_Grid   Output      Aux       LB CorrSync      Par -MPI_Par    libyt         Sum
    Time      0.0007   0.0091   0.0000   0.0000   0.0000   0.0000   0.0000   0.0000   0.0004   0.0005   0.0029   0.0207   0.0634   0.0011   0.0000   0.0000   0.0000   0.0000      0.0987
    Frac      0.724%   9.243%   0.000%   0.000%   0.000%   0.000%   0.000%   0.000%   0.364%   0.494%   2.945%  20.983%  64.149%   1.072%   0.000%   0.000%   0.000%   0.000%     99.975%

==============================================================================================================================
==============================================================================================================================



Time : 1.0009354e-01 -> 1.0118151e-01,     Step :       92 ->       93

Main Loop
------------------------------------------------------------------------------------------------------------------------------
       Total    Integration       Output    Auxiliary    LoadBalance       CorrSync          libyt            Sum
      0.1053         0.0232       0.0252       0.0559         0.0011         0.0000         0.0000         0.1053


Integration Loop
------------------------------------------------------------------------------------------------------------------------------
     Lv   Total       dt Flu_Adv Gra_Adv Src_Adv Che_Adv      SF  FB_Adv   FixUp    Flag  Refine Buf_Rho Buf_Pot Buf_Flu1 Buf_Flu2 Buf_Ref Buf_Flux Buf_Res Buf_Che  Par_KD   Par_K Par_K-1 Par_2Sib -MPI_Sib -MPI_FaSib Par_2Son    -MPI Par_Coll -MPI_Real -MPI_Sib -MPI_FaSib     Sum
      0   0.023    0.001   0.019   0.000   0.000   0.000   0.000   0.000   0.000   0.000   0.000   0.000   0.000    0.003    0.000   0.000    0.000   0.000   0.000   0.000   0.000   0.000    0.000    0.000      0.000    0.000   0.000    0.000     0.000    0.000      0.000   0.023
      1   0.000    0.000   0.000   0.000   0.000   0.000   0.000   0.000   0.000   0.000   0.000   0.000   0.000    0.000    0.000   0.000    0.000   0.000   0.000   0.000   0.000   0.000    0.000    0.000      0.000    0.000   0.000    0.000     0.000    0.000      0.000   0.000
      2   0.000    0.000   0.000   0.000   0.000   0.000   0.000   0.000   0.000   0.000   0.000   0.000   0.000    0.000    0.000   0.000    0.000   0.000   0.000   0.000   0.000   0.000    0.000    0.000      0.000    0.000   0.000    0.000     0.000    0.000      0.000   0.000
      3   0.000    0.000   0.000   0.000   0.000   0.000   0.000   0.000   0.000   0.000   0.000   0.000   0.000    0.000    0.000   0.000    0.000   0.000   0.000   0.000   0.000   0.000    0.000    0.000      0.000    0.000   0.000    0.000     0.000    0.000      0.000   0.000
      4   0.000    0.000   0.000   0.000   0.000   0.000   0.000   0.000   0.000   0.000   0.000   0.000   0.000    0.000    0.000   0.000    0.000   0.000   0.000   0.000   0.000   0.000    0.000    0.000      0.000    0.000   0.000    0.000     0.000    0.000      0.000   0.000
      5   0.000    0.000   0.000   0.000   0.000   0.000   0.000   0.000   0.000   0.000   0.000   0.000   0.000    0.000    0.000   0.000    0.000   0.000   0.000   0.000   0.000   0.000    0.000    0.000      0.000    0.000   0.000    0.000     0.000    0.000      0.000   0.000
      6   0.000    0.000   0.000   0.000   0.000   0.000   0.000   0.000   0.000   0.000   0.000   0.000   0.000    0.000    0.000   0.000    0.000   0.000   0.000   0.000   0.000   0.000    0.000    0.000      0.000    0.000   0.000    0.000     0.000    0.000      0.000   0.000
      7   0.000    0.000   0.000   0.000   0.000   0.000   0.000   0.000   0.000   0.000   0.000   0.000   0.000    0.000    0.000   0.000    0.000   0.000   0.000   0.000   0.000   0.000    0.000    0.000      0.000    0.000   0.000    0.000     0.000    0.000      0.000   0.000
      8   0.000    0.000   0.000   0.000   0.000   0.000   0.000   0.000   0.000   0.000   0.000   0.000   0.000    0.000    0.000   0.000    0.000   0.000   0.000   0.000   0.000   0.000    0.000    0.000      0.000    0.000   0.000    0.000     0.000    0.000      0.000   0.000
      9   0.000    0.000   0.000   0.000   0.000   0.000   0.000   0.000   0.000   0.000   0.000   0.000   0.000    0.000    0.000   0.000    0.000   0.000   0.000   0.000   0.000   0.000    0.000    0.000      0.000    0.000   0.000    0.000     0.000    0.000      0.000   0.000
    Sum   0.023    0.001   0.019   0.000   0.000   0.000   0.000   0.000   0.000   0.000   0.000   0.000   0.000    0.003    0.000   0.000    0.000   0.000   0.000   0.000   0.000   0.000    0.000    0.000      0.000    0.000   0.000    0.000     0.000    0.000      0.000   0.023


Summary
------------------------------------------------------------------------------------------------------------------------------
                  dt  Flu_Adv  Gra_Adv  Src_Adv  Che_Adv       SF   FB_Adv    FixUp     Flag   Refine MPI_Grid   Output      Aux       LB CorrSync      Par -MPI_Par    libyt         Sum
    Time      0.0007   0.0193   0.0000   0.0000   0.0000   0.0000   0.0000   0.0000   0.0000   0.0000   0.0032   0.0252   0.0559   0.0011   0.0000   0.0000   0.0000   0.0000      0.1053
    Frac      0.675%  18.310%   0.000%   0.000%   0.000%   0.000%   0.000%   0.000%   0.000%   0.000%   3.001%  23.939%  53.051%   1.009%   0.000%   0.000%   0.000%   0.000%     99.985%

==============================================================================================================================
==============================================================================================================================



Time : 1.0118151e-01 -> 1.0226948e-01,     Step :       93 ->       94

Main Loop
------------------------------------------------------------------------------------------------------------------------------
       Total    Integration       Output    Auxiliary    LoadBalance       CorrSync          libyt            Sum
      0.1064         0.0125       0.0209       0.0720         0.0010         0.0000         0.0000         0.1064


Integration Loop
------------------------------------------------------------------------------------------------------------------------------
     Lv   Total       dt Flu_Adv Gra_Adv Src_Adv Che_Adv      SF  FB_Adv   FixUp    Flag  Refine Buf_Rho Buf_Pot Buf_Flu1 Buf_Flu2 Buf_Ref Buf_Flux Buf_Res Buf_Che  Par_KD   Par_K Par_K-1 Par_2Sib -MPI_Sib -MPI_FaSib Par_2Son    -MPI Par_Coll -MPI_Real -MPI_Sib -MPI_FaSib     Sum
      0   0.012    0.001   0.009   0.000   0.000   0.000   0.000   0.000   0.000   0.000   0.000   0.000   0.000    0.003    0.000   0.000    0.000   0.000   0.000   0.000   0.000   0.000    0.000    0.000      0.000    0.000   0.000    0.000     0.000    0.000      0.000   0.012
      1   0.000    0.000   0.000   0.000   0.000   0.000   0.000   0.000   0.000   0.000   0.000   0.000   0.000    0.000    0.000   0.000    0.000   0.000   0.000   0.000   0.000   0.000    0.000    0.000      0.000    0.000   0.000    0.000     0.000    0.000      0.000   0.000
      2   0.000    0.000   0.000   0.000   0.000   0.000   0.000   0.000   0.000   0.000   0.000   0.000   0.000    0.000    0.000   0.000    0.000   0.000   0.000   0.000   0.000   0.000    0.000    0.000      0.000    0.000   0.000    0.000     0.000    0.000      0.000   0.000
      3   0.000    0.000   0.000   0.000   0.000   0.000   0.000   0.000   0.000   0.000   0.000   0.000   0.000    0.000    0.000   0.000    0.000   0.000   0.000   0.000   0.000   0.000    0.000    0.000      0.000    0.000   0.000    0.000     0.000    0.000      0.000   0.000
      4   0.000    0.000   0.000   0.000   0.000   0.000   0.000   0.000   0.000   0.000   0.000   0.000   0.000    0.000    0.000   0.000    0.000   0.000   0.000   0.000   0.000   0.000    0.000    0.000      0.000    0.000   0.000    0.000     0.000    0.000      0.000   0.000
      5   0.000    0.000   0.000   0.000   0.000   0.000   0.000   0.000   0.000   0.000   0.000   0.000   0.000    0.000    0.000   0.000    0.000   0.000   0.000   0.000   0.000   0.000    0.000    0.000      0.000    0.000   0.000    0.000     0.000    0.000      0.000   0.000
      6   0.000    0.000   0.000   0.000   0.000   0.000   0.000   0.000   0.000   0.000   0.000   0.000   0.000    0.000    0.000   0.000    0.000   0.000   0.000   0.000   0.000   0.000    0.000    0.000      0.000    0.000   0.000    0.000     0.000    0.000      0.000   0.000
      7   0.000    0.000   0.000   0.000   0.000   0.000   0.000   0.000   0.000   0.000   0.000   0.000   0.000    0.000    0.000   0.000    0.000   0.000   0.000   0.000   0.000   0.000    0.000    0.000      0.000    0.000   0.000    0.000     0.000    0.000      0.000   0.000
      8   0.000    0.000   0.000   0.000   0.000   0.000   0.000   0.000   0.000   0.000   0.000   0.000   0.000    0.000    0.000   0.000    0.000   0.000   0.000   0.000   0.000   0.000    0.000    0.000      0.000    0.000   0.000    0.000     0.000    0.000      0.000   0.000
      9   0.000    0.000   0.000   0.000   0.000   0.000   0.000   0.000   0.000   0.000   0.000   0.000   0.000    0.000    0.000   0.000    0.000   0.000   0.000   0.000   0.000   0.000    0.000    0.000      0.000    0.000   0.000    0.000     0.000    0.000      0.000   0.000
    Sum   0.012    0.001   0.009   0.000   0.000   0.000   0.000   0.000   0.000   0.000   0.000   0.000   0.000    0.003    0.000   0.000    0.000   0.000   0.000   0.000   0.000   0.000    0.000    0.000      0.000    0.000   0.000    0.000     0.000    0.000      0.000   0.012


Summary
------------------------------------------------------------------------------------------------------------------------------
                  dt  Flu_Adv  Gra_Adv  Src_Adv  Che_Adv       SF   FB_Adv    FixUp     Flag   Refine MPI_Grid   Output      Aux       LB CorrSync      Par -MPI_Par    libyt         Sum
    Time      0.0007   0.0090   0.0000   0.0000   0.0000   0.0000   0.0000   0.0000   0.0000   0.0000   0.0027   0.0209   0.0720   0.0010   0.0000   0.0000   0.0000   0.0000      0.1064
    Frac      0.672%   8.480%   0.000%   0.000%   0.000%   0.000%   0.000%   0.000%   0.000%   0.000%   2.566%  19.678%  67.615%   0.971%   0.000%   0.000%   0.000%   0.000%     99.982%

==============================================================================================================================
==============================================================================================================================



Time : 1.0226948e-01 -> 1.0335746e-01,     Step :       94 ->       95

Main Loop
------------------------------------------------------------------------------------------------------------------------------
       Total    Integration       Output    Auxiliary    LoadBalance       CorrSync          libyt            Sum
      0.0898         0.0101       0.0213       0.0573         0.0011         0.0000         0.0000         0.0898


Integration Loop
------------------------------------------------------------------------------------------------------------------------------
     Lv   Total       dt Flu_Adv Gra_Adv Src_Adv Che_Adv      SF  FB_Adv   FixUp    Flag  Refine Buf_Rho Buf_Pot Buf_Flu1 Buf_Flu2 Buf_Ref Buf_Flux Buf_Res Buf_Che  Par_KD   Par_K Par_K-1 Par_2Sib -MPI_Sib -MPI_FaSib Par_2Son    -MPI Par_Coll -MPI_Real -MPI_Sib -MPI_FaSib     Sum
      0   0.010    0.001   0.006   0.000   0.000   0.000   0.000   0.000   0.000   0.000   0.000   0.000   0.000    0.003    0.000   0.000    0.000   0.000   0.000   0.000   0.000   0.000    0.000    0.000      0.000    0.000   0.000    0.000     0.000    0.000      0.000   0.010
      1   0.000    0.000   0.000   0.000   0.000   0.000   0.000   0.000   0.000   0.000   0.000   0.000   0.000    0.000    0.000   0.000    0.000   0.000   0.000   0.000   0.000   0.000    0.000    0.000      0.000    0.000   0.000    0.000     0.000    0.000      0.000   0.000
      2   0.000    0.000   0.000   0.000   0.000   0.000   0.000   0.000   0.000   0.000   0.000   0.000   0.000    0.000    0.000   0.000    0.000   0.000   0.000   0.000   0.000   0.000    0.000    0.000      0.000    0.000   0.000    0.000     0.000    0.000      0.000   0.000
      3   0.000    0.000   0.000   0.000   0.000   0.000   0.000   0.000   0.000   0.000   0.000   0.000   0.000    0.000    0.000   0.000    0.000   0.000   0.000   0.000   0.000   0.000    0.000    0.000      0.000    0.000   0.000    0.000     0.000    0.000      0.000   0.000
      4   0.000    0.000   0.000   0.000   0.000   0.000   0.000   0.000   0.000   0.000   0.000   0.000   0.000    0.000    0.000   0.000    0.000   0.000   0.000   0.000   0.000   0.000    0.000    0.000      0.000    0.000   0.000    0.000     0.000    0.000      0.000   0.000
      5   0.000    0.000   0.000   0.000   0.000   0.000   0.000   0.000   0.000   0.000   0.000   0.000   0.000    0.000    0.000   0.000    0.000   0.000   0.000   0.000   0.000   0.000    0.000    0.000      0.000    0.000   0.000    0.000     0.000    0.000      0.000   0.000
      6   0.000    0.000   0.000   0.000   0.000   0.000   0.000   0.000   0.000   0.000   0.000   0.000   0.000    0.000    0.000   0.000    0.000   0.000   0.000   0.000   0.000   0.000    0.000    0.000      0.000    0.000   0.000    0.000     0.000    0.000      0.000   0.000
      7   0.000    0.000   0.000   0.000   0.000   0.000   0.000   0.000   0.000   0.000   0.000   0.000   0.000    0.000    0.000   0.000    0.000   0.000   0.000   0.000   0.000   0.000    0.000    0.000      0.000    0.000   0.000    0.000     0.000    0.000      0.000   0.000
      8   0.000    0.000   0.000   0.000   0.000   0.000   0.000   0.000   0.000   0.000   0.000   0.000   0.000    0.000    0.000   0.000    0.000   0.000   0.000   0.000   0.000   0.000    0.000    0.000      0.000    0.000   0.000    0.000     0.000    0.000      0.000   0.000
      9   0.000    0.000   0.000   0.000   0.000   0.000   0.000   0.000   0.000   0.000   0.000   0.000   0.000    0.000    0.000   0.000    0.000   0.000   0.000   0.000   0.000   0.000    0.000    0.000      0.000    0.000   0.000    0.000     0.000    0.000      0.000   0.000
    Sum   0.010    0.001   0.006   0.000   0.000   0.000   0.000   0.000   0.000   0.000   0.000   0.000   0.000    0.003    0.000   0.000    0.000   0.000   0.000   0.000   0.000   0.000    0.000    0.000      0.000    0.000   0.000    0.000     0.000    0.000      0.000   0.010


Summary
------------------------------------------------------------------------------------------------------------------------------
                  dt  Flu_Adv  Gra_Adv  Src_Adv  Che_Adv       SF   FB_Adv    FixUp     Flag   Refine MPI_Grid   Output      Aux       LB CorrSync      Par -MPI_Par    libyt         Sum
    Time      0.0007   0.0063   0.0000   0.0000   0.0000   0.0000   0.0000   0.0000   0.0000   0.0000   0.0031   0.0213   0.0573   0.0011   0.0000   0.0000   0.0000   0.0000      0.0898
    Frac      0.790%   6.962%   0.000%   0.000%   0.000%   0.000%   0.000%   0.000%   0.000%   0.000%   3.497%  23.750%  63.718%   1.261%   0.000%   0.000%   0.000%   0.000%     99.978%

==============================================================================================================================
==============================================================================================================================



Time : 1.0335746e-01 -> 1.0444543e-01,     Step :       95 ->       96

Main Loop
------------------------------------------------------------------------------------------------------------------------------
       Total    Integration       Output    Auxiliary    LoadBalance       CorrSync          libyt            Sum
      0.1095         0.0144       0.0223       0.0720         0.0009         0.0000         0.0000         0.1095


Integration Loop
------------------------------------------------------------------------------------------------------------------------------
     Lv   Total       dt Flu_Adv Gra_Adv Src_Adv Che_Adv      SF  FB_Adv   FixUp    Flag  Refine Buf_Rho Buf_Pot Buf_Flu1 Buf_Flu2 Buf_Ref Buf_Flux Buf_Res Buf_Che  Par_KD   Par_K Par_K-1 Par_2Sib -MPI_Sib -MPI_FaSib Par_2Son    -MPI Par_Coll -MPI_Real -MPI_Sib -MPI_FaSib     Sum
      0   0.014    0.001   0.010   0.000   0.000   0.000   0.000   0.000   0.000   0.000   0.000   0.000   0.000    0.003    0.000   0.000    0.000   0.000   0.000   0.000   0.000   0.000    0.000    0.000      0.000    0.000   0.000    0.000     0.000    0.000      0.000   0.014
      1   0.000    0.000   0.000   0.000   0.000   0.000   0.000   0.000   0.000   0.000   0.000   0.000   0.000    0.000    0.000   0.000    0.000   0.000   0.000   0.000   0.000   0.000    0.000    0.000      0.000    0.000   0.000    0.000     0.000    0.000      0.000   0.000
      2   0.000    0.000   0.000   0.000   0.000   0.000   0.000   0.000   0.000   0.000   0.000   0.000   0.000    0.000    0.000   0.000    0.000   0.000   0.000   0.000   0.000   0.000    0.000    0.000      0.000    0.000   0.000    0.000     0.000    0.000      0.000   0.000
      3   0.000    0.000   0.000   0.000   0.000   0.000   0.000   0.000   0.000   0.000   0.000   0.000   0.000    0.000    0.000   0.000    0.000   0.000   0.000   0.000   0.000   0.000    0.000    0.000      0.000    0.000   0.000    0.000     0.000    0.000      0.000   0.000
      4   0.000    0.000   0.000   0.000   0.000   0.000   0.000   0.000   0.000   0.000   0.000   0.000   0.000    0.000    0.000   0.000    0.000   0.000   0.000   0.000   0.000   0.000    0.000    0.000      0.000    0.000   0.000    0.000     0.000    0.000      0.000   0.000
      5   0.000    0.000   0.000   0.000   0.000   0.000   0.000   0.000   0.000   0.000   0.000   0.000   0.000    0.000    0.000   0.000    0.000   0.000   0.000   0.000   0.000   0.000    0.000    0.000      0.000    0.000   0.000    0.000     0.000    0.000      0.000   0.000
      6   0.000    0.000   0.000   0.000   0.000   0.000   0.000   0.000   0.000   0.000   0.000   0.000   0.000    0.000    0.000   0.000    0.000   0.000   0.000   0.000   0.000   0.000    0.000    0.000      0.000    0.000   0.000    0.000     0.000    0.000      0.000   0.000
      7   0.000    0.000   0.000   0.000   0.000   0.000   0.000   0.000   0.000   0.000   0.000   0.000   0.000    0.000    0.000   0.000    0.000   0.000   0.000   0.000   0.000   0.000    0.000    0.000      0.000    0.000   0.000    0.000     0.000    0.000      0.000   0.000
      8   0.000    0.000   0.000   0.000   0.000   0.000   0.000   0.000   0.000   0.000   0.000   0.000   0.000    0.000    0.000   0.000    0.000   0.000   0.000   0.000   0.000   0.000    0.000    0.000      0.000    0.000   0.000    0.000     0.000    0.000      0.000   0.000
      9   0.000    0.000   0.000   0.000   0.000   0.000   0.000   0.000   0.000   0.000   0.000   0.000   0.000    0.000    0.000   0.000    0.000   0.000   0.000   0.000   0.000   0.000    0.000    0.000      0.000    0.000   0.000    0.000     0.000    0.000      0.000   0.000
    Sum   0.014    0.001   0.010   0.000   0.000   0.000   0.000   0.000   0.000   0.000   0.000   0.000   0.000    0.003    0.000   0.000    0.000   0.000   0.000   0.000   0.000   0.000    0.000    0.000      0.000    0.000   0.000    0.000     0.000    0.000      0.000   0.014


Summary
------------------------------------------------------------------------------------------------------------------------------
                  dt  Flu_Adv  Gra_Adv  Src_Adv  Che_Adv       SF   FB_Adv    FixUp     Flag   Refine MPI_Grid   Output      Aux       LB CorrSync      Par -MPI_Par    libyt         Sum
    Time      0.0007   0.0097   0.0000   0.0000   0.0000   0.0000   0.0000   0.0000   0.0005   0.0004   0.0030   0.0223   0.0720   0.0009   0.0000   0.0000   0.0000   0.0000      0.1095
    Frac      0.656%   8.893%   0.000%   0.000%   0.000%   0.000%   0.000%   0.000%   0.456%   0.377%   2.742%  20.368%  65.696%   0.801%   0.000%   0.000%   0.000%   0.000%     99.987%

==============================================================================================================================
==============================================================================================================================



Time : 1.0444543e-01 -> 1.0553340e-01,     Step :       96 ->       97

Main Loop
------------------------------------------------------------------------------------------------------------------------------
       Total    Integration       Output    Auxiliary    LoadBalance       CorrSync          libyt            Sum
      0.0848         0.0117       0.0301       0.0421         0.0009         0.0000         0.0000         0.0848


Integration Loop
------------------------------------------------------------------------------------------------------------------------------
     Lv   Total       dt Flu_Adv Gra_Adv Src_Adv Che_Adv      SF  FB_Adv   FixUp    Flag  Refine Buf_Rho Buf_Pot Buf_Flu1 Buf_Flu2 Buf_Ref Buf_Flux Buf_Res Buf_Che  Par_KD   Par_K Par_K-1 Par_2Sib -MPI_Sib -MPI_FaSib Par_2Son    -MPI Par_Coll -MPI_Real -MPI_Sib -MPI_FaSib     Sum
      0   0.012    0.001   0.009   0.000   0.000   0.000   0.000   0.000   0.000   0.000   0.000   0.000   0.000    0.002    0.000   0.000    0.000   0.000   0.000   0.000   0.000   0.000    0.000    0.000      0.000    0.000   0.000    0.000     0.000    0.000      0.000   0.012
      1   0.000    0.000   0.000   0.000   0.000   0.000   0.000   0.000   0.000   0.000   0.000   0.000   0.000    0.000    0.000   0.000    0.000   0.000   0.000   0.000   0.000   0.000    0.000    0.000      0.000    0.000   0.000    0.000     0.000    0.000      0.000   0.000
      2   0.000    0.000   0.000   0.000   0.000   0.000   0.000   0.000   0.000   0.000   0.000   0.000   0.000    0.000    0.000   0.000    0.000   0.000   0.000   0.000   0.000   0.000    0.000    0.000      0.000    0.000   0.000    0.000     0.000    0.000      0.000   0.000
      3   0.000    0.000   0.000   0.000   0.000   0.000   0.000   0.000   0.000   0.000   0.000   0.000   0.000    0.000    0.000   0.000    0.000   0.000   0.000   0.000   0.000   0.000    0.000    0.000      0.000    0.000   0.000    0.000     0.000    0.000      0.000   0.000
      4   0.000    0.000   0.000   0.000   0.000   0.000   0.000   0.000   0.000   0.000   0.000   0.000   0.000    0.000    0.000   0.000    0.000   0.000   0.000   0.000   0.000   0.000    0.000    0.000      0.000    0.000   0.000    0.000     0.000    0.000      0.000   0.000
      5   0.000    0.000   0.000   0.000   0.000   0.000   0.000   0.000   0.000   0.000   0.000   0.000   0.000    0.000    0.000   0.000    0.000   0.000   0.000   0.000   0.000   0.000    0.000    0.000      0.000    0.000   0.000    0.000     0.000    0.000      0.000   0.000
      6   0.000    0.000   0.000   0.000   0.000   0.000   0.000   0.000   0.000   0.000   0.000   0.000   0.000    0.000    0.000   0.000    0.000   0.000   0.000   0.000   0.000   0.000    0.000    0.000      0.000    0.000   0.000    0.000     0.000    0.000      0.000   0.000
      7   0.000    0.000   0.000   0.000   0.000   0.000   0.000   0.000   0.000   0.000   0.000   0.000   0.000    0.000    0.000   0.000    0.000   0.000   0.000   0.000   0.000   0.000    0.000    0.000      0.000    0.000   0.000    0.000     0.000    0.000      0.000   0.000
      8   0.000    0.000   0.000   0.000   0.000   0.000   0.000   0.000   0.000   0.000   0.000   0.000   0.000    0.000    0.000   0.000    0.000   0.000   0.000   0.000   0.000   0.000    0.000    0.000      0.000    0.000   0.000    0.000     0.000    0.000      0.000   0.000
      9   0.000    0.000   0.000   0.000   0.000   0.000   0.000   0.000   0.000   0.000   0.000   0.000   0.000    0.000    0.000   0.000    0.000   0.000   0.000   0.000   0.000   0.000    0.000    0.000      0.000    0.000   0.000    0.000     0.000    0.000      0.000   0.000
    Sum   0.012    0.001   0.009   0.000   0.000   0.000   0.000   0.000   0.000   0.000   0.000   0.000   0.000    0.002    0.000   0.000    0.000   0.000   0.000   0.000   0.000   0.000    0.000    0.000      0.000    0.000   0.000    0.000     0.000    0.000      0.000   0.012


Summary
------------------------------------------------------------------------------------------------------------------------------
                  dt  Flu_Adv  Gra_Adv  Src_Adv  Che_Adv       SF   FB_Adv    FixUp     Flag   Refine MPI_Grid   Output      Aux       LB CorrSync      Par -MPI_Par    libyt         Sum
    Time      0.0006   0.0088   0.0000   0.0000   0.0000   0.0000   0.0000   0.0000   0.0000   0.0000   0.0023   0.0301   0.0421   0.0009   0.0000   0.0000   0.0000   0.0000      0.0848
    Frac      0.758%  10.432%   0.000%   0.000%   0.000%   0.000%   0.000%   0.000%   0.000%   0.000%   2.656%  35.455%  49.630%   1.047%   0.000%   0.000%   0.000%   0.000%     99.980%

==============================================================================================================================
==============================================================================================================================



Time : 1.0553340e-01 -> 1.0662138e-01,     Step :       97 ->       98

Main Loop
------------------------------------------------------------------------------------------------------------------------------
       Total    Integration       Output    Auxiliary    LoadBalance       CorrSync          libyt            Sum
      0.0559         0.0059       0.0103       0.0390         0.0008         0.0000         0.0000         0.0559


Integration Loop
------------------------------------------------------------------------------------------------------------------------------
     Lv   Total       dt Flu_Adv Gra_Adv Src_Adv Che_Adv      SF  FB_Adv   FixUp    Flag  Refine Buf_Rho Buf_Pot Buf_Flu1 Buf_Flu2 Buf_Ref Buf_Flux Buf_Res Buf_Che  Par_KD   Par_K Par_K-1 Par_2Sib -MPI_Sib -MPI_FaSib Par_2Son    -MPI Par_Coll -MPI_Real -MPI_Sib -MPI_FaSib     Sum
      0   0.006    0.001   0.003   0.000   0.000   0.000   0.000   0.000   0.000   0.000   0.000   0.000   0.000    0.002    0.000   0.000    0.000   0.000   0.000   0.000   0.000   0.000    0.000    0.000      0.000    0.000   0.000    0.000     0.000    0.000      0.000   0.006
      1   0.000    0.000   0.000   0.000   0.000   0.000   0.000   0.000   0.000   0.000   0.000   0.000   0.000    0.000    0.000   0.000    0.000   0.000   0.000   0.000   0.000   0.000    0.000    0.000      0.000    0.000   0.000    0.000     0.000    0.000      0.000   0.000
      2   0.000    0.000   0.000   0.000   0.000   0.000   0.000   0.000   0.000   0.000   0.000   0.000   0.000    0.000    0.000   0.000    0.000   0.000   0.000   0.000   0.000   0.000    0.000    0.000      0.000    0.000   0.000    0.000     0.000    0.000      0.000   0.000
      3   0.000    0.000   0.000   0.000   0.000   0.000   0.000   0.000   0.000   0.000   0.000   0.000   0.000    0.000    0.000   0.000    0.000   0.000   0.000   0.000   0.000   0.000    0.000    0.000      0.000    0.000   0.000    0.000     0.000    0.000      0.000   0.000
      4   0.000    0.000   0.000   0.000   0.000   0.000   0.000   0.000   0.000   0.000   0.000   0.000   0.000    0.000    0.000   0.000    0.000   0.000   0.000   0.000   0.000   0.000    0.000    0.000      0.000    0.000   0.000    0.000     0.000    0.000      0.000   0.000
      5   0.000    0.000   0.000   0.000   0.000   0.000   0.000   0.000   0.000   0.000   0.000   0.000   0.000    0.000    0.000   0.000    0.000   0.000   0.000   0.000   0.000   0.000    0.000    0.000      0.000    0.000   0.000    0.000     0.000    0.000      0.000   0.000
      6   0.000    0.000   0.000   0.000   0.000   0.000   0.000   0.000   0.000   0.000   0.000   0.000   0.000    0.000    0.000   0.000    0.000   0.000   0.000   0.000   0.000   0.000    0.000    0.000      0.000    0.000   0.000    0.000     0.000    0.000      0.000   0.000
      7   0.000    0.000   0.000   0.000   0.000   0.000   0.000   0.000   0.000   0.000   0.000   0.000   0.000    0.000    0.000   0.000    0.000   0.000   0.000   0.000   0.000   0.000    0.000    0.000      0.000    0.000   0.000    0.000     0.000    0.000      0.000   0.000
      8   0.000    0.000   0.000   0.000   0.000   0.000   0.000   0.000   0.000   0.000   0.000   0.000   0.000    0.000    0.000   0.000    0.000   0.000   0.000   0.000   0.000   0.000    0.000    0.000      0.000    0.000   0.000    0.000     0.000    0.000      0.000   0.000
      9   0.000    0.000   0.000   0.000   0.000   0.000   0.000   0.000   0.000   0.000   0.000   0.000   0.000    0.000    0.000   0.000    0.000   0.000   0.000   0.000   0.000   0.000    0.000    0.000      0.000    0.000   0.000    0.000     0.000    0.000      0.000   0.000
    Sum   0.006    0.001   0.003   0.000   0.000   0.000   0.000   0.000   0.000   0.000   0.000   0.000   0.000    0.002    0.000   0.000    0.000   0.000   0.000   0.000   0.000   0.000    0.000    0.000      0.000    0.000   0.000    0.000     0.000    0.000      0.000   0.006


Summary
------------------------------------------------------------------------------------------------------------------------------
                  dt  Flu_Adv  Gra_Adv  Src_Adv  Che_Adv       SF   FB_Adv    FixUp     Flag   Refine MPI_Grid   Output      Aux       LB CorrSync      Par -MPI_Par    libyt         Sum
    Time      0.0006   0.0032   0.0000   0.0000   0.0000   0.0000   0.0000   0.0000   0.0000   0.0000   0.0021   0.0103   0.0390   0.0008   0.0000   0.0000   0.0000   0.0000      0.0559
    Frac      1.161%   5.652%   0.000%   0.000%   0.000%   0.000%   0.000%   0.000%   0.000%   0.000%   3.684%  18.452%  69.664%   1.370%   0.000%   0.000%   0.000%   0.000%     99.982%

==============================================================================================================================
==============================================================================================================================



Time : 1.0662138e-01 -> 1.0770935e-01,     Step :       98 ->       99

Main Loop
------------------------------------------------------------------------------------------------------------------------------
       Total    Integration       Output    Auxiliary    LoadBalance       CorrSync          libyt            Sum
      0.0542         0.0051       0.0102       0.0380         0.0008         0.0000         0.0000         0.0541


Integration Loop
------------------------------------------------------------------------------------------------------------------------------
     Lv   Total       dt Flu_Adv Gra_Adv Src_Adv Che_Adv      SF  FB_Adv   FixUp    Flag  Refine Buf_Rho Buf_Pot Buf_Flu1 Buf_Flu2 Buf_Ref Buf_Flux Buf_Res Buf_Che  Par_KD   Par_K Par_K-1 Par_2Sib -MPI_Sib -MPI_FaSib Par_2Son    -MPI Par_Coll -MPI_Real -MPI_Sib -MPI_FaSib     Sum
      0   0.005    0.001   0.002   0.000   0.000   0.000   0.000   0.000   0.000   0.000   0.000   0.000   0.000    0.002    0.000   0.000    0.000   0.000   0.000   0.000   0.000   0.000    0.000    0.000      0.000    0.000   0.000    0.000     0.000    0.000      0.000   0.005
      1   0.000    0.000   0.000   0.000   0.000   0.000   0.000   0.000   0.000   0.000   0.000   0.000   0.000    0.000    0.000   0.000    0.000   0.000   0.000   0.000   0.000   0.000    0.000    0.000      0.000    0.000   0.000    0.000     0.000    0.000      0.000   0.000
      2   0.000    0.000   0.000   0.000   0.000   0.000   0.000   0.000   0.000   0.000   0.000   0.000   0.000    0.000    0.000   0.000    0.000   0.000   0.000   0.000   0.000   0.000    0.000    0.000      0.000    0.000   0.000    0.000     0.000    0.000      0.000   0.000
      3   0.000    0.000   0.000   0.000   0.000   0.000   0.000   0.000   0.000   0.000   0.000   0.000   0.000    0.000    0.000   0.000    0.000   0.000   0.000   0.000   0.000   0.000    0.000    0.000      0.000    0.000   0.000    0.000     0.000    0.000      0.000   0.000
      4   0.000    0.000   0.000   0.000   0.000   0.000   0.000   0.000   0.000   0.000   0.000   0.000   0.000    0.000    0.000   0.000    0.000   0.000   0.000   0.000   0.000   0.000    0.000    0.000      0.000    0.000   0.000    0.000     0.000    0.000      0.000   0.000
      5   0.000    0.000   0.000   0.000   0.000   0.000   0.000   0.000   0.000   0.000   0.000   0.000   0.000    0.000    0.000   0.000    0.000   0.000   0.000   0.000   0.000   0.000    0.000    0.000      0.000    0.000   0.000    0.000     0.000    0.000      0.000   0.000
      6   0.000    0.000   0.000   0.000   0.000   0.000   0.000   0.000   0.000   0.000   0.000   0.000   0.000    0.000    0.000   0.000    0.000   0.000   0.000   0.000   0.000   0.000    0.000    0.000      0.000    0.000   0.000    0.000     0.000    0.000      0.000   0.000
      7   0.000    0.000   0.000   0.000   0.000   0.000   0.000   0.000   0.000   0.000   0.000   0.000   0.000    0.000    0.000   0.000    0.000   0.000   0.000   0.000   0.000   0.000    0.000    0.000      0.000    0.000   0.000    0.000     0.000    0.000      0.000   0.000
      8   0.000    0.000   0.000   0.000   0.000   0.000   0.000   0.000   0.000   0.000   0.000   0.000   0.000    0.000    0.000   0.000    0.000   0.000   0.000   0.000   0.000   0.000    0.000    0.000      0.000    0.000   0.000    0.000     0.000    0.000      0.000   0.000
      9   0.000    0.000   0.000   0.000   0.000   0.000   0.000   0.000   0.000   0.000   0.000   0.000   0.000    0.000    0.000   0.000    0.000   0.000   0.000   0.000   0.000   0.000    0.000    0.000      0.000    0.000   0.000    0.000     0.000    0.000      0.000   0.000
    Sum   0.005    0.001   0.002   0.000   0.000   0.000   0.000   0.000   0.000   0.000   0.000   0.000   0.000    0.002    0.000   0.000    0.000   0.000   0.000   0.000   0.000   0.000    0.000    0.000      0.000    0.000   0.000    0.000     0.000    0.000      0.000   0.005


Summary
------------------------------------------------------------------------------------------------------------------------------
                  dt  Flu_Adv  Gra_Adv  Src_Adv  Che_Adv       SF   FB_Adv    FixUp     Flag   Refine MPI_Grid   Output      Aux       LB CorrSync      Par -MPI_Par    libyt         Sum
    Time      0.0007   0.0022   0.0000   0.0000   0.0000   0.0000   0.0000   0.0000   0.0000   0.0000   0.0023   0.0102   0.0380   0.0008   0.0000   0.0000   0.0000   0.0000      0.0541
    Frac      1.307%   4.009%   0.000%   0.000%   0.000%   0.000%   0.000%   0.000%   0.000%   0.000%   4.164%  18.838%  70.259%   1.407%   0.000%   0.000%   0.000%   0.000%     99.985%

==============================================================================================================================
==============================================================================================================================



Time : 1.0770935e-01 -> 1.0879732e-01,     Step :       99 ->      100

Main Loop
------------------------------------------------------------------------------------------------------------------------------
       Total    Integration       Output    Auxiliary    LoadBalance       CorrSync          libyt            Sum
      0.0904         0.0124       0.0486       0.0286         0.0008         0.0000         0.0000         0.0904


Integration Loop
------------------------------------------------------------------------------------------------------------------------------
     Lv   Total       dt Flu_Adv Gra_Adv Src_Adv Che_Adv      SF  FB_Adv   FixUp    Flag  Refine Buf_Rho Buf_Pot Buf_Flu1 Buf_Flu2 Buf_Ref Buf_Flux Buf_Res Buf_Che  Par_KD   Par_K Par_K-1 Par_2Sib -MPI_Sib -MPI_FaSib Par_2Son    -MPI Par_Coll -MPI_Real -MPI_Sib -MPI_FaSib     Sum
      0   0.012    0.001   0.009   0.000   0.000   0.000   0.000   0.000   0.000   0.000   0.000   0.000   0.000    0.002    0.000   0.000    0.000   0.000   0.000   0.000   0.000   0.000    0.000    0.000      0.000    0.000   0.000    0.000     0.000    0.000      0.000   0.012
      1   0.000    0.000   0.000   0.000   0.000   0.000   0.000   0.000   0.000   0.000   0.000   0.000   0.000    0.000    0.000   0.000    0.000   0.000   0.000   0.000   0.000   0.000    0.000    0.000      0.000    0.000   0.000    0.000     0.000    0.000      0.000   0.000
      2   0.000    0.000   0.000   0.000   0.000   0.000   0.000   0.000   0.000   0.000   0.000   0.000   0.000    0.000    0.000   0.000    0.000   0.000   0.000   0.000   0.000   0.000    0.000    0.000      0.000    0.000   0.000    0.000     0.000    0.000      0.000   0.000
      3   0.000    0.000   0.000   0.000   0.000   0.000   0.000   0.000   0.000   0.000   0.000   0.000   0.000    0.000    0.000   0.000    0.000   0.000   0.000   0.000   0.000   0.000    0.000    0.000      0.000    0.000   0.000    0.000     0.000    0.000      0.000   0.000
      4   0.000    0.000   0.000   0.000   0.000   0.000   0.000   0.000   0.000   0.000   0.000   0.000   0.000    0.000    0.000   0.000    0.000   0.000   0.000   0.000   0.000   0.000    0.000    0.000      0.000    0.000   0.000    0.000     0.000    0.000      0.000   0.000
      5   0.000    0.000   0.000   0.000   0.000   0.000   0.000   0.000   0.000   0.000   0.000   0.000   0.000    0.000    0.000   0.000    0.000   0.000   0.000   0.000   0.000   0.000    0.000    0.000      0.000    0.000   0.000    0.000     0.000    0.000      0.000   0.000
      6   0.000    0.000   0.000   0.000   0.000   0.000   0.000   0.000   0.000   0.000   0.000   0.000   0.000    0.000    0.000   0.000    0.000   0.000   0.000   0.000   0.000   0.000    0.000    0.000      0.000    0.000   0.000    0.000     0.000    0.000      0.000   0.000
      7   0.000    0.000   0.000   0.000   0.000   0.000   0.000   0.000   0.000   0.000   0.000   0.000   0.000    0.000    0.000   0.000    0.000   0.000   0.000   0.000   0.000   0.000    0.000    0.000      0.000    0.000   0.000    0.000     0.000    0.000      0.000   0.000
      8   0.000    0.000   0.000   0.000   0.000   0.000   0.000   0.000   0.000   0.000   0.000   0.000   0.000    0.000    0.000   0.000    0.000   0.000   0.000   0.000   0.000   0.000    0.000    0.000      0.000    0.000   0.000    0.000     0.000    0.000      0.000   0.000
      9   0.000    0.000   0.000   0.000   0.000   0.000   0.000   0.000   0.000   0.000   0.000   0.000   0.000    0.000    0.000   0.000    0.000   0.000   0.000   0.000   0.000   0.000    0.000    0.000      0.000    0.000   0.000    0.000     0.000    0.000      0.000   0.000
    Sum   0.012    0.001   0.009   0.000   0.000   0.000   0.000   0.000   0.000   0.000   0.000   0.000   0.000    0.002    0.000   0.000    0.000   0.000   0.000   0.000   0.000   0.000    0.000    0.000      0.000    0.000   0.000    0.000     0.000    0.000      0.000   0.012


Summary
------------------------------------------------------------------------------------------------------------------------------
                  dt  Flu_Adv  Gra_Adv  Src_Adv  Che_Adv       SF   FB_Adv    FixUp     Flag   Refine MPI_Grid   Output      Aux       LB CorrSync      Par -MPI_Par    libyt         Sum
    Time      0.0006   0.0090   0.0000   0.0000   0.0000   0.0000   0.0000   0.0000   0.0002   0.0003   0.0021   0.0486   0.0286   0.0008   0.0000   0.0000   0.0000   0.0000      0.0904
    Frac      0.716%  10.012%   0.000%   0.000%   0.000%   0.000%   0.000%   0.000%   0.233%   0.340%   2.374%  53.790%  31.593%   0.934%   0.000%   0.000%   0.000%   0.000%     99.992%

==============================================================================================================================
==============================================================================================================================



******************************************************************************************************************************
*************                                     Accumulated timing results                                     *************
******************************************************************************************************************************
Total Number of Steps : 100
Final Physical Time   : 1.0879732e-01
Total Simulation Time : 10.505639 sec
Timing Diagnosis      :
------------------------------------------------------------------------------------------------------------------------------
                dt  Flu_Adv  Gra_Adv  Src_Adv  Che_Adv       SF   FB_Adv    FixUp     Flag   Refine MPI_Grid   Output      Aux       LB CorrSync      Par -MPI_Par    libyt     Init    Other      Sum
    Time      0.07     0.74     0.00     0.00     0.00     0.00     0.00     0.00     0.02     0.01     0.34     2.35     6.03     0.10     0.00     0.00     0.00     0.00     0.55     0.29    10.50
    Frac    0.662%   7.084%   0.000%   0.000%   0.000%   0.000%   0.000%   0.000%   0.214%   0.102%   3.260%  22.362%  57.395%   0.911%   0.000%   0.000%   0.000%   0.000%   5.247%   2.746%  99.981%
******************************************************************************************************************************


